datum,schluss,volumen
2008-01-02,5.5559,120186
2008-01-03,5.612,444381
2008-01-04,6.2293,553344
2008-01-07,6.6783,1289771
2008-01-08,6.8466,691951
2008-01-09,6.7344,651114
2008-01-10,6.5099,573903
2008-01-11,6.2854,500740
2008-01-14,7.015,404657
2008-01-15,7.5762,1068772
2008-01-16,7.3798,601501
2008-01-17,7.015,750880
2008-01-18,6.6222,400130
2008-01-21,6.3416,451636
2008-01-22,4.8824,911451
2008-01-23,5.5839,654269
2008-01-24,5.4998,179075
2008-01-25,6.566,501094
2008-01-29,6.089,174970
2008-01-30,6.1171,120313
2008-01-31,6.3416,473281
2008-02-01,6.6222,508197
2008-02-04,6.7905,592064
2008-02-05,6.8466,357079
2008-02-06,6.4257,383757
2008-02-07,6.2293,661758
2008-02-08,6.4819,115257
2008-02-11,6.4538,295559
2008-02-12,6.566,351312
2008-02-13,6.6502,218280
2008-02-14,6.6222,159390
2008-02-15,6.5099,74066
2008-02-18,6.6783,201487
2008-02-19,6.7344,107843
2008-02-20,7.1272,462852
2008-02-21,7.2956,228930
2008-02-22,7.015,131744
2008-02-25,6.7063,160891
2008-02-26,7.1553,273697
2008-02-27,7.6604,534863
2008-02-28,8.1374,734033
2008-02-29,8.418,682529
2008-03-03,8.9231,1332866
2008-03-04,9.1756,1295665
2008-03-05,8.9792,1293090
2008-03-06,8.9792,534598
2008-03-07,8.895,510196
2008-03-10,7.8849,756766
2008-03-11,6.9589,677683
2008-03-12,7.0711,314878
2008-03-13,7.5201,607104
2008-03-14,7.5201,192548
2008-03-17,7.4078,439354
2008-03-18,7.2956,387381
2008-03-19,7.6042,223818
2008-03-20,6.4538,1336776
2008-03-25,6.7344,429730
2008-03-26,7.0992,328162
2008-03-27,6.9028,144567
2008-03-28,6.9028,173453
2008-03-31,7.2395,260757
2008-04-01,7.5481,138241
2008-04-02,7.3517,268409
2008-04-03,7.6323,154930
2008-04-04,7.5762,362497
2008-04-07,7.6884,253587
2008-04-08,8.2496,556424
2008-04-09,8.1374,364531
2008-04-10,8.0813,408297
2008-04-11,7.8568,366783
2008-04-14,7.4359,162482
2008-04-15,7.5762,222270
2008-04-16,7.4359,199754
2008-04-17,7.6323,966802
2008-04-18,7.9129,1783961
2008-04-21,7.8568,1573290
2008-04-22,7.464,836411
2008-04-23,7.1834,582612
2008-04-24,7.2395,692361
2008-04-28,6.9869,753374
2008-04-29,7.0992,799663
2008-04-30,7.1834,553309
2008-05-01,7.0711,581382
2008-05-02,7.1834,363377
2008-05-05,7.3236,222272
2008-05-06,7.5481,337533
2008-05-07,7.3798,288927
2008-05-08,7.5762,334662
2008-05-09,7.969,431371
2008-05-12,7.6323,209908
2008-05-13,7.8568,376978
2008-05-14,7.8007,213494
2008-05-15,7.8568,303931
2008-05-16,7.969,300543
2008-05-19,8.3057,707850
2008-05-20,8.5583,844612
2008-05-21,8.5022,522997
2008-05-22,8.5863,540879
2008-05-23,8.418,398142
2008-05-26,8.2496,173984
2008-05-27,8.2496,129747
2008-05-28,8.2216,142825
2008-05-29,8.1935,239961
2008-05-30,8.3338,297602
2008-06-02,8.2216,205901
2008-06-03,8.3057,281535
2008-06-04,8.3057,277650
2008-06-05,7.8849,263803
2008-06-06,8.2777,184522
2008-06-10,7.7446,381664
2008-06-11,7.8568,324845
2008-06-12,7.5762,145048
2008-06-13,7.6884,101651
2008-06-16,7.7165,151314
2008-06-17,7.6042,203859
2008-06-18,7.5762,306801
2008-06-19,7.1272,5410118
2008-06-20,7.492,886457
2008-06-23,7.492,394530
2008-06-24,7.7165,338527
2008-06-25,7.969,434047
2008-06-26,8.1374,305520
2008-06-27,7.6323,353606
2008-06-30,7.2956,886197
2008-07-01,7.3517,126569
2008-07-02,7.3517,311319
2008-07-03,7.015,332007
2008-07-04,7.3236,271513
2008-07-07,7.2675,247002
2008-07-08,7.0992,206628
2008-07-09,6.9589,216411
2008-07-10,6.9028,383216
2008-07-11,7.1272,315492
2008-07-14,7.015,162267
2008-07-15,7.1553,261598
2008-07-16,6.9028,283205
2008-07-17,6.8466,185893
2008-07-18,6.1171,1156800
2008-07-21,6.2854,1504453
2008-07-22,6.6502,525587
2008-07-23,6.9869,639913
2008-07-24,7.2114,686279
2008-07-25,6.6222,483733
2008-07-28,6.3977,355257
2008-07-29,6.4538,354173
2008-07-30,6.2574,219274
2008-07-31,7.0431,264891
2008-08-01,6.4819,583678
2008-08-04,6.6783,262396
2008-08-05,6.6502,259435
2008-08-06,6.9308,279087
2008-08-07,6.6502,116476
2008-08-08,6.8466,186582
2008-08-11,6.8747,206846
2008-08-12,6.4257,340220
2008-08-13,6.0048,916819
2008-08-14,6.0048,447371
2008-08-15,5.8926,466544
2008-08-18,5.4998,853798
2008-08-19,5.612,589614
2008-08-20,5.6681,330444
2008-08-21,5.6962,833386
2008-08-22,6.1171,761590
2008-08-25,5.8365,262360
2008-08-26,6.0329,199837
2008-08-27,6.0329,136413
2008-08-28,6.089,393055
2008-08-29,6.4538,203906
2008-09-01,6.4538,203105
2008-09-02,6.061,203668
2008-09-03,5.8365,436759
2008-09-04,5.4998,476696
2008-09-05,5.2753,1018643
2008-09-08,5.163,960038
2008-09-09,5.1069,439487
2008-09-10,4.4896,998651
2008-09-11,4.0406,851384
2008-09-12,4.209,504079
2008-09-15,3.9284,659860
2008-09-16,3.6478,997128
2008-09-17,3.6478,593840
2008-09-18,3.76,1240126
2008-09-19,4.0687,1413101
2008-09-22,4.4615,648695
2008-09-23,4.209,283747
2008-09-24,4.209,415515
2008-09-25,4.7141,179798
2008-09-26,4.1529,403382
2008-09-29,4.0126,232914
2008-09-30,3.9845,318112
2008-10-01,4.4335,262166
2008-10-02,3.9845,222670
2008-10-03,3.7039,441054
2008-10-06,3.3672,241455
2008-10-07,3.0024,565082
2008-10-08,2.6938,545336
2008-10-09,2.329,1057159
2008-10-10,1.9642,873121
2008-10-13,2.1887,609169
2008-10-14,2.6938,864368
2008-10-15,2.5254,722524
2008-10-16,1.9642,931085
2008-10-17,2.0484,548150
2008-10-20,1.9642,469185
2008-10-21,1.9642,561987
2008-10-22,1.8239,880190
2008-10-23,1.5994,677229
2008-10-24,1.5152,403935
2008-10-27,1.3469,520633
2008-10-28,1.2908,514745
2008-10-29,1.4591,491662
2008-10-30,1.6836,640361
2008-10-31,1.7958,464717
2008-11-03,2.5254,617114
2008-11-04,2.2167,371132
2008-11-05,2.7779,1019708
2008-11-06,2.4412,536517
2008-11-07,2.329,329953
2008-11-10,2.3851,296516
2008-11-11,2.2729,264968
2008-11-12,2.4132,376316
2008-11-13,2.0203,346571
2008-11-14,2.1606,338750
2008-11-17,2.0203,201514
2008-11-18,2.0203,309991
2008-11-19,1.88,511665
2008-11-20,1.6275,501187
2008-11-21,1.5433,878934
2008-11-24,1.403,924844
2008-11-25,1.7958,797606
2008-11-26,1.7117,224878
2008-11-27,1.8239,349136
2008-11-28,1.9361,411751
2008-12-01,2.0764,280477
2008-12-02,1.9361,357640
2008-12-03,1.88,330570
2008-12-04,1.7678,563060
2008-12-05,1.8239,259332
2008-12-08,1.9923,230111
2008-12-09,2.0484,307334
2008-12-10,2.0484,479674
2008-12-11,1.9642,253472
2008-12-12,1.9923,293574
2008-12-15,2.0203,320009
2008-12-16,1.9361,378857
2008-12-17,1.9361,534913
2008-12-18,1.8239,1196482
2008-12-19,1.7958,268570
2008-12-22,1.6275,542731
2008-12-23,0.9821,2684252
2008-12-24,0.9821,2684252
2008-12-29,1.2908,1554160
2008-12-30,1.5714,1462556
2008-12-31,1.5714,1462556
2009-01-02,1.5714,594093
2009-01-05,1.6275,481382
2009-01-06,1.852,1318338
2009-01-07,1.8239,622975
2009-01-08,1.6555,566854
2009-01-09,1.6555,338464
2009-01-12,1.5714,600673
2009-01-13,1.7678,790345
2009-01-14,2.0484,1585829
2009-01-15,1.88,899048
2009-01-16,1.6555,949477
2009-01-19,1.7117,326197
2009-01-20,1.5994,542545
2009-01-21,1.5714,473563
2009-01-22,1.5714,184272
2009-01-23,1.5152,323306
2009-01-27,1.4872,462895
2009-01-28,1.5433,213399
2009-01-29,1.4872,390321
2009-01-30,1.4872,
2009-02-02,1.4872,
2009-02-03,1.4872,
2009-02-04,1.4872,
2009-02-05,1.4872,
2009-02-06,1.4872,
2009-02-09,1.4872,
2009-02-10,0.8979,3481876
2009-02-11,0.8699,1930973
2009-02-12,0.7015,3397099
2009-02-13,0.7015,2062913
2009-02-16,0.7857,1326865
2009-02-17,0.9821,1168720
2009-02-18,0.8979,1120223
2009-02-19,0.926,636720
2009-02-20,0.8699,524301
2009-02-23,0.8418,557542
2009-02-24,0.8418,506162
2009-02-25,0.8418,533932
2009-02-26,0.8418,127430
2009-02-27,0.8418,279486
2009-03-02,0.8137,241921
2009-03-03,0.7576,556957
2009-03-04,0.7015,742405
2009-03-05,0.7296,311638
2009-03-06,0.7296,274764
2009-03-09,0.7296,159550
2009-03-10,0.7576,264578
2009-03-11,0.7857,268704
2009-03-12,0.7576,458072
2009-03-13,0.7576,544060
2009-03-16,0.7576,412765
2009-03-17,0.8418,390944
2009-03-18,0.926,1385314
2009-03-19,0.9821,1484382
2009-03-20,0.926,702974
2009-03-23,1.3469,3134759
2009-03-24,1.0943,3847550
2009-03-25,1.2066,1408442
2009-03-26,1.1785,1180048
2009-03-27,1.1785,639143
2009-03-30,1.1224,488887
2009-03-31,1.1224,685182
2009-04-01,1.1785,762918
2009-04-02,1.1785,818069
2009-04-03,1.2066,1824861
2009-04-06,1.3188,1710804
2009-04-07,1.2346,1239248
2009-04-08,1.1785,881231
2009-04-09,1.1224,871869
2009-04-14,1.2066,1214242
2009-04-15,1.2627,897229
2009-04-16,1.2627,686866
2009-04-17,1.5714,3739499
2009-04-20,1.7397,1996333
2009-04-21,1.6275,1443685
2009-04-22,1.4591,974123
2009-04-23,1.7397,1227092
2009-04-24,1.6275,1573897
2009-04-27,1.6836,838176
2009-04-28,1.6555,1159965
2009-04-29,1.6555,
2009-04-30,1.6555,
2009-05-01,2.4973,6666744
2009-05-04,2.357,1661976
2009-05-05,2.6938,2410684
2009-05-06,2.8621,2003319
2009-05-07,2.8902,1301531
2009-05-08,2.9463,1151597
2009-05-11,2.9744,1007687
2009-05-12,2.8621,555922
2009-05-13,2.8621,636287
2009-05-14,2.4693,1337261
2009-05-15,2.4693,761521
2009-05-18,2.2448,1246708
2009-05-19,2.4412,830338
2009-05-20,2.357,448880
2009-05-21,2.3009,551755
2009-05-22,2.2167,650185
2009-05-25,2.6376,1980141
2009-05-26,2.8341,1369218
2009-05-27,2.7779,805948
2009-05-28,2.6657,707129
2009-05-29,2.7218,590542
2009-06-01,2.7779,876639
2009-06-02,2.7499,977785
2009-06-03,2.8902,667695
2009-06-04,2.8621,576122
2009-06-05,2.8902,743550
2009-06-09,2.8341,1398141
2009-06-10,2.8621,655342
2009-06-11,2.8902,879288
2009-06-12,3.255,2977795
2009-06-15,3.1988,1941751
2009-06-16,3.0024,957023
2009-06-17,3.0585,451488
2009-06-18,2.6657,3102787
2009-06-19,2.7499,923396
2009-06-22,2.6657,505031
2009-06-23,2.5535,797423
2009-06-24,2.5815,502024
2009-06-25,2.6657,316069
2009-06-26,2.6938,984403
2009-06-29,2.6096,866871
2009-06-30,2.6096,613590
2009-07-01,2.8621,706136
2009-07-02,2.8621,437625
2009-07-03,2.806,502123
2009-07-06,2.6938,362380
2009-07-07,2.6096,250667
2009-07-08,2.3851,1231067
2009-07-09,2.4412,536289
2009-07-10,2.3851,291823
2009-07-13,2.3009,372297
2009-07-14,2.4132,565170
2009-07-15,2.4132,993878
2009-07-16,2.5254,656894
2009-07-17,2.4973,288701
2009-07-20,2.4973,379462
2009-07-21,2.4132,523173
2009-07-22,2.4412,511159
2009-07-23,2.5254,992194
2009-07-24,2.5815,468088
2009-07-27,2.5535,629163
2009-07-28,2.5254,360706
2009-07-29,2.5254,247207
2009-07-30,2.5535,192444
2009-07-31,2.4973,587414
2009-08-03,2.4412,526439
2009-08-04,2.4412,465635
2009-08-05,2.4412,243240
2009-08-06,2.4132,265382
2009-08-07,2.5254,383151
2009-08-10,2.5815,513322
2009-08-11,2.5815,291555
2009-08-12,2.4693,390445
2009-08-13,2.5815,414441
2009-08-14,2.5815,506035
2009-08-17,2.9744,2051173
2009-08-18,2.7779,1162318
2009-08-19,3.0024,1596575
2009-08-20,3.0024,646732
2009-08-21,3.283,1693184
2009-08-24,3.7039,1486990
2009-08-25,3.8162,1986515
2009-08-26,3.9284,1013623
2009-08-27,3.6478,1386353
2009-08-28,3.6478,1217291
2009-08-31,3.6197,1027408
2009-09-01,3.4794,766934
2009-09-02,3.4233,1255971
2009-09-03,3.3953,1109140
2009-09-04,3.8162,1794440
2009-09-07,4.2651,2015979
2009-09-08,4.4615,1546389
2009-09-09,3.9003,1825803
2009-09-10,4.1248,851536
2009-09-11,3.9845,876645
2009-09-14,3.9284,798708
2009-09-15,3.732,1013534
2009-09-16,4.4335,1983650
2009-09-17,4.2651,1596927
2009-09-18,4.6018,1055668
2009-09-21,4.5738,718884
2009-09-22,4.8824,1629439
2009-09-23,6.6579,549527
2009-09-24,6.6579,
2009-09-25,6.6579,
2009-09-28,6.6579,
2009-09-29,6.6579,
2009-09-30,6.6579,
2009-10-01,6.7072,4391648
2009-10-02,6.4113,2062842
2009-10-05,6.7565,872036
2009-10-06,6.3619,969099
2009-10-07,6.6578,2394238
2009-10-08,6.4606,829652
2009-10-09,6.1647,1057799
2009-10-12,5.6715,3267086
2009-10-13,5.4742,5372233
2009-10-14,5.8195,2602380
2009-10-15,5.8195,1514186
2009-10-16,5.6222,2303810
2009-10-19,5.5235,1246465
2009-10-20,5.3756,1730532
2009-10-21,5.2276,1035978
2009-10-22,5.2276,1466304
2009-10-23,5.3263,2335559
2009-10-26,5.2276,1173449
2009-10-27,4.9811,1641954
2009-10-28,4.7345,2603132
2009-10-29,4.4879,3706862
2009-10-30,4.7838,2285998
2009-11-02,4.8824,1542485
2009-11-03,4.6358,1376922
2009-11-04,4.7345,1297230
2009-11-05,4.6358,829178
2009-11-06,4.6358,1184087
2009-11-09,4.5865,2101571
2009-11-10,4.6852,1652829
2009-11-11,5.2276,4244952
2009-11-12,5.0304,3646543
2009-11-13,4.9811,1902045
2009-11-16,5.129,1955594
2009-11-17,5.0304,2976377
2009-11-18,5.1783,1265774
2009-11-19,5.3263,1351544
2009-11-20,5.3756,1195546
2009-11-23,5.9181,3359082
2009-11-24,6.0167,4166051
2009-11-25,5.9181,1276160
2009-11-26,5.7701,1112094
2009-11-27,5.7701,2245953
2009-11-30,5.9674,1781027
2009-12-01,5.7701,791805
2009-12-02,5.8688,1437679
2009-12-03,5.7701,535814
2009-12-04,5.6715,715845
2009-12-07,5.3263,1173913
2009-12-08,5.1783,1294168
2009-12-09,5.277,1426076
2009-12-10,5.129,1146474
2009-12-11,5.4249,673069
2009-12-14,5.3756,1535801
2009-12-15,5.2276,934804
2009-12-16,5.1783,416540
2009-12-17,5.2276,1697159
2009-12-18,5.277,659673
2009-12-21,5.3756,361165
2009-12-22,5.3756,190322
2009-12-23,5.277,225598
2009-12-24,5.3263,102769
2009-12-29,5.4249,858191
2009-12-30,5.4249,560711
2009-12-31,5.4249,408194
2010-01-04,5.5729,654071
2010-01-05,5.8688,1165324
2010-01-06,6.4113,2519628
2010-01-07,6.214,1141964
2010-01-08,6.214,903954
2010-01-11,6.3619,766822
2010-01-12,6.0167,1129098
2010-01-13,6.066,782274
2010-01-14,6.4113,1598988
2010-01-15,6.4113,1009578
2010-01-18,6.214,973549
2010-01-19,5.9674,920146
2010-01-20,6.1647,773865
2010-01-21,6.0167,930294
2010-01-22,5.8688,1437718
2010-01-25,5.8688,972270
2010-01-27,5.6715,1467018
2010-01-28,5.6222,932203
2010-01-29,5.4742,966591
2010-02-01,5.2276,1305987
2010-02-02,5.5729,945460
2010-02-03,5.6222,1189331
2010-02-04,5.6715,775381
2010-02-05,5.3263,1156182
2010-02-08,5.277,484552
2010-02-09,5.1783,572226
2010-02-10,4.8824,2002194
2010-02-11,5.1783,1055623
2010-02-12,5.3756,834462
2010-02-15,5.277,342091
2010-02-16,5.1783,261992
2010-02-17,5.3263,980504
2010-02-18,5.2276,392308
2010-02-19,4.9811,1283752
2010-02-22,4.9317,1142721
2010-02-23,4.9317,1125639
2010-02-24,4.9317,819452
2010-02-25,4.7838,1061671
2010-02-26,4.6852,1161934
2010-03-01,5.0797,2077277
2010-03-02,5.0797,887661
2010-03-03,5.129,545521
2010-03-04,5.0304,584756
2010-03-05,4.9811,527198
2010-03-08,5.0304,545890
2010-03-09,5.1783,1448231
2010-03-10,5.1783,877911
2010-03-11,5.1783,662536
2010-03-12,5.1783,390447
2010-03-15,5.0304,916081
2010-03-16,4.9317,1303649
2010-03-17,4.9811,1619625
2010-03-18,4.9811,1333874
2010-03-19,5.0304,582265
2010-03-22,4.8824,553566
2010-03-23,4.9811,1331878
2010-03-24,4.9317,1032007
2010-03-25,4.8331,438124
2010-03-26,4.8331,2046296
2010-03-29,4.8824,678888
2010-03-30,4.7838,661178
2010-03-31,4.7838,799538
2010-04-01,4.8824,1051020
2010-04-06,5.3263,2376395
2010-04-07,5.3263,1452187
2010-04-08,5.3263,971145
2010-04-09,5.3756,316203
2010-04-12,5.4249,1539786
2010-04-13,5.1783,1086768
2010-04-14,5.3263,680607
2010-04-15,5.3756,551192
2010-04-16,5.1783,771547
2010-04-19,5.0304,814964
2010-04-20,5.2276,1539194
2010-04-21,5.4249,1214196
2010-04-22,5.3263,656086
2010-04-23,5.4249,850429
2010-04-27,5.4742,1361465
2010-04-28,5.5235,1275778
2010-04-29,5.3756,1284157
2010-04-30,5.3263,879083
2010-05-03,5.129,1444231
2010-05-04,4.9811,1062655
2010-05-05,4.7345,3752190
2010-05-06,4.9811,2111960
2010-05-07,4.8331,1933877
2010-05-10,5.0797,1182036
2010-05-11,4.9317,802396
2010-05-12,5.129,1162135
2010-05-13,5.2276,510931
2010-05-14,5.129,480199
2010-05-17,5.0304,774585
2010-05-18,4.8331,1715308
2010-05-19,4.7345,2587186
2010-05-20,4.8824,2218219
2010-05-21,4.7345,1659963
2010-05-24,4.9811,1655752
2010-05-25,4.9317,1277404
2010-05-26,4.9811,1678648
2010-05-27,4.9317,1325294
2010-05-28,4.9811,1255782
2010-05-31,4.9811,558967
2010-06-01,4.9811,584638
2010-06-02,4.8331,801500
2010-06-03,4.9317,468027
2010-06-04,4.9317,535353
2010-06-07,4.6358,953335
2010-06-08,4.7345,1117229
2010-06-09,4.8824,574914
2010-06-10,4.9811,1080382
2010-06-11,4.9317,656966
2010-06-15,5.0304,845693
2010-06-16,5.2276,878102
2010-06-17,5.4742,1065998
2010-06-18,5.6222,871405
2010-06-21,5.6715,540633
2010-06-22,5.5235,684624
2010-06-23,5.3263,471877
2010-06-24,5.4249,409266
2010-06-25,5.8688,1636844
2010-06-28,5.7701,1676311
2010-06-29,5.6715,1065299
2010-06-30,5.3756,1095240
2010-07-01,5.3263,983836
2010-07-02,5.4249,544075
2010-07-05,5.3263,431574
2010-07-06,5.5235,520725
2010-07-07,5.3756,695558
2010-07-08,5.4249,795590
2010-07-09,5.8688,1514236
2010-07-12,6.1647,3326608
2010-07-13,6.2633,2013270
2010-07-14,6.8551,3560436
2010-07-15,6.7565,1551177
2010-07-16,6.7565,576669
2010-07-19,6.4606,592471
2010-07-20,6.5592,1486531
2010-07-21,6.6085,392049
2010-07-22,6.8551,2229315
2010-07-23,7.0524,1211884
2010-07-26,7.6935,2449105
2010-07-27,7.7921,2290477
2010-07-28,7.4469,1831455
2010-07-29,7.5949,2537365
2010-07-30,7.4962,1079776
2010-08-02,7.8908,1833605
2010-08-03,8.0881,1966264
2010-08-04,8.1374,2731123
2010-08-05,8.4333,2580852
2010-08-06,8.4826,2924774
2010-08-09,9.3703,3405618
2010-08-10,8.7785,3704212
2010-08-11,8.7292,2388691
2010-08-12,8.1867,4339919
2010-08-13,8.8278,4357774
2010-08-16,8.9758,2017175
2010-08-17,9.6169,4612235
2010-08-18,10.1594,3846617
2010-08-19,9.9128,2114264
2010-08-20,9.7648,1830295
2010-08-23,9.8635,1501276
2010-08-24,9.4196,1288872
2010-08-25,8.7785,2593744
2010-08-26,8.7785,1792027
2010-08-27,9.5676,2123699
2010-08-30,10.258,3270685
2010-08-31,9.6662,2705991
2010-09-01,10.1101,1475643
2010-09-02,10.3073,1491071
2010-09-03,10.6032,1268991
2010-09-06,12.2307,4085657
2010-09-07,11.3923,2516826
2010-09-08,11.8855,2704742
2010-09-09,12.1321,1383724
2010-09-10,12.0828,1605451
2010-09-13,13.2171,2450979
2010-09-14,13.1184,2512314
2010-09-15,13.6116,2453598
2010-09-16,13.1677,2643276
2010-09-17,13.5623,1519339
2010-09-20,13.2171,2111747
2010-09-21,12.0828,3031036
2010-09-22,11.7375,3499670
2010-09-23,12.1814,2349206
2010-09-24,12.5759,2818340
2010-09-27,13.3157,2872224
2010-09-28,13.0691,2091350
2010-09-29,13.4143,3173626
2010-09-30,13.4636,2574060
2010-10-01,13.3157,1177409
2010-10-04,12.9212,1161218
2010-10-05,13.9075,2760996
2010-10-06,14.9432,3947664
2010-10-07,14.9925,1901124
2010-10-08,14.8939,1470138
2010-10-11,15.535,1716490
2010-10-12,15.535,2198280
2010-10-13,15.7816,1370583
2010-10-14,16.8666,3382317
2010-10-15,16.5706,2876749
2010-10-18,16.2254,1887165
2010-10-19,17.1131,2524139
2010-10-20,16.8172,3146153
2010-10-21,17.3597,4331745
2010-10-22,16.5706,4729272
2010-10-25,16.3734,3448397
2010-10-26,15.387,4237558
2010-10-27,14.3514,6627819
2010-10-28,15.5843,4359491
2010-10-29,14.45,3575682
2010-11-01,14.5979,3418868
2010-11-02,14.2527,1921231
2010-11-03,14.45,1711460
2010-11-04,13.7102,3270426
2010-11-05,12.7732,5903215
2010-11-08,11.6882,7477390
2010-11-09,12.428,6006057
2010-11-10,13.365,6177851
2010-11-11,14.302,3088621
2010-11-12,13.5623,3238315
2010-11-15,13.6609,1639636
2010-11-16,12.9705,2198962
2010-11-17,13.365,4178149
2010-11-18,13.8582,2646877
2010-11-19,14.0555,2954819
2010-11-22,14.2527,1403252
2010-11-23,13.6609,1397022
2010-11-24,15.0911,4207762
2010-11-25,16.1761,6657199
2010-11-26,15.8802,2863332
2010-11-29,15.9295,1522010
2010-11-30,15.387,3460192
2010-12-01,16.3734,3652542
2010-12-02,16.3241,3372595
2010-12-03,15.5843,3550126
2010-12-06,14.8939,3523900
2010-12-07,14.8939,4830486
2010-12-08,14.6473,3312574
2010-12-09,14.7459,2747668
2010-12-10,14.4993,3206372
2010-12-13,14.8939,3241251
2010-12-14,14.7459,2715873
2010-12-15,14.5486,3054200
2010-12-16,14.6966,3180709
2010-12-17,14.7459,2221689
2010-12-20,15.8309,4947183
2010-12-21,15.6829,3456636
2010-12-22,16.3734,3064225
2010-12-23,16.1268,1833102
2010-12-24,15.9788,893534
2010-12-29,17.7049,4242986
2010-12-30,19.4804,4518174
2010-12-31,20.3188,3541392
2011-01-04,22.686,4871562
2011-01-05,21.3051,4373402
2011-01-06,20.4174,3467364
2011-01-07,18.8886,5058227
2011-01-10,20.6147,4029396
2011-01-11,19.4311,3568956
2011-01-12,20.2201,2727019
2011-01-13,20.516,2450048
2011-01-14,20.0229,2168323
2011-01-17,19.2338,3067352
2011-01-18,18.8392,4535944
2011-01-19,19.9242,3047402
2011-01-20,19.9242,3121315
2011-01-21,19.4311,2738146
2011-01-24,19.5297,2139544
2011-01-25,19.4311,3103044
2011-01-27,19.0858,3278329
2011-01-28,18.1981,3509336
2011-01-31,17.8036,3967686
2011-02-01,18.5927,3362070
2011-02-02,17.0638,7779979
2011-02-03,17.2611,4876427
2011-02-04,17.4584,3186062
2011-02-07,17.9022,3110209
2011-02-08,17.9515,3006596
2011-02-09,18.5927,3614058
2011-02-10,18.8886,3016020
2011-02-11,18.7406,2613300
2011-02-14,19.2831,3256900
2011-02-15,19.3817,2742115
2011-02-16,18.9379,2797415
2011-02-17,19.1845,2728610
2011-02-18,19.0365,2622150
2011-02-21,18.8392,3013996
2011-02-22,18.3954,2952772
2011-02-23,18.4447,3346817
2011-02-24,18.1488,2972700
2011-02-25,18.7899,3180879
2011-02-28,19.2338,3182853
2011-03-01,20.8119,6738107
2011-03-02,21.8969,6592047
2011-03-03,22.5874,6250962
2011-03-04,21.6997,3664167
2011-03-07,20.7133,3125883
2011-03-08,20.6147,3387783
2011-03-09,20.4174,2623703
2011-03-10,19.579,3069005
2011-03-11,19.4804,4232893
2011-03-15,17.3104,5048667
2011-03-16,18.5927,5367887
2011-03-17,18.6913,4829356
2011-03-18,18.9379,6372843
2011-03-21,19.0858,2710711
2011-03-22,19.727,3108958
2011-03-23,20.3188,3927813
2011-03-24,20.6147,2442789
2011-03-25,21.1078,3185950
2011-03-28,21.3051,2499951
2011-03-29,21.5024,2761508
2011-03-30,21.5024,
2011-03-31,22.1928,6308903
2011-04-01,22.3901,3825716
2011-04-04,23.6723,3816195
2011-04-05,24.856,5273323
2011-04-06,23.9683,3258391
2011-04-07,23.5737,3221694
2011-04-08,25.1519,3379073
2011-04-11,25.645,3105887
2011-04-12,25.1519,3612509
2011-04-13,24.856,3523897
2011-04-14,25.0532,2629708
2011-04-15,24.9546,2575105
2011-04-18,24.2642,2937392
2011-04-19,22.5874,4108098
2011-04-20,23.6723,2350331
2011-04-21,24.1655,1905248
2011-04-27,21.7983,4805882
2011-04-28,21.3051,3874676
2011-04-29,20.6147,4335911
2011-05-02,20.6147,5873546
2011-05-03,19.8256,5672786
2011-05-04,20.0229,5602821
2011-05-05,21.6997,5654050
2011-05-06,22.1928,5419188
2011-05-09,21.601,4109353
2011-05-10,21.0092,4454422
2011-05-11,22.1928,4649752
2011-05-12,20.7133,5312308
2011-05-13,21.1078,4409730
2011-05-16,20.8119,3941222
2011-05-17,21.3051,4650715
2011-05-18,21.601,4024724
2011-05-19,22.2915,4320307
2011-05-20,22.5874,4024672
2011-05-23,21.2065,4388701
2011-05-24,22.2915,4681562
2011-05-25,21.9956,4952150
2011-05-26,22.686,4108779
2011-05-27,22.4887,4681819
2011-05-30,22.2915,4511963
2011-05-31,23.3764,15827884
2011-06-01,22.9819,4949188
2011-06-02,22.3901,6343832
2011-06-03,21.6997,5125390
2011-06-06,21.3051,4902539
2011-06-07,20.6147,5292485
2011-06-08,20.9106,4812859
2011-06-09,20.7133,4342937
2011-06-10,20.4174,4383177
2011-06-14,20.0229,6204714
2011-06-15,20.2201,4909170
2011-06-16,19.4311,5798990
2011-06-17,18.1488,6662048
2011-06-20,18.2474,6040634
2011-06-21,19.2338,6872243
2011-06-22,19.9242,5006808
2011-06-23,20.1215,4995005
2011-06-24,20.1215,3987141
2011-06-27,19.2831,4956877
2011-06-28,18.7406,6322484
2011-06-29,19.5297,5004447
2011-06-30,19.5297,
2011-07-01,17.2611,10773107
2011-07-04,18.642,6259542
2011-07-05,18.7406,5847749
2011-07-06,18.7406,4827260
2011-07-07,18.1488,5249598
2011-07-08,19.8256,5175645
2011-07-11,19.727,4793435
2011-07-12,19.1352,4167000
2011-07-13,19.3817,4328915
2011-07-14,19.4804,4019288
2011-07-15,18.8392,4490423
2011-07-18,18.5927,3912320
2011-07-19,18.5927,4348353
2011-07-20,19.1352,3722738
2011-07-21,19.1352,3738053
2011-07-22,19.6283,4078268
2011-07-25,20.4174,4238641
2011-07-26,21.0092,4399516
2011-07-27,21.0092,3486325
2011-07-28,20.6147,4010154
2011-07-29,21.2065,4392513
2011-08-02,21.0092,5395135
2011-08-03,20.4174,4186515
2011-08-04,20.7133,4134403
2011-08-05,18.3461,6989317
2011-08-08,17.7543,6119558
2011-08-09,18.494,6947293
2011-08-10,19.0858,5353897
2011-08-11,19.579,5459298
2011-08-12,19.5297,4296705
2011-08-15,20.1215,3672589
2011-08-16,19.4804,2991837
2011-08-17,19.3817,3628545
2011-08-18,18.2474,3973559
2011-08-19,17.1625,5666865
2011-08-22,16.8172,6554858
2011-08-23,16.9159,4466227
2011-08-24,16.7679,4086600
2011-08-25,17.0145,3695420
2011-08-26,16.8172,3185817
2011-08-29,18.0009,4142164
2011-08-30,17.8529,3591452
2011-08-31,17.8529,2986090
2011-09-01,18.0502,2750826
2011-09-02,17.3597,3219680
2011-09-05,16.6693,3036514
2011-09-06,16.9159,4246415
2011-09-07,17.3597,3220839
2011-09-08,17.0145,3237793
2011-09-09,17.1131,2552005
2011-09-12,15.9295,3237301
2011-09-13,15.9295,2924311
2011-09-14,14.5979,4962179
2011-09-15,14.9925,4006031
2011-09-16,15.5843,3411945
2011-09-19,14.5979,3171609
2011-09-20,14.4007,2910085
2011-09-21,12.6253,11164111
2011-09-22,10.8991,10132595
2011-09-23,10.406,11227951
2011-09-26,8.6305,11413640
2011-09-27,11.6389,11181350
2011-09-28,10.9485,8526991
2011-09-29,10.9485,7047075
2011-09-30,10.7512,4787856
2011-10-04,9.2717,7527765
2011-10-05,9.9128,6163532
2011-10-06,11.0964,7579955
2011-10-07,11.6882,7140053
2011-10-10,12.428,7016009
2011-10-11,12.0828,5681663
2011-10-12,12.2307,3237483
2011-10-13,12.6253,4307397
2011-10-14,12.28,2289822
2011-10-17,12.9212,2420970
2011-10-18,11.9348,3600610
2011-10-19,10.7512,7325006
2011-10-20,11.0964,4000000
2011-10-21,10.8005,2063403
2011-10-24,12.0334,2246970
2011-10-25,11.8855,2214204
2011-10-26,11.7375,3015875
2011-10-27,12.5759,2535494
2011-10-28,12.8225,3699326
2011-10-31,11.8855,2899714
2011-11-02,11.2444,3309125
2011-11-03,11.343,2589399
2011-11-04,11.5403,2345215
2011-11-07,11.343,1485824
2011-11-08,11.343,1492566
2011-11-09,11.7375,1915005
2011-11-10,11.5403,2021933
2011-11-11,11.8855,2565271
2011-11-14,12.0828,2485967
2011-11-15,12.0334,1266358
2011-11-16,11.8362,1838861
2011-11-17,12.28,2026350
2011-11-18,11.9348,1390173
2011-11-21,11.491,1446502
2011-11-22,11.1457,2606100
2011-11-23,10.6526,1851920
2011-11-24,11.0964,2739592
2011-11-25,10.8498,1211087
2011-11-28,11.5896,2327111
2011-11-29,11.6389,1800789
2011-11-30,11.9841,2135099
2011-12-01,12.9705,4320413
2011-12-02,12.5266,1869995
2011-12-05,13.4143,3219745
2011-12-06,12.428,2766569
2011-12-07,13.1184,1995160
2011-12-08,12.8718,1222756
2011-12-09,12.8225,1706258
2011-12-12,13.365,1953747
2011-12-13,12.6746,2638363
2011-12-14,12.5759,1537229
2011-12-15,11.343,3283160
2011-12-16,11.5896,1677542
2011-12-19,11.343,2057704
2011-12-20,11.491,997814
2011-12-21,11.6389,1281259
2011-12-22,11.195,1124144
2011-12-23,11.4416,559832
2011-12-28,11.0964,677357
2011-12-29,10.5046,2010048
2011-12-30,10.3073,1415580
2012-01-03,10.7512,1272198
2012-01-04,10.9978,1547792
2012-01-05,10.5046,2251634
2012-01-06,10.3073,1709791
2012-01-09,10.0114,2301745
2012-01-10,10.1594,1697525
2012-01-11,10.258,1647218
2012-01-12,10.2087,1390894
2012-01-13,10.258,2022439
2012-01-16,9.8635,2133755
2012-01-17,10.0114,1699997
2012-01-18,10.4553,3433391
2012-01-19,11.343,3079477
2012-01-20,12.6253,5176783
2012-01-23,12.6253,
2012-01-24,12.6253,
2012-01-25,13.2664,8015127
2012-01-27,12.6746,2840520
2012-01-30,12.9212,2202118
2012-01-31,13.0691,1407132
2012-02-01,13.1677,1408630
2012-02-02,15.6829,8320716
2012-02-03,14.1048,6229168
2012-02-06,14.2034,3868289
2012-02-07,13.6116,3059620
2012-02-08,14.3514,3107142
2012-02-09,13.9568,1846957
2012-02-10,13.7102,1284978
2012-02-13,13.365,2203825
2012-02-14,12.5759,2749415
2012-02-15,12.428,4619907
2012-02-16,11.9841,2389720
2012-02-17,11.9841,1867091
2012-02-20,12.6746,2207014
2012-02-21,12.8718,1327621
2012-02-22,12.7239,1015279
2012-02-23,12.28,1339309
2012-02-24,12.7239,1923080
2012-02-27,12.1321,2686991
2012-02-28,12.0334,1238412
2012-02-29,12.0334,1661079
2012-03-01,11.3923,2528404
2012-03-02,11.2444,2054638
2012-03-05,11.1457,1688822
2012-03-06,11.0471,1881351
2012-03-07,10.8498,2141932
2012-03-08,10.6526,2248054
2012-03-09,11.6389,2922218
2012-03-12,11.5403,2005302
2012-03-13,11.9841,2092486
2012-03-14,12.3293,1932088
2012-03-15,12.0828,1708592
2012-03-16,12.1814,1225110
2012-03-19,12.0334,702916
2012-03-20,11.491,1290612
2012-03-21,11.2937,1267068
2012-03-22,11.2444,1658211
2012-03-23,10.7512,3162866
2012-03-26,10.6032,1797047
2012-03-27,10.7512,1849789
2012-03-28,10.9485,1875540
2012-03-29,10.5539,1493786
2012-03-30,10.8005,2174348
2012-04-02,10.6526,1925756
2012-04-03,10.4553,1577629
2012-04-04,10.5046,1904361
2012-04-05,10.406,1119331
2012-04-10,10.1594,1050065
2012-04-11,9.9128,1514334
2012-04-12,10.1594,2226901
2012-04-13,10.9485,3228219
2012-04-16,10.8005,1492753
2012-04-17,11.343,3533304
2012-04-18,11.1457,2171999
2012-04-19,11.2937,1432489
2012-04-20,11.0471,1598964
2012-04-23,10.7019,1118772
2012-04-24,10.9978,1427231
2012-04-26,10.9978,1841205
2012-04-27,10.9485,1364178
2012-04-30,11.0964,1203834
2012-05-01,10.8498,1136692
2012-05-02,10.8005,770785
2012-05-03,10.7512,1097282
2012-05-04,10.5046,1197959
2012-05-07,10.0607,1690093
2012-05-08,10.1594,1647028
2012-05-09,9.6169,2716519
2012-05-10,9.5676,2061926
2012-05-11,9.5676,1714638
2012-05-14,10.2087,2947550
2012-05-15,9.7155,2246817
2012-05-16,9.0744,2969197
2012-05-17,9.1237,2928482
2012-05-18,8.7292,2655432
2012-05-21,8.8771,1313701
2012-05-22,9.1237,1208407
2012-05-23,8.5812,1370984
2012-05-24,8.6799,1047851
2012-05-25,8.8278,1185530
2012-05-28,10.406,2463542
2012-05-29,10.6032,3154583
2012-05-30,10.406,1772226
2012-05-31,10.2087,2552767
2012-06-01,10.1101,1822304
2012-06-04,9.5676,1898499
2012-06-05,10.0114,2950027
2012-06-06,9.9128,1438302
2012-06-07,10.0607,1407033
2012-06-08,9.5183,1279932
2012-06-12,9.6169,1172289
2012-06-13,9.3703,2214825
2012-06-14,9.0251,1065672
2012-06-15,8.6799,2830451
2012-06-18,9.2224,6119095
2012-06-19,10.0114,3515114
2012-06-20,10.0114,4605724
2012-06-21,9.321,4451156
2012-06-22,9.321,3058572
2012-06-25,8.9758,2381359
2012-06-26,8.7785,2987171
2012-06-27,8.1374,7702635
2012-06-28,8.1867,2994258
2012-06-29,8.3346,3522078
2012-07-02,8.4826,1443875
2012-07-03,8.4333,1323492
2012-07-04,8.4826,1023571
2012-07-05,8.2853,949700
2012-07-06,8.4333,765104
2012-07-09,7.9401,1447098
2012-07-10,8.1867,1794930
2012-07-11,8.8771,2960866
2012-07-12,8.236,2108845
2012-07-13,8.384,1679271
2012-07-16,8.384,1394422
2012-07-17,8.7292,2664971
2012-07-18,8.4826,1100752
2012-07-19,8.6305,1716766
2012-07-20,8.6305,1296101
2012-07-23,7.9894,2777859
2012-07-24,7.9401,1734845
2012-07-25,7.8415,1555568
2012-07-26,7.7428,1551422
2012-07-27,7.3976,2717972
2012-07-30,7.3483,1399530
2012-07-31,7.9401,2541998
2012-08-01,8.1867,2010348
2012-08-02,8.1374,1616687
2012-08-03,7.7428,992558
2012-08-06,7.5456,1875063
2012-08-07,7.3976,1361060
2012-08-08,7.5949,1652325
2012-08-09,7.5949,1286687
2012-08-10,7.4962,1070429
2012-08-13,7.5456,1324780
2012-08-14,7.4962,628351
2012-08-15,7.4469,1005253
2012-08-16,7.5456,1269147
2012-08-17,7.3976,1266793
2012-08-20,6.9044,2514738
2012-08-21,6.7565,1705182
2012-08-22,6.5592,2985385
2012-08-23,6.5099,4847393
2012-08-24,6.5099,1788515
2012-08-27,6.5099,1523702
2012-08-28,6.5099,1513462
2012-08-29,7.0031,4368680
2012-08-30,6.5592,2750761
2012-08-31,6.3126,1340499
2012-09-03,5.9674,2575323
2012-09-04,5.9181,1686486
2012-09-05,5.8688,2295523
2012-09-06,8.2853,15521763
2012-09-07,8.0881,5815527
2012-09-10,8.236,4165523
2012-09-11,7.9894,1456178
2012-09-12,8.3346,2113597
2012-09-13,8.6799,3256445
2012-09-14,8.8278,2418047
2012-09-17,8.6799,1292486
2012-09-18,8.7785,1159898
2012-09-19,8.8278,1969948
2012-09-20,8.6799,1531042
2012-09-21,8.6305,1558885
2012-09-24,8.5319,788056
2012-09-25,7.8415,2466368
2012-09-26,7.4469,2169749
2012-09-27,7.8908,1799631
2012-09-28,7.7921,1135329
2012-10-01,7.9894,621251
2012-10-02,8.0881,693870
2012-10-03,8.4333,1020492
2012-10-04,8.1374,2456165
2012-10-05,8.4333,695553
2012-10-08,8.4333,622201
2012-10-09,8.5812,779123
2012-10-10,8.4826,1021377
2012-10-11,7.2003,5399661
2012-10-12,7.0031,1658254
2012-10-15,6.7072,2701455
2012-10-16,6.5592,1582697
2012-10-17,6.2633,2970213
2012-10-18,6.4113,2426871
2012-10-19,6.7565,1995478
2012-10-22,6.7072,1979582
2012-10-23,6.7565,1106589
2012-10-24,6.7072,946806
2012-10-25,6.8058,714515
2012-10-26,6.7565,1365473
2012-10-29,6.9538,1406977
2012-10-30,7.0524,1204246
2012-10-31,7.2003,1623208
2012-11-01,7.0031,1304084
2012-11-02,7.0524,704022
2012-11-05,6.9044,1182300
2012-11-06,6.9538,699526
2012-11-07,7.1017,1430005
2012-11-08,7.9401,2413280
2012-11-09,7.9401,
2012-11-12,7.1017,3698563
2012-11-13,6.4606,4721193
2012-11-14,6.4606,
2012-11-15,5.9674,6427083
2012-11-16,5.4742,5740577
2012-11-19,6.2633,6086040
2012-11-20,6.5099,4173961
2012-11-21,6.214,1974439
2012-11-22,6.6578,4106353
2012-11-23,7.1017,4588378
2012-11-26,6.9538,2764309
2012-11-27,7.0524,5139687
2012-11-28,6.7565,2179619
2012-11-29,6.6578,1575798
2012-11-30,6.3126,22370436
2012-12-03,6.1647,4535864
2012-12-04,5.9181,3506267
2012-12-05,6.066,3115218
2012-12-06,5.9181,1654186
2012-12-07,5.9674,1609543
2012-12-10,5.9674,1552325
2012-12-11,5.9674,
2012-12-12,5.9181,2881296
2012-12-13,5.7701,1739378
2012-12-14,5.5729,3003007
2012-12-17,5.4249,2445670
2012-12-18,5.8195,2441157
2012-12-19,6.066,4272614
2012-12-20,5.8688,3132030
2012-12-21,5.9181,3027746
2012-12-24,5.6715,623934
2012-12-27,5.7208,435193
2012-12-28,5.8195,623430
2012-12-31,5.6715,448337
2013-01-02,5.9181,1429542
2013-01-03,6.2633,2466080
2013-01-04,6.1647,830577
2013-01-07,7.0524,5925922
2013-01-08,6.9044,3660190
2013-01-09,7.0031,1373627
2013-01-10,6.8058,2010925
2013-01-11,6.6085,2011564
2013-01-14,6.4113,1751999
2013-01-15,6.2633,1547434
2013-01-16,6.3126,2450653
2013-01-17,6.3619,2464585
2013-01-18,6.214,1505515
2013-01-21,6.214,736866
2013-01-22,6.3126,498952
2013-01-23,6.6578,2540606
2013-01-24,6.4113,2186330
2013-01-25,6.4606,1390763
2013-01-29,6.3619,1027124
2013-01-30,6.5099,4255794
2013-01-31,6.3126,2110956
2013-02-01,6.3619,2082981
2013-02-04,6.2633,942520
2013-02-05,6.1647,1161439
2013-02-06,5.9674,2267269
2013-02-07,5.8688,1030401
2013-02-08,6.066,1685408
2013-02-11,6.066,1645028
2013-02-12,6.0167,677212
2013-02-13,6.1647,1193884
2013-02-14,6.3126,2015322
2013-02-15,6.1647,1667538
2013-02-18,6.0167,888638
2013-02-19,6.0167,750307
2013-02-20,5.9181,1174081
2013-02-21,5.7208,1502940
2013-02-22,5.6222,1084281
2013-02-25,5.9181,1141658
2013-02-26,5.7701,1143223
2013-02-27,6.214,3743726
2013-02-28,6.1154,4146807
2013-03-01,5.8195,1538146
2013-03-04,5.8195,1075225
2013-03-05,5.9181,698940
2013-03-06,5.8195,1373153
2013-03-07,5.8688,898991
2013-03-08,6.0167,1600856
2013-03-11,6.1154,1783226
2013-03-12,5.9181,867102
2013-03-13,5.8688,636783
2013-03-14,5.8195,594726
2013-03-15,5.8688,780820
2013-03-18,5.7701,374003
2013-03-19,5.8195,2011880
2013-03-20,5.7701,848925
2013-03-21,5.7701,1037998
2013-03-22,5.8688,690506
2013-03-25,5.8688,677988
2013-03-26,5.8688,419057
2013-03-27,5.7208,1054883
2013-03-28,5.5235,1333649
2013-04-02,4.9811,4825946
2013-04-03,4.8824,2646298
2013-04-04,4.8331,1348442
2013-04-05,5.0797,2064123
2013-04-08,5.129,1053018
2013-04-09,5.0797,866077
2013-04-10,5.1783,1456494
2013-04-11,5.0797,467265
2013-04-12,5.1783,385053
2013-04-15,4.9811,699070
2013-04-16,4.9317,775242
2013-04-17,4.8824,815888
2013-04-18,4.7345,867646
2013-04-19,4.7838,984500
2013-04-22,4.7838,243478
2013-04-23,4.7345,434203
2013-04-24,4.8824,916302
2013-04-26,4.8824,777827
2013-04-29,4.8824,243926
2013-04-30,4.9811,829451
2013-05-01,4.9317,802278
2013-05-02,4.7838,543671
2013-05-03,4.9317,827374
2013-05-06,5.7208,5726895
2013-05-07,5.6715,1725695
2013-05-08,5.8688,2347740
2013-05-09,6.3619,3783043
2013-05-10,6.5099,3327824
2013-05-13,6.7565,2309515
2013-05-14,6.214,2681400
2013-05-15,6.066,1728896
2013-05-16,6.0167,1428986
2013-05-17,5.9181,1291648
2013-05-20,6.066,1022414
2013-05-21,5.9181,1060895
2013-05-22,5.9181,562368
2013-05-23,5.4249,2161036
2013-05-24,5.5729,1199520
2013-05-27,5.4249,727710
2013-05-28,5.1783,897061
2013-05-29,5.3756,1561914
2013-05-30,5.3756,908360
2013-05-31,5.5235,690790
2013-06-03,5.3263,804036
2013-06-04,5.2276,1088517
2013-06-05,5.277,534123
2013-06-06,5.1783,704410
2013-06-07,5.0797,1855574
2013-06-11,5.0304,1043115
2013-06-12,4.8824,1153643
2013-06-13,4.4386,2621722
2013-06-14,4.6358,1884595
2013-06-17,4.3399,1350460
2013-06-18,4.2413,2642162
2013-06-19,4.2413,1339201
2013-06-20,3.9947,1568207
2013-06-21,3.9947,2682441
2013-06-24,3.7481,1543714
2013-06-25,3.6988,1890702
2013-06-26,3.6988,1638927
2013-06-27,3.5509,1907926
2013-06-28,3.6988,1921345
2013-07-01,3.6988,737686
2013-07-02,4.044,1614384
2013-07-03,3.8468,1564275
2013-07-04,3.8468,727342
2013-07-05,3.7974,849038
2013-07-08,3.7481,405000
2013-07-09,3.7974,680108
2013-07-10,3.9454,1263766
2013-07-11,4.5865,3320991
2013-07-12,4.3892,2823594
2013-07-15,4.2906,1249339
2013-07-16,4.2906,1733430
2013-07-17,3.9947,1425359
2013-07-18,4.0933,900979
2013-07-19,4.3892,1469405
2013-07-22,4.3399,569332
2013-07-23,4.4386,928420
2013-07-24,4.3892,1144495
2013-07-25,4.2413,864602
2013-07-26,4.192,502896
2013-07-29,4.0933,950872
2013-07-30,4.192,684602
2013-07-31,3.9947,1512145
2013-08-01,3.8961,1221619
2013-08-02,3.9454,2020762
2013-08-05,3.9454,543025
2013-08-06,3.9454,734824
2013-08-07,3.7481,850505
2013-08-08,3.6988,650670
2013-08-09,3.9454,1034714
2013-08-12,4.1427,1852705
2013-08-13,4.1427,755106
2013-08-14,3.9947,612716
2013-08-15,3.9454,472428
2013-08-16,3.9454,711299
2013-08-19,3.9947,500895
2013-08-20,3.7974,627859
2013-08-21,3.7974,683844
2013-08-22,3.7974,641433
2013-08-23,3.8468,419559
2013-08-26,3.8468,1033857
2013-08-27,3.7974,283090
2013-08-28,3.6988,687174
2013-08-29,3.6988,797161
2013-08-30,3.8468,1031896
2013-09-02,3.9454,1408902
2013-09-03,4.0933,2450171
2013-09-04,4.0933,1820675
2013-09-05,4.044,1850970
2013-09-06,4.0933,602343
2013-09-09,4.044,963500
2013-09-10,4.1427,1298213
2013-09-11,4.192,1169696
2013-09-12,4.192,1152116
2013-09-13,3.9947,667723
2013-09-16,4.2413,2104249
2013-09-17,4.1427,956169
2013-09-18,4.0933,628232
2013-09-19,3.9947,1307019
2013-09-20,3.9454,4154225
2013-09-23,3.9947,615320
2013-09-24,3.9454,404420
2013-09-25,4.044,396290
2013-09-26,4.044,212968
2013-09-27,4.044,206313
2013-09-30,3.9454,1144883
2013-10-01,3.7974,840744
2013-10-02,3.8468,489485
2013-10-03,3.8468,487868
2013-10-04,3.7974,198000
2013-10-07,3.6988,582552
2013-10-08,3.6988,977780
2013-10-09,3.6002,483758
2013-10-10,3.6002,479961
2013-10-11,3.6988,561871
2013-10-14,3.6002,227010
2013-10-15,3.7974,377142
2013-10-16,3.6002,597801
2013-10-17,3.6495,675561
2013-10-18,3.6495,1495355
2013-10-21,3.5509,954664
2013-10-22,3.5509,705812
2013-10-23,3.6002,1021671
2013-10-24,3.5509,476331
2013-10-25,3.5509,551722
2013-10-28,3.5509,983111
2013-10-29,3.4522,505243
2013-10-30,3.3043,739508
2013-10-31,3.4029,1351492
2013-11-01,3.3043,272968
2013-11-04,3.3536,722204
2013-11-05,3.4522,1491578
2013-11-06,3.6002,1581613
2013-11-07,3.4522,772484
2013-11-08,3.4522,349056
2013-11-11,3.2549,999558
2013-11-12,3.3043,440416
2013-11-13,3.107,1243281
2013-11-14,3.107,661746
2013-11-15,3.1563,519366
2013-11-18,3.1563,210127
2013-11-19,3.2056,772247
2013-11-20,3.1563,455828
2013-11-21,3.107,520238
2013-11-22,3.107,222973
2013-11-25,3.1563,1409575
2013-11-26,3.107,474490
2013-11-27,3.107,135702
2013-11-28,3.0084,543977
2013-11-29,3.0084,959399
2013-12-02,2.9097,523116
2013-12-03,2.7125,1083879
2013-12-04,2.6631,744471
2013-12-05,2.8604,1074149
2013-12-06,2.9097,713252
2013-12-09,2.8604,937284
2013-12-10,2.9097,442348
2013-12-11,2.8604,343767
2013-12-12,2.8111,633307
2013-12-13,2.7618,486293
2013-12-16,2.7125,215793
2013-12-17,2.6138,868709
2013-12-18,2.6138,654816
2013-12-19,2.7125,704947
2013-12-20,2.8111,941503
2013-12-23,2.9097,719972
2013-12-24,3.0084,618710
2013-12-27,3.0577,288070
2013-12-30,3.0084,1081588
2013-12-31,2.9097,490776
2014-01-02,3.0084,155318
2014-01-03,2.959,398871
2014-01-06,2.8604,337293
2014-01-07,3.0577,2736136
2014-01-08,2.9097,1517288
2014-01-09,2.9097,404358
2014-01-10,3.107,892323
2014-01-13,2.959,750282
2014-01-14,3.0084,555699
2014-01-15,3.2549,2160772
2014-01-16,3.1563,1308432
2014-01-17,3.1563,707938
2014-01-20,3.107,660648
2014-01-21,3.1563,328980
2014-01-22,3.1563,289701
2014-01-23,3.1563,821118
2014-01-24,3.1563,483761
2014-01-28,2.959,826039
2014-01-29,2.959,382393
2014-01-30,3.0084,676697
2014-01-31,2.8111,1578174
2014-02-03,2.7125,862990
2014-02-04,2.6138,667436
2014-02-05,2.6138,428693
2014-02-06,2.7618,730430
2014-02-07,2.7125,643373
2014-02-10,2.6138,579631
2014-02-11,2.7125,469655
2014-02-12,2.7618,219806
2014-02-13,2.7125,358519
2014-02-14,2.7618,362739
2014-02-17,2.8111,551443
2014-02-18,2.8111,494162
2014-02-19,2.8604,456677
2014-02-20,2.8111,591677
2014-02-21,2.8604,551578
2014-02-24,3.0577,1092474
2014-02-25,3.0577,794037
2014-02-26,3.107,634217
2014-02-27,3.0084,305238
2014-02-28,3.0084,373216
2014-03-03,2.8604,521004
2014-03-04,2.9097,490447
2014-03-05,2.959,783354
2014-03-06,2.9097,602345
2014-03-07,3.0084,273804
2014-03-10,2.9097,417498
2014-03-11,2.6631,2886540
2014-03-12,2.4166,1885429
2014-03-13,2.3672,1712089
2014-03-14,2.3672,537477
2014-03-17,2.2193,1214427
2014-03-18,2.2193,941832
2014-03-19,2.17,623414
2014-03-20,2.2193,900061
2014-03-21,2.2686,3645907
2014-03-24,2.0713,924017
2014-03-25,1.9727,942257
2014-03-26,1.7754,2239226
2014-03-27,2.2193,4416787
2014-03-28,2.1206,1406534
2014-03-31,2.0713,1075874
2014-04-01,2.0713,2964030
2014-04-02,2.022,703668
2014-04-03,1.9727,506351
2014-04-04,1.9234,630705
2014-04-07,1.9234,875594
2014-04-08,1.9234,700578
2014-04-09,1.9234,1359151
2014-04-10,2.022,869938
2014-04-11,2.022,788278
2014-04-14,1.9727,544339
2014-04-15,1.9727,284655
2014-04-16,1.8247,924499
2014-04-17,1.8247,1094085
2014-04-22,1.7261,1274660
2014-04-23,1.8247,615008
2014-04-24,1.8247,397803
2014-04-28,1.6768,1646264
2014-04-29,1.6275,663470
2014-04-30,1.6275,
2014-05-01,1.6275,
2014-05-02,1.6275,
2014-05-05,1.6275,
2014-05-06,1.4795,2385142
2014-05-07,1.3316,1842414
2014-05-08,1.2823,1747602
2014-05-09,1.3316,2004831
2014-05-12,1.2823,957043
2014-05-13,1.3316,402650
2014-05-14,1.2823,1248039
2014-05-15,1.1836,1631010
2014-05-16,1.1343,824808
2014-05-19,1.1343,513448
2014-05-20,1.1343,478608
2014-05-21,1.085,1240733
2014-05-22,1.1836,1747658
2014-05-23,1.2823,1755062
2014-05-26,1.4795,3582504
2014-05-27,1.6768,3089036
2014-05-28,1.6768,
2014-05-29,1.6768,
2014-05-30,1.3809,6837149
2014-06-02,1.5288,4557526
2014-06-03,1.6768,5365802
2014-06-04,1.6275,1618483
2014-06-05,1.5288,1602272
2014-06-06,1.4302,1696452
2014-06-10,1.4302,992729
2014-06-11,1.3809,1369312
2014-06-12,1.3809,570801
2014-06-13,1.3809,813872
2014-06-16,1.2823,1054983
2014-06-17,1.2823,602554
2014-06-18,1.2329,1176125
2014-06-19,1.2329,1255442
2014-06-20,1.2329,2001692
2014-06-23,1.2329,347405
2014-06-24,1.2823,242747
2014-06-25,1.2329,477062
2014-06-26,1.3316,1398554
2014-06-27,1.3809,668460
2014-06-30,1.2823,1081736
2014-07-01,1.3809,588034
2014-07-02,1.2823,1153927
2014-07-03,1.2329,1015826
2014-07-04,1.2823,941192
2014-07-07,1.3316,329305
2014-07-08,1.3316,501201
2014-07-09,1.3809,382025
2014-07-10,1.3316,461591
2014-07-11,1.2823,355334
2014-07-14,1.3316,190996
2014-07-15,1.3316,255531
2014-07-16,1.3316,275701
2014-07-17,1.3809,2800439
2014-07-18,1.4302,1042974
2014-07-21,1.5782,1840739
2014-07-22,1.6768,1842620
2014-07-23,1.9727,3186359
2014-07-24,1.8247,5456293
2014-07-25,1.8247,1076160
2014-07-28,1.9727,2232777
2014-07-29,2.1206,2256509
2014-07-30,2.022,1531891
2014-07-31,1.6768,5914616
2014-08-01,1.3809,3976362
2014-08-04,1.4795,1476294
2014-08-05,1.5288,2203625
2014-08-06,1.4795,898451
2014-08-07,1.4795,634533
2014-08-08,1.4302,737650
2014-08-11,1.4302,986271
2014-08-12,1.5288,762115
2014-08-13,1.4795,1479359
2014-08-14,1.5288,726733
2014-08-15,1.5288,488924
2014-08-18,1.5782,1925219
2014-08-19,1.6275,1330018
2014-08-20,1.5782,836099
2014-08-21,1.6275,679426
2014-08-22,1.6275,655924
2014-08-25,1.5288,356818
2014-08-26,1.5782,386492
2014-08-27,1.5288,412567
2014-08-28,1.5288,378186
2014-08-29,1.5782,965048
2014-09-01,1.5288,240043
2014-09-02,1.5288,408330
2014-09-03,1.6768,3030465
2014-09-04,1.5782,787647
2014-09-05,1.5782,344623
2014-09-08,1.5288,293945
2014-09-09,1.4795,623061
2014-09-10,1.4795,337733
2014-09-11,1.4795,401234
2014-09-12,1.4795,585219
2014-09-15,1.2823,2513705
2014-09-16,1.1836,1514297
2014-09-17,1.1343,2950253
2014-09-18,1.1343,930627
2014-09-19,1.1836,997013
2014-09-22,1.1343,440251
2014-09-23,1.1343,666928
2014-09-24,1.1343,
2014-09-25,1.1343,
2014-09-26,1.1343,
2014-09-29,0.8483,5744296
2014-09-30,0.7891,4684374
2014-10-01,0.7792,3495226
2014-10-02,0.8187,1819170
2014-10-03,0.7792,2718804
2014-10-06,0.7792,709045
2014-10-07,0.7694,1175359
2014-10-08,0.7694,899989
2014-10-09,0.7595,1018972
2014-10-10,0.7595,1092074
2014-10-13,0.7496,801281
2014-10-14,0.8187,1827887
2014-10-15,0.7989,1674821
2014-10-16,0.7694,768568
2014-10-17,0.8581,2099654
2014-10-20,0.8483,2609559
2014-10-21,0.8581,1575996
2014-10-22,0.7792,2218157
2014-10-23,0.72,4013832
2014-10-24,0.6707,4246343
2014-10-27,0.7102,3055600
2014-10-28,0.6904,2311031
2014-10-29,0.6707,2259118
2014-10-30,0.6609,1948251
2014-10-31,0.651,2949144
2014-11-03,0.6411,728065
2014-11-04,0.6609,1224876
2014-11-05,0.6313,1086377
2014-11-06,0.5622,3120614
2014-11-07,0.5425,3033002
2014-11-10,0.5918,2159190
2014-11-11,0.6214,1958514
2014-11-12,0.6214,2615699
2014-11-13,0.6115,449528
2014-11-14,0.6115,362674
2014-11-17,0.5918,642082
2014-11-18,0.5622,537836
2014-11-19,0.5524,776686
2014-11-20,0.5524,527947
2014-11-21,0.5918,557234
2014-11-24,0.5918,476049
2014-11-25,0.5918,854640
2014-11-26,0.5918,487169
2014-11-27,0.5918,361239
2014-11-28,0.5819,919797
2014-12-01,0.5425,1373126
2014-12-02,0.5524,1155025
2014-12-03,0.5622,1419003
2014-12-04,0.5425,1319874
2014-12-05,0.5425,700709
2014-12-08,0.5326,880443
2014-12-09,0.5129,895893
2014-12-10,0.5129,503153
2014-12-11,0.4734,2497308
2014-12-12,0.4439,3405309
2014-12-15,0.4734,1863954
2014-12-16,0.4833,1462364
2014-12-17,0.4833,446755
2014-12-18,0.5425,3017436
2014-12-19,0.5918,10341157
2014-12-22,0.6017,2500866
2014-12-23,0.5918,680131
2014-12-24,0.5918,337347
2014-12-29,0.6017,326749
2014-12-30,0.5918,434359
2014-12-31,0.6707,1558867
2015-01-02,0.7102,1581097
2015-01-05,0.6707,2293015
2015-01-06,0.6115,1225233
2015-01-07,0.6115,1769467
2015-01-08,0.6411,2444206
2015-01-09,0.6313,2720236
2015-01-12,0.6214,909977
2015-01-13,0.5819,1366921
2015-01-14,0.5622,691620
2015-01-15,0.5524,760876
2015-01-16,0.5524,694765
2015-01-19,0.5228,1070072
2015-01-20,0.503,1133565
2015-01-21,0.5228,341467
2015-01-22,0.5622,1237279
2015-01-23,0.6115,1025081
2015-01-27,0.4932,2489337
2015-01-28,0.4932,2179115
2015-01-29,0.4439,2414524
2015-01-30,0.4439,2935914
2015-02-02,0.434,1686829
2015-02-03,0.4241,1117925
2015-02-04,0.4833,2901225
2015-02-05,0.4537,2020494
2015-02-06,0.4439,1233546
2015-02-09,0.4537,903558
2015-02-10,0.4537,447264
2015-02-11,0.4439,1068525
2015-02-12,0.4537,1942953
2015-02-13,0.4734,1169814
2015-02-16,0.4833,2243050
2015-02-17,0.4734,2054638
2015-02-18,0.4636,1532896
2015-02-19,0.4833,1605076
2015-02-20,0.4932,844086
2015-02-23,0.6017,6891434
2015-02-24,0.5721,5310540
2015-02-25,0.5721,3259399
2015-02-26,0.5622,1174211
2015-02-27,0.5721,1215948
2015-03-02,0.5524,1033825
2015-03-03,0.5228,1099998
2015-03-04,0.5326,875320
2015-03-05,0.5326,553547
2015-03-06,0.5129,581924
2015-03-09,0.503,290578
2015-03-10,0.503,681891
2015-03-11,0.4932,440012
2015-03-12,0.503,585999
2015-03-13,0.4833,1602960
2015-03-16,0.4636,1104120
2015-03-17,0.4537,1253873
2015-03-18,0.4241,1892328
2015-03-19,0.4044,2135816
2015-03-20,0.4143,6981448
2015-03-23,0.4439,1810226
2015-03-24,0.4439,762703
2015-03-25,0.4734,1861886
2015-03-26,0.4734,502697
2015-03-27,0.4439,510489
2015-03-30,0.4241,942603
2015-03-31,0.4241,517618
2015-04-01,0.4241,535218
2015-04-02,0.434,708962
2015-04-07,0.434,712666
2015-04-08,0.4439,989947
2015-04-09,0.4439,602966
2015-04-10,0.4439,655134
2015-04-13,0.4833,1441792
2015-04-14,0.4833,789120
2015-04-15,0.4636,432797
2015-04-16,0.4636,762490
2015-04-17,0.4439,1633114
2015-04-20,0.434,287054
2015-04-21,0.434,350786
2015-04-22,0.4439,489109
2015-04-23,0.434,876072
2015-04-24,0.4636,9197130
2015-04-27,0.4537,3563146
2015-04-28,0.4537,1350475
2015-04-29,0.4537,3576421
2015-04-30,0.4439,771318
2015-05-01,0.434,314292
2015-05-04,0.4537,550798
2015-05-05,0.4439,515984
2015-05-06,0.4241,1130501
2015-05-07,0.4241,1442872
2015-05-08,0.4439,620435
2015-05-11,0.4241,470456
2015-05-12,0.4241,745826
2015-05-13,0.4439,1063418
2015-05-14,0.4734,2385658
2015-05-15,0.434,2268080
2015-05-18,0.4439,995110
2015-05-19,0.4537,896462
2015-05-20,0.4439,698066
2015-05-21,0.4537,640539
2015-05-22,0.4439,1169837
2015-05-25,0.4439,184498
2015-05-26,0.4537,664206
2015-05-27,0.4439,666323
2015-05-28,0.434,1283290
2015-05-29,0.4241,7799531
2015-06-01,0.4143,1372383
2015-06-02,0.4044,1778056
2015-06-03,0.4044,379951
2015-06-04,0.4044,240903
2015-06-05,0.4044,609075
2015-06-09,0.3945,514424
2015-06-10,0.4044,1500024
2015-06-11,0.4044,551591
2015-06-12,0.4044,220992
2015-06-15,0.4143,636278
2015-06-16,0.4044,259569
2015-06-17,0.4044,523080
2015-06-18,0.3945,435681
2015-06-19,0.3945,1331203
2015-06-22,0.3748,2148306
2015-06-23,0.3551,1755509
2015-06-24,0.3255,1350812
2015-06-25,0.3452,7174282
2015-06-26,0.3255,1545800
2015-06-29,0.3255,1149734
2015-06-30,0.3354,1428980
2015-07-01,0.3551,908387
2015-07-02,0.3551,780949
2015-07-03,0.3354,412695
2015-07-06,0.3354,295869
2015-07-07,0.3255,483614
2015-07-08,0.3255,852791
2015-07-09,0.3354,233539
2015-07-10,0.3255,153931
2015-07-13,0.3452,480225
2015-07-14,0.3847,2909238
2015-07-15,0.4143,2286886
2015-07-16,0.3748,1347695
2015-07-17,0.3748,9935917
2015-07-20,0.3649,1591234
2015-07-21,0.3847,679315
2015-07-22,0.3748,388693
2015-07-23,0.3748,243548
2015-07-24,0.3945,589876
2015-07-27,0.3748,266844
2015-07-28,0.3649,359433
2015-07-29,0.3452,990201
2015-07-30,0.3551,636355
2015-07-31,0.3452,259279
2015-08-03,0.3452,326665
2015-08-04,0.3452,233417
2015-08-05,0.3452,423163
2015-08-06,0.3452,184730
2015-08-07,0.3452,354944
2015-08-10,0.3354,612164
2015-08-11,0.3452,365552
2015-08-12,0.3649,951968
2015-08-13,0.3551,146853
2015-08-14,0.3452,833901
2015-08-17,0.3847,3609210
2015-08-18,0.3945,1027799
2015-08-19,0.3748,1215088
2015-08-20,0.3649,871127
2015-08-21,0.3649,946351
2015-08-24,0.3452,882234
2015-08-25,0.3551,1182024
2015-08-26,0.3452,279781
2015-08-27,0.3649,494126
2015-08-28,0.3748,207728
2015-08-31,0.3649,391058
2015-09-01,0.3748,514357
2015-09-02,0.3649,287103
2015-09-03,0.3649,204171
2015-09-04,0.3748,198889
2015-09-07,0.3649,120875
2015-09-08,0.3748,529385
2015-09-09,0.3748,356974
2015-09-10,0.4143,1545309
2015-09-11,0.4044,1304068
2015-09-14,0.3748,754341
2015-09-15,0.3847,295883
2015-09-16,0.3945,691028
2015-09-17,0.3945,1225110
2015-09-18,0.3748,2180106
2015-09-21,0.3649,329840
2015-09-22,0.3847,372176
2015-09-23,0.3748,1080928
2015-09-24,0.3649,1034074
2015-09-25,0.3649,483679
2015-09-28,0.3452,1874626
2015-09-29,0.3255,2888554
2015-09-30,0.3156,2309501
2015-10-01,0.3255,423908
2015-10-02,0.3354,597909
2015-10-05,0.3354,205304
2015-10-06,0.3452,1278716
2015-10-07,0.3551,1079191
2015-10-08,0.3649,1320016
2015-10-09,0.3847,1272904
2015-10-12,0.3847,2022810
2015-10-13,0.3748,700311
2015-10-14,0.4734,9839630
2015-10-15,0.4636,6936984
2015-10-16,0.4241,2172151
2015-10-19,0.4439,1378576
2015-10-20,0.4537,866506
2015-10-21,0.503,2300879
2015-10-22,0.5819,6398517
2015-10-23,0.5819,6057593
2015-10-26,0.6017,1982690
2015-10-27,0.5819,1951182
2015-10-28,0.5819,759749
2015-10-29,0.5721,631343
2015-10-30,0.5721,500164
2015-11-02,0.5524,715226
2015-11-03,0.5819,887416
2015-11-04,0.651,5916212
2015-11-05,0.6313,4862086
2015-11-06,0.6609,2327233
2015-11-09,0.7496,5821482
2015-11-10,0.8285,15423122
2015-11-11,0.7792,8375245
2015-11-12,0.7694,3246831
2015-11-13,0.7694,8034232
2015-11-16,0.7694,1404766
2015-11-17,0.8483,4887561
2015-11-18,0.868,8153242
2015-11-19,0.8581,5743387
2015-11-20,0.8778,2820790
2015-11-23,0.9074,6363529
2015-11-24,0.9863,7949458
2015-11-25,1.1836,5281702
2015-11-26,1.2823,6105763
2015-11-27,1.1836,4253946
2015-11-30,1.1343,3102765
2015-12-01,1.085,1804670
2015-12-02,1.1836,3820358
2015-12-03,1.2329,2386928
2015-12-04,1.1836,1900678
2015-12-07,1.2329,2723246
2015-12-08,1.1343,2129244
2015-12-09,1.085,2330469
2015-12-10,1.085,1166147
2015-12-11,1.1836,1804341
2015-12-14,1.085,1851363
2015-12-15,0.8976,7181651
2015-12-16,0.7595,9686004
2015-12-17,0.7595,2386753
2015-12-18,0.6313,9237907
2015-12-21,0.7398,6277422
2015-12-22,0.868,5707674
2015-12-23,0.8581,5738528
2015-12-24,0.8581,1062465
2015-12-28,0.8581,
2015-12-29,0.9173,2190592
2015-12-30,0.9863,3612043
2015-12-31,0.9765,1939607
2016-01-04,0.9173,1958049
2016-01-05,0.8877,2497657
2016-01-06,0.9863,3777097
2016-01-07,0.8976,2630380
2016-01-08,0.9568,2190669
2016-01-11,0.9863,2006478
2016-01-12,0.9469,1982525
2016-01-13,0.9272,830510
2016-01-14,0.9568,1690767
2016-01-15,0.9765,1564457
2016-01-18,0.9765,692456
2016-01-19,0.9568,1055814
2016-01-20,0.8877,1511368
2016-01-21,0.8976,1181369
2016-01-22,0.9074,727305
2016-01-25,0.9173,644532
2016-01-27,0.9469,2845224
2016-01-28,0.9272,1522808
2016-01-29,0.937,1790746
2016-02-01,0.9173,833747
2016-02-02,0.9173,578685
2016-02-03,0.8976,815164
2016-02-04,0.9074,1241730
2016-02-05,0.8778,718285
2016-02-08,0.8187,2563373
2016-02-09,0.7694,2447167
2016-02-10,0.7003,2715272
2016-02-11,0.7694,1378542
2016-02-12,0.7299,1103084
2016-02-15,0.72,648830
2016-02-16,0.7595,847826
2016-02-17,0.7398,418057
2016-02-18,0.7891,1459122
2016-02-19,0.7891,681652
2016-02-22,0.7595,679477
2016-02-23,0.7595,450559
2016-02-24,0.7496,425960
2016-02-25,0.7102,951627
2016-02-26,0.72,531939
2016-02-29,0.7102,615761
2016-03-01,0.7299,463042
2016-03-02,0.7694,1675961
2016-03-03,0.9074,4001351
2016-03-04,0.868,2221883
2016-03-07,0.8581,1677017
2016-03-08,0.8285,1114175
2016-03-09,0.7989,687938
2016-03-10,0.7496,2093940
2016-03-11,0.7398,1237394
2016-03-14,0.7792,823980
2016-03-15,0.7496,672880
2016-03-16,0.7694,594825
2016-03-17,0.7891,624135
2016-03-18,0.8187,1374135
2016-03-21,0.7989,387101
2016-03-22,0.7496,1486585
2016-03-23,0.7595,595765
2016-03-24,0.7595,406383
2016-03-29,0.7595,251021
2016-03-30,0.7595,79982
2016-03-31,0.7694,454470
2016-04-01,0.7694,166688
2016-04-04,0.7792,960310
2016-04-05,0.7989,1262060
2016-04-06,0.8483,2373550
2016-04-07,0.8187,1911427
2016-04-08,0.7989,739612
2016-04-11,0.7891,411928
2016-04-12,0.8285,494997
2016-04-13,0.8187,478654
2016-04-14,0.8187,801756
2016-04-15,0.7989,767091
2016-04-18,0.7792,441770
2016-04-19,0.7891,442662
2016-04-20,0.7792,772238
2016-04-21,0.7891,336893
2016-04-22,0.8088,316932
2016-04-26,0.7891,486172
2016-04-27,0.7891,637896
2016-04-28,0.7989,416814
2016-04-29,0.7398,2896687
2016-05-02,0.6609,4086698
2016-05-03,0.6313,2116333
2016-05-04,0.6609,705419
2016-05-05,0.6411,962755
2016-05-06,0.651,604833
2016-05-09,0.6806,851086
2016-05-10,0.6609,756091
2016-05-11,0.6806,408067
2016-05-12,0.6806,610136
2016-05-13,0.7102,1065599
2016-05-16,0.7003,1147741
2016-05-17,0.6904,625607
2016-05-18,0.6707,817002
2016-05-19,0.6707,717646
2016-05-20,0.6806,551385
2016-05-23,0.7003,489012
2016-05-24,0.6904,1423389
2016-05-25,0.6806,429962
2016-05-26,0.6904,936148
2016-05-27,0.6904,247595
2016-05-30,0.6707,525950
2016-05-31,0.6806,558965
2016-06-01,0.6707,349848
2016-06-02,0.6609,467284
2016-06-03,0.6411,759957
2016-06-06,0.651,356029
2016-06-07,0.6313,680665
2016-06-08,0.6707,1253813
2016-06-09,0.6609,1038854
2016-06-10,0.6707,327259
2016-06-14,0.6609,1022240
2016-06-15,0.6609,305311
2016-06-16,0.651,1022502
2016-06-17,0.651,1203477
2016-06-20,0.651,986130
2016-06-21,0.6411,566960
2016-06-22,0.6214,461890
2016-06-23,0.6214,661917
2016-06-24,0.6115,569611
2016-06-27,0.6017,468019
2016-06-28,0.5721,1039392
2016-06-29,0.503,4898402
2016-06-30,0.5228,2169349
2016-07-01,0.5622,652936
2016-07-04,0.5524,300999
2016-07-05,0.5721,276983
2016-07-06,0.6707,4122450
2016-07-07,0.6214,1579290
2016-07-08,0.6313,876229
2016-07-11,0.651,459019
2016-07-12,0.6707,685755
2016-07-13,0.6806,621308
2016-07-14,0.7003,990529
2016-07-15,0.7496,2435546
2016-07-18,0.8285,5504714
2016-07-19,0.7398,4086561
2016-07-20,0.72,860997
2016-07-21,0.7102,698878
2016-07-22,0.7102,882677
2016-07-25,0.6707,616987
2016-07-26,0.7003,629988
2016-07-27,0.7102,391350
2016-07-28,0.7496,2454341
2016-07-29,0.7398,711189
2016-08-01,0.72,994474
2016-08-02,0.72,421244
2016-08-03,0.7102,357228
2016-08-04,0.72,597723
2016-08-05,0.7003,581046
2016-08-08,0.7003,453259
2016-08-09,0.7003,396168
2016-08-10,0.6806,465747
2016-08-11,0.6904,692359
2016-08-12,0.7003,833871
2016-08-15,0.6806,1049432
2016-08-16,0.6707,1362592
2016-08-17,0.6707,338098
2016-08-18,0.6904,184848
2016-08-19,0.6904,119671
2016-08-22,0.6806,285963
2016-08-23,0.6609,312422
2016-08-24,0.6609,552790
2016-08-25,0.6313,658198
2016-08-26,0.6115,826221
2016-08-29,0.6214,302423
2016-08-30,0.6214,287799
2016-08-31,0.6115,367691
2016-09-01,0.6214,146420
2016-09-02,0.651,827213
2016-09-05,0.6313,297521
2016-09-06,0.651,237142
2016-09-07,0.6411,178571
2016-09-08,0.6411,240498
2016-09-09,0.6411,348009
2016-09-12,0.6214,470563
2016-09-13,0.6115,649802
2016-09-14,0.6115,434087
2016-09-15,0.6214,129500
2016-09-16,0.6214,1524543
2016-09-19,0.6017,851736
2016-09-20,0.6115,160510
2016-09-21,0.6017,483983
2016-09-22,0.6115,142438
2016-09-23,0.6017,261367
2016-09-26,0.6017,239238
2016-09-27,0.6017,157328
2016-09-28,0.6115,341466
2016-09-29,0.5622,3532420
2016-09-30,0.5425,1545065
2016-10-03,0.5326,714945
2016-10-04,0.5326,539900
2016-10-05,0.5425,939041
2016-10-06,0.5425,386017
2016-10-07,0.5425,90267
2016-10-10,0.5425,231164
2016-10-11,0.5622,436929
2016-10-12,0.5425,416622
2016-10-13,0.5425,501622
2016-10-14,0.5524,381418
2016-10-17,0.5326,297522
2016-10-18,0.5326,558217
2016-10-19,0.5425,422160
2016-10-20,0.5326,261557
2016-10-21,0.5425,1544854
2016-10-24,0.5228,561221
2016-10-25,0.5228,
2016-10-26,0.651,5467864
2016-10-27,0.5918,2316777
2016-10-28,0.5721,1218492
2016-10-31,0.5524,1057078
2016-11-01,0.5524,911889
2016-11-02,0.5425,1019465
2016-11-03,0.5326,336600
2016-11-04,0.5524,1682779
2016-11-07,0.5918,653871
2016-11-08,0.5622,530339
2016-11-09,0.5524,1448057
2016-11-10,0.5622,469453
2016-11-11,0.6313,2061869
2016-11-14,0.6115,1427952
2016-11-15,0.6313,579629
2016-11-16,0.6017,857786
2016-11-17,0.6017,557325
2016-11-18,0.5819,714256
2016-11-21,0.5819,463117
2016-11-22,0.5918,370782
2016-11-23,0.6214,920539
2016-11-24,0.6411,3078352
2016-11-25,0.6707,1859989
2016-11-28,0.6904,977178
2016-11-29,0.6707,1174724
2016-11-30,0.6609,774359
2016-12-01,0.6411,607998
2016-12-02,0.6214,900405
2016-12-05,0.6214,329587
2016-12-06,0.6313,498270
2016-12-07,0.6609,480121
2016-12-08,0.6707,422129
2016-12-09,0.7102,2034513
2016-12-12,0.6806,2523049
2016-12-13,0.6707,1296299
2016-12-14,0.6707,983944
2016-12-15,0.6707,665136
2016-12-16,0.6806,387780
2016-12-19,0.6904,545358
2016-12-20,0.7102,1169367
2016-12-21,0.7003,1052265
2016-12-22,0.6904,309926
2016-12-23,0.6904,373200
2016-12-28,0.6904,354416
2016-12-29,0.7003,231413
2016-12-30,0.72,350661
2017-01-03,0.7102,315279
2017-01-04,0.7102,475671
2017-01-05,0.7496,2718906
2017-01-06,0.7989,2488001
2017-01-09,0.8088,2117402
2017-01-10,0.7694,2772562
2017-01-11,0.7989,1523513
2017-01-12,0.7891,1481033
2017-01-13,0.8088,1335340
2017-01-16,0.7891,2142100
2017-01-17,0.7891,879642
2017-01-18,0.7891,373916
2017-01-19,0.7989,325031
2017-01-20,0.7989,326818
2017-01-23,0.7989,800825
2017-01-24,0.868,5501666
2017-01-25,0.8285,1932625
2017-01-27,0.8581,1921148
2017-01-30,0.8483,1519867
2017-01-31,0.8384,464255
2017-02-01,0.8483,567273
2017-02-02,0.8976,2765878
2017-02-03,0.9173,7743834
2017-02-06,0.9272,1542783
2017-02-07,0.9469,1609573
2017-02-08,0.937,2789953
2017-02-09,0.9074,3584061
2017-02-10,0.9074,2645187
2017-02-13,1.0357,5587164
2017-02-14,1.085,3527813
2017-02-15,1.1836,3181153
2017-02-16,1.1836,2587547
2017-02-17,1.3316,3713472
2017-02-20,1.3316,3987063
2017-02-21,1.1836,2971207
2017-02-22,1.0357,3246487
2017-02-23,1.1836,2578591
2017-02-24,1.1343,838592
2017-02-27,1.1343,844422
2017-02-28,1.1343,2389139
2017-03-01,1.0357,2073322
2017-03-02,1.085,934487
2017-03-03,1.0357,1317416
2017-03-06,1.0357,616995
2017-03-07,0.9469,2474326
2017-03-08,0.9074,3085521
2017-03-09,0.9173,986090
2017-03-10,0.9272,1150549
2017-03-13,0.937,1265459
2017-03-14,0.9173,720817
2017-03-15,0.9173,563786
2017-03-16,0.9074,557341
2017-03-17,0.8778,3608177
2017-03-20,0.8877,995057
2017-03-21,0.9863,14955548
2017-03-22,0.937,3123320
2017-03-23,0.9173,1653927
2017-03-24,0.9074,412606
2017-03-27,0.8976,960749
2017-03-28,0.8877,407046
2017-03-29,0.8778,765869
2017-03-30,0.8778,514977
2017-03-31,0.9074,650064
2017-04-03,0.9074,293166
2017-04-04,0.937,2578122
2017-04-05,0.9272,524396
2017-04-06,0.9074,445642
2017-04-07,0.8877,1000051
2017-04-10,0.8778,872939
2017-04-11,0.8778,253444
2017-04-12,0.8778,838682
2017-04-13,0.868,811365
2017-04-18,0.8384,828255
2017-04-19,0.8088,1870637
2017-04-20,0.8285,571086
2017-04-21,0.868,702146
2017-04-24,0.8778,586808
2017-04-26,0.9666,5420282
2017-04-27,0.9173,1535172
2017-04-28,0.8976,495554
2017-05-01,0.8483,1625926
2017-05-02,0.8384,1277286
2017-05-03,0.8384,949506
2017-05-04,0.8285,862071
2017-05-05,0.8187,818512
2017-05-08,0.7694,1992484
2017-05-09,0.7694,2170464
2017-05-10,0.7694,594602
2017-05-11,0.7792,259646
2017-05-12,0.7694,1009707
2017-05-15,0.7989,440592
2017-05-16,0.7989,312697
2017-05-17,0.8088,434086
2017-05-18,0.7891,307191
2017-05-19,0.7891,292067
2017-05-22,0.8088,307948
2017-05-23,0.7989,491617
2017-05-24,0.7989,178614
2017-05-25,0.8088,319327
2017-05-26,0.7989,298456
2017-05-29,0.8581,1696907
2017-05-30,0.8483,840972
2017-05-31,0.8384,138144
2017-06-01,0.8088,1052845
2017-06-02,0.8088,984066
2017-06-05,0.8187,334504
2017-06-06,0.8187,435407
2017-06-07,0.8187,498136
2017-06-08,0.8285,409557
2017-06-09,0.8483,435269
2017-06-13,0.8483,459293
2017-06-14,0.8976,1544644
2017-06-15,0.8778,675620
2017-06-16,0.9272,2750444
2017-06-19,0.9173,1470306
2017-06-20,0.9074,714257
2017-06-21,0.8976,398793
2017-06-22,0.937,802985
2017-06-23,0.9863,3225761
2017-06-26,0.9863,1636969
2017-06-27,0.9863,1939915
2017-06-28,0.9863,635043
2017-06-29,1.0357,1455399
2017-06-30,1.0357,1316963
2017-07-03,1.1343,1365172
2017-07-04,1.085,1576868
2017-07-05,1.1836,2121487
2017-07-06,1.1343,1703686
2017-07-07,1.1836,1101528
2017-07-10,1.085,1766552
2017-07-11,1.085,1028430
2017-07-12,1.085,3031363
2017-07-13,1.0357,3779089
2017-07-14,1.0357,981994
2017-07-17,1.085,2617925
2017-07-18,1.085,1369559
2017-07-19,1.0357,340468
2017-07-20,1.085,1702888
2017-07-21,1.0357,1378488
2017-07-24,1.085,445499
2017-07-25,1.0357,369936
2017-07-26,1.085,1075880
2017-07-27,1.2329,3263624
2017-07-28,1.3316,4359427
2017-07-31,1.3316,3973704
2017-08-01,1.3316,2897534
2017-08-02,1.5782,9279013
2017-08-03,1.3316,6496787
2017-08-04,1.3809,7423426
2017-08-07,1.4795,5921987
2017-08-08,1.5288,5322867
2017-08-09,1.5782,5114555
2017-08-10,1.5782,3544800
2017-08-11,1.4302,3748622
2017-08-14,1.3809,1727651
2017-08-15,1.3316,2546849
2017-08-16,1.3316,2227337
2017-08-17,1.4302,5846524
2017-08-18,1.4795,16590349
2017-08-21,1.5288,2493880
2017-08-22,1.5288,6625939
2017-08-23,1.5782,3530262
2017-08-24,1.5782,1184990
2017-08-25,1.5782,1251257
2017-08-28,1.5288,6518926
2017-08-29,1.5288,3190052
2017-08-30,1.4795,839380
2017-08-31,1.5288,1805250
2017-09-01,1.6768,8078695
2017-09-04,1.8247,6154560
2017-09-05,1.8247,2541527
2017-09-06,1.9234,5668252
2017-09-07,1.9234,4856058
2017-09-08,1.9727,9495029
2017-09-11,2.0713,4531012
2017-09-12,1.9727,4526455
2017-09-13,1.9234,7885447
2017-09-14,1.9234,7110846
2017-09-15,2.022,12910399
2017-09-18,2.022,3552191
2017-09-19,1.8741,6863498
2017-09-20,1.8247,6738224
2017-09-21,1.7754,2005632
2017-09-22,1.7754,2634997
2017-09-25,1.8741,7074068
2017-09-26,1.8247,4208052
2017-09-27,1.8247,5713835
2017-09-28,1.9234,2470493
2017-09-29,1.9234,2778979
2017-10-02,1.9234,1628431
2017-10-03,1.8741,2107799
2017-10-04,1.8741,954026
2017-10-05,1.8741,1855327
2017-10-06,2.022,6668079
2017-10-09,2.17,17581603
2017-10-10,2.2193,5292158
2017-10-11,2.1206,4301254
2017-10-12,2.2193,3867277
2017-10-13,2.0713,4468505
2017-10-16,2.0713,3374730
2017-10-17,2.17,6997615
2017-10-18,2.17,16234815
2017-10-19,1.9727,5531469
2017-10-20,1.9234,3900389
2017-10-23,1.9234,3157371
2017-10-24,2.022,3983120
2017-10-25,1.9234,1575262
2017-10-26,1.9234,2067137
2017-10-27,1.8247,3974044
2017-10-30,1.7754,5375857
2017-10-31,1.7754,1749505
2017-11-01,1.8247,1871969
2017-11-02,1.8247,2827196
2017-11-03,1.8247,2379733
2017-11-06,1.8741,2114930
2017-11-07,1.8247,1525753
2017-11-08,1.8741,2194818
2017-11-09,1.9727,3009656
2017-11-10,1.9727,2419358
2017-11-13,1.9727,3079424
2017-11-14,2.0713,2561555
2017-11-15,1.9727,2728967
2017-11-16,1.9727,1853878
2017-11-17,2.022,2189772
2017-11-20,2.022,1802397
2017-11-21,2.022,1132302
2017-11-22,2.0713,2145598
2017-11-23,2.022,30404154
2017-11-24,2.022,1411332
2017-11-27,2.1206,3821329
2017-11-28,2.1206,3350516
2017-11-29,2.022,3727475
2017-11-30,1.9924,11730171
2017-12-01,1.8839,2969960
2017-12-04,1.805,3053355
2017-12-05,1.7804,2458481
2017-12-06,1.6275,4795503
2017-12-07,1.731,3014533
2017-12-08,1.7508,5257849
2017-12-11,1.8297,3241016
2017-12-12,1.7261,2456789
2017-12-13,1.6472,4843106
2017-12-14,1.6521,5093800
2017-12-15,1.7064,23224958
2017-12-18,1.7952,4662828
2017-12-19,1.9234,4449285
2017-12-20,1.9924,4037888
2017-12-21,2.0319,3523208
2017-12-22,2.0121,2662838
2017-12-27,2.1404,3077949
2017-12-28,2.1601,2354561
2017-12-29,2.1502,3529637
2018-01-02,2.2094,1745157
2018-01-03,2.2785,5165863
2018-01-04,2.3278,4525337
2018-01-05,2.2982,3578208
2018-01-08,2.239,3768915
2018-01-09,2.2094,5119336
2018-01-10,2.2094,4619001
2018-01-11,2.17,1993183
2018-01-12,2.2094,1357304
2018-01-15,2.1798,1152748
2018-01-16,2.1897,1831280
2018-01-17,2.1009,2832229
2018-01-18,2.0319,3559908
2018-01-19,1.9826,2974896
2018-01-22,2.0023,3300197
2018-01-23,2.1502,6129181
2018-01-24,2.1009,3436807
2018-01-25,2.0911,2280670
2018-01-29,2.1108,1265729
2018-01-30,2.0812,2673261
2018-01-31,2.1305,3805087
2018-02-01,2.0516,1845133
2018-02-02,2.0713,2133062
2018-02-05,1.9678,8168434
2018-02-06,1.7952,8418090
2018-02-07,1.8741,5022139
2018-02-08,1.8494,3252092
2018-02-09,1.7902,6410238
2018-02-12,1.7902,3582044
2018-02-13,1.8247,3910553
2018-02-14,1.7952,4110440
2018-02-15,1.8642,4205619
2018-02-16,1.9382,4348893
2018-02-19,1.9727,1934721
2018-02-20,2.022,3389422
2018-02-21,1.9579,4450095
2018-02-22,1.9924,8861838
2018-02-23,1.9579,17997827
2018-02-26,2.0615,4811311
2018-02-27,2.1009,19541153
2018-02-28,2.1009,4244251
2018-03-01,2.0911,2188184
2018-03-02,2.0713,3991572
2018-03-05,2.17,6189359
2018-03-06,2.3179,27383678
2018-03-07,2.3574,13966770
2018-03-08,2.3771,4388057
2018-03-09,2.4067,6087741
2018-03-12,2.4659,5704241
2018-03-13,2.387,4457659
2018-03-14,2.4067,7989204
2018-03-15,2.4264,7448520
2018-03-16,2.5053,13300536
2018-03-19,2.5645,10252862
2018-03-20,2.5448,6221373
2018-03-21,2.5448,7141361
2018-03-22,2.5349,6478578
2018-03-23,2.4363,4977528
2018-03-26,2.4461,4252249
2018-03-27,2.5053,19137178
2018-03-28,2.456,3754589
2018-03-29,2.4264,6126741
2018-04-03,2.4264,4831173
2018-04-04,2.4363,2852318
2018-04-05,2.3771,2606188
2018-04-06,2.3968,2387734
2018-04-09,2.4166,2322166
2018-04-10,2.4955,4826464
2018-04-11,2.5053,2950894
2018-04-12,2.5349,4220812
2018-04-13,2.5448,3082140
2018-04-16,2.5645,5410825
2018-04-17,2.5349,1727891
2018-04-18,2.5546,2810006
2018-04-19,2.5842,2683518
2018-04-20,2.5842,1771233
2018-04-23,2.5448,3115737
2018-04-24,2.5546,2699587
2018-04-26,2.5546,3060692
2018-04-27,2.525,2342463
2018-04-30,2.5448,3757791
2018-05-01,2.5349,4726643
2018-05-02,2.6237,4755577
2018-05-03,2.7026,5225612
2018-05-04,2.7223,2705056
2018-05-07,2.8407,4112384
2018-05-08,2.8505,4654550
2018-05-09,2.7914,4258267
2018-05-10,2.6631,15004387
2018-05-11,2.6829,4626043
2018-05-14,2.4264,14700896
2018-05-15,2.4067,9919847
2018-05-16,2.3475,9620251
2018-05-17,2.2785,11800163
2018-05-18,2.2785,6826053
2018-05-21,2.3278,7258060
2018-05-22,2.2686,6275231
2018-05-23,2.1897,10504803
2018-05-24,2.17,8877635
2018-05-25,2.1996,6235754
2018-05-28,2.2193,6893621
2018-05-29,2.3475,8351250
2018-05-30,2.3179,3120092
2018-05-31,2.387,6016758
2018-06-01,2.3475,4150956
2018-06-04,2.3574,2606954
2018-06-05,2.3574,2390619
2018-06-06,2.4166,3181724
2018-06-07,2.4757,4731879
2018-06-08,2.4363,3055850
2018-06-12,2.4856,4132924
2018-06-13,2.4166,3871609
2018-06-14,2.4659,2716080
2018-06-15,2.5152,9889490
2018-06-18,2.4659,7207901
2018-06-19,2.4363,3048039
2018-06-20,2.4067,3252584
2018-06-21,2.4166,2605437
2018-06-22,2.3574,2441458
2018-06-25,2.3376,2352710
2018-06-26,2.2982,3617421
2018-06-27,2.3081,7830690
2018-06-28,2.3179,3459513
2018-06-29,2.3081,4175958
2018-07-02,2.2785,4176645
2018-07-03,2.2489,5222268
2018-07-04,2.2193,4485527
2018-07-05,2.1108,5201970
2018-07-06,2.1009,7597532
2018-07-09,2.1305,5953270
2018-07-10,2.1798,2082276
2018-07-11,2.0713,5255333
2018-07-12,2.022,4878183
2018-07-13,2.0713,3242419
2018-07-16,2.0319,2273425
2018-07-17,1.9826,4008859
2018-07-18,2.0121,4651046
2018-07-19,2.1108,6224887
2018-07-20,1.9924,10318863
2018-07-23,2.1108,7843059
2018-07-24,2.3475,14239018
2018-07-25,2.3376,8697889
2018-07-26,2.3475,3128594
2018-07-27,2.2982,3716251
2018-07-30,2.2291,3233721
2018-07-31,2.239,2776993
2018-08-01,2.2291,3205502
2018-08-02,2.2193,4062888
2018-08-03,2.1108,7656464
2018-08-06,2.1601,5915003
2018-08-07,2.1305,2805107
2018-08-08,2.2291,5786337
2018-08-09,2.3475,8723223
2018-08-10,2.2785,4407083
2018-08-13,2.2291,3631520
2018-08-14,2.239,2654248
2018-08-15,2.1897,3081067
2018-08-16,2.2193,4025010
2018-08-17,2.1996,1587024
2018-08-20,2.1996,1165900
2018-08-21,2.1502,2750469
2018-08-22,2.1897,3564144
2018-08-23,2.0911,6683420
2018-08-24,2.0911,4617285
2018-08-27,2.1404,3681239
2018-08-28,2.2094,2857704
2018-08-29,2.2193,2582832
2018-08-30,2.2193,2542219
2018-08-31,2.1601,3580969
2018-09-03,2.0911,1647531
2018-09-04,2.1305,1681673
2018-09-05,2.0319,3725560
2018-09-06,1.8593,14018805
2018-09-07,1.8839,9090190
2018-09-10,1.8099,7381287
2018-09-11,1.805,5943655
2018-09-12,1.7656,7095956
2018-09-13,1.8099,3950071
2018-09-14,1.9086,5909859
2018-09-17,1.8593,5006127
2018-09-18,1.8346,4525464
2018-09-19,1.9086,10237604
2018-09-20,2.022,7106399
2018-09-21,2.0713,7436550
2018-09-24,1.6916,33154715
2018-09-25,1.6077,11277610
2018-09-26,1.5782,14244419
2018-09-27,1.5732,8980713
2018-09-28,1.5732,14081838
2018-10-01,1.6127,6598798
2018-10-02,1.6176,6107156
2018-10-03,1.6225,10205944
2018-10-04,1.6028,4609671
2018-10-05,1.7606,13284619
2018-10-08,1.8099,14906682
2018-10-09,1.731,10262995
2018-10-10,1.6571,6853707
2018-10-11,1.6028,4971802
2018-10-12,1.7508,5831949
2018-10-15,1.7261,8538947
2018-10-16,1.731,13530987
2018-10-17,1.6768,8486586
2018-10-18,1.6521,4356283
2018-10-19,1.6669,4499803
2018-10-22,1.5782,7883934
2018-10-23,1.5683,3462229
2018-10-24,1.5634,4310467
2018-10-25,1.6768,12213879
2018-10-26,1.7508,9242576
2018-10-29,1.8445,10711008
2018-10-30,1.9332,8241811
2018-10-31,2.0516,12870262
2018-11-01,2.0812,7927936
2018-11-02,2.0713,7197796
2018-11-05,2.0713,5304516
2018-11-06,2.0615,3314012
2018-11-07,2.0812,5603533
2018-11-08,2.1601,6532165
2018-11-09,2.1601,4364797
2018-11-12,2.3672,12624028
2018-11-13,2.3081,7273654
2018-11-14,2.2193,8782229
2018-11-15,2.2785,3946832
2018-11-16,2.2785,3198108
2018-11-19,2.3081,3920027
2018-11-20,2.2587,4878387
2018-11-21,2.1897,4862953
2018-11-22,2.1601,7624247
2018-11-23,2.1009,6645319
2018-11-26,2.0121,6538431
2018-11-27,2.0713,11775260
2018-11-28,2.0812,5237988
2018-11-29,2.0615,3340715
2018-11-30,2.0713,4731235
2018-12-03,2.2193,4492398
2018-12-04,2.0911,4100160
2018-12-05,1.6225,24109225
2018-12-06,1.6472,14603556
2018-12-07,1.6571,9496197
2018-12-10,1.6472,6926755
2018-12-11,1.6324,7179973
2018-12-12,1.5979,8208274
2018-12-13,1.5979,5225301
2018-12-14,1.5732,4069822
2018-12-17,1.6275,7947456
2018-12-18,1.6669,6020484
2018-12-19,1.6225,6858369
2018-12-20,1.5239,8017785
2018-12-21,1.4943,9627650
2018-12-24,1.5387,3702846
2018-12-27,1.5486,5235925
2018-12-28,1.5782,4158458
2018-12-31,1.5634,1060079
2019-01-02,1.514,3730722
2019-01-03,1.5288,2895306
2019-01-04,1.4943,4396520
2019-01-07,1.593,7339215
2019-01-08,1.6028,5728145
2019-01-09,1.6669,5797822
2019-01-10,1.6768,5949092
2019-01-11,1.6472,2902103
2019-01-14,1.6127,2619781
2019-01-15,1.6768,3730864
2019-01-16,1.6225,3986885
2019-01-17,1.6275,3838801
2019-01-18,1.5831,4239097
2019-01-21,1.5732,4216719
2019-01-22,1.588,5006689
2019-01-23,1.5535,4646973
2019-01-24,1.5091,5719526
2019-01-25,1.5288,3533424
2019-01-29,1.5338,3901373
2019-01-30,1.5436,4204802
2019-01-31,1.6521,7207770
2019-02-01,1.6127,2649693
2019-02-04,1.5782,2737655
2019-02-05,1.6324,3503951
2019-02-06,1.6669,3237662
2019-02-07,1.6719,2511525
2019-02-08,1.6176,2913230
2019-02-11,1.6225,1964078
2019-02-12,1.6127,1548587
2019-02-13,1.6324,2698558
2019-02-14,1.6176,2574998
2019-02-15,1.8099,11093594
2019-02-18,1.7902,4986165
2019-02-19,1.7557,3179916
2019-02-20,1.7212,4102072
2019-02-21,1.6965,2658336
2019-02-22,1.7113,2558520
2019-02-25,1.731,5842305
2019-02-26,1.7754,5643785
2019-02-27,1.7705,3862166
2019-02-28,1.736,10994017
2019-03-01,1.6423,8740227
2019-03-04,1.5634,9208176
2019-03-05,1.5683,6288424
2019-03-06,1.5732,6183718
2019-03-07,1.5979,4900243
2019-03-08,1.6127,6111501
2019-03-11,1.5535,8692018
2019-03-12,1.519,3735718
2019-03-13,1.5535,3513034
2019-03-14,1.662,8331487
2019-03-15,1.6373,5434737
2019-03-18,1.6521,2200743
2019-03-19,1.6275,2710723
2019-03-20,1.6324,3501812
2019-03-21,1.6077,5116123
2019-03-22,1.6028,2399084
2019-03-25,1.5338,4152751
2019-03-26,2.0713,39211073
2019-03-27,2.1108,23463307
2019-03-28,2.0812,6160453
2019-03-29,2.0615,7132442
2019-04-01,2.1108,3524346
2019-04-02,2.1108,3860221
2019-04-03,2.1305,3157442
2019-04-04,2.0911,5962845
2019-04-05,2.0812,3401623
2019-04-08,2.0911,8409844
2019-04-09,2.1009,5346623
2019-04-10,2.0812,3034342
2019-04-11,2.0516,3015517
2019-04-12,2.0319,6837890
2019-04-15,1.9727,4270900
2019-04-16,1.9924,2431405
2019-04-17,1.9826,1350745
2019-04-18,1.9826,2853602
2019-04-23,2.0121,2235727
2019-04-24,1.9924,1237806
2019-04-26,1.9924,2967797
2019-04-29,1.9826,2928925
2019-04-30,1.953,3853829
2019-05-01,1.9579,1190589
2019-05-02,1.953,2200902
2019-05-03,1.9184,3234264
2019-05-06,1.8395,13111001
2019-05-07,1.8395,4553497
2019-05-08,1.8346,4109313
2019-05-09,1.8642,2376055
2019-05-10,1.8593,1470386
2019-05-13,1.8642,853863
2019-05-14,1.879,2043950
2019-05-15,1.8839,1482102
2019-05-16,2.0121,4796103
2019-05-17,1.9727,6010112
2019-05-20,1.948,3682856
2019-05-21,2.2291,20636375
2019-05-22,2.3968,24184580
2019-05-23,2.4067,10344380
2019-05-24,2.3278,11317539
2019-05-27,2.3475,4867637
2019-05-28,2.3574,4862854
2019-05-29,2.7223,24399265
2019-05-30,2.7026,30661271
2019-05-31,3.0084,40366194
2019-06-03,2.8407,25332443
2019-06-04,2.5842,25728514
2019-06-05,2.6927,12397991
2019-06-06,2.673,10686635
2019-06-07,2.7322,8166421
2019-06-11,2.742,7435429
2019-06-12,2.8012,7122286
2019-06-13,2.7914,6124931
2019-06-14,2.7322,3933227
2019-06-17,2.6237,7848482
2019-06-18,2.6533,6947942
2019-06-19,2.6237,10819079
2019-06-20,2.604,4968411
2019-06-21,2.5744,11754624
2019-06-24,2.5645,5141743
2019-06-25,2.525,6730822
2019-06-26,2.5645,7298897
2019-06-27,2.5744,6238761
2019-06-28,2.5349,5509211
2019-07-01,2.5645,8396021
2019-07-02,2.5546,3496293
2019-07-03,2.5645,4299208
2019-07-04,2.6138,5704963
2019-07-05,2.742,6174791
2019-07-08,2.6631,4919128
2019-07-09,2.6335,5454105
2019-07-10,2.7026,6461457
2019-07-11,2.7322,7896039
2019-07-12,2.7026,5015027
2019-07-15,2.742,4020784
2019-07-16,2.6631,4487316
2019-07-17,2.673,3173211
2019-07-18,2.7322,4716316
2019-07-19,2.7815,4229890
2019-07-22,2.742,4007906
2019-07-23,2.7519,3694593
2019-07-24,2.7223,3209846
2019-07-25,2.6829,5428265
2019-07-26,2.6237,3796573
2019-07-29,2.5645,6279428
2019-07-30,2.5152,8944761
2019-07-31,2.5744,7408351
2019-08-01,2.4955,6823180
2019-08-02,2.6533,15237959
2019-08-05,2.5004,11051847
2019-08-06,2.7026,15829611
2019-08-07,2.7716,7644619
2019-08-08,2.7716,4041465
2019-08-09,2.8999,8576163
2019-08-12,2.8407,4421103
2019-08-13,2.8407,4092527
2019-08-14,2.7716,10601008
2019-08-15,2.6434,6008877
2019-08-16,2.5941,10482182
2019-08-19,2.5546,4974100
2019-08-20,2.5349,4861889
2019-08-21,2.4264,5678479
2019-08-22,2.387,4511148
2019-08-23,2.239,8801043
2019-08-26,2.2883,9196126
2019-08-27,2.3278,3817371
2019-08-28,2.2883,5253073
2019-08-29,2.3278,3811923
2019-08-30,2.3574,4371273
2019-09-02,2.4166,6280393
2019-09-03,2.4067,3474219
2019-09-04,2.4166,2422891
2019-09-05,2.387,3762728
2019-09-06,2.456,8426256
2019-09-09,2.4461,2379122
2019-09-10,2.3968,3945189
2019-09-11,2.5546,4684450
2019-09-12,2.5448,3970493
2019-09-13,2.525,2897098
2019-09-16,2.5645,2772044
2019-09-17,2.5053,2783352
2019-09-18,2.5053,2470634
2019-09-19,2.5645,4225260
2019-09-20,2.5645,6321416
2019-09-23,2.5645,3308420
2019-09-24,2.6138,3214113
2019-09-25,2.5941,3911895
2019-09-26,2.5546,4095097
2019-09-27,2.5941,1835158
2019-09-30,2.673,3628846
2019-10-01,2.6829,2988471
2019-10-02,2.604,2085875
2019-10-03,2.4955,5044176
2019-10-04,2.5448,1890147
2019-10-07,2.5349,1165715
2019-10-08,2.5645,1348503
2019-10-09,2.5645,3751329
2019-10-10,2.5744,3810071
2019-10-11,2.6434,3508095
2019-10-14,2.5941,5254224
2019-10-15,2.6335,5582793
2019-10-16,2.6533,4271430
2019-10-17,2.5645,4412512
2019-10-18,2.4955,3191741
2019-10-21,2.5645,5452116
2019-10-22,2.5546,4598702
2019-10-23,2.5152,2887695
2019-10-24,2.5349,1697592
2019-10-25,2.5349,1665169
2019-10-28,2.5152,1556599
2019-10-29,2.4757,2673450
2019-10-30,2.4461,3758210
2019-10-31,2.4461,2656652
2019-11-01,2.4659,1678997
2019-11-04,2.4856,2578639
2019-11-05,2.4955,2626563
2019-11-06,2.4363,2310176
2019-11-07,2.456,3333813
2019-11-08,2.4264,2240095
2019-11-11,2.387,2320917
2019-11-12,2.3376,3712689
2019-11-13,2.2686,3751179
2019-11-14,2.2883,3410930
2019-11-15,2.2883,2799508
2019-11-18,2.2686,1994996
2019-11-19,2.2982,2418659
2019-11-20,2.239,2312654
2019-11-21,2.2193,2876452
2019-11-22,2.2686,2197602
2019-11-25,2.2686,1620034
2019-11-26,2.1897,7442315
2019-11-27,2.17,3268494
2019-11-28,2.1798,4641557
2019-11-29,2.1404,3369805
2019-12-02,2.1206,3914256
2019-12-03,2.0615,4582737
2019-12-04,2.0417,5097948
2019-12-05,2.0417,2359684
2019-12-06,2.022,2555203
2019-12-09,2.0713,4132811
2019-12-10,2.1108,2763869
2019-12-11,2.1305,2207547
2019-12-12,2.3376,9170266
2019-12-13,2.5448,9858904
2019-12-16,2.5448,4494311
2019-12-17,2.387,6986697
2019-12-18,2.3574,3104238
2019-12-19,2.3278,4288888
2019-12-20,2.3672,2573199
2019-12-23,2.3179,2121979
2019-12-24,2.2883,973341
2019-12-27,2.3771,2363891
2019-12-30,2.3475,1571363
2019-12-31,2.2982,1141023
2020-01-02,2.2883,1216775
2020-01-03,2.2883,1752232
2020-01-06,2.2785,2719631
2020-01-07,2.3081,2065278
2020-01-08,2.2785,2017419
2020-01-09,2.3672,2911485
2020-01-10,2.3574,1833107
2020-01-13,2.3574,1228044
2020-01-14,2.4166,2755545
2020-01-15,2.3771,4106516
2020-01-16,2.3771,1961361
2020-01-17,2.4264,1840077
2020-01-20,2.4363,2308897
2020-01-21,2.3771,2516885
2020-01-22,2.387,2521309
2020-01-23,2.3081,1782108
2020-01-24,2.3278,3293979
2020-01-28,2.1897,4792692
2020-01-29,2.1798,3859282
2020-01-30,2.1206,6504111
2020-01-31,2.1601,4798526
2020-02-03,2.1009,4406008
2020-02-04,2.0812,2331306
2020-02-05,2.1404,4693471
2020-02-06,2.239,4759079
2020-02-07,2.1601,3423962
2020-02-10,2.1502,2414141
2020-02-11,2.0911,3039435
2020-02-12,2.0812,2169366
2020-02-13,2.2489,11128558
2020-02-14,2.1897,3519940
2020-02-17,2.1601,1596343
2020-02-18,2.1206,2670293
2020-02-19,2.17,3097233
2020-02-20,2.17,1605237
2020-02-21,2.17,1988110
2020-02-24,2.0911,2995448
2020-02-25,1.9924,5662807
2020-02-26,1.8741,7599729
2020-02-27,1.9678,9711220
2020-02-28,1.8198,9411795
2020-03-02,1.7853,12130436
2020-03-03,1.7113,10138480
2020-03-04,1.7162,6408747
2020-03-05,1.7113,4992059
2020-03-06,1.6324,3336519
2020-03-09,1.4253,10113717
2020-03-10,1.445,14795946
2020-03-11,1.4401,9256696
2020-03-12,1.3069,12556390
2020-03-13,1.2724,13218088
2020-03-16,1.0653,9347346
2020-03-17,1.1787,10283387
2020-03-18,1.0653,8351123
2020-03-19,1.1244,7306078
2020-03-20,1.2625,10196201
2020-03-23,1.0998,6998156
2020-03-24,1.2132,4312149
2020-03-25,1.2872,4874211
2020-03-26,1.2724,4336110
2020-03-27,1.2477,3961131
2020-03-30,1.2872,4147939
2020-03-31,1.4253,7994573
2020-04-01,1.371,4181732
2020-04-02,1.3217,3187013
2020-04-03,1.2527,3749116
2020-04-06,1.3562,4328003
2020-04-07,1.3217,4891411
2020-04-08,1.3316,3311361
2020-04-09,1.4302,4258759
2020-04-14,1.519,4273739
2020-04-15,1.5979,7871791
2020-04-16,1.4598,11074304
2020-04-17,1.5486,7969046
2020-04-20,1.4992,5181505
2020-04-21,1.4401,3709220
2020-04-22,1.376,5982791
2020-04-23,1.6077,19485752
2020-04-24,1.519,8200230
2020-04-27,1.519,5843962
2020-04-28,1.5486,4631110
2020-04-29,1.5535,3018704
2020-04-30,1.7212,9440095
2020-05-01,1.6916,9253424
2020-05-04,1.6768,6375072
2020-05-05,1.7261,5836241
2020-05-06,1.7902,6741952
2020-05-07,1.7606,7385841
2020-05-08,1.7162,4610644
2020-05-11,1.7754,3335201
2020-05-12,1.7212,5063946
2020-05-13,1.7705,5480149
2020-05-14,1.6916,5865141
2020-05-15,1.7162,3377980
2020-05-18,1.8247,9502289
2020-05-19,1.8198,6992117
2020-05-20,1.8593,6928150
2020-05-21,1.9727,10141860
2020-05-22,2.0911,8044220
2020-05-25,2.0713,5655263
2020-05-26,2.0417,5002880
2020-05-27,2.0812,3957091
2020-05-28,2.0417,6129520
2020-05-29,2.0319,6109861
2020-06-01,2.0713,3836429
2020-06-02,2.0516,4310196
2020-06-03,2.0516,6308822
2020-06-04,2.0713,6367005
2020-06-05,2.0911,3294371
2020-06-09,2.1305,4533245
2020-06-10,2.0615,6034968
2020-06-11,1.9924,4869535
2020-06-12,1.9184,6546447
2020-06-15,1.8346,6311048
2020-06-16,1.9727,6247724
2020-06-17,1.9234,4771118
2020-06-18,1.8987,7142958
2020-06-19,1.9184,6489224
2020-06-22,1.8889,4219001
2020-06-23,2.0023,6482606
2020-06-24,1.9332,4145074
2020-06-25,1.8741,4648751
2020-06-26,1.8839,4289661
2020-06-29,1.8247,3920448
2020-06-30,1.9086,7740093
2020-07-01,1.8987,4259911
2020-07-02,1.9037,4823153
2020-07-03,1.8889,3427785
2020-07-06,1.9727,6034103
2020-07-07,1.953,3041309
2020-07-08,1.9332,3018119
2020-07-09,1.9924,3384100
2020-07-10,1.9924,2361360
2020-07-13,2.0023,3353078
2020-07-14,1.9135,4143326
2020-07-15,1.9283,5747493
2020-07-16,1.9332,7033627
2020-07-17,1.9628,8470650
2020-07-20,1.9924,4731064
2020-07-21,2.1009,5233561
2020-07-22,2.0516,7039509
2020-07-23,2.1009,9124223
2020-07-24,2.1404,8260644
2020-07-27,2.3968,15962432
2020-07-28,2.3376,11447145
2020-07-29,2.2489,5199964
2020-07-30,2.2489,6673952
2020-07-31,2.1996,4963987
2020-08-03,2.2982,5331164
2020-08-04,2.4264,6733446
2020-08-05,2.387,10503120
2020-08-06,2.4461,3422963
2020-08-07,2.4659,4597034
2020-08-10,2.525,6211498
2020-08-11,2.4955,4758745
2020-08-12,2.4955,5208324
2020-08-13,2.5645,5191828
2020-08-14,2.5744,5473246
2020-08-17,2.5744,
2020-08-18,2.5744,
2020-08-19,2.49,17560922
2020-08-20,2.49,10212911
2020-08-21,2.48,7494711
2020-08-24,2.52,9181872
2020-08-25,2.49,7475469
2020-08-26,2.36,11205672
2020-08-27,2.43,11374006
2020-08-28,2.41,6163006
2020-08-31,2.44,8337018
2020-09-01,2.38,6222316
2020-09-02,2.42,6822306
2020-09-03,2.42,4810343
2020-09-04,2.36,6484896
2020-09-07,2.42,4865820
2020-09-08,2.41,3356343
2020-09-09,2.39,4082528
2020-09-10,2.4,7116016
2020-09-11,2.39,6279211
2020-09-14,2.39,6364471
2020-09-15,2.48,8800669
2020-09-16,2.53,14116568
2020-09-17,2.43,7703258
2020-09-18,2.51,9504254
2020-09-21,2.48,4894893
2020-09-22,2.47,5193188
2020-09-23,2.47,6443686
2020-09-24,2.36,7565823
2020-09-25,2.33,6354876
2020-09-28,2.37,5246420
2020-09-29,2.37,3210883
2020-09-30,2.32,5666652
2020-10-01,2.44,7923981
2020-10-02,2.43,8213942
2020-10-05,2.49,3884033
2020-10-06,2.61,9399311
2020-10-07,2.62,5806767
2020-10-08,2.7,9847573
2020-10-09,2.7,8299121
2020-10-12,2.7,4773184
2020-10-13,2.7,7988704
2020-10-14,2.7,6740290
2020-10-15,2.68,4429735
2020-10-16,2.68,4074028
2020-10-19,2.85,12877035
2020-10-20,2.87,10396770
2020-10-21,2.99,13716018
2020-10-22,2.91,11863712
2020-10-23,2.86,8905424
2020-10-26,2.94,10805542
2020-10-27,2.83,6800120
2020-10-28,2.83,7283886
2020-10-29,2.82,5490643
2020-10-30,2.83,5592938
2020-11-02,2.84,4212006
2020-11-03,2.94,6461843
2020-11-04,3.02,10139332
2020-11-05,2.96,5473513
2020-11-06,3.07,6152260
2020-11-09,3.25,6840002
2020-11-10,3.17,8234876
2020-11-11,3.13,5883374
2020-11-12,3.27,6854201
2020-11-13,3.28,5375964
2020-11-16,3.33,460794
2020-11-17,3.4,6511816
2020-11-18,3.41,4020913
2020-11-19,3.44,4900893
2020-11-20,3.38,3246617
2020-11-23,3.58,6375813
2020-11-24,3.53,8560706
2020-11-25,3.65,14712494
2020-11-26,3.69,14067874
2020-11-27,3.68,7303866
2020-11-30,3.78,10851126
2020-12-01,3.72,13118031
2020-12-02,3.89,7863279
2020-12-03,3.96,7187442
2020-12-04,4.02,7835832
2020-12-07,4.06,10915464
2020-12-08,4.21,9753604
2020-12-09,4.22,10931800
2020-12-10,4.01,14357911
2020-12-11,3.84,14623534
2020-12-14,3.73,12919285
2020-12-15,3.7,12198997
2020-12-16,3.73,8339180
2020-12-17,3.85,6871280
2020-12-18,3.91,20987644
2020-12-21,3.95,5305113
2020-12-22,3.84,4929003
2020-12-23,3.83,4836924
2020-12-24,3.87,3752072
2020-12-29,3.95,7701288
2020-12-30,3.94,4636579
2020-12-31,3.98,4163945
2021-01-04,4.18,7178597
2021-01-05,4.35,10512932
2021-01-06,4.28,7685366
2021-01-07,4.59,10056522
2021-01-08,4.6,10106663
2021-01-11,4.51,10369084
2021-01-12,4.38,7929830
2021-01-13,4.37,5336733
2021-01-14,4.35,4201994
2021-01-15,4.41,5773885
2021-01-18,4.25,5925886
2021-01-19,4.48,9300656
2021-01-20,4.7,6850774
2021-01-21,4.89,7522927
2021-01-22,5.56,20786541
2021-01-25,5.38,12341177
2021-01-27,5.31,9615785
2021-01-28,4.98,11905614
2021-01-29,4.78,13606145
2021-02-01,4.83,14699120
2021-02-02,4.94,9425505
2021-02-03,5.01,6846923
2021-02-04,4.94,5458363
2021-02-05,4.9,3936684
2021-02-08,5.25,8029803
2021-02-09,5.21,6102750
2021-02-10,5.12,4624658
2021-02-11,5.01,4878864
2021-02-12,5.03,3142144
2021-02-15,5.31,6179868
2021-02-16,5.39,6218461
2021-02-17,6.11,20309256
2021-02-18,6.05,10263416
2021-02-19,5.82,8111843
2021-02-22,6.16,10423096
2021-02-23,5.8,15100822
2021-02-24,5.74,7262489
2021-02-25,5.66,8528987
2021-02-26,5.98,15580152
2021-03-01,6.07,13303027
2021-03-02,6.29,14882350
2021-03-03,6.67,10191078
2021-03-04,6.46,12296975
2021-03-05,6.05,10337723
2021-03-08,5.92,10583130
2021-03-09,6.01,5834405
2021-03-10,6.01,5298466
2021-03-11,6.03,5581275
2021-03-12,6.35,7172227
2021-03-15,6.27,5188057
2021-03-16,6.34,4673009
2021-03-17,6.31,4311845
2021-03-18,6.38,6250653
2021-03-19,6.26,8162231
2021-03-22,6.39,4141905
2021-03-23,6.19,4684759
2021-03-24,5.63,13554316
2021-03-25,5.58,8769574
2021-03-26,5.82,5406294
2021-03-29,6.0,6429960
2021-03-30,6.08,7050909
2021-03-31,6.17,5027124
2021-04-01,6.16,3169376
2021-04-06,6.31,3185340
2021-04-07,6.44,5127619
2021-04-08,6.5,3293423
2021-04-09,6.29,3386183
2021-04-12,6.27,3778063
2021-04-13,6.23,3043293
2021-04-14,6.26,4916252
2021-04-15,6.25,4145970
2021-04-16,6.18,4108131
2021-04-19,6.38,6652776
2021-04-20,5.85,20795990
2021-04-21,5.54,36702877
2021-04-22,5.31,11503150
2021-04-23,5.48,8971723
2021-04-26,5.5,6561803
2021-04-27,5.41,4840161
2021-04-28,5.23,12700207
2021-04-29,5.48,12022026
2021-04-30,5.5,6204743
2021-05-03,5.54,6710722
2021-05-04,5.6,6043603
2021-05-05,5.7,4644579
2021-05-06,5.7,5426006
2021-05-07,5.8,3396712
2021-05-10,5.98,3567478
2021-05-11,6.01,4636191
2021-05-12,5.78,15666363
2021-05-13,5.67,4719599
2021-05-14,5.44,8226174
2021-05-17,5.46,3626042
2021-05-18,5.45,3549782
2021-05-19,5.26,4714986
2021-05-20,5.26,4099718
2021-05-21,5.24,2751223
2021-05-24,5.3,2602330
2021-05-25,5.39,1909469
2021-05-26,5.39,2684887
2021-05-27,5.52,3956149
2021-05-28,5.54,2483926
2021-05-31,5.52,2489901
2021-06-01,5.25,5045688
2021-06-02,5.3,5698254
2021-06-03,5.45,4530915
2021-06-04,5.44,2845590
2021-06-07,5.28,2931425
2021-06-08,5.3,2152458
2021-06-09,5.45,3439631
2021-06-10,5.45,2848270
2021-06-11,5.72,7260376
2021-06-15,5.62,6101741
2021-06-16,5.49,5219555
2021-06-17,5.45,4094909
2021-06-18,5.53,5556438
2021-06-21,5.26,4699725
2021-06-22,5.38,2704158
2021-06-23,5.47,2993003
2021-06-24,5.48,3462515
2021-06-25,5.6,3281833
2021-06-28,5.48,4856958
2021-06-29,5.67,3897688
2021-06-30,5.71,3367577
2021-07-01,5.77,3780665
2021-07-02,5.64,2693203
2021-07-05,5.74,3707015
2021-07-06,5.62,2916167
2021-07-07,5.85,4703191
2021-07-08,6.09,5606135
2021-07-09,6.13,4875292
2021-07-12,6.3,4597188
2021-07-13,6.4,7459899
2021-07-14,6.04,7920382
2021-07-15,6.06,2663408
2021-07-16,6.17,3653372
2021-07-19,5.9,5846237
2021-07-20,5.73,5850464
2021-07-21,5.88,6587763
2021-07-22,6.41,7471244
2021-07-23,6.43,6015154
2021-07-26,7.11,17179174
2021-07-27,7.01,11868283
2021-07-28,6.99,9473214
2021-07-29,7.18,6156746
2021-07-30,7.34,5573425
2021-08-02,7.39,7185826
2021-08-03,7.68,5343886
2021-08-04,7.57,4566681
2021-08-05,7.52,4063112
2021-08-06,7.58,3716877
2021-08-09,7.64,3718208
2021-08-10,7.66,4490721
2021-08-11,7.53,5458298
2021-08-12,7.69,4260596
2021-08-13,7.74,2966047
2021-08-16,7.51,4321242
2021-08-17,6.94,8333907
2021-08-18,6.78,7821037
2021-08-19,6.8,5749674
2021-08-20,6.33,11563969
2021-08-23,6.55,4603922
2021-08-24,6.47,5712619
2021-08-25,6.84,4193411
2021-08-26,6.66,6424533
2021-08-27,6.42,8599588
2021-08-30,6.66,4294233
2021-08-31,6.88,5662685
2021-09-01,6.79,4752674
2021-09-02,6.83,4277867
2021-09-03,7.06,4783789
2021-09-06,6.96,6134232
2021-09-07,7.07,5834914
2021-09-08,7.02,4577505
2021-09-09,6.8,4299858
2021-09-10,7.1,4998800
2021-09-13,7.48,5771146
2021-09-14,7.61,6019445
2021-09-15,7.79,5251781
2021-09-16,7.76,7229883
2021-09-17,7.54,8348661
2021-09-20,6.65,11071032
2021-09-21,6.75,8958667
2021-09-22,6.89,4251594
2021-09-23,6.89,4625316
2021-09-24,6.92,4462301
2021-09-27,7.11,5433627
2021-09-28,7.02,3780521
2021-09-29,6.68,7179913
2021-09-30,6.71,6573214
2021-10-01,6.5,6674226
2021-10-04,6.46,3914550
2021-10-05,6.44,7502370
2021-10-06,6.25,4569372
2021-10-07,6.48,4025969
2021-10-08,6.51,3562292
2021-10-11,6.56,3145877
2021-10-12,6.54,3875575
2021-10-13,6.49,2716682
2021-10-14,6.78,4742130
2021-10-15,6.95,4273800
2021-10-18,7.28,5512239
2021-10-19,7.38,3853901
2021-10-20,7.39,7179798
2021-10-21,7.44,7370681
2021-10-22,6.84,15164658
2021-10-25,7.03,5436654
2021-10-26,7.25,2638825
2021-10-27,7.33,3662670
2021-10-28,7.28,4143009
2021-10-29,7.33,3481549
2021-11-01,7.49,4619482
2021-11-02,7.12,3328743
2021-11-03,7.3,4397129
2021-11-04,7.33,2063861
2021-11-05,7.3,3318922
2021-11-08,7.25,2851007
2021-11-09,7.8,9389589
2021-11-10,7.71,4689758
2021-11-11,7.84,3645300
2021-11-12,8.05,5332321
2021-11-15,8.01,7898456
2021-11-16,8.03,3280399
2021-11-17,8.14,2404950
2021-11-18,8.3,6165031
2021-11-19,8.26,3866475
2021-11-22,8.56,4769000
2021-11-23,8.62,3066312
2021-11-24,8.67,3168051
2021-11-25,8.75,4067880
2021-11-26,8.45,4138515
2021-11-29,8.5,7582128
2021-11-30,8.87,6619734
2021-12-01,9.11,4685969
2021-12-02,9.11,6705255
2021-12-03,9.24,3522347
2021-12-06,9.2,5346357
2021-12-07,8.91,7540120
2021-12-08,9.36,5886475
2021-12-09,9.33,2850882
2021-12-10,9.16,4936312
2021-12-13,9.03,7436988
2021-12-14,9.29,3339911
2021-12-15,9.12,3959250
2021-12-16,9.27,5787672
2021-12-17,9.0,9779176
2021-12-20,9.0,2164259
2021-12-21,9.01,3945210
2021-12-22,9.36,7420776
2021-12-23,9.53,5797361
2021-12-24,9.72,5068327
2021-12-29,10.14,7238324
2021-12-30,10.27,4338302
2021-12-31,10.17,3432338
2022-01-04,11.03,8027889
2022-01-05,11.1,5541211
2022-01-06,10.74,7693754
2022-01-07,11.06,6051664
2022-01-10,11.12,4806367
2022-01-11,10.99,4670885
2022-01-12,11.13,7323050
2022-01-13,11.24,6432968
2022-01-14,11.09,5346115
2022-01-17,11.11,3545519
2022-01-18,11.09,3480812
2022-01-19,10.97,6337308
2022-01-20,11.16,7011312
2022-01-21,10.32,8406705
2022-01-24,9.84,9717714
2022-01-25,9.27,11599829
2022-01-27,8.99,9273591
2022-01-28,8.92,12320868
2022-01-31,8.95,5062816
2022-02-01,8.91,6324096
2022-02-02,9.24,5188506
2022-02-03,8.85,6276899
2022-02-04,8.92,5799796
2022-02-07,9.16,6702009
2022-02-08,9.2,5626092
2022-02-09,9.4,3584773
2022-02-10,9.54,4661874
2022-02-11,9.27,4656490
2022-02-14,8.86,3988281
2022-02-15,8.83,5025980
2022-02-16,9.28,6318575
2022-02-17,9.06,5456945
2022-02-18,8.92,4197235
2022-02-21,8.79,4326903
2022-02-22,8.69,5618798
2022-02-23,9.14,4349259
2022-02-24,8.95,10480890
2022-02-25,9.57,6987602
2022-02-28,10.23,8119246
2022-03-01,10.64,6066343
2022-03-02,10.93,6702853
2022-03-03,11.0,7075958
2022-03-04,10.74,7570668
2022-03-07,9.97,9769279
2022-03-08,9.6,6091281
2022-03-09,9.9,5466308
2022-03-10,10.24,6678722
2022-03-11,10.25,3464137
2022-03-14,10.25,4868560
2022-03-15,9.4,6501106
2022-03-16,9.57,5475740
2022-03-17,9.7,5204420
2022-03-18,10.06,17990464
2022-03-21,10.27,3089417
2022-03-22,10.6,4051266
2022-03-23,10.42,4319851
2022-03-24,10.2,5685066
2022-03-25,10.34,3825474
2022-03-28,10.57,5003352
2022-03-29,10.9,4513491
2022-03-30,10.79,5167648
2022-03-31,10.76,5063124
2022-04-01,11.09,4255226
2022-04-04,11.39,5588601
2022-04-05,10.74,6291594
2022-04-06,10.1,7561791
2022-04-07,9.85,5400557
2022-04-08,9.88,3147961
2022-04-11,9.83,5753740
2022-04-12,9.69,7295411
2022-04-13,9.53,5802863
2022-04-14,9.39,5266104
2022-04-19,9.33,10903364
2022-04-20,9.43,7070940
2022-04-21,9.61,8023968
2022-04-22,9.42,7542650
2022-04-26,8.95,8364256
2022-04-27,8.86,6776487
2022-04-28,8.97,4588676
2022-04-29,9.16,3269793
2022-05-02,8.99,3099316
2022-05-03,9.0,2512838
2022-05-04,8.95,2177918
2022-05-05,9.31,4159337
2022-05-06,9.01,6843514
2022-05-09,8.52,7380578
2022-05-10,8.37,8452195
2022-05-11,8.7,4719618
2022-05-12,8.59,5198824
2022-05-13,8.66,5072979
2022-05-16,8.84,4544726
2022-05-17,9.42,5512803
2022-05-18,9.82,6323603
2022-05-19,9.4,5551563
2022-05-20,9.63,5248676
2022-05-23,9.5,4388715
2022-05-24,9.54,4442844
2022-05-25,9.29,3393953
2022-05-26,9.37,2344683
2022-05-27,9.38,1520223
2022-05-30,9.86,3621418
2022-05-31,9.85,3321146
2022-06-01,9.22,4975945
2022-06-02,9.21,2495114
2022-06-03,9.56,2414119
2022-06-06,9.35,1822608
2022-06-07,9.49,3086210
2022-06-08,9.69,2255122
2022-06-09,9.09,3270095
2022-06-10,8.57,8721558
2022-06-14,8.53,8867305
2022-06-15,8.89,8705583
2022-06-16,8.91,5807363
2022-06-17,8.66,6398910
2022-06-20,8.39,5699595
2022-06-21,8.75,2751877
2022-06-22,8.37,4841849
2022-06-23,8.45,5212615
2022-06-24,8.73,2968103
2022-06-27,9.21,4696041
2022-06-28,9.34,3566129
2022-06-29,8.85,3919074
2022-06-30,8.73,4279529
2022-07-01,8.96,3593810
2022-07-04,9.06,3278999
2022-07-05,8.99,1582719
2022-07-06,8.53,4174514
2022-07-07,8.0,11241703
2022-07-08,8.36,6211334
2022-07-11,7.94,3893405
2022-07-12,7.54,10223469
2022-07-13,7.66,7013832
2022-07-14,8.12,5454524
2022-07-15,8.06,5182189
2022-07-18,8.12,5621758
2022-07-19,7.99,4380764
2022-07-20,8.42,5035671
2022-07-21,8.34,4447039
2022-07-22,8.3,3884810
2022-07-25,8.34,2001008
2022-07-26,8.55,3296130
2022-07-27,8.49,2299944
2022-07-28,8.72,3305955
2022-07-29,8.71,3372723
2022-08-01,9.1,4382085
2022-08-02,8.88,3767947
2022-08-03,9.55,6994899
2022-08-04,9.22,6028950
2022-08-05,9.3,4609273
2022-08-08,9.67,5446830
2022-08-09,9.9,8456133
2022-08-10,9.8,5173048
2022-08-11,9.87,4352714
2022-08-12,9.72,2536249
2022-08-15,9.89,2272766
2022-08-16,9.95,3055500
2022-08-17,10.12,4682643
2022-08-18,9.81,4934613
2022-08-19,9.72,3351074
2022-08-22,9.19,5058806
2022-08-23,8.87,6080871
2022-08-24,8.84,4995512
2022-08-25,8.92,4279612
2022-08-26,9.03,6241561
2022-08-29,8.83,5005694
2022-08-30,8.62,7408395
2022-08-31,8.88,5783640
2022-09-01,8.7,5718249
2022-09-02,8.3,4732527
2022-09-05,8.5,2891775
2022-09-06,8.4,3007294
2022-09-07,8.45,3232090
2022-09-08,8.57,4739842
2022-09-09,8.83,5250875
2022-09-12,8.82,3834447
2022-09-13,8.79,5100346
2022-09-14,8.35,6729697
2022-09-15,8.23,4989617
2022-09-16,7.8,7514432
2022-09-19,7.76,3048604
2022-09-20,8.14,5035932
2022-09-21,8.1,5172836
2022-09-23,7.86,4585814
2022-09-26,7.39,6720722
2022-09-27,7.57,6228578
2022-09-28,7.33,4730256
2022-09-29,7.66,3934248
2022-09-30,7.56,4597310
2022-10-03,7.47,3517317
2022-10-04,7.92,4067398
2022-10-05,7.97,5950213
2022-10-06,7.97,3649120
2022-10-07,7.78,3816159
2022-10-10,7.61,2052787
2022-10-11,7.81,5087089
2022-10-12,7.64,3447452
2022-10-13,7.55,4968970
2022-10-14,7.51,5398513
2022-10-17,7.39,3293669
2022-10-18,7.67,4260162
2022-10-19,7.83,4052555
2022-10-20,7.5,3950521
2022-10-21,7.44,3780368
2022-10-24,7.86,5328767
2022-10-25,7.87,3453868
2022-10-26,7.9,4611473
2022-10-27,8.34,7263343
2022-10-28,8.11,3556158
2022-10-31,8.33,3429342
2022-11-01,8.64,4470361
2022-11-02,8.68,4572106
2022-11-03,8.55,3795747
2022-11-04,8.61,4096844
2022-11-07,8.87,5237633
2022-11-08,8.85,5596811
2022-11-09,9.0,4109710
2022-11-10,8.91,3286781
2022-11-11,9.26,8025888
2022-11-14,9.15,4154383
2022-11-15,8.4,7814087
2022-11-16,8.74,7188035
2022-11-17,8.7,4274033
2022-11-18,8.45,3657057
2022-11-21,8.42,3565729
2022-11-22,8.5,2792621
2022-11-23,8.65,2671877
2022-11-24,8.7,1649429
2022-11-25,8.5,2068882
2022-11-28,8.35,2887846
2022-11-29,8.54,2054366
2022-11-30,8.64,4230538
2022-12-01,8.8,4016737
2022-12-02,9.02,3335489
2022-12-05,8.64,3627808
2022-12-06,8.68,2907649
2022-12-07,8.67,3565420
2022-12-08,8.51,2631235
2022-12-09,8.52,2156248
2022-12-12,8.26,3174533
2022-12-13,8.23,2587198
2022-12-14,8.27,2829066
2022-12-15,8.17,3940149
2022-12-16,8.11,4801735
2022-12-19,8.23,2720059
2022-12-20,7.94,3053912
2022-12-21,8.04,2615686
2022-12-22,8.07,2074258
2022-12-23,7.97,1828719
2022-12-28,7.73,2696447
2022-12-29,7.78,2190137
2022-12-30,7.85,2106047
2023-01-03,7.69,2481790
2023-01-04,7.9,3300125
2023-01-05,8.01,2029255
2023-01-06,8.29,2083407
2023-01-09,8.53,5598238
2023-01-10,8.21,3961858
2023-01-11,8.42,4219522
2023-01-12,8.6,2403079
2023-01-13,8.57,2650958
2023-01-16,8.6,1676106
2023-01-17,8.48,2782588
2023-01-18,8.54,2392904
2023-01-19,8.51,1867848
2023-01-20,8.7,3820841
2023-01-23,8.8,2479103
2023-01-24,9.0,4252775
2023-01-25,8.97,3826789
2023-01-27,9.08,7971340
2023-01-30,9.71,7519592
2023-01-31,9.39,5644846
2023-02-01,9.7,5176707
2023-02-02,9.51,5162718
2023-02-03,9.4,4804376
2023-02-06,9.28,2153964
2023-02-07,9.17,2057096
2023-02-08,9.22,2141345
2023-02-09,9.06,2080253
2023-02-10,8.78,4433519
2023-02-13,8.36,10305858
2023-02-14,8.36,9087796
2023-02-15,8.16,4465208
2023-02-16,8.28,4506763
2023-02-17,8.29,4639387
2023-02-20,8.33,2627017
2023-02-21,8.43,2453316
2023-02-22,8.28,1911661
2023-02-23,8.46,3162797
2023-02-24,8.5,2109143
2023-02-27,7.97,6319818
2023-02-28,8.2,6615178
2023-03-01,8.37,3621426
2023-03-02,7.8,11418355
2023-03-03,7.8,10261507
2023-03-06,7.45,12279334
2023-03-07,7.37,25282304
2023-03-08,7.33,15558369
2023-03-09,7.45,8208242
2023-03-10,7.1,8612305
2023-03-13,6.92,10449272
2023-03-14,6.62,8202167
2023-03-15,6.58,10803545
2023-03-16,6.43,9424115
2023-03-17,6.58,12640204
2023-03-20,6.22,8715371
2023-03-21,6.41,4278655
2023-03-22,6.5,6546258
2023-03-23,6.29,10919491
2023-03-24,6.33,4388097
2023-03-27,6.36,3195433
2023-03-28,6.54,5315372
2023-03-29,6.44,5865165
2023-03-30,6.34,6052914
2023-03-31,6.34,4702097
2023-04-03,6.62,5332922
2023-04-04,6.52,6243986
2023-04-05,6.21,8940343
2023-04-06,6.06,9759311
2023-04-11,6.29,4924253
2023-04-12,6.37,4815377
2023-04-13,6.4,5605965
2023-04-14,6.59,4937669
2023-04-17,6.72,4496088
2023-04-18,6.77,5781878
2023-04-19,6.76,3722773
2023-04-20,6.53,4948352
2023-04-21,6.84,11770455
2023-04-24,6.72,5544293
2023-04-26,6.66,8059315
2023-04-27,6.49,5725061
2023-04-28,6.43,4266346
2023-05-01,6.42,3003783
2023-05-02,6.34,5086461
2023-05-03,6.29,3834240
2023-05-04,6.44,3008017
2023-05-05,6.58,3022746
2023-05-08,7.37,13101487
2023-05-09,7.33,7149064
2023-05-10,7.57,6398243
2023-05-11,7.38,5691146
2023-05-12,7.38,3954551
2023-05-15,7.31,2870276
2023-05-16,7.22,3833171
2023-05-17,7.24,2712792
2023-05-18,7.45,3358850
2023-05-19,7.38,3771183
2023-05-22,7.31,1965986
2023-05-23,7.34,3895677
2023-05-24,7.46,3846471
2023-05-25,7.42,2810189
2023-05-26,7.37,2941228
2023-05-29,7.65,3481442
2023-05-30,7.62,2013061
2023-05-31,7.51,4283800
2023-06-01,7.45,2791650
2023-06-02,7.63,3632226
2023-06-05,7.85,3761417
2023-06-06,7.78,4320985
2023-06-07,7.79,3471818
2023-06-08,7.74,3050488
2023-06-09,7.66,2647488
2023-06-13,7.74,4207602
2023-06-14,7.68,3067480
2023-06-15,7.18,6312296
2023-06-16,7.35,8579615
2023-06-19,7.24,3069492
2023-06-20,7.31,2394552
2023-06-21,7.43,4507835
2023-06-22,7.13,3800902
2023-06-23,7.15,2764930
2023-06-26,6.98,5050135
2023-06-27,7.04,5026011
2023-06-28,6.95,4271102
2023-06-29,6.82,6434434
2023-06-30,6.85,3295315
2023-07-03,6.91,2729253
2023-07-04,7.2,7602297
2023-07-05,7.36,7750185
2023-07-06,7.14,5016106
2023-07-07,7.09,4272170
2023-07-10,7.03,2553160
2023-07-11,7.11,3937968
2023-07-12,7.04,5041743
2023-07-13,7.06,6612332
2023-07-14,7.1,6564719
2023-07-17,6.92,4371655
2023-07-18,6.83,5731247
2023-07-19,6.8,4333866
2023-07-20,6.81,3566778
2023-07-21,6.69,5226588
2023-07-24,6.62,5257131
2023-07-25,6.73,3518772
2023-07-26,6.71,5168704
2023-07-27,6.58,3140390
2023-07-28,6.56,3922249
2023-07-31,6.73,7191417
2023-08-01,6.93,8579665
2023-08-02,6.87,4262928
2023-08-03,6.72,4343365
2023-08-04,6.69,4271975
2023-08-07,6.91,2987257
2023-08-08,6.95,9005056
2023-08-09,6.93,3420340
2023-08-10,7.08,2759526
2023-08-11,7.02,2967937
2023-08-14,6.95,2653017
2023-08-15,7.0,2688604
2023-08-16,6.85,2787961
2023-08-17,6.74,4146251
2023-08-18,6.83,2653670
2023-08-21,6.96,2399311
2023-08-22,7.17,5228963
2023-08-23,7.09,3259382
2023-08-24,7.06,2239511
2023-08-25,6.97,2298474
2023-08-28,6.95,2897037
2023-08-29,7.17,5245777
2023-08-30,7.31,5239628
2023-08-31,7.19,2959374
2023-09-01,7.24,2270675
2023-09-04,7.27,1865824
2023-09-05,7.36,2136791
2023-09-06,7.24,3591906
2023-09-07,7.2,2658406
2023-09-08,7.08,3490893
2023-09-11,7.33,3613451
2023-09-12,7.31,6196609
2023-09-13,7.23,4452187
2023-09-14,7.34,6389855
2023-09-15,7.41,5212950
2023-09-18,7.3,2726720
2023-09-19,7.12,3765182
2023-09-20,7.0,4112425
2023-09-21,6.76,4535756
2023-09-22,6.82,4296749
2023-09-25,6.71,1863232
2023-09-26,6.7,3005560
2023-09-27,6.68,1979071
2023-09-28,6.8,2070771
2023-09-29,6.79,3942167
2023-10-02,6.78,1331390
2023-10-03,6.54,4301901
2023-10-04,6.5,4571848
2023-10-05,6.56,2794365
2023-10-06,6.42,2669234
2023-10-09,6.39,3940963
2023-10-10,6.49,4293132
2023-10-11,6.66,2201803
2023-10-12,6.73,3265764
2023-10-13,6.8,3441502
2023-10-16,6.7,2733882
2023-10-17,6.73,2178336
2023-10-18,6.66,2256054
2023-10-19,6.41,3178691
2023-10-20,6.29,4767793
2023-10-23,6.07,4293413
2023-10-24,6.82,7757278
2023-10-25,7.12,11570671
2023-10-26,7.11,8640990
2023-10-27,7.12,3167961
2023-10-30,7.07,2728582
2023-10-31,7.05,4439447
2023-11-01,7.09,2575255
2023-11-02,7.13,2502038
2023-11-03,7.21,2747736
2023-11-06,6.99,5245769
2023-11-07,7.04,2716036
2023-11-08,7.04,2150990
2023-11-09,7.06,2630545
2023-11-10,7.08,1455640
2023-11-13,6.91,2352128
2023-11-14,7.02,3322155
2023-11-15,7.08,3194195
2023-11-16,6.9,4708771
2023-11-17,6.76,4975687
2023-11-20,6.74,2276772
2023-11-21,6.87,1814363
2023-11-22,6.8,1867825
2023-11-23,6.7,2272849
2023-11-24,6.62,1658167
2023-11-27,6.51,2093232
2023-11-28,6.6,3034446
2023-11-29,6.62,2536941
2023-11-30,6.62,4334914
2023-12-01,6.35,3263578
2023-12-04,6.44,2738260
2023-12-05,6.24,3483957
2023-12-06,6.43,4848771
2023-12-07,6.41,3345765
2023-12-08,6.39,2349926
2023-12-11,6.32,3428270
2023-12-12,6.03,6674464
2023-12-13,6.05,5772976
2023-12-14,6.37,5282920
2023-12-15,6.65,8415606
2023-12-18,6.69,2198387
2023-12-19,6.75,2401374
2023-12-20,6.93,3870271
2023-12-21,6.8,3418372
2023-12-22,7.0,5271274
2023-12-27,7.1,2511075
2023-12-28,7.19,1205023
2023-12-29,7.16,2068399
2024-01-02,7.17,1311593
2024-01-03,6.95,2003297
2024-01-04,6.72,2618532
2024-01-05,6.71,1416876
2024-01-08,6.58,1983294
2024-01-09,6.55,2934089
2024-01-10,6.27,3956358
2024-01-11,6.38,2220675
2024-01-12,6.39,2129780
2024-01-15,6.33,579351
2024-01-16,6.18,2146145
2024-01-17,6.0,8364669
2024-01-18,6.0,6206996
2024-01-19,5.95,4004237
2024-01-22,5.87,4274157
2024-01-23,5.79,6426923
2024-01-24,6.05,5200196
2024-01-25,6.09,3194954
2024-01-29,5.96,3390215
2024-01-30,5.86,2588857
2024-01-31,5.88,4608382
2024-02-01,5.68,5175278
2024-02-02,5.83,2829818
2024-02-05,5.68,3615838
2024-02-06,5.84,4020722
2024-02-07,6.04,5348447
2024-02-08,5.98,3113575
2024-02-09,5.9,2743264
2024-02-12,5.79,1986500
2024-02-13,5.76,3274163
2024-02-14,5.7,4209395
2024-02-15,5.69,1989779
2024-02-16,5.97,5285377
2024-02-19,5.93,2822972
2024-02-20,5.76,3033527
2024-02-21,5.94,3745646
2024-02-22,5.94,3695162
2024-02-23,5.84,2803551
2024-02-26,5.9,6507339
2024-02-27,5.67,6307409
2024-02-28,5.97,5227251
2024-02-29,5.84,4411966
2024-03-01,6.11,6030075
2024-03-04,6.24,4709108
2024-03-05,5.96,4588277
2024-03-06,5.82,5806333
2024-03-07,6.08,2855139
2024-03-08,6.01,3206210
2024-03-11,5.8,3776703
2024-03-12,5.85,2246291
2024-03-13,5.8,2902480
2024-03-14,5.82,2340217
2024-03-15,5.78,7064475
2024-03-18,5.74,3516620
2024-03-19,5.73,2393749
2024-03-20,5.8,2568978
2024-03-21,5.83,2777816
2024-03-22,5.8,2959304
2024-03-25,5.78,2010496
2024-03-26,5.59,6507505
2024-03-27,5.53,3135494
2024-03-28,5.69,6126713
2024-04-02,5.77,2801495
2024-04-03,5.66,3176255
2024-04-04,5.83,4324548
2024-04-05,5.66,3432403
2024-04-08,5.77,7196872
2024-04-09,5.96,9584487
2024-04-10,5.96,4814513
2024-04-11,6.05,4744800
2024-04-12,6.15,4564278
2024-04-15,6.15,3898063
2024-04-16,6.09,8471491
2024-04-17,6.45,5966656
2024-04-18,6.56,5476728
2024-04-19,6.39,4190419
2024-04-22,6.46,2733128
2024-04-23,6.4,5412882
2024-04-24,6.38,2975822
2024-04-26,6.19,5100251
2024-04-29,6.43,3143621
2024-04-30,6.56,3695950
2024-05-01,6.5,3105776
2024-05-02,6.47,4503351
2024-05-03,6.56,2285100
2024-05-06,6.51,2089164
2024-05-07,6.65,4020865
2024-05-08,6.68,1852396
2024-05-09,6.66,1598666
2024-05-10,6.86,5141612
2024-05-13,6.92,2968680
2024-05-14,6.81,3397971
2024-05-15,6.9,4144653
2024-05-16,6.98,5198242
2024-05-17,6.97,3457517
2024-05-20,7.08,2479548
2024-05-21,7.1,3714159
2024-05-22,7.07,3097145
2024-05-23,6.91,3104540
2024-05-24,6.67,7165313
2024-05-27,6.71,3464462
2024-05-28,6.72,3551562
2024-05-29,6.73,2836388
2024-05-30,6.62,4239174
2024-05-31,6.66,6075890
2024-06-03,6.73,2404365
2024-06-04,6.71,1475056
2024-06-05,6.66,3896741
2024-06-06,6.63,3535081
2024-06-07,6.66,3111971
2024-06-11,6.56,2881711
2024-06-12,6.54,1975950
2024-06-13,6.25,3477280
2024-06-14,6.15,3011584
2024-06-17,6.12,5188448
2024-06-18,6.04,6831567
2024-06-19,6.06,2875544
2024-06-20,6.05,5875152
2024-06-21,6.07,5852400
2024-06-24,5.98,2874135
2024-06-25,6.06,2778172
2024-06-26,5.98,3252184
2024-06-27,5.95,1822304
2024-06-28,5.93,3975360
2024-07-01,6.16,4513526
2024-07-02,6.13,3037750
2024-07-03,6.34,2588845
2024-07-04,6.51,1897861
2024-07-05,6.56,1273368
2024-07-08,6.37,3291486
2024-07-09,6.41,2119646
2024-07-10,6.23,2448874
2024-07-11,6.4,1991128
2024-07-12,6.4,3161855
2024-07-15,6.35,3147090
2024-07-16,6.3,2111188
2024-07-17,6.29,2473913
2024-07-18,6.26,2028302
2024-07-19,6.1,5119292
2024-07-22,6.05,1949688
2024-07-23,6.02,7263382
2024-07-24,6.06,8403078
2024-07-25,6.05,4384356
2024-07-26,6.15,4279604
2024-07-29,6.22,2193025
2024-07-30,6.09,2570212
2024-07-31,6.28,3393498
2024-08-01,6.29,2471419
2024-08-02,6.11,2889146
2024-08-05,5.91,3081561
2024-08-06,5.83,3204334
2024-08-07,5.95,3338780
2024-08-08,5.92,3422002
2024-08-09,6.06,1904662
2024-08-12,6.09,1918087
2024-08-13,6.11,1738104
2024-08-14,6.16,2862402
2024-08-15,6.17,1767294
2024-08-16,6.25,2513521
2024-08-19,6.3,2482336
2024-08-20,6.34,1047137
2024-08-21,6.81,6153088
2024-08-22,6.9,2502907
2024-08-23,6.8,2014530
2024-08-26,6.8,1356435
2024-08-27,6.79,1789487
2024-08-28,7.02,5604345
2024-08-29,7.02,3784624
2024-08-30,7.06,3845895
2024-09-02,6.92,2248584
2024-09-03,6.88,1918503
2024-09-04,6.74,2049055
2024-09-05,6.74,2093089
2024-09-06,6.76,2487239
2024-09-09,7.04,4291218
2024-09-10,7.04,4289607
2024-09-11,6.87,4672087
2024-09-12,6.94,3335704
2024-09-13,6.92,2438921
2024-09-16,6.82,2469796
2024-09-17,6.74,2242977
2024-09-18,6.76,1829814
2024-09-19,7.01,3445548
2024-09-20,6.96,11518113
2024-09-23,7.0,1076306
2024-09-24,7.26,2877884
2024-09-25,7.57,4938500
2024-09-26,7.7,4712180
2024-09-27,7.76,2868798
2024-09-30,8.02,5448625
2024-10-01,7.89,3442021
2024-10-02,7.8,1828797
2024-10-03,7.71,2310316
2024-10-04,7.61,1830503
2024-10-07,7.69,1258382
2024-10-08,7.67,3067840
2024-10-09,7.41,1990904
2024-10-10,7.72,2044827
2024-10-11,7.75,1567350
2024-10-14,7.75,1713647
2024-10-15,7.77,1170924
2024-10-16,7.72,2171085
2024-10-17,7.77,2969345
2024-10-18,7.7,2316742
2024-10-21,7.77,2148133
2024-10-22,7.56,2226132
2024-10-23,7.51,1784893
2024-10-24,7.44,2753715
2024-10-25,7.44,1845063
2024-10-28,7.52,1936544
2024-10-29,7.73,2779302
2024-10-30,7.65,3485421
2024-10-31,7.6,3879849
2024-11-01,7.78,6100656
2024-11-04,7.94,9266440
2024-11-05,7.85,2878593
2024-11-06,7.9,3598982
2024-11-07,8.02,3868063
2024-11-08,8.09,4353620
2024-11-11,7.88,2423726
2024-11-12,7.75,2848388
2024-11-13,7.6,2703273
2024-11-14,7.34,4399433
2024-11-15,7.14,5560327
2024-11-18,7.15,5651739
2024-11-19,7.04,3859050
2024-11-20,6.98,2510487
2024-11-21,6.87,3284478
2024-11-22,6.8,4161372
2024-11-25,6.72,6166390
2024-11-26,6.82,2382421
2024-11-27,6.87,2591663
2024-11-28,6.78,2734853
2024-11-29,6.88,2910381
2024-12-02,6.98,2403611
2024-12-03,6.97,2322413
2024-12-04,7.32,7273688
2024-12-05,7.15,3980868
2024-12-06,6.95,5756863
2024-12-09,6.93,2989876
2024-12-10,7.01,2603724
2024-12-11,6.97,1614715
2024-12-12,7.0,1623655
2024-12-13,6.86,2452293
2024-12-16,6.73,2262677
2024-12-17,6.64,2997388
2024-12-18,6.59,2869239
2024-12-19,6.5,3559694
2024-12-20,6.32,7578685
2024-12-23,6.4,1465957
2024-12-24,6.45,516989
2024-12-27,6.5,970466
2024-12-30,6.51,991151
2024-12-31,6.43,1059433
2025-01-02,6.53,1343223
2025-01-03,6.61,1843039
2025-01-06,6.83,3461956
2025-01-07,7.03,2931190
2025-01-08,6.94,2553507
2025-01-09,6.85,1332161
2025-01-10,6.99,1627667
2025-01-13,7.1,1785568
2025-01-14,7.21,1674918
2025-01-15,7.07,2277698
2025-01-16,7.09,2731449
2025-01-17,7.03,5685419
2025-01-20,6.9,2085616
2025-01-21,6.88,1918990
2025-01-22,6.78,3715677
2025-01-23,6.63,5466634
2025-01-24,6.52,4050664
2025-01-28,6.41,3511323
2025-01-29,6.32,2554900
2025-01-30,6.16,5173229
2025-01-31,6.33,5903204
2025-02-03,6.56,6854590
2025-02-04,6.31,3651054
2025-02-05,6.44,3394208
2025-02-06,6.53,3780267
2025-02-07,6.93,4600236
2025-02-10,7.06,3248455
2025-02-11,6.95,1983831
2025-02-12,6.89,2628650
2025-02-13,6.93,1645969
2025-02-14,6.83,1757241
2025-02-17,6.93,1695364
2025-02-18,6.86,1290906
2025-02-19,6.68,2509293
2025-02-20,7.06,4571148
2025-02-21,6.95,3204921
2025-02-24,6.89,1835141
2025-02-25,6.97,2103977
2025-02-26,6.85,5471224
2025-02-27,6.89,3238528
2025-02-28,6.79,4494633
2025-03-03,6.87,2868645
2025-03-04,7.07,5199951
2025-03-05,7.16,4707252
2025-03-06,7.17,3474688
2025-03-07,7.19,3372845
2025-03-10,7.13,2745485
2025-03-11,7.01,3439426
2025-03-12,7.06,3808930
2025-03-13,7.26,3816905
2025-03-14,7.38,3651093
2025-03-17,7.61,3326930
2025-03-18,7.73,2718451
2025-03-19,7.66,3319917
2025-03-20,7.46,4599678
2025-03-21,7.39,7358915
2025-03-24,7.19,2440578
2025-03-25,7.3,3060199
2025-03-26,7.21,2681116
2025-03-27,7.29,2039456
2025-03-28,7.28,1632848
2025-03-31,6.91,3379765
2025-04-01,7.06,2551897
2025-04-02,6.85,2086816
2025-04-03,7.07,4565497
2025-04-04,7.31,5068633
2025-04-07,7.54,11611744
2025-04-08,7.54,7564132
2025-04-09,7.69,6840230
2025-04-10,7.72,7041837
2025-04-11,7.81,7278367
2025-04-14,7.78,5679352
2025-04-15,8.02,9105984
2025-04-16,8.36,7595506
2025-04-17,8.84,9520538
2025-04-22,8.88,7332947
2025-04-23,8.21,12020447
2025-04-24,8.29,7746961
2025-04-28,8.56,6156950
2025-04-29,8.6,4487409
2025-04-30,8.58,4724925
2025-05-01,8.29,3252254
2025-05-02,8.21,4884292
2025-05-05,8.36,4257908
2025-05-06,8.33,3243846
2025-05-07,7.99,6199398
2025-05-08,7.97,3665893
2025-05-09,7.7,4956683
2025-05-12,7.65,5241422
2025-05-13,7.36,5990283
2025-05-14,7.47,4884825
2025-05-15,7.46,4491640
2025-05-16,7.66,3590858
2025-05-19,7.58,2965202
2025-05-20,7.62,3815516
2025-05-21,7.6,2720143
2025-05-22,8.13,4124744
2025-05-23,8.13,4101491
2025-05-26,8.15,1519388
2025-05-27,7.95,1598477
2025-05-28,7.95,2681115
2025-05-29,7.78,2596555
2025-05-30,7.89,4029825
2025-06-02,8.07,4281684
2025-06-03,7.97,2290362
2025-06-04,8.23,2858802
2025-06-05,9.26,9109896
2025-06-06,9.15,6426597
2025-06-10,9.37,5663501
2025-06-11,8.6,6636568
2025-06-12,8.67,6264491
2025-06-13,9.0,4900186
2025-06-16,9.28,3824923
2025-06-17,9.54,5129845
2025-06-18,9.55,4067931
2025-06-19,9.34,5032716
2025-06-20,9.28,8816490
2025-06-23,9.13,2397006
2025-06-24,9.18,2323967
2025-06-25,9.07,2549378
2025-06-26,9.2,2226398
2025-06-27,8.88,6800724
2025-06-30,8.61,7004669
2025-07-01,8.39,3637496
2025-07-02,8.34,4290143
2025-07-03,8.34,5791054
2025-07-04,8.27,3743661
2025-07-07,8.14,2293777
2025-07-08,8.25,2630301
2025-07-09,8.28,3120072
2025-07-10,8.29,3088207
2025-07-11,9.67,15884148
2025-07-14,10.0,7510483
2025-07-15,10.01,5951623
2025-07-16,10.01,8194583
2025-07-17,9.72,8566232
2025-07-18,9.99,6987820
2025-07-21,10.13,4153566
2025-07-22,10.12,3900398
2025-07-23,10.14,6468967
2025-07-24,10.65,13444810
2025-07-25,10.73,4837303
2025-07-28,10.81,6370381
2025-07-29,10.81,3058833
2025-07-30,10.74,3000248
2025-07-31,10.47,5303058
2025-08-01,10.81,4370286
2025-08-04,11.25,7979772
2025-08-05,11.84,12836705
2025-08-06,11.9,8685533
2025-08-07,12.16,4970033
2025-08-08,12.62,8451126
2025-08-11,12.96,6280696
2025-08-12,13.21,5677328
2025-08-13,13.63,5334273
2025-08-14,13.77,6775573
2025-08-15,14.49,7287512
2025-08-18,14.77,5693136
2025-08-19,15.09,7045604
2025-08-20,13.98,11330001
2025-08-21,14.61,8030095
2025-08-22,14.31,7161477
2025-08-25,14.86,5526184
2025-08-26,14.71,8355142
2025-08-27,14.73,5895977
2025-08-28,14.73,
2025-08-29,13.87,11634990
2025-09-01,14.3,6613608
2025-09-02,14.35,9170499
2025-09-03,14.31,6731015
2025-09-04,14.8,5672201
2025-09-05,14.35,4488879
2025-09-08,14.41,5010064
2025-09-09,14.81,6901862
2025-09-10,14.27,4832894
2025-09-11,14.28,3623259
2025-09-12,14.41,4358605
2025-09-15,14.3,3626524
2025-09-16,14.26,3601137
2025-09-17,14.39,3254787
2025-09-18,14.61,4152886
2025-09-19,14.63,13230583
2025-09-22,15.29,3696375
2025-09-23,16.52,6495540
2025-09-24,16.54,5981828
2025-09-25,16.99,8158462
2025-09-26,16.9,5176200
2025-09-29,16.8,6601442
2025-09-30,16.81,5904167
2025-10-01,17.0,3398407
2025-10-02,17.51,5942436
2025-10-03,18.06,6493284
2025-10-06,19.36,6870848
2025-10-07,19.27,10449053
2025-10-08,19.55,5307131
2025-10-09,20.59,7948986
2025-10-10,19.81,8404663
2025-10-13,20.26,10590357
2025-10-14,21.27,10833013
2025-10-15,21.64,8143750
2025-10-16,20.4,7845640
2025-10-17,19.24,11698310
2025-10-20,20.51,9802554
2025-10-21,18.96,11750616
2025-10-22,18.33,12231875
2025-10-23,19.07,6824263
2025-10-24,18.82,4414159
2025-10-27,18.37,5484693
2025-10-28,15.81,15557139
2025-10-29,15.28,12655750
2025-10-30,14.79,9973909
2025-10-31,15.25,8795298
2025-11-03,14.02,9837218
2025-11-04,13.85,7591653
2025-11-05,13.4,8868350
2025-11-06,13.14,14187037
2025-11-07,13.52,8114490
2025-11-10,14.17,9468469
2025-11-11,14.22,8100497
2025-11-12,13.83,6362012
2025-11-13,14.26,9161293
2025-11-14,14.18,6283871
2025-11-17,14.96,5765709
2025-11-18,14.62,6771866
2025-11-19,15.44,9470981
2025-11-20,15.71,9783130
2025-11-21,14.7,10087918
2025-11-24,15.04,108393670
2025-11-25,15.02,7217292
2025-11-26,15.0,11354546
2025-11-27,14.45,5726517
2025-11-28,14.47,5349153
2025-12-01,14.7,5557475
2025-12-02,15.02,6198215
2025-12-03,14.61,6742231
2025-12-04,13.99,4975434
2025-12-05,14.14,4788971
2025-12-08,13.61,7021801
2025-12-09,12.93,8140753
2025-12-10,12.77,7855626
2025-12-11,12.66,6893840
2025-12-12,12.85,5610278
2025-12-15,12.6,5463549
2025-12-16,12.49,3492924
2025-12-17,12.4,6627904
2025-12-18,12.35,9225109
2025-12-19,12.19,21283197
2025-12-22,12.48,6343888
2025-12-23,12.56,5875635
2025-12-24,12.57,2789780
2025-12-29,12.49,3531588
2025-12-30,12.59,2737796
2025-12-31,12.44,1860028
2026-01-02,12.22,2405095
2026-01-05,12.97,6836913
2026-01-06,13.15,8329293
2026-01-07,15.06,14408923
2026-01-08,14.24,11098368
2026-01-09,14.1,7254790
2026-01-12,14.78,8016647
2026-01-13,15.06,9126602
2026-01-14,15.56,11148043
2026-01-15,15.43,9342198
2026-01-16,15.48,5867893
2026-01-19,16.28,7049930
2026-01-20,15.25,7381450
2026-01-21,16.27,7770560
2026-01-22,16.75,7393130
2026-01-23,16.86,7494164
2026-01-27,16.01,9790633
2026-01-28,16.2,5174768
2026-01-29,15.6,18434022
2026-01-30,14.9,11588841
2026-02-02,14.77,6967198
2026-02-03,15.25,7768984
2026-02-04,16.01,6187173
2026-02-05,14.74,6971706
2026-02-06,14.27,6073104
2026-02-09,14.82,4917621
2026-02-10,15.14,5240039
2026-02-11,15.76,4326197
2026-02-12,16.0,4347635
2026-02-13,15.97,5746534
2026-02-16,15.93,2970292
2026-02-17,15.05,3990607
2026-02-18,15.51,3442264
2026-02-19,15.61,3982323
2026-02-20,15.68,3889945
2026-02-23,15.86,3887274
2026-02-24,15.78,6345236
2026-02-25,17.03,7776765
2026-02-26,17.24,7898161
2026-02-27,18.98,12351116
2026-03-02,20.0,8915894
2026-03-03,19.04,8110665
2026-03-04,18.91,4332149
2026-03-05,19.0,4899353
2026-03-06,18.33,7558121
2026-03-09,17.18,6019163
2026-03-10,17.72,4193431
2026-03-11,20.59,12367076
2026-03-12,21.17,6963580
2026-03-13,20.7,6814078
2026-03-16,20.99,5438533
2026-03-17,20.02,4759756
2026-03-18,20.39,4117823
2026-03-19,19.97,5627171
2026-03-20,19.54,9684672
2026-03-23,18.95,3896120
2026-03-24,19.56,4174959
2026-03-25,20.03,4024352
2026-03-26,20.0,2984965
2026-03-27,20.08,3289128
2026-03-30,19.72,2514527
2026-03-31,18.96,5856986
2026-04-01,19.65,4000626
2026-04-02,19.41,3279833
2026-04-07,20.3,3709970
2026-04-08,21.43,4602880
2026-04-09,21.86,5802499
2026-04-10,21.77,4268335
2026-04-13,21.49,3355187
2026-04-14,22.07,3408195
2026-04-15,20.56,5249161
2026-04-16,20.78,5086943
2026-04-17,20.7,4098762
2026-04-20,20.39,3188068
2026-04-21,19.97,4714827
2026-04-22,19.71,3050142
2026-04-23,18.39,7274343
2026-04-24,18.22,3057103
2026-04-27,18.08,3142413
2026-04-28,18.71,3328436
2026-04-29,19.68,4563810
2026-04-30,19.01,4278299
2026-05-01,19.14,3925509
2026-05-04,18.9,3407487
2026-05-05,18.57,2545901
2026-05-06,19.24,3122516
2026-05-07,19.93,5650862
2026-05-08,19.44,3689675
2026-05-11,19.68,2653640
2026-05-12,19.51,2884166
2026-05-13,19.9,3236925
2026-05-14,17.95,7477214
2026-05-15,17.95,4204763
2026-05-18,18.93,4374325
2026-05-19,18.12,4391165
2026-05-20,18.37,2521512
2026-05-21,18.57,2443389
2026-05-22,18.86,3290288
2026-05-25,19.0,1922861
2026-05-26,18.91,1928713
2026-05-27,19.44,3224217
2026-05-28,18.95,2867434
2026-05-29,19.19,9482954
2026-06-01,18.67,2645070
2026-06-02,18.96,3126831
2026-06-03,19.49,3135706
2026-06-04,18.71,3270805
2026-06-05,18.16,2499100
2026-06-09,17.28,7360382
2026-06-10,16.87,4444575
2026-06-11,16.89,4622532
2026-06-12,17.77,4079148
2026-06-15,17.88,3640194
2026-06-16,17.98,2709877
2026-06-17,18.1,2114663
2026-06-18,17.82,3019793
2026-06-19,18.18,7307166
2026-06-22,18.62,4560550
2026-06-23,18.59,3685366
2026-06-24,19.34,4770140
2026-06-25,18.7,3003920
2026-06-26,18.54,3579645
2026-06-29,18.52,2134983
2026-06-30,18.06,3917504
2026-07-01,18.09,2280194
2026-07-02,17.83,2354964
2026-07-03,18.22,2110640
2026-07-06,18.06,1807268
2026-07-07,16.91,5702428
2026-07-08,17.08,3576321
2026-07-09,16.86,2970517
2026-07-10,16.63,2763599
2026-07-13,16.25,3327459
2026-07-14,16.24,1889352
2026-07-15,16.48,2728593
2026-07-16,16.25,2286242
2026-07-17,15.89,6250088
2026-07-20,15.62,3895967
2026-07-21,15.96,5177633
2026-07-22,15.38,10600384
2026-07-23,15.11,5176589
2026-07-24,14.79,5172508
2026-07-27,14.87,4020684
2026-07-28,14.68,3825383
2026-07-29,14.1,8320215
2026-07-30,13.81,4530388
2026-07-31,14.09,4286274
2026-08-03,14.04,2212091
2026-08-04,14.96,6511201
2026-08-05,15.59,5105141
2026-08-06,15.7,4324210
2026-08-07,16.25,4591845
2026-08-10,16.5,2659928
2026-08-11,16.71,2802463
2026-08-12,16.92,2981547
2026-08-13,16.63,2333102
2026-08-14,16.36,3161622
2026-08-17,16.62,4287392
2026-08-18,16.5,2472647
2026-08-19,16.28,2945133
2026-08-20,16.22,2484989
2026-08-21,16.21,2984481
2026-08-24,16.41,2916835
2026-08-25,16.59,2517636
2026-08-26,15.94,5859926
2026-08-27,16.4,3533031
2026-08-28,16.26,2677820
2026-08-31,15.94,8653383
2026-09-01,15.49,3445125
2026-09-02,15.12,3593478
2026-09-03,15.26,4726651
2026-09-04,15.32,2475068
2026-09-07,15.62,2751278
2026-09-08,15.5,1936961
2026-09-09,15.47,2792559
2026-09-10,15.05,5326983
2026-09-11,14.37,2674306
2026-09-14,13.97,3993985
2026-09-15,13.83,3148376
2026-09-16,13.84,3512691
2026-09-17,13.67,3875520
2026-09-18,14.35,9487646
2026-09-21,13.98,2563143
2026-09-22,14.51,3127094
2026-09-23,14.67,4171096
2026-09-24,14.39,2678512
2026-09-25,14.22,2053816
2026-09-28,13.77,2880892
2026-09-29,13.64,3273532
2026-09-30,13.83,3583982
2026-10-01,12.64,13486050
2026-10-02,12.95,9257110
2026-10-05,12.63,3345665
2026-10-06,12.89,4699359
2026-10-07,13.1,4700853
