datum,schluss,volumen
2008-01-02,0.46,
2008-01-03,0.6,12000
2008-01-04,0.58,7700
2008-01-07,0.52,100
2008-01-08,0.52,500
2008-01-09,0.52,1000
2008-01-10,0.52,
2008-01-11,0.55,22500
2008-01-14,0.55,900
2008-01-15,0.52,5000
2008-01-16,0.52,
2008-01-17,0.47,300
2008-01-18,0.45,10000
2008-01-22,0.45,100
2008-01-23,0.45,900
2008-01-24,0.45,3000
2008-01-25,0.5,20000
2008-01-28,0.48,4500
2008-01-29,0.5,300
2008-01-30,0.5,
2008-01-31,0.5,11100
2008-02-01,0.5,
2008-02-04,0.5,
2008-02-05,0.5,
2008-02-06,0.5,1000
2008-02-07,0.5,
2008-02-08,0.5,1400
2008-02-11,0.5,2000
2008-02-12,0.5,
2008-02-13,0.44,500
2008-02-14,0.44,
2008-02-15,0.5,500
2008-02-19,0.5,10000
2008-02-20,0.5,10000
2008-02-21,0.5,
2008-02-22,0.5,10500
2008-02-25,0.5,5000
2008-02-26,0.5,
2008-02-27,0.43,1300
2008-02-28,0.43,
2008-02-29,0.52,25200
2008-03-03,0.52,31000
2008-03-04,0.67,54000
2008-03-05,0.6,34300
2008-03-06,0.6,66200
2008-03-07,0.55,7800
2008-03-10,0.47,96500
2008-03-11,0.7,300
2008-03-12,0.67,19000
2008-03-13,0.7,21700
2008-03-14,0.69,7300
2008-03-17,0.69,
2008-03-18,0.6,8900
2008-03-19,0.6,9600
2008-03-20,0.66,48000
2008-03-24,0.63,20000
2008-03-25,0.66,35500
2008-03-26,0.66,67100
2008-03-27,0.66,14500
2008-03-28,0.6,8000
2008-03-31,0.6,200
2008-04-01,0.66,61000
2008-04-02,0.66,42700
2008-04-03,0.64,2000
2008-04-04,0.66,13500
2008-04-07,0.65,7500
2008-04-08,0.65,
2008-04-09,0.57,10200
2008-04-10,0.6,2500
2008-04-11,0.6,
2008-04-14,0.62,15000
2008-04-15,0.62,13300
2008-04-16,0.6,6600
2008-04-17,0.6,49500
2008-04-18,0.6,900
2008-04-21,0.6,5000
2008-04-22,0.65,1000
2008-04-23,0.6,5000
2008-04-24,0.56,33000
2008-04-25,0.55,20000
2008-04-28,0.6,200
2008-04-29,0.54,400
2008-04-30,0.55,6500
2008-05-01,0.54,41500
2008-05-02,0.56,5000
2008-05-05,0.45,12700
2008-05-06,0.45,
2008-05-07,0.45,
2008-05-08,0.55,45700
2008-05-09,0.55,14300
2008-05-12,0.61,89600
2008-05-13,0.6,59200
2008-05-14,0.64,6000
2008-05-15,0.57,2000
2008-05-16,0.57,3500
2008-05-19,0.57,7000
2008-05-20,0.54,5000
2008-05-21,0.5,13600
2008-05-22,0.55,300
2008-05-23,0.46,500
2008-05-27,0.46,
2008-05-28,0.57,15100
2008-05-29,0.46,100
2008-05-30,0.46,
2008-06-02,0.46,1000
2008-06-03,0.46,
2008-06-04,0.46,
2008-06-05,0.55,7500
2008-06-06,0.46,100
2008-06-09,0.46,200
2008-06-10,0.52,5000
2008-06-11,0.51,10000
2008-06-12,0.48,1000
2008-06-13,0.51,400
2008-06-16,0.51,
2008-06-17,0.51,
2008-06-18,0.51,
2008-06-19,0.5,28000
2008-06-20,0.5,
2008-06-23,0.51,2700
2008-06-24,0.5,10000
2008-06-25,0.51,1000
2008-06-26,0.51,
2008-06-27,0.51,26000
2008-06-30,0.52,15000
2008-07-01,0.48,200
2008-07-02,0.5,33300
2008-07-03,0.47,29000
2008-07-07,0.46,114200
2008-07-08,0.53,64500
2008-07-09,0.5,7000
2008-07-10,0.49,2000
2008-07-11,0.48,3200
2008-07-14,0.48,
2008-07-15,0.48,
2008-07-16,0.43,2000
2008-07-17,0.48,1000
2008-07-18,0.43,14000
2008-07-21,0.41,37800
2008-07-22,0.39,7500
2008-07-23,0.41,30900
2008-07-24,0.51,2100
2008-07-25,0.5,10400
2008-07-28,0.41,1700
2008-07-29,0.4,10000
2008-07-30,0.39,66500
2008-07-31,0.4,26000
2008-08-01,0.4,3000
2008-08-04,0.4,3000
2008-08-05,0.4,200
2008-08-06,0.4,
2008-08-07,0.4,4800
2008-08-08,0.4,9700
2008-08-11,0.4,32200
2008-08-12,0.45,21500
2008-08-13,0.38,1500
2008-08-14,0.38,1500
2008-08-15,0.38,1500
2008-08-18,0.38,
2008-08-19,0.38,1500
2008-08-20,0.38,1500
2008-08-21,0.38,
2008-08-22,0.38,1000
2008-08-25,0.38,100
2008-08-26,0.38,
2008-08-27,0.4,5000
2008-08-28,0.38,11500
2008-08-29,0.38,1500
2008-09-02,0.38,
2008-09-03,0.5,3700
2008-09-04,0.5,
2008-09-05,0.5,
2008-09-08,0.45,200
2008-09-09,0.45,8400
2008-09-10,0.45,
2008-09-11,0.45,
2008-09-12,0.44,7000
2008-09-15,0.44,
2008-09-16,0.44,
2008-09-17,0.4,1300
2008-09-18,0.4,2800
2008-09-19,0.4,200
2008-09-22,0.45,17700
2008-09-23,0.45,
2008-09-24,0.45,5100
2008-09-25,0.5,4200
2008-09-26,0.35,200
2008-09-29,0.3,400
2008-09-30,0.3,
2008-10-01,0.3,
2008-10-02,0.3,100
2008-10-03,0.3,1200
2008-10-06,0.35,500
2008-10-07,0.3,25800
2008-10-08,0.25,16000
2008-10-09,0.25,9200
2008-10-10,0.26,17600
2008-10-13,0.25,18000
2008-10-14,0.25,1000
2008-10-15,0.35,200
2008-10-16,0.25,1000
2008-10-17,0.26,2000
2008-10-20,0.26,2000
2008-10-21,0.26,
2008-10-22,0.26,
2008-10-23,0.26,500
2008-10-24,0.26,2000
2008-10-27,0.26,300
2008-10-28,0.26,
2008-10-29,0.26,
2008-10-30,0.26,
2008-10-31,0.27,800
2008-11-03,0.26,2000
2008-11-04,0.27,1000
2008-11-05,0.27,500
2008-11-06,0.27,700
2008-11-07,0.27,
2008-11-10,0.35,14900
2008-11-11,0.32,25000
2008-11-12,0.31,1800
2008-11-13,0.3,1000
2008-11-14,0.21,31900
2008-11-17,0.21,
2008-11-18,0.21,
2008-11-19,0.21,600
2008-11-20,0.21,13600
2008-11-21,0.21,
2008-11-24,0.2,21200
2008-11-25,0.2,75000
2008-11-26,0.2,
2008-11-28,0.2,
2008-12-01,0.18,6400
2008-12-02,0.18,12000
2008-12-03,0.25,20700
2008-12-04,0.24,700
2008-12-05,0.19,86800
2008-12-08,0.22,6500
2008-12-09,0.25,21300
2008-12-10,0.25,
2008-12-11,0.25,6000
2008-12-12,0.25,
2008-12-15,0.25,
2008-12-16,0.25,12700
2008-12-17,0.22,100
2008-12-18,0.25,30700
2008-12-19,0.28,40000
2008-12-22,0.18,95600
2008-12-23,0.17,400
2008-12-24,0.17,
2008-12-26,0.17,
2008-12-29,0.17,20100
2008-12-30,0.18,3400
2008-12-31,0.18,
2009-01-02,0.21,200
2009-01-05,0.21,
2009-01-06,0.21,
2009-01-07,0.21,
2009-01-08,0.18,200
2009-01-09,0.18,
2009-01-12,0.18,
2009-01-13,0.18,
2009-01-14,0.18,7200
2009-01-15,0.18,
2009-01-16,0.18,
2009-01-20,0.18,100
2009-01-21,0.18,
2009-01-22,0.18,
2009-01-23,0.18,5500
2009-01-26,0.18,
2009-01-27,0.2,16100
2009-01-28,0.2,22500
2009-01-29,0.2,19000
2009-01-30,0.18,1000
2009-02-02,0.2,31000
2009-02-03,0.23,5000
2009-02-04,0.18,1000
2009-02-05,0.2,7000
2009-02-06,0.25,29500
2009-02-09,0.25,5000
2009-02-10,0.25,5000
2009-02-11,0.35,10800
2009-02-12,0.3,29000
2009-02-13,0.3,5000
2009-02-17,0.34,36000
2009-02-18,0.34,16200
2009-02-19,0.3,16500
2009-02-20,0.3,10000
2009-02-23,0.3,
2009-02-24,0.3,15000
2009-02-25,0.3,5000
2009-02-26,0.3,
2009-02-27,0.3,15000
2009-03-02,0.25,5000
2009-03-03,0.25,7800
2009-03-04,0.25,5200
2009-03-05,0.24,12000
2009-03-06,0.24,
2009-03-09,0.2,35000
2009-03-10,0.15,60500
2009-03-11,0.2,40200
2009-03-12,0.24,1000
2009-03-13,0.24,
2009-03-16,0.24,
2009-03-17,0.24,
2009-03-18,0.24,
2009-03-19,0.24,5500
2009-03-20,0.25,24500
2009-03-23,0.2,1000
2009-03-24,0.2,500
2009-03-25,0.2,500
2009-03-26,0.2,500
2009-03-27,0.25,10500
2009-03-30,0.25,25500
2009-03-31,0.25,35600
2009-04-01,0.23,18000
2009-04-02,0.21,80500
2009-04-03,0.2,24700
2009-04-06,0.3,58300
2009-04-07,0.3,30000
2009-04-08,0.3,38500
2009-04-09,0.35,21300
2009-04-13,0.3,53300
2009-04-14,0.35,25300
2009-04-15,0.3,500
2009-04-16,0.39,12000
2009-04-17,0.4,49000
2009-04-20,0.4,18000
2009-04-21,0.4,37700
2009-04-22,0.45,10000
2009-04-23,0.38,500
2009-04-24,0.38,500
2009-04-27,0.38,14000
2009-04-28,0.39,7100
2009-04-29,0.45,32300
2009-04-30,0.35,8900
2009-05-01,0.35,
2009-05-04,0.4,5000
2009-05-05,0.4,5000
2009-05-06,0.4,9700
2009-05-07,0.4,
2009-05-08,0.38,14700
2009-05-11,0.38,
2009-05-12,0.35,4000
2009-05-13,0.35,1000
2009-05-14,0.43,8200
2009-05-15,0.4,26400
2009-05-18,0.4,26000
2009-05-19,0.38,5000
2009-05-20,0.38,
2009-05-21,0.38,
2009-05-22,0.35,10500
2009-05-26,0.3,500
2009-05-27,0.3,5500
2009-05-28,0.3,500
2009-05-29,0.33,500
2009-06-01,0.33,
2009-06-02,0.33,
2009-06-03,0.33,
2009-06-04,0.35,5300
2009-06-05,0.35,
2009-06-08,0.35,5000
2009-06-09,0.31,500
2009-06-10,0.31,500
2009-06-11,0.31,5000
2009-06-12,0.31,300
2009-06-15,0.31,500
2009-06-16,0.31,700
2009-06-17,0.31,21300
2009-06-18,0.31,
2009-06-19,0.32,7500
2009-06-22,0.32,
2009-06-23,0.32,4500
2009-06-24,0.32,3500
2009-06-25,0.32,5500
2009-06-26,0.31,4500
2009-06-29,0.31,200
2009-06-30,0.31,2500
2009-07-01,0.31,
2009-07-02,0.26,500
2009-07-06,0.32,16800
2009-07-07,0.28,9500
2009-07-08,0.28,
2009-07-09,0.25,1000
2009-07-10,0.26,18000
2009-07-13,0.26,
2009-07-14,0.3,2500
2009-07-15,0.25,500
2009-07-16,0.25,500
2009-07-17,0.25,
2009-07-20,0.25,
2009-07-21,0.25,400
2009-07-22,0.25,500
2009-07-23,0.25,600
2009-07-24,0.25,2500
2009-07-27,0.29,15000
2009-07-28,0.35,41000
2009-07-29,0.4,50600
2009-07-30,0.37,103400
2009-07-31,0.44,31000
2009-08-03,0.35,9000
2009-08-04,0.38,12500
2009-08-05,0.38,5900
2009-08-06,0.3,17500
2009-08-07,0.3,900
2009-08-10,0.35,19200
2009-08-11,0.35,23700
2009-08-12,0.42,19700
2009-08-13,0.45,79800
2009-08-14,0.48,53900
2009-08-17,0.48,48000
2009-08-18,0.46,27700
2009-08-19,0.45,7500
2009-08-20,0.45,
2009-08-21,0.5,6500
2009-08-24,0.39,10300
2009-08-25,0.39,200
2009-08-26,0.45,500
2009-08-27,0.45,3000
2009-08-28,0.45,
2009-08-31,0.35,23300
2009-09-01,0.4,43500
2009-09-02,0.44,4700
2009-09-03,0.44,8000
2009-09-04,0.44,28000
2009-09-08,0.44,70400
2009-09-09,0.36,89000
2009-09-10,0.33,25100
2009-09-11,0.36,32400
2009-09-14,0.36,
2009-09-15,0.36,
2009-09-16,0.42,21000
2009-09-17,0.42,
2009-09-18,0.42,11700
2009-09-21,0.44,24300
2009-09-22,0.44,
2009-09-23,0.44,
2009-09-24,0.41,78500
2009-09-25,0.41,
2009-09-28,0.41,
2009-09-29,0.41,
2009-09-30,0.4,1900
2009-10-01,0.42,12500
2009-10-02,0.38,900
2009-10-05,0.38,11000
2009-10-06,0.37,76800
2009-10-07,0.42,7000
2009-10-08,0.4,80000
2009-10-09,0.44,18000
2009-10-12,0.38,3000
2009-10-13,0.38,
2009-10-14,0.42,5000
2009-10-15,0.4,11000
2009-10-16,0.4,13200
2009-10-19,0.45,33900
2009-10-20,0.45,7000
2009-10-21,0.4,16600
2009-10-22,0.44,11000
2009-10-23,0.44,200
2009-10-26,0.45,17300
2009-10-27,0.5,32100
2009-10-28,0.51,32200
2009-10-29,0.51,
2009-10-30,0.52,2200
2009-11-02,0.52,
2009-11-03,0.45,5800
2009-11-04,0.45,200
2009-11-05,0.45,20000
2009-11-06,0.4,13000
2009-11-09,0.4,
2009-11-10,0.38,6200
2009-11-11,0.45,5000
2009-11-12,0.45,
2009-11-13,0.5,45800
2009-11-16,0.4,800
2009-11-17,0.4,
2009-11-18,0.41,300
2009-11-19,0.42,1500
2009-11-20,0.43,5500
2009-11-23,0.47,3000
2009-11-24,0.43,1600
2009-11-25,0.36,3500
2009-11-27,0.38,35300
2009-11-30,0.38,2800
2009-12-01,0.38,300
2009-12-02,0.38,300
2009-12-03,0.38,600
2009-12-04,0.45,5300
2009-12-07,0.47,17300
2009-12-08,0.45,7100
2009-12-09,0.45,5900
2009-12-10,0.45,9100
2009-12-11,0.45,4600
2009-12-14,0.51,10400
2009-12-15,0.5,6400
2009-12-16,0.4,6700
2009-12-17,0.46,3100
2009-12-18,0.4,400
2009-12-21,0.4,400
2009-12-22,0.4,400
2009-12-23,0.45,5400
2009-12-24,0.45,400
2009-12-28,0.45,18900
2009-12-29,0.48,5300
2009-12-30,0.52,24600
2009-12-31,0.52,
2010-01-04,0.45,45000
2010-01-05,0.45,
2010-01-06,0.45,
2010-01-07,0.45,22400
2010-01-08,0.45,100
2010-01-11,0.45,17900
2010-01-12,0.42,5000
2010-01-13,0.38,7000
2010-01-14,0.4,44300
2010-01-15,0.4,10500
2010-01-19,0.5,10500
2010-01-20,0.4,13000
2010-01-21,0.39,15500
2010-01-22,0.39,27300
2010-01-25,0.39,15000
2010-01-26,0.38,15500
2010-01-27,0.38,18200
2010-01-28,0.38,
2010-01-29,0.4,25400
2010-02-01,0.4,2900
2010-02-02,0.45,16100
2010-02-03,0.38,400
2010-02-04,0.38,4200
2010-02-05,0.45,8400
2010-02-08,0.39,25200
2010-02-09,0.5,7100
2010-02-10,0.38,15500
2010-02-11,0.38,500
2010-02-12,0.38,10000
2010-02-16,0.39,5000
2010-02-17,0.38,15000
2010-02-18,0.38,10000
2010-02-19,0.38,400
2010-02-22,0.39,10000
2010-02-23,0.4,500
2010-02-24,0.38,800
2010-02-25,0.39,6500
2010-02-26,0.38,3000
2010-03-01,0.38,25400
2010-03-02,0.35,32900
2010-03-03,0.35,69900
2010-03-04,0.35,1500
2010-03-05,0.36,2000
2010-03-08,0.44,54300
2010-03-09,0.38,19800
2010-03-10,0.38,12000
2010-03-11,0.38,36000
2010-03-12,0.36,3000
2010-03-15,0.36,600
2010-03-16,0.35,12200
2010-03-17,0.35,
2010-03-18,0.34,56000
2010-03-19,0.32,3000
2010-03-22,0.4,2500
2010-03-23,0.32,5000
2010-03-24,0.43,13000
2010-03-25,0.43,
2010-03-26,0.43,
2010-03-29,0.4,4000
2010-03-30,0.4,1500
2010-03-31,0.4,10800
2010-04-01,0.45,37000
2010-04-05,0.45,
2010-04-06,0.5,28200
2010-04-07,0.49,15000
2010-04-08,0.49,
2010-04-09,0.46,100
2010-04-12,0.5,99900
2010-04-13,0.5,212100
2010-04-14,0.53,27700
2010-04-15,0.53,12600
2010-04-16,0.53,
2010-04-19,0.52,19600
2010-04-20,0.5,5000
2010-04-21,0.5,50000
2010-04-22,0.55,11800
2010-04-23,0.59,103600
2010-04-26,0.6,70200
2010-04-27,0.51,12500
2010-04-28,0.53,1500
2010-04-29,0.51,15000
2010-04-30,0.51,
2010-05-03,0.51,
2010-05-04,0.5,23500
2010-05-05,0.44,33700
2010-05-06,0.44,
2010-05-07,0.41,11900
2010-05-10,0.44,5000
2010-05-11,0.4,5000
2010-05-12,0.4,
2010-05-13,0.42,300
2010-05-14,0.5,22200
2010-05-17,0.41,11300
2010-05-18,0.4,25000
2010-05-19,0.4,
2010-05-20,0.41,3400
2010-05-21,0.45,13000
2010-05-24,0.45,5000
2010-05-25,0.41,12500
2010-05-26,0.41,300
2010-05-27,0.41,100
2010-05-28,0.41,200
2010-06-01,0.41,500
2010-06-02,0.45,2600
2010-06-03,0.45,10000
2010-06-04,0.45,10000
2010-06-07,0.45,
2010-06-08,0.41,500
2010-06-09,0.45,14500
2010-06-10,0.45,2000
2010-06-11,0.45,
2010-06-14,0.45,
2010-06-15,0.45,10200
2010-06-16,0.45,
2010-06-17,0.45,
2010-06-18,0.45,
2010-06-21,0.45,
2010-06-22,0.45,3500
2010-06-23,0.42,10400
2010-06-24,0.5,15000
2010-06-25,0.42,5000
2010-06-28,0.42,11000
2010-06-29,0.42,10600
2010-06-30,0.45,1600
2010-07-01,0.45,5000
2010-07-02,0.45,
2010-07-06,0.45,
2010-07-07,0.39,8000
2010-07-08,0.39,
2010-07-09,0.4,3100
2010-07-12,0.43,1100
2010-07-13,0.45,40000
2010-07-14,0.45,10500
2010-07-15,0.45,
2010-07-16,0.45,
2010-07-19,0.44,4500
2010-07-20,0.5,1500
2010-07-21,0.48,7500
2010-07-22,0.49,77300
2010-07-23,0.49,
2010-07-26,0.49,
2010-07-27,0.49,
2010-07-28,0.48,3600
2010-07-29,0.4,13000
2010-07-30,0.4,66000
2010-08-02,0.32,17000
2010-08-03,0.46,200
2010-08-04,0.46,
2010-08-05,0.4,20000
2010-08-06,0.4,
2010-08-09,0.35,1400
2010-08-10,0.4,35000
2010-08-11,0.35,8100
2010-08-12,0.35,200
2010-08-13,0.4,42300
2010-08-16,0.39,47600
2010-08-17,0.43,50500
2010-08-18,0.44,6500
2010-08-19,0.44,5000
2010-08-20,0.43,13800
2010-08-23,0.44,26000
2010-08-24,0.38,200
2010-08-25,0.38,
2010-08-26,0.38,
2010-08-27,0.39,10500
2010-08-30,0.39,
2010-08-31,0.39,
2010-09-01,0.39,
2010-09-02,0.39,
2010-09-03,0.45,2000
2010-09-07,0.45,9000
2010-09-08,0.45,
2010-09-09,0.45,17300
2010-09-10,0.45,
2010-09-13,0.5,229000
2010-09-14,0.5,20200
2010-09-15,0.5,35200
2010-09-16,0.55,35800
2010-09-17,0.53,19300
2010-09-20,0.53,
2010-09-21,0.53,10900
2010-09-22,0.55,32600
2010-09-23,0.6,44000
2010-09-24,0.6,40000
2010-09-27,0.55,2500
2010-09-28,0.5,6000
2010-09-29,0.5,
2010-09-30,0.55,2500
2010-10-01,0.58,19200
2010-10-04,0.58,7900
2010-10-05,0.5,14500
2010-10-06,0.47,40100
2010-10-07,0.47,31200
2010-10-08,0.49,7200
2010-10-11,0.55,10400
2010-10-12,0.5,18100
2010-10-13,0.5,24700
2010-10-14,0.51,46000
2010-10-15,0.49,10200
2010-10-18,0.5,25000
2010-10-19,0.5,96600
2010-10-20,0.46,59100
2010-10-21,0.48,17900
2010-10-22,0.48,9000
2010-10-25,0.49,25400
2010-10-26,0.45,15000
2010-10-27,0.45,
2010-10-28,0.49,15000
2010-10-29,0.45,8000
2010-11-01,0.47,18600
2010-11-02,0.46,7400
2010-11-03,0.46,
2010-11-04,0.45,300
2010-11-05,0.45,10100
2010-11-08,0.44,10000
2010-11-09,0.4,1000
2010-11-10,0.44,33900
2010-11-11,0.44,5000
2010-11-12,0.44,
2010-11-15,0.49,44100
2010-11-16,0.48,11500
2010-11-17,0.41,8900
2010-11-18,0.45,10000
2010-11-19,0.45,5900
2010-11-22,0.41,9500
2010-11-23,0.41,3300
2010-11-24,0.36,400
2010-11-26,0.36,
2010-11-29,0.4,35000
2010-11-30,0.4,30500
2010-12-01,0.4,12300
2010-12-02,0.45,39400
2010-12-03,0.49,21200
2010-12-06,0.42,5800
2010-12-07,0.5,52800
2010-12-08,0.43,28700
2010-12-09,0.42,10400
2010-12-10,0.44,61000
2010-12-13,0.37,21000
2010-12-14,0.39,16000
2010-12-15,0.44,32000
2010-12-16,0.45,18000
2010-12-17,0.48,13300
2010-12-20,0.48,6300
2010-12-21,0.45,21500
2010-12-22,0.45,
2010-12-23,0.5,43400
2010-12-27,0.55,16900
2010-12-28,0.48,19100
2010-12-29,0.52,14300
2010-12-30,0.52,7100
2010-12-31,0.6,33200
2011-01-03,0.6,49300
2011-01-04,0.58,45800
2011-01-05,0.51,9700
2011-01-06,0.54,20800
2011-01-07,0.58,8600
2011-01-10,0.58,7100
2011-01-11,0.62,98500
2011-01-12,0.58,8300
2011-01-13,0.58,3000
2011-01-14,0.58,300
2011-01-18,0.59,12000
2011-01-19,0.6,23500
2011-01-20,0.58,14200
2011-01-21,0.6,20700
2011-01-24,0.58,30000
2011-01-25,0.59,5800
2011-01-26,0.59,6500
2011-01-27,0.58,19000
2011-01-28,0.58,16800
2011-01-31,0.57,300
2011-02-01,0.57,
2011-02-02,0.59,17100
2011-02-03,0.58,21800
2011-02-04,0.59,2400
2011-02-07,0.59,10000
2011-02-08,0.55,30000
2011-02-09,0.58,22900
2011-02-10,0.58,5100
2011-02-11,0.58,1800
2011-02-14,0.58,29000
2011-02-15,0.5,95800
2011-02-16,0.47,62300
2011-02-17,0.52,7500
2011-02-18,0.47,139800
2011-02-22,0.47,31000
2011-02-23,0.44,16300
2011-02-24,0.48,5000
2011-02-25,0.56,22500
2011-02-28,0.55,10500
2011-03-01,0.56,22500
2011-03-02,0.5,17500
2011-03-03,0.49,8000
2011-03-04,0.48,34100
2011-03-07,0.5,60000
2011-03-08,0.43,52600
2011-03-09,0.56,100
2011-03-10,0.55,1000
2011-03-11,0.53,10900
2011-03-14,0.52,58500
2011-03-15,0.42,19500
2011-03-16,0.45,53500
2011-03-17,0.51,2500
2011-03-18,0.45,52600
2011-03-21,0.5,96300
2011-03-22,0.44,1000
2011-03-23,0.55,5000
2011-03-24,0.5,42500
2011-03-25,0.51,19400
2011-03-28,0.52,27600
2011-03-29,0.53,68900
2011-03-30,0.53,3500
2011-03-31,0.53,8500
2011-04-01,0.55,91200
2011-04-04,0.6,54000
2011-04-05,0.74,291200
2011-04-06,0.95,151600
2011-04-07,1.05,346400
2011-04-08,1.47,768400
2011-04-11,1.4,433400
2011-04-12,1.45,176200
2011-04-13,1.45,19900
2011-04-14,1.45,87700
2011-04-15,1.51,126800
2011-04-18,1.58,221700
2011-04-19,1.64,155300
2011-04-20,1.7,81000
2011-04-21,1.6,174300
2011-04-25,1.75,234200
2011-04-26,1.85,183900
2011-04-27,1.85,162000
2011-04-28,1.82,63000
2011-04-29,1.8,45000
2011-05-02,1.85,136000
2011-05-03,1.77,73000
2011-05-04,1.8,124600
2011-05-05,1.75,58900
2011-05-06,1.75,46000
2011-05-09,1.76,57000
2011-05-10,1.72,42400
2011-05-11,1.62,35900
2011-05-12,1.66,68300
2011-05-13,1.71,16000
2011-05-16,1.6,35500
2011-05-17,1.57,65400
2011-05-18,1.75,66200
2011-05-19,2.0,143800
2011-05-20,2.1,189600
2011-05-23,1.9,55800
2011-05-24,2.0,123800
2011-05-25,2.0,157500
2011-05-26,2.55,374000
2011-05-27,2.7,191600
2011-05-31,2.67,281700
2011-06-01,2.6,105000
2011-06-02,2.35,121100
2011-06-03,2.5,117000
2011-06-06,2.5,56400
2011-06-07,2.5,129900
2011-06-08,2.48,12500
2011-06-09,2.3,45000
2011-06-10,2.55,68000
2011-06-13,2.55,194200
2011-06-14,2.45,193300
2011-06-15,2.44,72900
2011-06-16,2.35,27700
2011-06-17,2.5,50300
2011-06-20,2.55,214000
2011-06-21,2.68,111300
2011-06-22,3.12,319200
2011-06-23,3.5,318900
2011-06-24,3.7,307300
2011-06-27,3.44,218200
2011-06-28,3.3,105500
2011-06-29,4.0,146900
2011-06-30,3.8,132000
2011-07-01,3.7,92700
2011-07-05,3.89,106700
2011-07-06,3.85,48400
2011-07-07,3.72,51600
2011-07-08,3.8,47300
2011-07-11,3.69,56300
2011-07-12,3.6,14000
2011-07-13,3.7,58200
2011-07-14,3.67,30300
2011-07-15,3.6,92600
2011-07-18,3.8,63200
2011-07-19,3.75,33400
2011-07-20,3.94,97200
2011-07-21,3.8,46300
2011-07-22,3.66,44200
2011-07-25,3.63,138100
2011-07-26,3.62,57000
2011-07-27,3.4,107500
2011-07-28,3.1,243800
2011-07-29,3.25,165900
2011-08-01,3.3,50500
2011-08-02,3.0,45500
2011-08-03,2.95,657900
2011-08-04,2.75,77800
2011-08-05,2.78,123900
2011-08-08,2.48,69000
2011-08-09,2.68,50500
2011-08-10,2.69,71200
2011-08-11,2.71,78500
2011-08-12,3.0,209300
2011-08-15,3.05,107400
2011-08-16,3.06,18200
2011-08-17,2.98,46500
2011-08-18,2.8,65700
2011-08-19,2.8,99900
2011-08-22,2.75,31000
2011-08-23,2.79,75100
2011-08-24,2.79,17400
2011-08-25,2.78,63000
2011-08-26,2.85,35100
2011-08-29,2.95,40100
2011-08-30,2.9,13600
2011-08-31,2.95,81600
2011-09-01,2.91,49700
2011-09-02,2.9,13100
2011-09-06,2.81,2100
2011-09-07,2.85,65300
2011-09-08,2.85,57500
2011-09-09,2.8,1800
2011-09-12,2.65,80900
2011-09-13,2.92,116900
2011-09-14,3.37,237300
2011-09-15,3.4,67800
2011-09-16,3.0,102600
2011-09-19,2.9,12300
2011-09-20,2.85,27900
2011-09-21,3.0,13100
2011-09-22,2.71,37300
2011-09-23,2.5,452000
2011-09-26,2.7,151300
2011-09-27,2.96,299300
2011-09-28,2.93,18000
2011-09-29,2.6,18500
2011-09-30,2.45,128900
2011-10-03,2.5,41000
2011-10-04,2.5,49000
2011-10-05,2.96,180500
2011-10-06,3.15,331700
2011-10-07,2.93,39300
2011-10-10,3.03,81300
2011-10-11,3.0,101500
2011-10-12,3.04,268800
2011-10-13,2.9,34900
2011-10-14,3.1,356500
2011-10-17,3.05,17500
2011-10-18,3.03,87700
2011-10-19,3.0,27500
2011-10-20,2.91,61800
2011-10-21,2.95,65700
2011-10-24,3.0,102700
2011-10-25,2.95,46300
2011-10-26,2.91,50700
2011-10-27,2.86,230700
2011-10-28,2.8,31600
2011-10-31,2.7,41900
2011-11-01,2.65,76200
2011-11-02,2.64,40200
2011-11-03,2.75,74800
2011-11-04,2.72,10100
2011-11-07,2.7,26900
2011-11-08,2.72,86400
2011-11-09,2.65,40900
2011-11-10,2.7,129100
2011-11-11,2.69,24700
2011-11-14,2.7,15700
2011-11-15,2.5,79500
2011-11-16,2.53,105700
2011-11-17,2.6,95600
2011-11-18,2.49,150100
2011-11-21,2.32,39200
2011-11-22,2.5,87000
2011-11-23,2.3,38900
2011-11-25,2.2,57900
2011-11-28,2.2,23800
2011-11-29,2.1,25800
2011-11-30,2.17,56300
2011-12-01,2.15,21200
2011-12-02,2.15,131200
2011-12-05,2.12,8800
2011-12-06,2.11,22900
2011-12-07,2.35,46600
2011-12-08,2.36,86500
2011-12-09,2.26,14100
2011-12-12,2.48,76100
2011-12-13,2.48,30200
2011-12-14,2.37,25100
2011-12-15,2.31,13600
2011-12-16,2.3,29900
2011-12-19,2.16,26700
2011-12-20,2.25,8100
2011-12-21,2.2,33800
2011-12-22,2.11,44600
2011-12-23,2.15,57600
2011-12-27,2.25,12900
2011-12-28,2.29,9500
2011-12-29,2.29,
2011-12-30,2.4,26700
2012-01-03,2.35,39500
2012-01-04,2.35,5600
2012-01-05,2.35,14000
2012-01-06,2.25,16600
2012-01-09,2.35,164500
2012-01-10,2.35,19300
2012-01-11,2.35,33300
2012-01-12,2.35,129200
2012-01-13,2.3,132600
2012-01-17,2.37,106500
2012-01-18,2.54,200800
2012-01-19,2.45,13000
2012-01-20,2.6,124700
2012-01-23,2.5,54000
2012-01-24,2.5,116200
2012-01-25,2.74,327200
2012-01-26,2.6,129300
2012-01-27,2.75,17700
2012-01-30,3.05,35500
2012-01-31,3.3,172600
2012-02-01,3.44,230400
2012-02-02,3.3,17900
2012-02-03,3.27,82500
2012-02-06,3.1,43100
2012-02-07,3.09,111600
2012-02-08,3.0,27600
2012-02-09,3.17,70500
2012-02-10,3.0,14200
2012-02-13,3.05,4300
2012-02-14,3.06,8600
2012-02-15,2.95,6600
2012-02-16,2.89,88200
2012-02-17,2.89,2900
2012-02-21,2.85,16400
2012-02-22,3.05,27200
2012-02-23,3.07,58000
2012-02-24,3.06,29400
2012-02-27,3.17,55200
2012-02-28,3.2,25600
2012-02-29,3.16,15800
2012-03-01,3.2,9800
2012-03-02,3.1,40600
2012-03-05,2.97,12000
2012-03-06,2.92,30000
2012-03-07,2.95,4600
2012-03-08,3.0,9300
2012-03-09,3.06,33900
2012-03-12,3.05,45700
2012-03-13,3.24,37500
2012-03-14,3.2,40200
2012-03-15,3.15,20900
2012-03-16,3.15,3300
2012-03-19,3.18,62200
2012-03-20,3.4,137900
2012-03-21,3.75,337100
2012-03-22,3.72,18900
2012-03-23,3.75,50400
2012-03-26,3.8,52200
2012-03-27,3.88,40300
2012-03-28,3.7,64500
2012-03-29,3.75,28800
2012-03-30,3.69,8000
2012-04-02,3.82,59900
2012-04-03,4.01,86900
2012-04-04,3.97,65000
2012-04-05,4.03,20900
2012-04-09,4.0,10900
2012-04-10,4.0,49700
2012-04-11,4.02,21600
2012-04-12,4.02,32200
2012-04-13,4.0,44200
2012-04-16,4.0,37100
2012-04-17,4.04,52000
2012-04-18,4.0,37600
2012-04-19,4.03,27500
2012-04-20,3.99,66800
2012-04-23,3.95,11900
2012-04-24,3.95,6900
2012-04-25,3.9,33700
2012-04-26,3.95,26300
2012-04-27,3.95,28000
2012-04-30,4.0,48000
2012-05-01,4.0,42000
2012-05-02,3.98,8200
2012-05-03,3.98,26000
2012-05-04,3.85,35600
2012-05-07,3.8,51000
2012-05-08,3.75,41200
2012-05-09,3.53,28000
2012-05-10,3.32,41000
2012-05-11,2.98,252000
2012-05-14,2.81,63400
2012-05-15,2.94,85000
2012-05-16,3.0,21000
2012-05-17,2.93,122100
2012-05-18,2.85,106200
2012-05-21,3.04,17800
2012-05-22,3.4,68000
2012-05-23,3.65,53000
2012-05-24,3.78,61400
2012-05-25,3.82,67600
2012-05-29,3.74,30500
2012-05-30,3.45,61700
2012-05-31,3.4,15900
2012-06-01,3.53,115000
2012-06-04,3.54,15700
2012-06-05,3.57,79800
2012-06-06,3.84,98900
2012-06-07,3.83,39200
2012-06-08,3.93,183500
2012-06-11,4.45,334100
2012-06-12,4.78,461700
2012-06-13,4.7,237900
2012-06-14,4.74,226600
2012-06-15,4.52,300900
2012-06-18,4.52,198700
2012-06-19,4.68,215500
2012-06-20,4.45,350400
2012-06-21,4.0,550700
2012-06-22,4.21,6489500
2012-06-25,3.78,272300
2012-06-26,4.04,323800
2012-06-27,4.05,98300
2012-06-28,4.07,243300
2012-06-29,4.04,301500
2012-07-02,4.06,153200
2012-07-03,4.03,53800
2012-07-05,3.91,77500
2012-07-06,3.9,76100
2012-07-09,3.82,80500
2012-07-10,3.5,121000
2012-07-11,3.34,103600
2012-07-12,3.37,189900
2012-07-13,3.45,74700
2012-07-16,3.48,38400
2012-07-17,3.52,156400
2012-07-18,3.39,132500
2012-07-19,3.36,156800
2012-07-20,3.06,179900
2012-07-23,2.92,137400
2012-07-24,2.59,179300
2012-07-25,2.59,241100
2012-07-26,2.82,115200
2012-07-27,2.99,122900
2012-07-30,2.95,60400
2012-07-31,2.82,147800
2012-08-01,2.52,261300
2012-08-02,2.57,160700
2012-08-03,2.7,103600
2012-08-06,2.65,67700
2012-08-07,2.57,146500
2012-08-08,2.4,152100
2012-08-09,2.44,155900
2012-08-10,2.36,113600
2012-08-13,2.38,142800
2012-08-14,2.38,49300
2012-08-15,2.41,80900
2012-08-16,2.65,146600
2012-08-17,2.54,205500
2012-08-20,2.47,115600
2012-08-21,2.49,103800
2012-08-22,2.5,78100
2012-08-23,2.36,193300
2012-08-24,2.37,83200
2012-08-27,2.46,41400
2012-08-28,2.49,120800
2012-08-29,2.58,54700
2012-08-30,2.6,40500
2012-08-31,2.6,67100
2012-09-04,2.54,64200
2012-09-05,2.46,92300
2012-09-06,2.6,130900
2012-09-07,2.66,81000
2012-09-10,2.76,94500
2012-09-11,2.8,60700
2012-09-12,2.74,51000
2012-09-13,2.86,132900
2012-09-14,2.89,143100
2012-09-17,2.76,98000
2012-09-18,2.73,56700
2012-09-19,2.51,111600
2012-09-20,2.18,637300
2012-09-21,2.18,790900
2012-09-24,2.21,117500
2012-09-25,2.08,244000
2012-09-26,2.01,141100
2012-09-27,2.02,140400
2012-09-28,1.95,386500
2012-10-01,2.0,140200
2012-10-02,2.0,84600
2012-10-03,1.99,67200
2012-10-04,1.99,66600
2012-10-05,1.97,59300
2012-10-08,1.96,31000
2012-10-09,1.95,106300
2012-10-10,1.95,83700
2012-10-11,1.99,15100
2012-10-12,1.96,30700
2012-10-15,2.0,91400
2012-10-16,2.11,45500
2012-10-17,2.2,31800
2012-10-18,2.35,95300
2012-10-19,2.06,150300
2012-10-22,2.05,58800
2012-10-23,2.04,25100
2012-10-24,2.0,17200
2012-10-25,2.05,44700
2012-10-26,2.1,17100
2012-10-31,2.04,50300
2012-11-01,2.05,89600
2012-11-02,2.0,58300
2012-11-05,2.0,28200
2012-11-06,1.94,58700
2012-11-07,1.71,193100
2012-11-08,1.88,82400
2012-11-09,1.88,51100
2012-11-12,1.93,59900
2012-11-13,1.89,37300
2012-11-14,1.68,49700
2012-11-15,1.5,83500
2012-11-16,1.66,183800
2012-11-19,1.8,72000
2012-11-20,1.73,54700
2012-11-21,1.8,35800
2012-11-23,1.78,28200
2012-11-26,1.94,53400
2012-11-27,1.92,31000
2012-11-28,1.89,15500
2012-11-29,1.88,31000
2012-11-30,1.97,73600
2012-12-03,1.93,31000
2012-12-04,1.74,110700
2012-12-05,1.71,24200
2012-12-06,1.72,14300
2012-12-07,1.7,56900
2012-12-10,1.79,38300
2012-12-11,1.92,60100
2012-12-12,1.75,49000
2012-12-13,1.75,47000
2012-12-14,1.7,128500
2012-12-17,1.8,129200
2012-12-18,1.9,79900
2012-12-19,1.9,30600
2012-12-20,1.95,120900
2012-12-21,1.95,232200
2012-12-24,1.86,33700
2012-12-26,1.92,51200
2012-12-27,1.89,22900
2012-12-28,1.85,55900
2012-12-31,1.76,74200
2013-01-02,2.06,175800
2013-01-03,2.01,60200
2013-01-04,2.11,65900
2013-01-07,2.13,51000
2013-01-08,2.17,100300
2013-01-09,2.17,70500
2013-01-10,2.24,93900
2013-01-11,2.33,65700
2013-01-14,2.15,53700
2013-01-15,2.11,21900
2013-01-16,2.14,35700
2013-01-17,2.17,46200
2013-01-18,2.18,57800
2013-01-22,2.17,51400
2013-01-23,2.15,33300
2013-01-24,2.09,23600
2013-01-25,2.1,141500
2013-01-28,2.05,30000
2013-01-29,2.08,65000
2013-01-30,1.98,42800
2013-01-31,2.14,68400
2013-02-01,2.09,60200
2013-02-04,1.96,55700
2013-02-05,1.92,52600
2013-02-06,1.91,45500
2013-02-07,1.97,49600
2013-02-08,1.98,51700
2013-02-11,1.99,19300
2013-02-12,2.02,50100
2013-02-13,2.01,34400
2013-02-14,2.08,51500
2013-02-15,2.02,92800
2013-02-19,2.02,72700
2013-02-20,1.9,71500
2013-02-21,1.77,69200
2013-02-22,1.85,31100
2013-02-25,1.76,47200
2013-02-26,1.74,36700
2013-02-27,1.83,29100
2013-02-28,1.87,136100
2013-03-01,1.83,41900
2013-03-04,1.79,19900
2013-03-05,1.83,63000
2013-03-06,1.68,49200
2013-03-07,1.73,61600
2013-03-08,1.79,42100
2013-03-11,1.94,58900
2013-03-12,1.98,61200
2013-03-13,1.99,39200
2013-03-14,2.0,38400
2013-03-15,1.95,137200
2013-03-18,1.89,43000
2013-03-19,1.79,62200
2013-03-20,1.83,57600
2013-03-21,1.77,47800
2013-03-22,1.83,22400
2013-03-25,1.79,78600
2013-03-26,1.76,20900
2013-03-27,1.74,27300
2013-03-28,1.73,40500
2013-04-01,1.65,75900
2013-04-02,1.55,84500
2013-04-03,1.55,58200
2013-04-04,1.49,80500
2013-04-05,1.47,76900
2013-04-08,1.48,55200
2013-04-09,1.53,69500
2013-04-10,1.79,74900
2013-04-11,1.85,86000
2013-04-12,1.84,49000
2013-04-15,1.54,162100
2013-04-16,1.65,56600
2013-04-17,1.5,108200
2013-04-18,1.46,36000
2013-04-19,1.41,98400
2013-04-22,1.43,58700
2013-04-23,1.55,76100
2013-04-24,1.55,24500
2013-04-25,1.48,56700
2013-04-26,1.41,50700
2013-04-29,1.44,30900
2013-04-30,1.52,38500
2013-05-01,1.38,199200
2013-05-02,1.42,47300
2013-05-03,1.45,50000
2013-05-06,1.41,21800
2013-05-07,1.37,63400
2013-05-08,1.41,92700
2013-05-09,1.34,78700
2013-05-10,1.36,68100
2013-05-13,1.31,98900
2013-05-14,1.3,138000
2013-05-15,1.26,235000
2013-05-16,1.28,131300
2013-05-17,1.21,121500
2013-05-20,1.31,104000
2013-05-21,1.27,48300
2013-05-22,1.27,116200
2013-05-23,1.35,55500
2013-05-24,1.38,143100
2013-05-28,1.44,87900
2013-05-29,1.46,72300
2013-05-30,1.46,122000
2013-05-31,1.43,292500
2013-06-03,1.41,191300
2013-06-04,1.31,92600
2013-06-05,1.3,45500
2013-06-06,1.21,115200
2013-06-07,1.19,59700
2013-06-10,1.08,167400
2013-06-11,0.98,150900
2013-06-12,0.96,389600
2013-06-13,1.15,461400
2013-06-14,1.11,117100
2013-06-17,1.06,96500
2013-06-18,1.11,129300
2013-06-19,1.2,226900
2013-06-20,1.06,386200
2013-06-21,1.24,369100
2013-06-24,1.15,193200
2013-06-25,1.26,205700
2013-06-26,1.16,85100
2013-06-27,1.27,204000
2013-06-28,1.11,4204400
2013-07-01,1.17,177900
2013-07-02,1.15,123400
2013-07-03,1.15,294200
2013-07-05,1.1,68200
2013-07-08,1.08,78000
2013-07-09,1.08,121200
2013-07-10,1.17,152500
2013-07-11,1.12,75000
2013-07-12,1.09,95500
2013-07-15,1.09,44300
2013-07-16,1.09,44700
2013-07-17,1.05,71500
2013-07-18,1.02,72000
2013-07-19,1.01,84200
2013-07-22,1.01,55700
2013-07-23,0.98,52100
2013-07-24,0.97,99000
2013-07-25,0.95,49800
2013-07-26,0.95,44900
2013-07-29,0.95,81200
2013-07-30,0.93,111700
2013-07-31,0.94,93100
2013-08-01,0.93,58300
2013-08-02,0.92,45600
2013-08-05,0.92,27600
2013-08-06,0.93,22800
2013-08-07,0.91,35900
2013-08-08,0.92,59700
2013-08-09,0.94,49000
2013-08-12,1.08,132800
2013-08-13,1.11,84100
2013-08-14,1.15,26000
2013-08-15,1.13,31300
2013-08-16,1.26,71300
2013-08-19,1.26,116300
2013-08-20,1.3,64500
2013-08-21,1.25,41800
2013-08-22,1.17,36400
2013-08-23,1.2,40100
2013-08-26,1.16,23600
2013-08-27,1.08,22200
2013-08-28,1.07,44100
2013-08-29,1.08,17300
2013-08-30,1.18,15500
2013-09-03,1.28,62700
2013-09-04,1.35,171500
2013-09-05,1.34,33900
2013-09-06,1.31,15000
2013-09-09,1.35,47200
2013-09-10,1.41,71900
2013-09-11,1.45,57100
2013-09-12,1.48,133200
2013-09-13,1.5,24000
2013-09-16,1.51,41500
2013-09-17,1.6,106400
2013-09-18,1.62,54000
2013-09-19,1.62,51200
2013-09-20,1.7,106600
2013-09-23,1.64,113500
2013-09-24,1.61,111400
2013-09-25,1.46,123000
2013-09-26,1.35,72800
2013-09-27,1.32,48800
2013-09-30,1.39,19900
2013-10-01,1.51,22800
2013-10-02,1.63,55000
2013-10-03,1.55,70200
2013-10-04,1.56,79100
2013-10-07,1.57,68600
2013-10-08,1.38,41200
2013-10-09,1.32,22700
2013-10-10,1.44,74800
2013-10-11,1.42,28400
2013-10-14,1.38,2000
2013-10-15,1.34,58700
2013-10-16,1.46,100100
2013-10-17,1.4,54800
2013-10-18,1.36,53600
2013-10-21,1.46,5100
2013-10-22,1.45,49300
2013-10-23,1.45,36800
2013-10-24,1.44,10200
2013-10-25,1.48,38000
2013-10-28,1.49,54100
2013-10-29,1.56,65200
2013-10-30,1.56,35300
2013-10-31,1.58,47600
2013-11-01,1.58,34900
2013-11-04,1.64,41200
2013-11-05,1.63,33500
2013-11-06,1.59,73100
2013-11-07,1.56,36600
2013-11-08,1.55,25200
2013-11-11,1.55,100
2013-11-12,1.52,38800
2013-11-13,1.54,42300
2013-11-14,1.61,10600
2013-11-15,1.88,110600
2013-11-18,1.76,108000
2013-11-19,1.81,70500
2013-11-20,1.88,50500
2013-11-21,1.95,40200
2013-11-22,2.0,86700
2013-11-25,2.08,76300
2013-11-26,2.04,34000
2013-11-27,2.03,14300
2013-11-29,2.1,22500
2013-12-02,2.0,28500
2013-12-03,2.0,29300
2013-12-04,2.04,73700
2013-12-05,2.07,16600
2013-12-06,2.04,27000
2013-12-09,1.97,23200
2013-12-10,2.03,23100
2013-12-11,2.0,51200
2013-12-12,1.95,26200
2013-12-13,1.96,43400
2013-12-16,2.01,35400
2013-12-17,2.0,10500
2013-12-18,1.99,34200
2013-12-19,2.0,102400
2013-12-20,2.0,78800
2013-12-23,1.95,65200
2013-12-24,1.95,5300
2013-12-26,1.99,65100
2013-12-27,2.0,106200
2013-12-30,2.01,62100
2013-12-31,1.97,99900
2014-01-02,1.91,30300
2014-01-03,1.99,36300
2014-01-06,2.0,31400
2014-01-07,2.03,23300
2014-01-08,2.01,28800
2014-01-09,2.1,83300
2014-01-10,2.02,14300
2014-01-13,2.01,54100
2014-01-14,1.98,24800
2014-01-15,2.03,84100
2014-01-16,2.1,80700
2014-01-17,2.15,75300
2014-01-21,2.07,49600
2014-01-22,2.06,81200
2014-01-23,2.04,14800
2014-01-24,1.95,30300
2014-01-27,2.02,39300
2014-01-28,2.1,15900
2014-01-29,1.99,23300
2014-01-30,2.05,11500
2014-01-31,2.07,33300
2014-02-03,2.0,6700
2014-02-04,1.98,16400
2014-02-05,2.03,74100
2014-02-06,1.95,26900
2014-02-07,1.95,13100
2014-02-10,1.94,15500
2014-02-11,1.95,7800
2014-02-12,1.94,16800
2014-02-13,1.92,3300
2014-02-14,1.95,11300
2014-02-18,1.89,42800
2014-02-19,1.9,30900
2014-02-20,1.91,42800
2014-02-21,1.9,55000
2014-02-24,1.9,54600
2014-02-25,1.89,43300
2014-02-26,1.89,43600
2014-02-27,1.86,71800
2014-02-28,1.91,8800
2014-03-03,1.81,39800
2014-03-04,1.86,15700
2014-03-05,1.9,21100
2014-03-06,1.91,10800
2014-03-07,1.9,5900
2014-03-10,1.89,12900
2014-03-11,1.87,31600
2014-03-12,1.88,4000
2014-03-13,1.85,2100
2014-03-14,1.87,4800
2014-03-17,1.86,28600
2014-03-18,1.75,40800
2014-03-19,1.81,8200
2014-03-20,1.86,22900
2014-03-21,1.83,20700
2014-03-24,1.81,14700
2014-03-25,1.81,17300
2014-03-26,1.8,19200
2014-03-27,1.84,29000
2014-03-28,1.8,22600
2014-03-31,1.82,17100
2014-04-01,1.84,1200
2014-04-02,1.89,24300
2014-04-03,1.86,6800
2014-04-04,1.86,2600
2014-04-07,1.87,3700
2014-04-08,1.92,8200
2014-04-09,2.03,82600
2014-04-10,2.03,53100
2014-04-11,1.96,55800
2014-04-14,1.98,27000
2014-04-15,1.96,11400
2014-04-16,1.98,25300
2014-04-17,1.86,53000
2014-04-21,1.95,88500
2014-04-22,1.99,6300
2014-04-23,2.01,7200
2014-04-24,2.01,7300
2014-04-25,2.01,2600
2014-04-28,2.0,6800
2014-04-29,1.95,2400
2014-04-30,2.0,18000
2014-05-01,1.95,12500
2014-05-02,1.97,500
2014-05-05,1.98,17800
2014-05-06,1.95,9800
2014-05-07,1.9,16500
2014-05-08,1.91,3700
2014-05-09,1.83,10300
2014-05-12,1.83,21900
2014-05-13,1.86,22700
2014-05-14,1.81,21100
2014-05-15,1.82,48800
2014-05-16,1.87,68300
2014-05-19,1.88,3800
2014-05-20,1.7,95800
2014-05-21,1.62,43700
2014-05-22,1.7,37400
2014-05-23,1.75,7400
2014-05-27,1.71,4600
2014-05-28,1.72,10100
2014-05-29,1.72,17900
2014-05-30,1.68,34600
2014-06-02,1.68,14100
2014-06-03,1.68,29400
2014-06-04,1.66,29700
2014-06-05,1.68,36800
2014-06-06,1.64,43900
2014-06-09,1.75,27000
2014-06-10,1.75,4800
2014-06-11,1.8,5600
2014-06-12,1.83,12700
2014-06-13,1.79,12300
2014-06-16,1.71,4900
2014-06-17,1.78,3100
2014-06-18,1.75,35500
2014-06-19,1.65,28400
2014-06-20,1.53,71300
2014-06-23,1.62,31700
2014-06-24,1.75,57800
2014-06-25,1.75,1300
2014-06-26,1.66,21700
2014-06-27,1.6,48600
2014-06-30,1.42,78800
2014-07-01,1.49,50400
2014-07-02,1.47,11500
2014-07-03,1.6,14900
2014-07-07,1.48,17100
2014-07-08,1.46,9400
2014-07-09,1.46,6200
2014-07-10,1.43,3700
2014-07-11,1.45,17900
2014-07-14,1.52,130600
2014-07-15,1.65,4700
2014-07-16,1.68,11800
2014-07-17,1.64,7800
2014-07-18,1.59,31100
2014-07-21,1.47,31100
2014-07-22,1.54,23900
2014-07-23,1.46,52900
2014-07-24,1.52,47000
2014-07-25,1.58,18200
2014-07-28,1.5,13600
2014-07-29,1.5,40200
2014-07-30,1.54,6000
2014-07-31,1.52,7900
2014-08-01,1.51,4300
2014-08-04,1.6,14900
2014-08-05,1.66,27000
2014-08-06,1.69,11500
2014-08-07,1.53,23300
2014-08-08,1.53,65100
2014-08-11,1.46,45400
2014-08-12,1.53,54000
2014-08-13,1.52,2700
2014-08-14,1.53,2200
2014-08-15,1.49,4100
2014-08-18,1.5,6800
2014-08-19,1.51,22900
2014-08-20,1.49,38500
2014-08-21,1.49,11600
2014-08-22,1.5,18200
2014-08-25,1.5,7700
2014-08-26,1.49,36300
2014-08-27,1.55,31100
2014-08-28,1.53,34100
2014-08-29,1.53,6600
2014-09-02,1.5,63600
2014-09-03,1.5,51000
2014-09-04,1.48,47900
2014-09-05,1.48,12900
2014-09-08,1.48,85100
2014-09-09,1.37,91200
2014-09-10,1.19,49300
2014-09-11,1.16,182600
2014-09-12,1.18,69300
2014-09-15,1.2,105000
2014-09-16,1.28,93800
2014-09-17,1.46,99100
2014-09-18,1.46,111200
2014-09-19,1.5,525100
2014-09-22,1.47,61500
2014-09-23,1.43,62800
2014-09-24,1.47,40300
2014-09-25,1.46,49800
2014-09-26,1.43,12800
2014-09-29,1.47,2000
2014-09-30,1.27,18900
2014-10-01,1.28,13400
2014-10-02,1.16,24400
2014-10-03,1.15,57900
2014-10-06,1.06,84500
2014-10-07,1.02,56300
2014-10-08,1.0,13100
2014-10-09,1.02,39400
2014-10-10,1.04,42400
2014-10-13,1.06,2600
2014-10-14,1.05,42400
2014-10-15,0.97,35900
2014-10-16,0.94,25400
2014-10-17,1.14,120300
2014-10-20,1.1,24100
2014-10-21,1.13,40000
2014-10-22,1.14,20400
2014-10-23,1.15,25800
2014-10-24,1.07,56500
2014-10-27,1.1,34600
2014-10-28,1.06,50500
2014-10-29,1.08,22400
2014-10-30,1.09,5800
2014-10-31,1.1,22300
2014-11-03,1.09,18600
2014-11-04,1.03,6700
2014-11-05,1.11,9500
2014-11-06,1.06,6800
2014-11-07,1.07,5100
2014-11-10,1.05,7400
2014-11-11,1.11,27700
2014-11-12,1.17,50800
2014-11-13,1.11,1500
2014-11-14,1.09,29000
2014-11-17,1.05,12000
2014-11-18,0.98,49300
2014-11-19,0.93,80800
2014-11-20,0.95,52100
2014-11-21,0.99,86500
2014-11-24,0.97,33800
2014-11-25,0.95,28200
2014-11-26,0.97,9700
2014-11-28,0.91,5000
2014-12-01,0.93,24400
2014-12-02,0.99,21300
2014-12-03,0.96,10400
2014-12-04,0.96,6300
2014-12-05,0.97,16700
2014-12-08,0.91,12200
2014-12-09,0.83,25300
2014-12-10,0.78,30000
2014-12-11,0.72,70200
2014-12-12,0.89,73400
2014-12-15,0.83,40900
2014-12-16,0.75,41700
2014-12-17,0.75,25600
2014-12-18,0.73,26700
2014-12-19,0.77,52400
2014-12-22,0.8,80000
2014-12-23,0.76,102500
2014-12-24,0.76,41300
2014-12-26,0.72,43800
2014-12-29,0.6,85600
2014-12-30,0.67,24800
2014-12-31,0.7,87000
2015-01-02,0.76,9100
2015-01-05,0.77,33600
2015-01-06,0.7,15600
2015-01-07,0.69,38800
2015-01-08,0.68,3600
2015-01-09,0.68,24000
2015-01-12,0.7,33500
2015-01-13,0.78,71800
2015-01-14,0.65,29600
2015-01-15,0.65,27600
2015-01-16,0.65,48900
2015-01-20,0.56,37700
2015-01-21,0.56,60900
2015-01-22,0.57,27400
2015-01-23,0.49,208800
2015-01-26,0.48,28500
2015-01-27,0.5,15400
2015-01-28,0.57,133500
2015-01-29,0.51,55200
2015-01-30,0.5,16200
2015-02-02,0.5,18600
2015-02-03,0.57,117200
2015-02-04,0.71,63400
2015-02-05,0.68,33200
2015-02-06,0.59,47100
2015-02-09,0.7,51300
2015-02-10,0.63,42400
2015-02-11,0.6,2900
2015-02-12,0.6,103600
2015-02-13,0.63,47200
2015-02-17,0.68,29600
2015-02-18,0.71,48600
2015-02-19,0.6,51000
2015-02-20,0.6,83600
2015-02-23,0.61,24100
2015-02-24,0.69,57200
2015-02-25,0.68,28900
2015-02-26,0.7,23600
2015-02-27,0.65,25500
2015-03-02,0.65,6900
2015-03-03,0.62,4900
2015-03-04,0.62,36000
2015-03-05,0.63,15700
2015-03-06,0.61,12800
2015-03-09,0.62,32300
2015-03-10,0.65,1300
2015-03-11,0.66,3700
2015-03-12,0.63,14600
2015-03-13,0.72,21100
2015-03-16,0.74,4900
2015-03-17,0.66,9300
2015-03-18,0.7,1900
2015-03-19,0.7,1200
2015-03-20,0.68,3900
2015-03-23,0.7,300
2015-03-24,0.68,7100
2015-03-25,0.59,12800
2015-03-26,0.59,
2015-03-27,0.65,2300
2015-03-30,0.65,13100
2015-03-31,0.68,24200
2015-04-01,0.69,1100
2015-04-02,0.7,3200
2015-04-06,0.7,19000
2015-04-07,0.67,13300
2015-04-08,0.68,4800
2015-04-09,0.72,57900
2015-04-10,0.77,47000
2015-04-13,0.83,20100
2015-04-14,0.97,10300
2015-04-15,1.03,73400
2015-04-16,1.06,35300
2015-04-17,1.12,33900
2015-04-20,1.23,58700
2015-04-21,1.23,66100
2015-04-22,1.36,109800
2015-04-23,1.36,126200
2015-04-24,1.52,77500
2015-04-27,1.42,200900
2015-04-28,1.28,45500
2015-04-29,1.11,87200
2015-04-30,1.1,64900
2015-05-01,1.16,40200
2015-05-04,1.12,21000
2015-05-05,1.19,228100
2015-05-06,1.25,66300
2015-05-07,1.18,20900
2015-05-08,1.15,25800
2015-05-11,1.16,60700
2015-05-12,1.15,109900
2015-05-13,1.15,7700
2015-05-14,1.13,22900
2015-05-15,1.24,36900
2015-05-18,1.17,22200
2015-05-19,1.02,74100
2015-05-20,1.06,10700
2015-05-21,1.02,32400
2015-05-22,0.99,33800
2015-05-26,0.89,63200
2015-05-27,0.88,25700
2015-05-28,0.82,29100
2015-05-29,0.81,2700
2015-06-01,0.82,4000
2015-06-02,0.67,121400
2015-06-03,0.67,257200
2015-06-04,0.68,68200
2015-06-05,0.61,157800
2015-06-08,0.65,394200
2015-06-09,0.84,145800
2015-06-10,0.84,20400
2015-06-11,0.79,21200
2015-06-12,0.8,34600
2015-06-15,0.73,46100
2015-06-16,0.66,72200
2015-06-17,0.71,22700
2015-06-18,0.69,3700
2015-06-19,0.7,13700
2015-06-22,0.69,2000
2015-06-23,0.69,26900
2015-06-24,0.68,24300
2015-06-25,0.67,4000
2015-06-26,0.86,58100
2015-06-29,0.7,33500
2015-06-30,0.68,18700
2015-07-01,0.74,23200
2015-07-02,0.72,2400
2015-07-06,0.81,17800
2015-07-07,0.7,32900
2015-07-08,0.68,14600
2015-07-09,0.65,5500
2015-07-10,0.66,8300
2015-07-13,0.66,1000
2015-07-14,0.7,8000
2015-07-15,0.68,2600
2015-07-16,0.74,1900
2015-07-17,0.74,4500
2015-07-20,0.75,3100
2015-07-21,0.75,2100
2015-07-22,0.67,1100
2015-07-23,0.67,
2015-07-24,0.66,24100
2015-07-27,0.7,8900
2015-07-28,0.63,3600
2015-07-29,0.66,25900
2015-07-30,0.66,8300
2015-07-31,0.65,14500
2015-08-03,0.61,2600
2015-08-04,0.58,7300
2015-08-05,0.58,8200
2015-08-06,0.59,12800
2015-08-07,0.57,8500
2015-08-10,0.58,4100
2015-08-11,0.55,13000
2015-08-12,0.57,9800
2015-08-13,0.56,25000
2015-08-14,0.53,1700
2015-08-17,0.54,30800
2015-08-18,0.48,18900
2015-08-19,0.49,3400
2015-08-20,0.48,26500
2015-08-21,0.49,5900
2015-08-24,0.48,17700
2015-08-25,0.51,4300
2015-08-26,0.57,29000
2015-08-27,0.55,57300
2015-08-28,0.54,56000
2015-08-31,0.55,6000
2015-09-01,0.49,47700
2015-09-02,0.5,25700
2015-09-03,0.53,22400
2015-09-04,0.52,32700
2015-09-08,0.56,6000
2015-09-09,0.53,3900
2015-09-10,0.51,17800
2015-09-11,0.52,10700
2015-09-14,0.46,28300
2015-09-15,0.48,63700
2015-09-16,0.5,42500
2015-09-17,0.46,32600
2015-09-18,0.35,49900
2015-09-21,0.43,24600
2015-09-22,0.43,15100
2015-09-23,0.48,4100
2015-09-24,0.45,1000
2015-09-25,0.4,7200
2015-09-28,0.38,33400
2015-09-29,0.36,6100
2015-09-30,0.35,33800
2015-10-01,0.33,30400
2015-10-02,0.33,20700
2015-10-05,0.33,66200
2015-10-06,0.43,179200
2015-10-07,0.37,42300
2015-10-08,0.42,19800
2015-10-09,0.41,19500
2015-10-12,0.41,6800
2015-10-13,0.41,
2015-10-14,0.4,9700
2015-10-15,0.42,60100
2015-10-16,0.35,16600
2015-10-19,0.43,57100
2015-10-20,0.4,28400
2015-10-21,0.39,2800
2015-10-22,0.35,126200
2015-10-23,0.34,177400
2015-10-26,0.35,74300
2015-10-27,0.35,14500
2015-10-28,0.33,173700
2015-10-29,0.3,123100
2015-10-30,0.3,13800
2015-11-02,0.34,77600
2015-11-03,0.32,61300
2015-11-04,0.35,31200
2015-11-05,0.35,17600
2015-11-06,0.33,52400
2015-11-09,0.32,19700
2015-11-10,0.28,231400
2015-11-11,0.33,44600
2015-11-12,0.3,47500
2015-11-13,0.35,18100
2015-11-16,0.36,17700
2015-11-17,0.37,82400
2015-11-18,0.34,10800
2015-11-19,0.38,17100
2015-11-20,0.37,24200
2015-11-23,0.38,35900
2015-11-24,0.38,95400
2015-11-25,0.38,27900
2015-11-27,0.38,
2015-11-30,0.35,97600
2015-12-01,0.34,1700
2015-12-02,0.35,3600
2015-12-03,0.33,6000
2015-12-04,0.38,62300
2015-12-07,0.34,41000
2015-12-08,0.33,12700
2015-12-09,0.32,27000
2015-12-10,0.36,2700
2015-12-11,0.35,4200
2015-12-14,0.31,66600
2015-12-15,0.34,8900
2015-12-16,0.33,34200
2015-12-17,0.32,27000
2015-12-18,0.34,65400
2015-12-21,0.28,61600
2015-12-22,0.25,65700
2015-12-23,0.27,90200
2015-12-24,0.27,8400
2015-12-28,0.24,103700
2015-12-29,0.24,69800
2015-12-30,0.25,102700
2015-12-31,0.29,99200
2016-01-04,0.31,9500
2016-01-05,0.32,21000
2016-01-06,0.31,54100
2016-01-07,0.33,1700
2016-01-08,0.31,15400
2016-01-11,0.27,48200
2016-01-12,0.25,20200
2016-01-13,0.3,22500
2016-01-14,0.28,18300
2016-01-15,0.23,147200
2016-01-19,0.27,104400
2016-01-20,0.3,48600
2016-01-21,0.3,1500
2016-01-22,0.26,16800
2016-01-25,0.25,43500
2016-01-26,0.25,43300
2016-01-27,0.23,28200
2016-01-28,0.22,72600
2016-01-29,0.2,79100
2016-02-01,0.2,131800
2016-02-02,0.21,45400
2016-02-03,0.17,133100
2016-02-04,0.19,119900
2016-02-05,0.18,88600
2016-02-08,0.21,36700
2016-02-09,0.21,9300
2016-02-10,0.21,1200
2016-02-11,0.25,94900
2016-02-12,0.27,37900
2016-02-16,0.23,16800
2016-02-17,0.24,5600
2016-02-18,0.22,41300
2016-02-19,0.2,96600
2016-02-22,0.22,2400
2016-02-23,0.2,16400
2016-02-24,0.2,95100
2016-02-25,0.23,15000
2016-02-26,0.27,106400
2016-02-29,0.27,84700
2016-03-01,0.25,8400
2016-03-02,0.27,52900
2016-03-03,0.26,28400
2016-03-04,0.27,74000
2016-03-07,0.24,44800
2016-03-08,0.27,6300
2016-03-09,0.29,6100
2016-03-10,0.28,27400
2016-03-11,0.28,3900
2016-03-14,0.29,6600
2016-03-15,0.28,600
2016-03-16,0.32,484600
2016-03-17,0.32,609100
2016-03-18,0.23,574300
2016-03-21,0.23,445600
2016-03-22,0.2,2438500
2016-03-23,0.19,120000
2016-03-24,0.2,106700
2016-03-28,0.19,354800
2016-03-29,0.19,116800
2016-03-30,0.19,148800
2016-03-31,0.23,394700
2016-04-01,0.24,334700
2016-04-04,0.25,233200
2016-04-05,0.24,57600
2016-04-06,0.24,52600
2016-04-07,0.26,37600
2016-04-08,0.25,38800
2016-04-11,0.26,66200
2016-04-12,0.25,119900
2016-04-13,0.25,555300
2016-04-14,0.27,69500
2016-04-15,0.25,210200
2016-04-18,0.24,31500
2016-04-19,0.24,114800
2016-04-20,0.24,60900
2016-04-21,0.25,80700
2016-04-22,0.25,157200
2016-04-25,0.26,53900
2016-04-26,0.26,235900
2016-04-27,0.25,207500
2016-04-28,0.26,49200
2016-04-29,0.27,78300
2016-05-02,0.31,442300
2016-05-03,0.29,242600
2016-05-04,0.28,41100
2016-05-05,0.29,55300
2016-05-06,0.27,19100
2016-05-09,0.29,25700
2016-05-10,0.28,8100
2016-05-11,0.28,49300
2016-05-12,0.27,17500
2016-05-13,0.28,70200
2016-05-16,0.26,12800
2016-05-17,0.27,29000
2016-05-18,0.28,47400
2016-05-19,0.26,20300
2016-05-20,0.26,22400
2016-05-23,0.26,1800
2016-05-24,0.25,73700
2016-05-25,0.26,20300
2016-05-26,0.25,82500
2016-05-27,0.25,26400
2016-05-31,0.25,49800
2016-06-01,0.23,44200
2016-06-02,0.22,438500
2016-06-03,0.22,33300
2016-06-06,0.25,44600
2016-06-07,0.24,23900
2016-06-08,0.23,63400
2016-06-09,0.24,60300
2016-06-10,0.24,10600
2016-06-13,0.25,12400
2016-06-14,0.25,33200
2016-06-15,0.25,3400
2016-06-16,0.25,35500
2016-06-17,0.23,159900
2016-06-20,0.24,97200
2016-06-21,0.23,122000
2016-06-22,0.24,100900
2016-06-23,0.23,24500
2016-06-24,0.23,170600
2016-06-27,0.22,55000
2016-06-28,0.23,54700
2016-06-29,0.23,14500
2016-06-30,0.21,23100
2016-07-01,0.21,99200
2016-07-05,0.24,215900
2016-07-06,0.26,242500
2016-07-07,0.25,124500
2016-07-08,0.25,107200
2016-07-11,0.25,25800
2016-07-12,0.25,139900
2016-07-13,0.25,183500
2016-07-14,0.26,256600
2016-07-15,0.25,241100
2016-07-18,0.25,20100
2016-07-19,0.25,9500
2016-07-20,0.26,107300
2016-07-21,0.25,67600
2016-07-22,0.25,13900
2016-07-25,0.25,44200
2016-07-26,0.25,21400
2016-07-27,0.26,34100
2016-07-28,0.25,12500
2016-07-29,0.24,57800
2016-08-01,0.24,155000
2016-08-02,0.28,492400
2016-08-03,0.34,962100
2016-08-04,0.33,172800
2016-08-05,0.33,176900
2016-08-08,0.31,112000
2016-08-09,0.33,93000
2016-08-10,0.33,117500
2016-08-11,0.34,67100
2016-08-12,0.31,308500
2016-08-15,0.34,144100
2016-08-16,0.33,17600
2016-08-17,0.35,93900
2016-08-18,0.4,960600
2016-08-19,0.4,155800
2016-08-22,0.36,79900
2016-08-23,0.4,91100
2016-08-24,0.39,112000
2016-08-25,0.4,53600
2016-08-26,0.4,25400
2016-08-29,0.39,81300
2016-08-30,0.39,39700
2016-08-31,0.39,74000
2016-09-01,0.39,21700
2016-09-02,0.38,33400
2016-09-06,0.46,292200
2016-09-07,0.52,521100
2016-09-08,0.55,271700
2016-09-09,0.56,128700
2016-09-12,0.54,157100
2016-09-13,0.55,107700
2016-09-14,0.56,112500
2016-09-15,0.59,158800
2016-09-16,0.47,272600
2016-09-19,0.51,130700
2016-09-20,0.48,187900
2016-09-21,0.47,40400
2016-09-22,0.48,100300
2016-09-23,0.49,27700
2016-09-26,0.48,7000
2016-09-27,0.48,27700
2016-09-28,0.42,63400
2016-09-29,0.46,37800
2016-09-30,0.45,16700
2016-10-03,0.44,40300
2016-10-04,0.46,59900
2016-10-05,0.44,55300
2016-10-06,0.43,18800
2016-10-07,0.39,161800
2016-10-10,0.41,33200
2016-10-11,0.41,37800
2016-10-12,0.44,8700
2016-10-13,0.43,21500
2016-10-14,0.44,17800
2016-10-17,0.42,17500
2016-10-18,0.44,21100
2016-10-19,0.41,55000
2016-10-20,0.4,3100
2016-10-21,0.41,4100
2016-10-24,0.41,82800
2016-10-25,0.41,4400
2016-10-26,0.41,600
2016-10-27,0.41,1100
2016-10-28,0.41,3900
2016-10-31,0.41,48400
2016-11-01,0.4,12700
2016-11-02,0.41,2700
2016-11-03,0.41,100
2016-11-04,0.4,8800
2016-11-07,0.41,3800
2016-11-08,0.4,22900
2016-11-09,0.41,34500
2016-11-10,0.42,42300
2016-11-11,0.42,30700
2016-11-14,0.38,38800
2016-11-15,0.39,15200
2016-11-16,0.31,252900
2016-11-17,0.28,118800
2016-11-18,0.29,120000
2016-11-21,0.29,56700
2016-11-22,0.29,32600
2016-11-23,0.29,41600
2016-11-25,0.29,36100
2016-11-28,0.3,40700
2016-11-29,0.3,9300
2016-11-30,0.29,4900
2016-12-01,0.29,49900
2016-12-02,0.28,13100
2016-12-05,0.28,65100
2016-12-06,0.28,82400
2016-12-07,0.28,29200
2016-12-08,0.26,64500
2016-12-09,0.3,108300
2016-12-12,0.31,68100
2016-12-13,0.35,73800
2016-12-14,0.3,59400
2016-12-15,0.34,94900
2016-12-16,0.35,74300
2016-12-19,0.31,144900
2016-12-20,0.3,83800
2016-12-21,0.28,24800
2016-12-22,0.3,616700
2016-12-23,0.3,179900
2016-12-27,0.27,225300
2016-12-28,0.27,65000
2016-12-29,0.26,139200
2016-12-30,0.25,170000
2017-01-03,0.25,19800
2017-01-04,0.25,38000
2017-01-05,0.26,140600
2017-01-06,0.27,11700
2017-01-09,0.27,63500
2017-01-10,0.26,34800
2017-01-11,0.3,157000
2017-01-12,0.36,333400
2017-01-13,0.36,53000
2017-01-17,0.34,31700
2017-01-18,0.35,23100
2017-01-19,0.35,21100
2017-01-20,0.33,21800
2017-01-23,0.34,24700
2017-01-24,0.36,102300
2017-01-25,0.35,74400
2017-01-26,0.36,87500
2017-01-27,0.36,36800
2017-01-30,0.34,74400
2017-01-31,0.35,18500
2017-02-01,0.35,155200
2017-02-02,0.41,249300
2017-02-03,0.44,176400
2017-02-06,0.42,58600
2017-02-07,0.42,37700
2017-02-08,0.44,23600
2017-02-09,0.45,41800
2017-02-10,0.45,37000
2017-02-13,0.45,28900
2017-02-14,0.46,146300
2017-02-15,0.45,65400
2017-02-16,0.44,17500
2017-02-17,0.42,222200
2017-02-21,0.44,55000
2017-02-22,0.45,103800
2017-02-23,0.46,71000
2017-02-24,0.4,44500
2017-02-27,0.41,31900
2017-02-28,0.4,36500
2017-03-01,0.4,58400
2017-03-02,0.38,85000
2017-03-03,0.4,65800
2017-03-06,0.39,15400
2017-03-07,0.38,41600
2017-03-08,0.4,12500
2017-03-09,0.4,38500
2017-03-10,0.42,71900
2017-03-13,0.46,345900
2017-03-14,0.49,41300
2017-03-15,0.47,42900
2017-03-16,0.47,26600
2017-03-17,0.47,85600
2017-03-20,0.49,34400
2017-03-21,0.45,54000
2017-03-22,0.47,37200
2017-03-23,0.51,15100
2017-03-24,0.5,20300
2017-03-27,0.5,35400
2017-03-28,0.48,75300
2017-03-29,0.51,80100
2017-03-30,0.52,41100
2017-03-31,0.5,85000
2017-04-03,0.41,122600
2017-04-04,0.44,115700
2017-04-05,0.44,43900
2017-04-06,0.47,20200
2017-04-07,0.48,27800
2017-04-10,0.44,43600
2017-04-11,0.44,25300
2017-04-12,0.45,9200
2017-04-13,0.45,25800
2017-04-17,0.39,106900
2017-04-18,0.36,177600
2017-04-19,0.37,17600
2017-04-20,0.4,20800
2017-04-21,0.42,22300
2017-04-24,0.43,23100
2017-04-25,0.44,8800
2017-04-26,0.43,19600
2017-04-27,0.43,26400
2017-04-28,0.44,15500
2017-05-01,0.41,43100
2017-05-02,0.4,34600
2017-05-03,0.4,20300
2017-05-04,0.4,34500
2017-05-05,0.37,69700
2017-05-08,0.35,92900
2017-05-09,0.38,26900
2017-05-10,0.44,124600
2017-05-11,0.45,51200
2017-05-12,0.43,80400
2017-05-15,0.45,40100
2017-05-16,0.45,3400
2017-05-17,0.43,27100
2017-05-18,0.45,92100
2017-05-19,0.45,45900
2017-05-22,0.41,8900
2017-05-23,0.44,47700
2017-05-24,0.44,19800
2017-05-25,0.44,69500
2017-05-26,0.44,36700
2017-05-30,0.45,9700
2017-05-31,0.46,34600
2017-06-01,0.43,4500
2017-06-02,0.46,24700
2017-06-05,0.45,29200
2017-06-06,0.41,41100
2017-06-07,0.43,29100
2017-06-08,0.43,33000
2017-06-09,0.41,82300
2017-06-12,0.42,19000
2017-06-13,0.41,19500
2017-06-14,0.4,6200
2017-06-15,0.42,13900
2017-06-16,0.39,16000
2017-06-19,0.41,87900
2017-06-20,0.42,8700
2017-06-21,0.4,41100
2017-06-22,0.41,1900
2017-06-23,0.39,30000
2017-06-26,0.39,24300
2017-06-27,0.4,91100
2017-06-28,0.39,16700
2017-06-29,0.36,22300
2017-06-30,0.39,73600
2017-07-03,0.43,9500
2017-07-05,0.38,161000
2017-07-06,0.38,38400
2017-07-07,0.36,133100
2017-07-10,0.35,121400
2017-07-11,0.35,102300
2017-07-12,0.35,38800
2017-07-13,0.35,68000
2017-07-14,0.36,63100
2017-07-17,0.35,13100
2017-07-18,0.36,79100
2017-07-19,0.34,105900
2017-07-20,0.34,67400
2017-07-21,0.35,41600
2017-07-24,0.33,52600
2017-07-25,0.33,86500
2017-07-26,0.34,74700
2017-07-27,0.34,52400
2017-07-28,0.34,64400
2017-07-31,0.34,18200
2017-08-01,0.33,17500
2017-08-02,0.34,50800
2017-08-03,0.34,10700
2017-08-04,0.33,55600
2017-08-07,0.34,8600
2017-08-08,0.33,37200
2017-08-09,0.32,18400
2017-08-10,0.33,27200
2017-08-11,0.33,26100
2017-08-14,0.38,98800
2017-08-15,0.38,80000
2017-08-16,0.38,37700
2017-08-17,0.36,114900
2017-08-18,0.35,50900
2017-08-21,0.36,61800
2017-08-22,0.36,28200
2017-08-23,0.34,183500
2017-08-24,0.31,220900
2017-08-25,0.33,49500
2017-08-28,0.31,11600
2017-08-29,0.31,114300
2017-08-30,0.33,83700
2017-08-31,0.32,35600
2017-09-01,0.32,70000
2017-09-05,0.32,86600
2017-09-06,0.32,38900
2017-09-07,0.3,144700
2017-09-08,0.29,170100
2017-09-11,0.29,84600
2017-09-12,0.3,36200
2017-09-13,0.3,113400
2017-09-14,0.29,92500
2017-09-15,0.32,110700
2017-09-18,0.29,122800
2017-09-19,0.29,24300
2017-09-20,0.3,24400
2017-09-21,0.3,15600
2017-09-22,0.3,41400
2017-09-25,0.29,11100
2017-09-26,0.28,78400
2017-09-27,0.29,34000
2017-09-28,0.3,45500
2017-09-29,0.29,107500
2017-10-02,0.28,26100
2017-10-03,0.27,70800
2017-10-04,0.27,309600
2017-10-05,0.26,220300
2017-10-06,0.27,114900
2017-10-09,0.26,214700
2017-10-10,0.25,49900
2017-10-11,0.27,50300
2017-10-12,0.27,31000
2017-10-13,0.27,35600
2017-10-16,0.26,63900
2017-10-17,0.27,143600
2017-10-18,0.26,15400
2017-10-19,0.27,48200
2017-10-20,0.26,81800
2017-10-23,0.24,76700
2017-10-24,0.26,104300
2017-10-25,0.25,23400
2017-10-26,0.25,162800
2017-10-27,0.25,61900
2017-10-30,0.24,129800
2017-10-31,0.23,153200
2017-11-01,0.23,39900
2017-11-02,0.22,37400
2017-11-03,0.23,75000
2017-11-06,0.25,54000
2017-11-07,0.27,119600
2017-11-08,0.25,33700
2017-11-09,0.25,31800
2017-11-10,0.24,15000
2017-11-13,0.25,15800
2017-11-14,0.25,46100
2017-11-15,0.24,39600
2017-11-16,0.23,73200
2017-11-17,0.23,19800
2017-11-20,0.23,62700
2017-11-21,0.23,122800
2017-11-22,0.22,39900
2017-11-24,0.22,10600
2017-11-27,0.23,133900
2017-11-28,0.25,429600
2017-11-29,0.26,126700
2017-11-30,0.27,165600
2017-12-01,0.27,162300
2017-12-04,0.31,329600
2017-12-05,0.33,378300
2017-12-06,0.28,197700
2017-12-07,0.3,79300
2017-12-08,0.27,111700
2017-12-11,0.27,94800
2017-12-12,0.23,252300
2017-12-13,0.24,196300
2017-12-14,0.28,438100
2017-12-15,0.29,130200
2017-12-18,0.29,80500
2017-12-19,0.28,126000
2017-12-20,0.29,160900
2017-12-21,0.29,125500
2017-12-22,0.31,33700
2017-12-26,0.32,70400
2017-12-27,0.33,78700
2017-12-28,0.31,154700
2017-12-29,0.32,40400
2018-01-02,0.31,35900
2018-01-03,0.31,54600
2018-01-04,0.33,105400
2018-01-05,0.33,25100
2018-01-08,0.33,107900
2018-01-09,0.34,45300
2018-01-10,0.33,16400
2018-01-11,0.34,139300
2018-01-12,0.34,81000
2018-01-16,0.33,86900
2018-01-17,0.31,80500
2018-01-18,0.33,542100
2018-01-19,0.31,116400
2018-01-22,0.31,65600
2018-01-23,0.33,87700
2018-01-24,0.32,112500
2018-01-25,0.34,115100
2018-01-26,0.34,164400
2018-01-29,0.34,70600
2018-01-30,0.34,117700
2018-01-31,0.33,106200
2018-02-01,0.34,85700
2018-02-02,0.33,180100
2018-02-05,0.31,202100
2018-02-06,0.31,63500
2018-02-07,0.29,44000
2018-02-08,0.29,91900
2018-02-09,0.3,48000
2018-02-12,0.29,38400
2018-02-13,0.27,60200
2018-02-14,0.28,17200
2018-02-15,0.28,26100
2018-02-16,0.26,45200
2018-02-20,0.28,29800
2018-02-21,0.28,29100
2018-02-22,0.27,25900
2018-02-23,0.28,31300
2018-02-26,0.29,47800
2018-02-27,0.29,13900
2018-02-28,0.28,61000
2018-03-01,0.26,12200
2018-03-02,0.28,105100
2018-03-05,0.28,77800
2018-03-06,0.27,39000
2018-03-07,0.27,108600
2018-03-08,0.28,39600
2018-03-09,0.29,35900
2018-03-12,0.28,38000
2018-03-13,0.28,17900
2018-03-14,0.27,51800
2018-03-15,0.28,94300
2018-03-16,0.3,114900
2018-03-19,0.27,55800
2018-03-20,0.27,35400
2018-03-21,0.27,33900
2018-03-22,0.27,52300
2018-03-23,0.27,74300
2018-03-26,0.27,40100
2018-03-27,0.25,34300
2018-03-28,0.26,30000
2018-03-29,0.25,81900
2018-04-02,0.25,54500
2018-04-03,0.26,54300
2018-04-04,0.27,18100
2018-04-05,0.27,41200
2018-04-06,0.27,12600
2018-04-09,0.25,23300
2018-04-10,0.26,49000
2018-04-11,0.26,56400
2018-04-12,0.27,41500
2018-04-13,0.27,25400
2018-04-16,0.27,16600
2018-04-17,0.26,26000
2018-04-18,0.26,33100
2018-04-19,0.26,13000
2018-04-20,0.25,58600
2018-04-23,0.24,124400
2018-04-24,0.24,39400
2018-04-25,0.24,19900
2018-04-26,0.25,26800
2018-04-27,0.25,12900
2018-04-30,0.25,11200
2018-05-01,0.24,95700
2018-05-02,0.24,26800
2018-05-03,0.24,27700
2018-05-04,0.24,9800
2018-05-07,0.24,12700
2018-05-08,0.23,8800
2018-05-09,0.24,58800
2018-05-10,0.27,242000
2018-05-11,0.28,150100
2018-05-14,0.29,74600
2018-05-15,0.29,60900
2018-05-16,0.28,28900
2018-05-17,0.29,73200
2018-05-18,0.31,51400
2018-05-21,0.31,281100
2018-05-22,0.31,64900
2018-05-23,0.31,39000
2018-05-24,0.31,53300
2018-05-25,0.3,115500
2018-05-29,0.29,12000
2018-05-30,0.3,25100
2018-05-31,0.3,39200
2018-06-01,0.31,44500
2018-06-04,0.32,188400
2018-06-05,0.43,551700
2018-06-06,0.42,303300
2018-06-07,0.4,125800
2018-06-08,0.48,204000
2018-06-11,0.46,270500
2018-06-12,0.48,108700
2018-06-13,0.44,43900
2018-06-14,0.46,76900
2018-06-15,0.43,80700
2018-06-18,0.46,40700
2018-06-19,0.47,114300
2018-06-20,0.52,250600
2018-06-21,0.56,335900
2018-06-22,0.58,297000
2018-06-25,0.54,286300
2018-06-26,0.53,82700
2018-06-27,0.51,180000
2018-06-28,0.48,107400
2018-06-29,0.48,172400
2018-07-02,0.47,136900
2018-07-03,0.47,29800
2018-07-05,0.46,65400
2018-07-06,0.45,108400
2018-07-09,0.45,75000
2018-07-10,0.47,51100
2018-07-11,0.48,39700
2018-07-12,0.47,39000
2018-07-13,0.48,45300
2018-07-16,0.49,54800
2018-07-17,0.54,169000
2018-07-18,0.57,205100
2018-07-19,0.54,80200
2018-07-20,0.51,69500
2018-07-23,0.53,108400
2018-07-24,0.54,122400
2018-07-25,0.53,50700
2018-07-26,0.52,40800
2018-07-27,0.54,76300
2018-07-30,0.55,61500
2018-07-31,0.55,112400
2018-08-01,0.56,55300
2018-08-02,0.55,83200
2018-08-03,0.63,401600
2018-08-06,0.66,654500
2018-08-07,0.65,156300
2018-08-08,0.63,36300
2018-08-09,0.6,132400
2018-08-10,0.59,52100
2018-08-13,0.58,122100
2018-08-14,0.58,77500
2018-08-15,0.54,691800
2018-08-16,0.61,209500
2018-08-17,0.58,504900
2018-08-20,0.57,87100
2018-08-21,0.55,61500
2018-08-22,0.57,52900
2018-08-23,0.56,99700
2018-08-24,0.55,25300
2018-08-27,0.55,144000
2018-08-28,0.53,80100
2018-08-29,0.56,137300
2018-08-30,0.58,72900
2018-08-31,0.6,154300
2018-09-04,0.6,69000
2018-09-05,0.6,38400
2018-09-06,0.59,54000
2018-09-07,0.58,81600
2018-09-10,0.62,83600
2018-09-11,0.62,108100
2018-09-12,0.65,98700
2018-09-13,0.68,94600
2018-09-14,0.68,115900
2018-09-17,0.71,93400
2018-09-18,0.74,100300
2018-09-19,0.74,113300
2018-09-20,0.78,115700
2018-09-21,0.95,922200
2018-09-24,0.96,620400
2018-09-25,0.9,355200
2018-09-26,0.85,231900
2018-09-27,0.88,49900
2018-09-28,0.85,67700
2018-10-01,0.81,83100
2018-10-02,0.83,113100
2018-10-03,0.82,17400
2018-10-04,0.8,73200
2018-10-05,0.74,254600
2018-10-08,0.73,36500
2018-10-09,0.66,129800
2018-10-10,0.67,117100
2018-10-11,0.61,91800
2018-10-12,0.71,165800
2018-10-15,0.73,176000
2018-10-16,0.68,71300
2018-10-17,0.7,41200
2018-10-18,0.68,30200
2018-10-19,0.71,44800
2018-10-22,0.66,23300
2018-10-23,0.67,45200
2018-10-24,0.68,12000
2018-10-25,0.65,32300
2018-10-26,0.67,37900
2018-10-29,0.66,21500
2018-10-30,0.68,33800
2018-10-31,0.69,34200
2018-11-01,0.7,58100
2018-11-02,0.68,11400
2018-11-05,0.66,52100
2018-11-06,0.7,15100
2018-11-07,0.69,16500
2018-11-08,0.68,13600
2018-11-09,0.67,12600
2018-11-12,0.65,21800
2018-11-13,0.68,12700
2018-11-14,0.66,31500
2018-11-15,0.69,15800
2018-11-16,0.71,54200
2018-11-19,0.73,33200
2018-11-20,0.73,55200
2018-11-21,0.75,28500
2018-11-23,0.76,9900
2018-11-26,0.7,44300
2018-11-27,0.75,33800
2018-11-28,0.72,84300
2018-11-29,0.71,54500
2018-11-30,0.71,79400
2018-12-03,0.72,19600
2018-12-04,0.69,86900
2018-12-06,0.64,120000
2018-12-07,0.64,23600
2018-12-10,0.64,60300
2018-12-11,0.63,23200
2018-12-12,0.64,119700
2018-12-13,0.66,36000
2018-12-14,0.63,52200
2018-12-17,0.58,286300
2018-12-18,0.56,95000
2018-12-19,0.57,125300
2018-12-20,0.54,105900
2018-12-21,0.52,35400
2018-12-24,0.6,41400
2018-12-26,0.61,31600
2018-12-27,0.58,28600
2018-12-28,0.6,35200
2018-12-31,0.58,40900
2019-01-02,0.61,22000
2019-01-03,0.59,32400
2019-01-04,0.61,9400
2019-01-07,0.61,3300
2019-01-08,0.64,37800
2019-01-09,0.63,35200
2019-01-10,0.62,6400
2019-01-11,0.64,3400
2019-01-14,0.67,131100
2019-01-15,0.68,35100
2019-01-16,0.68,25600
2019-01-17,0.67,9000
2019-01-18,0.67,38100
2019-01-22,0.63,38400
2019-01-23,0.66,26000
2019-01-24,0.67,14800
2019-01-25,0.67,27000
2019-01-28,0.68,18700
2019-01-29,0.65,19700
2019-01-30,0.66,11300
2019-01-31,0.67,16500
2019-02-01,0.63,130700
2019-02-04,0.58,36700
2019-02-05,0.6,37500
2019-02-06,0.61,17300
2019-02-07,0.6,35600
2019-02-08,0.64,19400
2019-02-11,0.61,85500
2019-02-12,0.6,66400
2019-02-13,0.6,105900
2019-02-14,0.6,23500
2019-02-15,0.59,25700
2019-02-19,0.57,33900
2019-02-20,0.54,45600
2019-02-21,0.52,33300
2019-02-22,0.56,19100
2019-02-25,0.52,16200
2019-02-26,0.52,23700
2019-02-27,0.54,8300
2019-02-28,0.53,40400
2019-03-01,0.55,9100
2019-03-04,0.53,123000
2019-03-05,0.5,12600
2019-03-06,0.5,18500
2019-03-07,0.52,12400
2019-03-08,0.49,28600
2019-03-11,0.51,78100
2019-03-12,0.51,40600
2019-03-13,0.48,14200
2019-03-14,0.48,15500
2019-03-15,0.51,64500
2019-03-18,0.5,26800
2019-03-19,0.5,167600
2019-03-20,0.45,122300
2019-03-21,0.44,39200
2019-03-22,0.45,23800
2019-03-25,0.46,76500
2019-03-26,0.44,121300
2019-03-27,0.46,51000
2019-03-28,0.44,5500
2019-03-29,0.47,8000
2019-04-01,0.48,27600
2019-04-02,0.48,37300
2019-04-03,0.48,25900
2019-04-04,0.5,12100
2019-04-05,0.49,16400
2019-04-08,0.5,11700
2019-04-09,0.5,7500
2019-04-10,0.53,48200
2019-04-11,0.58,50500
2019-04-12,0.58,40900
2019-04-15,0.59,77300
2019-04-16,0.55,27300
2019-04-17,0.56,16900
2019-04-18,0.57,22700
2019-04-22,0.53,106200
2019-04-23,0.53,20400
2019-04-24,0.54,15000
2019-04-25,0.57,27900
2019-04-26,0.56,30100
2019-04-29,0.52,36700
2019-04-30,0.53,45100
2019-05-01,0.54,49500
2019-05-02,0.53,26200
2019-05-03,0.53,74400
2019-05-06,0.53,7500
2019-05-07,0.53,29500
2019-05-08,0.53,18200
2019-05-09,0.5,19300
2019-05-10,0.5,14700
2019-05-13,0.51,38200
2019-05-14,0.52,10400
2019-05-15,0.52,8400
2019-05-16,0.52,9500
2019-05-17,0.54,35100
2019-05-20,0.55,19000
2019-05-21,0.56,49000
2019-05-22,0.58,52600
2019-05-23,0.57,60000
2019-05-24,0.57,82400
2019-05-28,0.57,11200
2019-05-29,0.62,239500
2019-05-30,0.63,175500
2019-05-31,0.57,68000
2019-06-03,0.6,76400
2019-06-04,0.61,42600
2019-06-05,0.6,47900
2019-06-06,0.57,85400
2019-06-07,0.59,85600
2019-06-10,0.57,17500
2019-06-11,0.56,24600
2019-06-12,0.57,109100
2019-06-13,0.59,51900
2019-06-14,0.59,51400
2019-06-17,0.56,12300
2019-06-18,0.58,18400
2019-06-19,0.57,17300
2019-06-20,0.57,27600
2019-06-21,0.46,22400
2019-06-24,0.57,38000
2019-06-25,0.55,18700
2019-06-26,0.56,14200
2019-06-27,0.56,17900
2019-06-28,0.56,51900
2019-07-01,0.56,38200
2019-07-02,0.61,16100
2019-07-03,0.59,42700
2019-07-05,0.57,11200
2019-07-08,0.58,19400
2019-07-09,0.57,5900
2019-07-10,0.61,17300
2019-07-11,0.64,56700
2019-07-12,0.62,30700
2019-07-15,0.64,14900
2019-07-16,0.64,18100
2019-07-17,0.64,21500
2019-07-18,0.64,23400
2019-07-19,0.64,11000
2019-07-22,0.64,9700
2019-07-23,0.63,28600
2019-07-24,0.62,3100
2019-07-25,0.67,68000
2019-07-26,0.77,161100
2019-07-29,0.75,68700
2019-07-30,0.75,38800
2019-07-31,0.73,116600
2019-08-01,0.73,62800
2019-08-02,0.74,30700
2019-08-05,0.73,173500
2019-08-06,0.72,32900
2019-08-07,0.69,52300
2019-08-08,0.71,43700
2019-08-09,0.73,86900
2019-08-12,0.79,294700
2019-08-13,0.79,36500
2019-08-14,0.77,57300
2019-08-15,0.69,108000
2019-08-16,0.65,46200
2019-08-19,0.68,5400
2019-08-20,0.71,18000
2019-08-21,0.67,51600
2019-08-22,0.69,11200
2019-08-23,0.65,62500
2019-08-26,0.66,28900
2019-08-27,0.66,63900
2019-08-28,0.67,19100
2019-08-29,0.64,50000
2019-08-30,0.67,26100
2019-09-03,0.67,51400
2019-09-04,0.69,23900
2019-09-05,0.65,57200
2019-09-06,0.64,35600
2019-09-09,0.6,63100
2019-09-10,0.61,23600
2019-09-11,0.61,26900
2019-09-12,0.58,47800
2019-09-13,0.61,50200
2019-09-16,0.56,56000
2019-09-17,0.61,131000
2019-09-18,0.58,111500
2019-09-19,0.57,13000
2019-09-20,0.59,73600
2019-09-23,0.58,17300
2019-09-24,0.58,62200
2019-09-25,0.58,11400
2019-09-26,0.56,11600
2019-09-27,0.55,16800
2019-09-30,0.56,11600
2019-10-01,0.56,27100
2019-10-02,0.49,10500
2019-10-03,0.52,32200
2019-10-04,0.56,7300
2019-10-07,0.53,38800
2019-10-08,0.56,4400
2019-10-09,0.55,11800
2019-10-10,0.54,4900
2019-10-11,0.53,32100
2019-10-14,0.56,9100
2019-10-15,0.56,17400
2019-10-16,0.55,9000
2019-10-17,0.55,2200
2019-10-18,0.56,16600
2019-10-21,0.51,54700
2019-10-22,0.52,11600
2019-10-23,0.5,43400
2019-10-24,0.49,11500
2019-10-25,0.5,39200
2019-10-28,0.5,66700
2019-10-29,0.48,26500
2019-10-30,0.5,30100
2019-10-31,0.5,25600
2019-11-01,0.51,15800
2019-11-04,0.45,114300
2019-11-05,0.48,12700
2019-11-06,0.48,6700
2019-11-07,0.43,54900
2019-11-08,0.45,8500
2019-11-11,0.45,24600
2019-11-12,0.46,11400
2019-11-13,0.45,6800
2019-11-14,0.43,1400
2019-11-15,0.48,48100
2019-11-18,0.48,41000
2019-11-19,0.5,42900
2019-11-20,0.46,94600
2019-11-21,0.45,6700
2019-11-22,0.44,7400
2019-11-25,0.43,14000
2019-11-26,0.42,6100
2019-11-27,0.43,50100
2019-11-29,0.41,24200
2019-12-02,0.42,42000
2019-12-03,0.43,81100
2019-12-04,0.4,20000
2019-12-05,0.38,28900
2019-12-06,0.38,23800
2019-12-09,0.4,26700
2019-12-10,0.4,11700
2019-12-11,0.39,15700
2019-12-12,0.39,21300
2019-12-13,0.37,40300
2019-12-16,0.37,90700
2019-12-17,0.38,29600
2019-12-18,0.38,19100
2019-12-19,0.39,10000
2019-12-20,0.38,19400
2019-12-23,0.38,24800
2019-12-24,0.41,9100
2019-12-26,0.4,43400
2019-12-27,0.4,5900
2019-12-30,0.38,38500
2019-12-31,0.39,14100
2020-01-02,0.43,18300
2020-01-03,0.41,56700
2020-01-06,0.42,82800
2020-01-07,0.39,49100
2020-01-08,0.37,69100
2020-01-09,0.37,18400
2020-01-10,0.38,47000
2020-01-13,0.38,8300
2020-01-14,0.38,10300
2020-01-15,0.37,7800
2020-01-16,0.37,20500
2020-01-17,0.4,47800
2020-01-21,0.39,19200
2020-01-22,0.4,40300
2020-01-23,0.39,31900
2020-01-24,0.4,24100
2020-01-27,0.38,22200
2020-01-28,0.4,13000
2020-01-29,0.39,10900
2020-01-30,0.39,14300
2020-01-31,0.41,8900
2020-02-03,0.41,74700
2020-02-04,0.41,17300
2020-02-05,0.42,21200
2020-02-06,0.44,9100
2020-02-07,0.42,7800
2020-02-10,0.48,39600
2020-02-11,0.44,45400
2020-02-12,0.45,4300
2020-02-13,0.45,30600
2020-02-14,0.41,43300
2020-02-18,0.4,29100
2020-02-19,0.4,20800
2020-02-20,0.4,14800
2020-02-21,0.39,29100
2020-02-24,0.38,33300
2020-02-25,0.4,47100
2020-02-26,0.42,72400
2020-02-27,0.43,63500
2020-02-28,0.41,29900
2020-03-02,0.41,7200
2020-03-03,0.38,50200
2020-03-04,0.38,19100
2020-03-05,0.37,22800
2020-03-06,0.37,55100
2020-03-09,0.35,121500
2020-03-10,0.36,12800
2020-03-11,0.36,22300
2020-03-12,0.35,16600
2020-03-13,0.34,41800
2020-03-16,0.31,25800
2020-03-17,0.27,46300
2020-03-18,0.27,25000
2020-03-19,0.29,14400
2020-03-20,0.3,13100
2020-03-23,0.26,63000
2020-03-24,0.31,29900
2020-03-25,0.3,123700
2020-03-26,0.33,31800
2020-03-27,0.35,19300
2020-03-30,0.33,12100
2020-03-31,0.33,7800
2020-04-01,0.35,4200
2020-04-02,0.36,32900
2020-04-03,0.38,12700
2020-04-06,0.32,32000
2020-04-07,0.35,22700
2020-04-08,0.35,9700
2020-04-09,0.36,14000
2020-04-13,0.38,3900
2020-04-14,0.37,83200
2020-04-15,0.37,11700
2020-04-16,0.37,25200
2020-04-17,0.36,5200
2020-04-20,0.37,25100
2020-04-21,0.37,15900
2020-04-22,0.36,27200
2020-04-23,0.35,7600
2020-04-24,0.33,29800
2020-04-27,0.35,25000
2020-04-28,0.37,13200
2020-04-29,0.36,27000
2020-04-30,0.36,15200
2020-05-01,0.35,14500
2020-05-04,0.36,31500
2020-05-05,0.36,20500
2020-05-06,0.37,17700
2020-05-07,0.35,17500
2020-05-08,0.35,20300
2020-05-11,0.34,26000
2020-05-12,0.36,54400
2020-05-13,0.36,7200
2020-05-14,0.36,33400
2020-05-15,0.35,9800
2020-05-18,0.34,22300
2020-05-19,0.34,35000
2020-05-20,0.34,35900
2020-05-21,0.33,29600
2020-05-22,0.34,21500
2020-05-26,0.34,67300
2020-05-27,0.34,34000
2020-05-28,0.33,57100
2020-05-29,0.33,17900
2020-06-01,0.34,22600
2020-06-02,0.34,6000
2020-06-03,0.33,52900
2020-06-04,0.33,53700
2020-06-05,0.34,29800
2020-06-08,0.37,35600
2020-06-09,0.46,522100
2020-06-10,0.42,143400
2020-06-11,0.47,104100
2020-06-12,0.47,67000
2020-06-15,0.44,26400
2020-06-16,0.45,36700
2020-06-17,0.42,17300
2020-06-18,0.47,83900
2020-06-19,0.5,206800
2020-06-22,0.5,84100
2020-06-23,0.54,91700
2020-06-24,0.53,74600
2020-06-25,0.5,54400
2020-06-26,0.51,194100
2020-06-29,0.49,135400
2020-06-30,0.49,117800
2020-07-01,0.49,71000
2020-07-02,0.48,36300
2020-07-06,0.5,98400
2020-07-07,0.5,38600
2020-07-08,0.49,47600
2020-07-09,0.47,29500
2020-07-10,0.47,27100
2020-07-13,0.47,29300
2020-07-14,0.47,27100
2020-07-15,0.46,55500
2020-07-16,0.45,24100
2020-07-17,0.45,34800
2020-07-20,0.44,27300
2020-07-21,0.42,39100
2020-07-22,0.46,242800
2020-07-23,0.43,194800
2020-07-24,0.43,35900
2020-07-27,0.42,221800
2020-07-28,0.42,309000
2020-07-29,0.45,69400
2020-07-30,0.41,100900
2020-07-31,0.4,64400
2020-08-03,0.42,32100
2020-08-04,0.47,192500
2020-08-05,0.49,77900
2020-08-06,0.5,87500
2020-08-07,0.49,72600
2020-08-10,0.51,45200
2020-08-11,0.51,37500
2020-08-12,0.5,54200
2020-08-13,0.49,38200
2020-08-14,0.48,28400
2020-08-17,0.5,57000
2020-08-18,0.5,66300
2020-08-19,0.5,39000
2020-08-20,0.5,16900
2020-08-21,0.47,71200
2020-08-24,0.44,64900
2020-08-25,0.44,16100
2020-08-26,0.44,30200
2020-08-27,0.47,85100
2020-08-28,0.49,64900
2020-08-31,0.5,229200
2020-09-01,0.5,61400
2020-09-02,0.5,23900
2020-09-03,0.48,44300
2020-09-04,0.49,30500
2020-09-08,0.5,54800
2020-09-09,0.49,12400
2020-09-10,0.49,29200
2020-09-11,0.48,10200
2020-09-14,0.49,31900
2020-09-15,0.49,10900
2020-09-16,0.47,51600
2020-09-17,0.48,23900
2020-09-18,0.48,16300
2020-09-21,0.46,38500
2020-09-22,0.46,16600
2020-09-23,0.43,102200
2020-09-24,0.31,957100
2020-09-25,0.3,639600
2020-09-28,0.29,330300
2020-09-29,0.24,2025600
2020-09-30,0.29,1158000
2020-10-01,0.27,531600
2020-10-02,0.26,547200
2020-10-05,0.36,6560100
2020-10-06,0.32,4576200
2020-10-07,0.58,54180200
2020-10-08,0.61,13756600
2020-10-09,0.42,4938300
2020-10-12,0.38,2600900
2020-10-13,0.37,1008400
2020-10-14,0.41,3142900
2020-10-15,0.39,2013400
2020-10-16,0.36,1177500
2020-10-19,0.34,1091600
2020-10-20,0.33,832900
2020-10-21,0.33,593300
2020-10-22,0.33,522300
2020-10-23,0.38,10115100
2020-10-26,0.43,8882100
2020-10-27,0.43,3562300
2020-10-28,0.38,1996700
2020-10-29,0.4,4241400
2020-10-30,0.38,1359600
2020-11-02,0.36,1460400
2020-11-03,0.35,853200
2020-11-04,0.35,578200
2020-11-05,0.37,2324500
2020-11-06,0.36,1788400
2020-11-09,0.38,3137000
2020-11-10,0.36,933300
2020-11-11,0.36,720800
2020-11-12,0.35,821200
2020-11-13,0.36,1845500
2020-11-16,0.36,2128000
2020-11-17,0.35,912800
2020-11-18,0.38,2688000
2020-11-19,0.41,4415000
2020-11-20,0.41,4279300
2020-11-23,0.48,6147700
2020-11-24,0.4,4870600
2020-11-25,0.39,1680300
2020-11-27,0.39,842600
2020-11-30,0.41,1371400
2020-12-01,0.39,683000
2020-12-02,0.39,925500
2020-12-03,0.4,2234600
2020-12-04,0.42,1517500
2020-12-07,0.46,5314100
2020-12-08,0.49,7830700
2020-12-09,0.44,2910500
2020-12-10,0.4,2029400
2020-12-11,0.47,7768300
2020-12-14,0.47,2611600
2020-12-15,0.44,1284000
2020-12-16,0.43,887800
2020-12-17,0.42,768300
2020-12-18,0.43,2755200
2020-12-21,0.42,2449200
2020-12-22,0.44,4007000
2020-12-23,0.5,7926900
2020-12-24,0.47,1368700
2020-12-28,0.55,5597400
2020-12-29,0.53,4141900
2020-12-30,0.51,1156800
2020-12-31,0.52,1137700
2021-01-04,0.5,1454300
2021-01-05,0.57,7841500
2021-01-06,0.54,6415100
2021-01-07,0.63,9566800
2021-01-08,0.67,11761400
2021-01-11,0.66,3341600
2021-01-12,0.66,5855100
2021-01-13,0.67,3247400
2021-01-14,0.7,5288300
2021-01-15,0.71,8472500
2021-01-19,0.8,9918100
2021-01-20,0.89,8466200
2021-01-21,0.87,7498900
2021-01-22,0.84,6875300
2021-01-25,0.93,14630500
2021-01-26,0.95,13576800
2021-01-27,0.84,11960800
2021-01-28,0.85,6339900
2021-01-29,0.83,4340400
2021-02-01,0.84,32839300
2021-02-02,0.79,11423400
2021-02-03,0.81,9417300
2021-02-04,0.76,9560300
2021-02-05,0.75,8293200
2021-02-08,0.86,14352400
2021-02-09,0.98,36798600
2021-02-10,1.78,76724800
2021-02-11,1.57,39616400
2021-02-12,1.59,15304300
2021-02-16,1.68,16611800
2021-02-17,1.68,
2021-02-18,1.68,
2021-02-19,2.02,50948100
2021-02-22,1.66,12470100
2021-02-23,1.68,20031200
2021-02-24,2.06,52323800
2021-02-25,1.66,21015400
2021-02-26,1.43,13910600
2021-03-01,1.61,9567700
2021-03-02,1.43,8171200
2021-03-03,1.29,8292300
2021-03-04,1.24,17634900
2021-03-05,1.14,17173300
2021-03-08,1.1,6006300
2021-03-09,1.32,11089000
2021-03-10,1.3,8733800
2021-03-11,1.34,3841800
2021-03-12,1.34,3710500
2021-03-15,1.38,7135600
2021-03-16,1.24,5020100
2021-03-17,1.24,5596400
2021-03-18,1.27,8532000
2021-03-19,1.26,5149200
2021-03-22,1.3,5973600
2021-03-23,1.2,4264800
2021-03-24,1.11,4658900
2021-03-25,1.16,3988000
2021-03-26,1.12,1791500
2021-03-29,1.05,2180200
2021-03-30,1.14,5194500
2021-03-31,1.21,8368300
2021-04-01,1.19,2565200
2021-04-05,1.24,5458600
2021-04-06,1.36,6504200
2021-04-07,1.32,6306900
2021-04-08,1.19,5225800
2021-04-09,1.11,3733800
2021-04-12,1.05,2499500
2021-04-13,1.05,2649900
2021-04-14,1.02,2489400
2021-04-15,0.92,6387400
2021-04-16,0.95,5094400
2021-04-19,0.9,2448500
2021-04-20,0.85,1964900
2021-04-21,0.89,3639200
2021-04-22,0.88,3144800
2021-04-23,0.88,2281400
2021-04-26,0.97,3696100
2021-04-27,0.93,1916000
2021-04-28,0.93,1118100
2021-04-29,0.91,864900
2021-04-30,0.94,6105700
2021-05-03,0.96,2792600
2021-05-04,0.9,2795800
2021-05-05,0.84,1375300
2021-05-06,0.85,3451600
2021-05-07,0.87,1403700
2021-05-10,0.83,1501000
2021-05-11,0.77,2612100
2021-05-12,0.77,1936500
2021-05-13,0.74,2280800
2021-05-14,0.74,1524700
2021-05-17,0.78,1453500
2021-05-18,0.84,1137200
2021-05-19,0.79,895300
2021-05-20,0.82,1176100
2021-05-21,0.86,850500
2021-05-24,0.8,716000
2021-05-25,0.79,792200
2021-05-26,0.83,1964700
2021-05-27,0.84,1359100
2021-05-28,0.85,912900
2021-06-01,0.87,2650000
2021-06-02,0.92,3119100
2021-06-03,0.89,1742200
2021-06-04,0.96,5284500
2021-06-07,0.95,2273800
2021-06-08,0.98,4789500
2021-06-09,1.0,2610200
2021-06-10,0.95,1853900
2021-06-11,0.94,1742700
2021-06-14,0.95,1217900
2021-06-15,0.88,2531300
2021-06-16,0.92,1289500
2021-06-17,0.91,942600
2021-06-18,0.88,1087900
2021-06-21,0.87,1263600
2021-06-22,0.9,905000
2021-06-23,0.94,1374500
2021-06-24,0.93,2413300
2021-06-25,0.89,820900
2021-06-28,1.01,7502300
2021-06-29,0.97,2442100
2021-06-30,0.99,2564600
2021-07-01,0.97,1330300
2021-07-02,0.96,1180800
2021-07-06,0.94,1527200
2021-07-07,0.91,1917500
2021-07-08,0.86,1373500
2021-07-09,0.9,1098100
2021-07-12,0.97,3352700
2021-07-13,0.94,3802300
2021-07-14,0.94,2762200
2021-07-15,0.92,1915100
2021-07-16,0.86,2793800
2021-07-19,0.87,3125100
2021-07-20,0.88,889900
2021-07-21,0.92,969300
2021-07-22,0.97,2615400
2021-07-23,0.9,1258100
2021-07-26,0.9,1200900
2021-07-27,0.95,6568500
2021-07-28,1.03,9574700
2021-07-29,0.96,3426400
2021-07-30,0.97,3189100
2021-08-02,0.96,3385100
2021-08-03,0.93,2606200
2021-08-04,0.94,3191000
2021-08-05,0.96,1808900
2021-08-06,0.96,1766200
2021-08-09,0.99,2893400
2021-08-10,1.08,10101000
2021-08-11,1.02,3405200
2021-08-12,1.0,1961400
2021-08-13,0.94,3611500
2021-08-16,0.9,3292400
2021-08-17,0.9,2760200
2021-08-18,0.89,1790300
2021-08-19,0.85,1632400
2021-08-20,0.85,1190200
2021-08-23,0.88,951600
2021-08-24,0.88,791800
2021-08-25,0.9,2046000
2021-08-26,0.91,2646000
2021-08-27,0.92,2314300
2021-08-30,0.95,1824600
2021-08-31,0.94,1391100
2021-09-01,0.96,2107300
2021-09-02,0.96,1142500
2021-09-03,0.94,1340600
2021-09-07,0.94,1518300
2021-09-08,0.97,3764300
2021-09-09,0.95,1720200
2021-09-10,0.92,1936400
2021-09-13,0.91,832400
2021-09-14,0.85,2127900
2021-09-15,0.89,2789800
2021-09-16,0.87,1336000
2021-09-17,0.88,1932900
2021-09-20,0.82,2150300
2021-09-21,0.82,3598000
2021-09-22,0.82,1076600
2021-09-23,0.86,3382100
2021-09-24,0.84,2017600
2021-09-27,0.89,2591600
2021-09-28,0.86,1605600
2021-09-29,0.98,29759000
2021-09-30,0.91,5355200
2021-10-01,0.88,2642400
2021-10-04,0.87,2008800
2021-10-05,0.88,1265000
2021-10-06,0.84,2120500
2021-10-07,0.86,3321600
2021-10-08,0.87,6508600
2021-10-11,0.85,1716100
2021-10-12,0.84,1197600
2021-10-13,0.85,605200
2021-10-14,0.86,564000
2021-10-15,0.86,590800
2021-10-18,0.9,1891900
2021-10-19,0.89,4323600
2021-10-20,0.89,2707800
2021-10-21,0.88,1758600
2021-10-22,0.84,3165400
2021-10-25,0.85,3023600
2021-10-26,0.85,1772100
2021-10-27,0.88,7233400
2021-10-28,0.87,2362700
2021-10-29,0.88,1675700
2021-11-01,0.9,1153200
2021-11-02,0.89,667500
2021-11-03,0.91,911900
2021-11-04,0.91,1640600
2021-11-05,0.9,629200
2021-11-08,0.92,2466900
2021-11-09,0.91,812600
2021-11-10,0.86,1662100
2021-11-11,0.86,405300
2021-11-12,0.87,513800
2021-11-15,0.86,985400
2021-11-16,0.83,2793000
2021-11-17,0.79,1910700
2021-11-18,0.76,1905500
2021-11-19,0.73,1199800
2021-11-22,0.68,3197900
2021-11-23,0.64,1587100
2021-11-24,0.7,1250300
2021-11-26,0.67,449100
2021-11-29,0.65,505000
2021-11-30,0.63,1152800
2021-12-01,0.59,1120300
2021-12-02,0.58,931400
2021-12-03,0.53,1471700
2021-12-06,0.59,1381500
2021-12-07,0.59,987300
2021-12-08,0.64,630200
2021-12-09,0.61,348900
2021-12-10,0.59,431700
2021-12-13,0.56,646300
2021-12-14,0.54,648000
2021-12-15,0.56,722300
2021-12-16,0.52,389200
2021-12-17,0.55,483900
2021-12-20,0.53,523400
2021-12-21,0.53,718300
2021-12-22,0.52,676600
2021-12-23,0.52,697700
2021-12-27,0.5,1646900
2021-12-28,0.49,751000
2021-12-29,0.48,840100
2021-12-30,0.5,1012400
2021-12-31,0.5,762300
2022-01-03,0.53,578900
2022-01-04,0.52,380700
2022-01-05,0.49,518900
2022-01-06,0.48,497000
2022-01-07,0.5,1035100
2022-01-10,0.49,692800
2022-01-11,0.5,401200
2022-01-12,0.52,1287400
2022-01-13,0.49,1046900
2022-01-14,0.49,286600
2022-01-18,0.47,795700
2022-01-19,0.47,451100
2022-01-20,0.47,439500
2022-01-21,0.43,895000
2022-01-24,0.41,1584300
2022-01-25,0.43,424300
2022-01-26,0.44,414000
2022-01-27,0.43,535600
2022-01-28,0.42,444300
2022-01-31,0.45,360300
2022-02-01,0.46,378600
2022-02-02,0.44,317400
2022-02-03,0.41,431900
2022-02-04,0.43,176700
2022-02-07,0.42,325500
2022-02-08,0.42,226400
2022-02-09,0.44,380700
2022-02-10,0.41,342100
2022-02-11,0.41,307900
2022-02-14,0.4,307800
2022-02-15,0.42,259700
2022-02-16,0.44,521500
2022-02-17,0.45,255600
2022-02-18,0.45,399900
2022-02-22,0.43,460300
2022-02-23,0.44,231700
2022-02-24,0.42,574800
2022-02-25,0.43,161500
2022-02-28,0.49,2855700
2022-03-01,0.46,910300
2022-03-02,0.47,277500
2022-03-03,0.45,278300
2022-03-04,0.47,1644500
2022-03-07,0.53,3550000
2022-03-08,0.63,7493800
2022-03-09,0.61,2186900
2022-03-10,0.7,5000800
2022-03-11,0.6,3114800
2022-03-14,0.52,1495700
2022-03-15,0.53,976300
2022-03-16,0.49,875700
2022-03-17,0.53,412900
2022-03-18,0.52,876900
2022-03-21,0.56,933300
2022-03-22,0.55,556300
2022-03-23,0.55,627600
2022-03-24,0.59,1141700
2022-03-25,0.58,1225700
2022-03-28,0.57,603400
2022-03-29,0.56,653700
2022-03-30,0.57,1514200
2022-03-31,0.65,4149200
2022-04-01,0.6,1890700
2022-04-04,0.59,628100
2022-04-05,0.57,1222500
2022-04-06,0.54,644400
2022-04-07,0.54,583100
2022-04-08,0.55,444700
2022-04-11,0.51,888500
2022-04-12,0.5,591400
2022-04-13,0.51,456700
2022-04-14,0.51,193800
2022-04-18,0.5,374600
2022-04-19,0.5,264300
2022-04-20,0.5,204300
2022-04-21,0.47,437000
2022-04-22,0.46,414600
2022-04-25,0.44,475100
2022-04-26,0.43,369400
2022-04-27,0.42,288900
2022-04-28,0.43,311100
2022-04-29,0.39,869500
2022-05-02,0.41,212700
2022-05-03,0.41,297300
2022-05-04,0.42,268100
2022-05-05,0.4,166300
2022-05-06,0.38,789300
2022-05-09,0.34,846000
2022-05-10,0.37,309300
2022-05-11,0.36,443600
2022-05-12,0.36,202200
2022-05-13,0.38,294300
2022-05-16,0.41,943100
2022-05-17,0.42,456500
2022-05-18,0.4,323800
2022-05-19,0.44,349400
2022-05-20,0.43,272600
2022-05-23,0.43,184000
2022-05-24,0.42,117000
2022-05-25,0.43,81500
2022-05-26,0.42,187800
2022-05-27,0.43,139800
2022-05-31,0.4,196300
2022-06-01,0.42,135400
2022-06-02,0.42,258200
2022-06-03,0.42,151100
2022-06-06,0.41,193900
2022-06-07,0.38,332200
2022-06-08,0.41,306500
2022-06-09,0.41,331800
2022-06-10,0.41,308100
2022-06-13,0.39,364300
2022-06-14,0.39,275800
2022-06-15,0.4,293100
2022-06-16,0.39,318000
2022-06-17,0.43,433300
2022-06-21,0.42,435300
2022-06-22,0.41,205600
2022-06-23,0.41,316400
2022-06-24,0.41,185200
2022-06-27,0.4,190700
2022-06-28,0.4,148400
2022-06-29,0.4,308200
2022-06-30,0.4,244000
2022-07-01,0.41,286100
2022-07-05,0.4,332800
2022-07-06,0.4,167700
2022-07-07,0.4,228700
2022-07-08,0.4,190300
2022-07-11,0.4,202900
2022-07-12,0.39,314800
2022-07-13,0.41,567700
2022-07-14,0.4,155700
2022-07-15,0.4,176300
2022-07-18,0.4,220500
2022-07-19,0.39,600500
2022-07-20,0.41,815900
2022-07-21,0.43,247200
2022-07-22,0.44,341200
2022-07-25,0.47,663300
2022-07-26,0.45,261300
2022-07-27,0.45,124000
2022-07-28,0.46,143700
2022-07-29,0.46,298900
2022-08-01,0.45,161600
2022-08-02,0.47,97800
2022-08-03,0.45,175600
2022-08-04,0.48,324900
2022-08-05,0.5,220700
2022-08-08,0.51,271400
2022-08-09,0.5,245500
2022-08-10,0.51,219200
2022-08-11,0.5,257700
2022-08-12,0.5,220300
2022-08-15,0.49,205800
2022-08-16,0.47,243000
2022-08-17,0.47,182800
2022-08-18,0.47,204200
2022-08-19,0.49,268300
2022-08-22,0.47,239300
2022-08-23,0.48,233800
2022-08-24,0.47,172300
2022-08-25,0.47,146100
2022-08-26,0.47,94500
2022-08-29,0.47,162100
2022-08-30,0.46,89000
2022-08-31,0.44,128200
2022-09-01,0.43,420400
2022-09-02,0.43,273100
2022-09-06,0.42,330200
2022-09-07,0.41,156300
2022-09-08,0.41,87100
2022-09-09,0.41,128200
2022-09-12,0.42,177000
2022-09-13,0.42,111400
2022-09-14,0.4,159200
2022-09-15,0.42,232100
2022-09-16,0.45,282200
2022-09-19,0.43,132900
2022-09-20,0.43,58600
2022-09-21,0.42,184000
2022-09-22,0.39,406300
2022-09-23,0.38,463200
2022-09-26,0.37,373200
2022-09-27,0.36,348000
2022-09-28,0.38,221200
2022-09-29,0.38,283100
2022-09-30,0.37,165500
2022-10-03,0.38,187100
2022-10-04,0.39,324000
2022-10-05,0.38,168400
2022-10-06,0.38,113000
2022-10-07,0.36,240500
2022-10-10,0.36,190800
2022-10-11,0.36,145700
2022-10-12,0.36,200700
2022-10-13,0.36,115400
2022-10-14,0.36,75500
2022-10-17,0.35,169600
2022-10-18,0.35,146200
2022-10-19,0.34,263800
2022-10-20,0.35,394400
2022-10-21,0.35,180300
2022-10-24,0.35,68100
2022-10-25,0.36,48400
2022-10-26,0.36,122800
2022-10-27,0.4,399100
2022-10-28,0.38,180000
2022-10-31,0.38,127600
2022-11-01,0.39,253000
2022-11-02,0.36,152600
2022-11-03,0.35,130600
2022-11-04,0.37,144900
2022-11-07,0.37,126700
2022-11-08,0.37,77700
2022-11-09,0.35,114500
2022-11-10,0.37,296900
2022-11-11,0.37,103600
2022-11-14,0.37,54300
2022-11-15,0.36,166600
2022-11-16,0.34,231000
2022-11-17,0.33,199300
2022-11-18,0.34,324700
2022-11-21,0.33,156200
2022-11-22,0.33,283000
2022-11-23,0.33,115500
2022-11-25,0.34,93500
2022-11-28,0.34,1029800
2022-11-29,0.37,490800
2022-11-30,0.36,211700
2022-12-01,0.36,151500
2022-12-02,0.41,907000
2022-12-05,0.39,313500
2022-12-06,0.38,273500
2022-12-07,0.4,424500
2022-12-08,0.41,112300
2022-12-09,0.44,191500
2022-12-12,0.46,837800
2022-12-13,0.45,766200
2022-12-14,0.45,189600
2022-12-15,0.45,235100
2022-12-16,0.48,555500
2022-12-19,0.46,373000
2022-12-20,0.46,405700
2022-12-21,0.48,409500
2022-12-22,0.48,296000
2022-12-23,0.49,249400
2022-12-27,0.45,226200
2022-12-28,0.46,479900
2022-12-29,0.48,176300
2022-12-30,0.49,234000
2023-01-03,0.48,280400
2023-01-04,0.48,267000
2023-01-05,0.49,79300
2023-01-06,0.46,171400
2023-01-09,0.46,276100
2023-01-10,0.46,86800
2023-01-11,0.45,125800
2023-01-12,0.46,256100
2023-01-13,0.45,230900
2023-01-17,0.46,253000
2023-01-18,0.45,141100
2023-01-19,0.44,432700
2023-01-20,0.42,176900
2023-01-23,0.41,321200
2023-01-24,0.39,529900
2023-01-25,0.39,295400
2023-01-26,0.4,372300
2023-01-27,0.39,350000
2023-01-30,0.39,130800
2023-01-31,0.4,478300
2023-02-01,0.42,235600
2023-02-02,0.42,118800
2023-02-03,0.4,257100
2023-02-06,0.4,66700
2023-02-07,0.41,327000
2023-02-08,0.42,95500
2023-02-09,0.41,86200
2023-02-10,0.4,144500
2023-02-13,0.43,93600
2023-02-14,0.43,67800
2023-02-15,0.42,99500
2023-02-16,0.42,70900
2023-02-17,0.41,103300
2023-02-21,0.4,281300
2023-02-22,0.38,240800
2023-02-23,0.38,207500
2023-02-24,0.39,147000
2023-02-27,0.39,56700
2023-02-28,0.4,188800
2023-03-01,0.4,133200
2023-03-02,0.4,35700
2023-03-03,0.4,136200
2023-03-06,0.41,323700
2023-03-07,0.41,97100
2023-03-08,0.41,142700
2023-03-09,0.4,113900
2023-03-10,0.38,195300
2023-03-13,0.39,91700
2023-03-14,0.38,130300
2023-03-15,0.4,225400
2023-03-16,0.39,127800
2023-03-17,0.4,160100
2023-03-20,0.4,88600
2023-03-21,0.4,62800
2023-03-22,0.38,202200
2023-03-23,0.37,84500
2023-03-24,0.38,86000
2023-03-27,0.38,47000
2023-03-28,0.37,84500
2023-03-29,0.38,200300
2023-03-30,0.37,121400
2023-03-31,0.38,131800
2023-04-03,0.37,129100
2023-04-04,0.39,387800
2023-04-05,0.38,99300
2023-04-06,0.38,172200
2023-04-10,0.38,116200
2023-04-11,0.38,48000
2023-04-12,0.37,147900
2023-04-13,0.4,89500
2023-04-14,0.38,169900
2023-04-17,0.38,74700
2023-04-18,0.39,126600
2023-04-19,0.38,249500
2023-04-20,0.37,103000
2023-04-21,0.37,59000
2023-04-24,0.36,295000
2023-04-25,0.36,99500
2023-04-26,0.36,79100
2023-04-27,0.36,57200
2023-04-28,0.36,83400
2023-05-01,0.34,219100
2023-05-02,0.35,174500
2023-05-03,0.34,98100
2023-05-04,0.33,284700
2023-05-05,0.34,83000
2023-05-08,0.34,43300
2023-05-09,0.35,120800
2023-05-10,0.35,35300
2023-05-11,0.34,76100
2023-05-12,0.34,80400
2023-05-15,0.33,116700
2023-05-16,0.33,145700
2023-05-17,0.34,89100
2023-05-18,0.34,46400
2023-05-19,0.35,58700
2023-05-22,0.34,109300
2023-05-23,0.35,115400
2023-05-24,0.34,127200
2023-05-25,0.33,130700
2023-05-26,0.34,35600
2023-05-30,0.31,438900
2023-05-31,0.32,221200
2023-06-01,0.33,155200
2023-06-02,0.33,127400
2023-06-05,0.33,68900
2023-06-06,0.31,324500
2023-06-07,0.33,214900
2023-06-08,0.33,83400
2023-06-09,0.31,127500
2023-06-12,0.32,85800
2023-06-13,0.34,328700
2023-06-14,0.32,131300
2023-06-15,0.33,152600
2023-06-16,0.34,116200
2023-06-20,0.32,131700
2023-06-21,0.32,104400
2023-06-22,0.32,50700
2023-06-23,0.31,97100
2023-06-26,0.31,73500
2023-06-27,0.31,126600
2023-06-28,0.31,96500
2023-06-29,0.31,91000
2023-06-30,0.31,62000
2023-07-03,0.31,132400
2023-07-05,0.33,477900
2023-07-06,0.33,155800
2023-07-07,0.35,176400
2023-07-10,0.35,339600
2023-07-11,0.34,253100
2023-07-12,0.34,126400
2023-07-13,0.34,243800
2023-07-14,0.33,149300
2023-07-17,0.35,534000
2023-07-18,0.36,164100
2023-07-19,0.36,94300
2023-07-20,0.37,271700
2023-07-21,0.41,958000
2023-07-24,0.45,1113200
2023-07-25,0.43,400900
2023-07-26,0.45,282400
2023-07-27,0.41,400200
2023-07-28,0.42,136300
2023-07-31,0.43,372300
2023-08-01,0.42,162800
2023-08-02,0.42,188400
2023-08-03,0.4,144200
2023-08-04,0.41,189500
2023-08-07,0.41,42600
2023-08-08,0.43,308400
2023-08-09,0.47,517700
2023-08-10,0.46,277200
2023-08-11,0.45,153800
2023-08-14,0.45,95500
2023-08-15,0.45,154100
2023-08-16,0.45,63200
2023-08-17,0.43,60900
2023-08-18,0.43,87700
2023-08-21,0.42,159300
2023-08-22,0.42,117300
2023-08-23,0.41,73600
2023-08-24,0.43,27500
2023-08-25,0.41,105400
2023-08-28,0.43,173400
2023-08-29,0.43,127800
2023-08-30,0.43,119600
2023-08-31,0.43,119700
2023-09-01,0.43,111500
2023-09-05,0.43,75700
2023-09-06,0.42,217100
2023-09-07,0.41,137900
2023-09-08,0.39,99100
2023-09-11,0.39,84400
2023-09-12,0.38,69600
2023-09-13,0.37,79500
2023-09-14,0.38,53300
2023-09-15,0.4,199000
2023-09-18,0.37,133200
2023-09-19,0.36,87700
2023-09-20,0.37,35800
2023-09-21,0.38,43900
2023-09-22,0.37,87700
2023-09-25,0.36,55700
2023-09-26,0.36,19000
2023-09-27,0.36,45700
2023-09-28,0.36,215300
2023-09-29,0.37,120000
2023-10-02,0.37,52400
2023-10-03,0.35,175000
2023-10-04,0.36,47800
2023-10-05,0.35,31600
2023-10-06,0.35,155500
2023-10-09,0.36,83200
2023-10-10,0.35,83300
2023-10-11,0.35,77600
2023-10-12,0.35,123200
2023-10-13,0.35,111300
2023-10-16,0.35,74200
2023-10-17,0.35,114100
2023-10-18,0.35,104100
2023-10-19,0.35,37300
2023-10-20,0.34,139200
2023-10-23,0.31,238500
2023-10-24,0.35,108500
2023-10-25,0.35,90900
2023-10-26,0.35,114300
2023-10-27,0.35,86700
2023-10-30,0.34,91900
2023-10-31,0.34,101900
2023-11-01,0.34,31500
2023-11-02,0.34,65800
2023-11-03,0.33,123600
2023-11-06,0.33,48400
2023-11-07,0.33,85900
2023-11-08,0.33,62700
2023-11-09,0.32,166300
2023-11-10,0.31,135000
2023-11-13,0.3,154800
2023-11-14,0.3,160000
2023-11-15,0.3,116700
2023-11-16,0.29,90800
2023-11-17,0.3,163200
2023-11-20,0.26,941400
2023-11-21,0.26,189400
2023-11-22,0.27,278400
2023-11-24,0.28,150600
2023-11-27,0.27,118400
2023-11-28,0.27,80400
2023-11-29,0.26,175100
2023-11-30,0.26,52100
2023-12-01,0.27,162800
2023-12-04,0.27,273700
2023-12-05,0.26,212100
2023-12-06,0.26,178900
2023-12-07,0.26,216900
2023-12-08,0.25,378200
2023-12-11,0.23,429800
2023-12-12,0.23,119200
2023-12-13,0.24,320100
2023-12-14,0.24,154500
2023-12-15,0.23,217400
2023-12-18,0.24,275800
2023-12-19,0.25,233300
2023-12-20,0.25,149600
2023-12-21,0.25,104400
2023-12-22,0.25,181200
2023-12-26,0.25,87000
2023-12-27,0.25,152300
2023-12-28,0.25,101200
2023-12-29,0.25,146100
2024-01-02,0.25,133900
2024-01-03,0.25,90200
2024-01-04,0.25,86400
2024-01-05,0.25,126300
2024-01-08,0.25,81200
2024-01-09,0.25,123300
2024-01-10,0.25,37200
2024-01-11,0.23,117800
2024-01-12,0.25,236900
2024-01-16,0.25,98900
2024-01-17,0.24,214200
2024-01-18,0.23,141000
2024-01-19,0.24,150100
2024-01-22,0.23,234400
2024-01-23,0.23,422300
2024-01-24,0.23,173400
2024-01-25,0.23,61100
2024-01-26,0.23,203500
2024-01-29,0.24,151300
2024-01-30,0.24,147200
2024-01-31,0.23,156100
2024-02-01,0.23,210200
2024-02-02,0.23,125900
2024-02-05,0.24,236400
2024-02-06,0.23,73100
2024-02-07,0.23,24900
2024-02-08,0.22,129300
2024-02-09,0.23,113200
2024-02-12,0.23,129500
2024-02-13,0.22,130400
2024-02-14,0.22,134700
2024-02-15,0.22,200000
2024-02-16,0.22,179600
2024-02-20,0.21,139100
2024-02-21,0.22,100200
2024-02-22,0.22,280900
2024-02-23,0.22,59700
2024-02-26,0.23,72100
2024-02-27,0.21,298900
2024-02-28,0.22,81100
2024-02-29,0.21,627100
2024-03-01,0.22,144800
2024-03-04,0.23,224600
2024-03-05,0.23,199900
2024-03-06,0.23,123300
2024-03-07,0.26,713200
2024-03-08,0.27,433000
2024-03-11,0.23,1293700
2024-03-12,0.24,364600
2024-03-13,0.25,197800
2024-03-14,0.25,129600
2024-03-15,0.24,108100
2024-03-18,0.26,300900
2024-03-19,0.28,599400
2024-03-20,0.28,148900
2024-03-21,0.28,69600
2024-03-22,0.28,168400
2024-03-25,0.26,144100
2024-03-26,0.26,76300
2024-03-27,0.26,124700
2024-03-28,0.25,316200
2024-04-01,0.23,323600
2024-04-02,0.24,79500
2024-04-03,0.27,926800
2024-04-04,0.26,410200
2024-04-05,0.24,831500
2024-04-08,0.25,272300
2024-04-09,0.26,633900
2024-04-10,0.25,251200
2024-04-11,0.25,134000
2024-04-12,0.24,1267200
2024-04-15,0.24,146200
2024-04-16,0.24,287900
2024-04-17,0.24,265000
2024-04-18,0.25,161600
2024-04-19,0.26,287300
2024-04-22,0.23,96400
2024-04-23,0.24,261100
2024-04-24,0.24,85700
2024-04-25,0.24,352900
2024-04-26,0.23,235800
2024-04-29,0.22,158900
2024-04-30,0.22,178700
2024-05-01,0.21,49400
2024-05-02,0.22,110700
2024-05-03,0.22,224000
2024-05-06,0.22,243500
2024-05-07,0.22,90900
2024-05-08,0.22,50200
2024-05-09,0.21,339900
2024-05-10,0.22,227600
2024-05-13,0.22,135600
2024-05-14,0.21,131300
2024-05-15,0.25,354100
2024-05-16,0.26,721600
2024-05-17,0.25,268500
2024-05-20,0.26,216300
2024-05-21,0.26,550100
2024-05-22,0.27,584600
2024-05-23,0.26,118800
2024-05-24,0.29,478300
2024-05-28,0.33,1663900
2024-05-29,0.35,999000
2024-05-30,0.36,394400
2024-05-31,0.36,715200
2024-06-03,0.34,660900
2024-06-04,0.31,513100
2024-06-05,0.33,269900
2024-06-06,0.32,158200
2024-06-07,0.32,150200
2024-06-10,0.35,629000
2024-06-11,0.35,271500
2024-06-12,0.37,908000
2024-06-13,0.36,328300
2024-06-14,0.37,167500
2024-06-17,0.37,254000
2024-06-18,0.35,281700
2024-06-20,0.35,218500
2024-06-21,0.4,321700
2024-06-24,0.34,402100
2024-06-25,0.34,131800
2024-06-26,0.34,112300
2024-06-27,0.33,243500
2024-06-28,0.34,139700
2024-07-01,0.33,293800
2024-07-02,0.31,272200
2024-07-03,0.3,214000
2024-07-05,0.31,170000
2024-07-08,0.3,135400
2024-07-09,0.3,83400
2024-07-10,0.3,200200
2024-07-11,0.29,127100
2024-07-12,0.31,328500
2024-07-15,0.32,292600
2024-07-16,0.34,237300
2024-07-17,0.32,224300
2024-07-18,0.3,158200
2024-07-19,0.31,168500
2024-07-22,0.33,259900
2024-07-23,0.36,685300
2024-07-24,0.36,191600
2024-07-25,0.35,368800
2024-07-26,0.35,140200
2024-07-29,0.36,161700
2024-07-30,0.35,177000
2024-07-31,0.37,96300
2024-08-01,0.37,392900
2024-08-02,0.34,423700
2024-08-05,0.33,404200
2024-08-06,0.33,124400
2024-08-07,0.32,40100
2024-08-08,0.33,91700
2024-08-09,0.36,253100
2024-08-12,0.37,310500
2024-08-13,0.37,88700
2024-08-14,0.38,226400
2024-08-15,0.48,2765800
2024-08-16,0.53,3127400
2024-08-19,0.56,1288400
2024-08-20,0.63,1297500
2024-08-21,0.72,2666300
2024-08-22,0.63,1630100
2024-08-23,0.62,892400
2024-08-26,0.63,852800
2024-08-27,0.64,490200
2024-08-28,0.61,492800
2024-08-29,0.61,357200
2024-08-30,0.67,800500
2024-09-03,0.7,1643800
2024-09-04,0.72,1368100
2024-09-05,0.73,1178300
2024-09-06,0.7,848700
2024-09-09,0.66,810100
2024-09-10,0.61,1062300
2024-09-11,0.62,564300
2024-09-12,0.65,338800
2024-09-13,0.71,911800
2024-09-16,0.66,619300
2024-09-17,0.67,648900
2024-09-18,0.67,660100
2024-09-19,0.7,549900
2024-09-20,0.77,1651700
2024-09-23,0.77,2098400
2024-09-24,0.78,1092800
2024-09-25,0.75,852000
2024-09-26,0.77,1137900
2024-09-27,0.77,1547400
2024-09-30,0.76,1991100
2024-10-01,0.69,797400
2024-10-02,0.75,744100
2024-10-03,0.74,892600
2024-10-04,0.76,287300
2024-10-07,0.78,285500
2024-10-08,0.71,904000
2024-10-09,0.67,712700
2024-10-10,0.69,280600
2024-10-11,0.69,257300
2024-10-14,0.71,293600
2024-10-15,0.72,373900
2024-10-16,0.71,335200
2024-10-17,0.69,588800
2024-10-18,0.68,475300
2024-10-21,0.68,454700
2024-10-22,0.67,496700
2024-10-23,0.65,764500
2024-10-24,0.64,237000
2024-10-25,0.63,557200
2024-10-28,0.67,362100
2024-10-29,0.64,224500
2024-10-30,0.64,504500
2024-10-31,0.62,403100
2024-11-01,0.61,215200
2024-11-04,0.61,202900
2024-11-05,0.6,168200
2024-11-06,0.61,423900
2024-11-07,0.66,537300
2024-11-08,0.66,130500
2024-11-11,0.68,718600
2024-11-12,0.62,1008800
2024-11-13,0.61,562100
2024-11-14,0.52,1345100
2024-11-15,0.52,592700
2024-11-18,0.57,472200
2024-11-19,0.69,1352300
2024-11-20,0.74,1081500
2024-11-21,0.72,534500
2024-11-22,0.7,550000
2024-11-25,0.73,1585300
2024-11-26,0.78,1216200
2024-11-27,0.79,1332800
2024-11-29,0.76,511800
2024-12-02,0.71,849800
2024-12-03,0.98,16797200
2024-12-04,1.07,13524500
2024-12-05,1.35,8934400
2024-12-06,1.9,20318400
2024-12-09,1.62,20585400
2024-12-10,1.39,9133700
2024-12-11,1.5,7516800
2024-12-12,1.67,7823400
2024-12-13,1.92,18236100
2024-12-16,2.09,11283600
2024-12-17,2.13,8717200
2024-12-18,1.8,7263600
2024-12-19,1.76,5077200
2024-12-20,1.99,5045600
2024-12-23,1.86,2917400
2024-12-24,1.88,2430300
2024-12-26,2.06,5734900
2024-12-27,1.92,4336400
2024-12-30,1.8,3039700
2024-12-31,1.77,2682000
2025-01-02,1.73,2090600
2025-01-03,1.86,3112300
2025-01-06,1.79,3480900
2025-01-07,1.63,3020700
2025-01-08,1.48,3579300
2025-01-10,1.54,2646000
2025-01-13,1.49,1225400
2025-01-14,1.55,972600
2025-01-15,1.74,1953700
2025-01-16,1.82,2326100
2025-01-17,1.65,2272100
2025-01-21,1.78,1900300
2025-01-22,1.76,1317400
2025-01-23,1.91,3014500
2025-01-24,1.77,2397600
2025-01-27,1.67,1488000
2025-01-28,1.68,1468900
2025-01-29,1.65,1029500
2025-01-30,1.8,1392100
2025-01-31,1.72,1512200
2025-02-03,1.68,1355300
2025-02-04,1.85,2423100
2025-02-05,1.95,2063000
2025-02-06,1.86,2251400
2025-02-07,1.84,1123400
2025-02-10,2.01,4803300
2025-02-11,1.91,3929800
2025-02-12,1.92,1439800
2025-02-13,2.06,3983900
2025-02-14,1.9,2410200
2025-02-18,1.83,2242600
2025-02-19,1.74,1563000
2025-02-20,1.7,1394500
2025-02-21,1.57,2959200
2025-02-24,1.5,2467000
2025-02-25,1.45,2102400
2025-02-26,1.44,1819400
2025-02-27,1.37,1717900
2025-02-28,1.38,3092600
2025-03-03,1.29,2130600
2025-03-04,1.26,1697100
2025-03-05,1.44,2742600
2025-03-06,1.41,2419900
2025-03-07,1.44,1544800
2025-03-10,1.3,2060900
2025-03-11,1.44,1834300
2025-03-12,1.47,1009800
2025-03-13,1.6,2277700
2025-03-14,1.69,1541100
2025-03-17,1.72,1199100
2025-03-18,1.7,1070400
2025-03-19,1.8,1156400
2025-03-20,1.79,1591400
2025-03-21,2.11,8248500
2025-03-24,2.23,5616500
2025-03-25,2.21,5036200
2025-03-26,2.28,2223500
2025-03-27,2.34,3299500
2025-03-28,2.28,2982900
2025-03-31,2.2,2095800
2025-04-01,2.25,1263000
2025-04-02,2.33,1934800
2025-04-03,2.33,2621600
2025-04-04,1.97,4942400
2025-04-07,2.01,3242200
2025-04-08,1.95,1811400
2025-04-09,2.24,5111800
2025-04-10,2.55,7449300
2025-04-11,2.79,7948100
2025-04-14,3.14,7257500
2025-04-15,3.26,8524100
2025-04-16,3.49,8066800
2025-04-17,3.2,5693600
2025-04-21,3.0,3792900
2025-04-22,3.26,2865500
2025-04-23,3.44,4030000
2025-04-24,3.77,6396500
2025-04-25,3.4,4441000
2025-04-28,3.36,3099500
2025-04-29,3.29,3214900
2025-04-30,3.21,2443100
2025-05-01,3.22,3375300
2025-05-02,3.4,5535300
2025-05-05,3.41,2858600
2025-05-06,3.55,2956900
2025-05-07,3.79,5514700
2025-05-08,3.52,4441400
2025-05-09,3.28,3095600
2025-05-12,2.65,9277600
2025-05-13,2.58,6831600
2025-05-14,2.59,2396700
2025-05-15,2.58,2543500
2025-05-16,2.5,2052800
2025-05-19,2.73,3765600
2025-05-20,2.62,2598700
2025-05-21,2.5,2107900
2025-05-22,2.57,1951800
2025-05-23,2.53,1966300
2025-05-27,2.57,2111600
2025-05-28,2.42,2766400
2025-05-29,2.4,2124500
2025-05-30,2.42,1724100
2025-06-02,2.53,4538100
2025-06-03,2.66,3391100
2025-06-04,2.75,3744600
2025-06-05,3.0,10775400
2025-06-06,3.37,6967600
2025-06-09,3.05,7801000
2025-06-10,2.94,3495600
2025-06-11,3.03,4198000
2025-06-12,3.02,2148700
2025-06-13,2.93,2700300
2025-06-16,2.9,2123400
2025-06-17,2.78,2508600
2025-06-18,2.9,3009200
2025-06-20,2.73,2869300
2025-06-23,2.72,2956000
2025-06-24,2.58,2332100
2025-06-25,2.53,2407200
2025-06-26,2.63,3513400
2025-06-27,2.39,21919000
2025-06-30,2.18,6536500
2025-07-01,1.97,7934500
2025-07-02,2.13,5249100
2025-07-03,2.22,3655500
2025-07-07,2.26,3417000
2025-07-08,2.24,3398800
2025-07-09,2.26,2446300
2025-07-10,2.66,8982000
2025-07-11,2.72,4022000
2025-07-14,2.99,9210200
2025-07-15,3.29,10495600
2025-07-16,3.74,15822900
2025-07-17,3.73,8300000
2025-07-18,3.87,11027200
2025-07-21,3.53,7684500
2025-07-22,3.56,4226800
2025-07-23,3.73,3606400
2025-07-24,3.6,3332700
2025-07-25,3.35,4324300
2025-07-28,3.34,2832100
2025-07-29,3.07,3246100
2025-07-30,2.92,5308300
2025-07-31,3.06,4182600
2025-08-01,2.96,3615000
2025-08-04,3.55,6966800
2025-08-05,3.44,4578000
2025-08-06,3.4,3080400
2025-08-07,3.52,3446200
2025-08-08,3.64,4848300
2025-08-11,3.79,7526900
2025-08-12,3.82,5019200
2025-08-13,4.01,10181000
2025-08-14,4.13,6007100
2025-08-15,4.27,7026800
2025-08-18,4.49,6411500
2025-08-19,4.26,7206100
2025-08-20,4.4,7469400
2025-08-21,4.54,5021500
2025-08-22,4.72,9232700
2025-08-25,4.82,8761600
2025-08-26,4.94,7422000
2025-08-27,4.59,6381900
2025-08-28,4.57,4591400
2025-08-29,4.55,5761300
2025-09-02,4.31,4448500
2025-09-03,4.31,3610200
2025-09-04,4.58,3905600
2025-09-05,4.51,4799800
2025-09-08,4.31,3240400
2025-09-09,4.62,5158600
2025-09-10,4.71,6214900
2025-09-11,4.59,4633900
2025-09-12,4.93,4918400
2025-09-15,5.07,4634000
2025-09-16,5.32,8340700
2025-09-17,5.6,5658200
2025-09-18,5.89,6740500
2025-09-19,6.49,20200400
2025-09-22,6.45,6826500
2025-09-23,7.3,29007500
2025-09-24,6.67,14867900
2025-09-25,6.31,11130300
2025-09-26,6.25,9873700
2025-09-29,6.39,6218100
2025-09-30,6.2,6488100
2025-10-01,7.55,18193400
2025-10-02,7.51,8271100
2025-10-03,7.75,12260800
2025-10-06,8.09,15999400
2025-10-07,8.7,20387700
2025-10-08,9.52,21930200
2025-10-09,10.88,19425100
2025-10-10,12.21,35904100
2025-10-13,16.71,45854800
2025-10-14,17.47,53749300
2025-10-15,13.76,41603600
2025-10-16,12.56,22815900
2025-10-17,11.19,19399600
2025-10-20,13.43,31869400
2025-10-21,12.39,24044000
2025-10-22,13.11,27890400
2025-10-23,11.73,15557900
2025-10-24,12.01,14549700
2025-10-27,9.57,27802800
2025-10-28,9.14,13061400
2025-10-29,8.4,20673800
2025-10-30,8.34,21940400
2025-10-31,8.07,13268000
2025-11-03,7.04,16318100
2025-11-04,6.97,11613700
2025-11-05,6.36,12262300
2025-11-06,7.06,17612300
2025-11-07,8.32,24053900
2025-11-10,7.67,16233700
2025-11-11,8.07,10501600
2025-11-12,7.62,11709800
2025-11-13,7.19,11972800
2025-11-14,7.38,11591300
2025-11-17,6.85,8666900
2025-11-18,7.08,8127100
2025-11-19,6.74,7675500
2025-11-20,5.88,11657500
2025-11-21,5.87,10339400
2025-11-24,5.88,8970900
2025-11-25,5.79,5950300
2025-11-26,5.79,4976600
2025-11-28,6.11,4489800
2025-12-01,5.48,8383200
2025-12-02,5.36,6016900
2025-12-03,5.32,4834900
2025-12-04,6.12,14179700
2025-12-05,6.36,16027900
2025-12-08,6.35,7155500
2025-12-09,6.44,5856200
2025-12-10,5.92,7700700
2025-12-11,6.0,6328200
2025-12-12,5.6,7078700
2025-12-15,4.98,7681900
2025-12-16,4.98,5876200
2025-12-17,4.54,6168500
2025-12-18,4.49,6348300
2025-12-19,4.82,12546600
2025-12-22,5.59,10708400
2025-12-23,6.03,14537700
2025-12-24,6.35,5574000
2025-12-26,6.24,12744300
2025-12-29,5.61,9518900
2025-12-30,5.18,9333300
2025-12-31,5.02,8148100
2026-01-02,5.93,11170000
2026-01-05,6.87,14846900
2026-01-06,6.99,14662700
2026-01-07,7.84,24066000
2026-01-08,7.41,14327800
2026-01-09,7.65,12036800
2026-01-12,8.57,19614900
2026-01-13,7.75,16092900
2026-01-14,8.78,18438600
2026-01-15,8.29,13514200
2026-01-16,8.29,13694500
2026-01-20,9.27,24210500
2026-01-21,9.11,23807800
2026-01-22,10.19,19507100
2026-01-23,10.85,21782700
2026-01-26,9.5,33438100
2026-01-27,9.91,15496500
2026-01-28,9.7,17920700
2026-01-29,8.29,23878700
2026-01-30,7.33,16249700
2026-02-02,7.86,16933100
2026-02-03,9.65,24665000
2026-02-04,8.07,19368400
2026-02-05,7.47,9358600
2026-02-06,8.61,12259000
2026-02-09,8.23,11304400
2026-02-10,8.15,16414000
2026-02-11,8.09,17540600
2026-02-12,7.39,8952500
2026-02-13,7.62,8542300
2026-02-17,7.25,8972200
2026-02-18,7.45,6096100
2026-02-19,7.7,5013400
2026-02-20,7.39,7091900
2026-02-23,7.74,6570400
2026-02-24,8.37,9257900
2026-02-25,9.15,11833600
2026-02-26,8.91,9730300
2026-02-27,8.94,7951300
2026-03-02,10.65,22347700
2026-03-03,9.59,11743300
2026-03-04,9.68,8415400
2026-03-05,9.26,12546600
2026-03-06,9.57,19307400
2026-03-09,9.6,11590400
2026-03-10,11.23,21250200
2026-03-11,10.51,15307700
2026-03-12,9.68,13011900
2026-03-13,9.22,12379600
2026-03-16,10.98,22305700
2026-03-17,10.3,12582100
2026-03-18,9.34,12165900
2026-03-19,9.11,12455100
2026-03-20,8.16,29706500
2026-03-23,8.94,15998500
2026-03-24,9.28,11583400
2026-03-25,9.87,14619800
2026-03-26,8.85,9578400
2026-03-27,8.75,7084900
2026-03-30,7.87,10275200
2026-03-31,8.73,8343500
2026-04-01,8.3,10183000
2026-04-02,8.69,9596600
2026-04-06,8.28,7476900
2026-04-07,8.13,7396000
2026-04-08,8.84,9024100
2026-04-09,8.77,8000800
2026-04-10,8.36,10896300
2026-04-13,9.29,12264500
2026-04-14,9.37,10020600
2026-04-15,10.7,15905000
2026-04-16,10.42,12479700
2026-04-17,10.57,10971300
2026-04-20,10.64,10954200
2026-04-21,10.07,9860700
2026-04-22,10.6,8968600
2026-04-23,10.12,11334200
2026-04-24,9.74,11111900
2026-04-27,11.18,14519800
2026-04-28,10.81,19069400
2026-04-29,9.98,15459100
2026-04-30,12.01,21429000
2026-05-01,12.15,18476500
2026-05-04,11.75,21721500
2026-05-05,11.15,18510200
2026-05-06,12.61,17267700
2026-05-07,11.02,14340100
2026-05-08,10.66,10666100
2026-05-11,10.65,12629700
2026-05-12,10.5,13939000
2026-05-13,9.97,9301300
2026-05-14,9.57,11168300
2026-05-15,8.61,14692900
2026-05-18,8.04,9009300
2026-05-19,7.44,15583100
2026-05-20,8.33,16401000
2026-05-21,8.2,10062100
2026-05-22,8.42,9861100
2026-05-26,8.81,12100800
2026-05-27,9.24,10257300
2026-05-28,9.1,6553500
2026-05-29,8.98,7254400
2026-06-01,9.26,9850400
2026-06-02,10.19,11907300
2026-06-03,9.16,10400200
2026-06-04,8.65,10239900
2026-06-05,7.71,10450600
2026-06-08,7.81,5776000
2026-06-09,7.28,10830800
2026-06-10,6.86,11538600
2026-06-11,7.33,9943100
2026-06-12,7.04,6869900
2026-06-15,7.48,6806900
2026-06-16,7.09,5858800
2026-06-17,7.66,9504000
2026-06-18,7.85,11919400
2026-06-22,7.8,6342000
2026-06-23,7.01,5562800
2026-06-24,6.57,8810800
2026-06-25,6.86,6271700
2026-06-26,6.97,11414300
2026-06-29,6.96,6222600
2026-06-30,7.26,5291800
2026-07-01,7.7,6974900
2026-07-02,7.43,7500600
2026-07-06,7.26,4347600
2026-07-07,6.8,5272300
2026-07-08,6.68,5412200
2026-07-09,6.62,4382200
2026-07-10,6.46,4249100
2026-07-13,5.97,5795300
2026-07-14,6.45,5017800
2026-07-15,5.92,6663800
2026-07-16,5.33,10944100
2026-07-17,5.46,5336300
2026-07-20,5.36,6264500
2026-07-21,5.84,5294000
2026-07-22,5.84,4660500
2026-07-23,5.51,4620500
2026-07-24,5.17,3831500
2026-07-27,5.45,4022500
2026-07-28,5.21,4804800
2026-07-29,4.91,5827300
2026-07-30,5.22,4787100
2026-07-31,5.07,4695200
2026-08-03,5.66,6326000
2026-08-04,6.12,4739600
2026-08-05,6.38,5276800
2026-08-06,6.21,4148800
2026-08-07,6.85,6181400
2026-08-10,6.67,6979600
2026-08-11,6.58,6145000
2026-08-12,4.97,27042700
2026-08-13,5.34,11045200
2026-08-14,5.51,6158200
2026-08-17,5.62,4167600
2026-08-18,5.2,5607300
2026-08-19,5.73,9663500
2026-08-20,5.27,5346500
2026-08-21,5.49,6564100
2026-08-24,5.1,7574600
2026-08-25,5.2,5893100
2026-08-26,5.06,6318600
2026-08-27,5.16,6351700
2026-08-28,4.85,8867900
2026-08-31,4.87,9440000
2026-09-01,4.68,9043500
2026-09-02,5.29,9670500
2026-09-03,5.14,6660300
2026-09-04,5.2,4535300
2026-09-08,5.44,6318000
2026-09-09,5.31,4629000
2026-09-10,4.93,5300100
2026-09-11,4.87,4171000
2026-09-14,4.73,4833000
2026-09-15,4.66,4327300
2026-09-16,4.56,5080500
2026-09-17,4.61,4008900
2026-09-18,4.63,9114000
2026-09-21,4.91,5287800
2026-09-22,4.8,4817000
2026-09-23,4.6,4017800
2026-09-24,4.57,3822000
2026-09-25,4.5,2849800
2026-09-28,4.26,4648000
2026-09-29,4.18,4573400
2026-09-30,4.17,4798100
2026-10-01,4.13,5404600
2026-10-02,3.99,4732100
2026-10-05,3.95,5796635
