datum,schluss,volumen
2008-01-02,69.37,163400
2008-01-03,68.76,149300
2008-01-04,65.82,694800
2008-01-07,63.96,865600
2008-01-08,63.0,803500
2008-01-09,62.53,1027800
2008-01-10,64.17,1264000
2008-01-11,63.86,1193800
2008-01-14,66.06,321700
2008-01-15,64.07,937200
2008-01-16,61.33,1701200
2008-01-17,57.85,2214400
2008-01-18,58.8,1681000
2008-01-22,58.33,1932900
2008-01-23,58.25,2187400
2008-01-24,61.14,1534200
2008-01-25,63.17,1813300
2008-01-28,65.19,584600
2008-01-29,65.17,466900
2008-01-30,64.2,848300
2008-01-31,65.54,851800
2008-02-01,68.36,702100
2008-02-04,67.8,405200
2008-02-05,66.06,1156700
2008-02-06,65.01,910700
2008-02-07,66.27,1317800
2008-02-08,68.44,1163300
2008-02-11,70.19,992300
2008-02-12,68.08,1377000
2008-02-13,70.46,967100
2008-02-14,70.07,795000
2008-02-15,69.6,1779600
2008-02-19,73.29,1945700
2008-02-20,74.64,3244300
2008-02-21,72.91,3667800
2008-02-22,73.97,2960900
2008-02-25,76.29,1646400
2008-02-26,76.55,1848200
2008-02-27,76.13,1250400
2008-02-28,77.59,1290200
2008-02-29,73.9,2115000
2008-03-03,75.93,1407100
2008-03-04,73.84,2010100
2008-03-05,76.53,1188400
2008-03-06,73.78,993200
2008-03-07,71.28,1555600
2008-03-10,67.6,2261400
2008-03-11,72.01,1883400
2008-03-12,70.89,644500
2008-03-13,73.61,1238300
2008-03-14,72.54,1253500
2008-03-17,69.5,913300
2008-03-18,72.37,1779200
2008-03-19,66.44,2281500
2008-03-20,66.06,1030400
2008-03-24,69.07,659400
2008-03-25,70.84,680200
2008-03-26,72.08,478500
2008-03-27,70.84,2817900
2008-03-28,70.62,508900
2008-03-31,69.79,451000
2008-04-01,71.43,601200
2008-04-02,72.64,358300
2008-04-03,74.3,454000
2008-04-04,77.59,954100
2008-04-07,77.15,1082900
2008-04-08,79.16,1192100
2008-04-09,77.75,628400
2008-04-10,78.5,296000
2008-04-11,76.5,456200
2008-04-14,76.45,317800
2008-04-15,77.19,525400
2008-04-16,81.91,716600
2008-04-17,80.45,872400
2008-04-18,80.95,881000
2008-04-21,81.75,435000
2008-04-22,80.85,1024400
2008-04-23,79.4,529200
2008-04-24,76.9,722600
2008-04-25,79.36,313100
2008-04-28,79.35,2876900
2008-04-29,75.73,821500
2008-04-30,76.4,1237800
2008-05-01,75.13,1413000
2008-05-02,77.6,1009600
2008-05-05,80.41,498300
2008-05-06,81.77,3518500
2008-05-07,81.54,1464800
2008-05-08,83.5,865500
2008-05-09,82.5,1060600
2008-05-12,82.99,860300
2008-05-13,84.76,1039600
2008-05-14,83.46,1275500
2008-05-15,86.28,1302100
2008-05-16,88.5,1213200
2008-05-19,88.38,1200800
2008-05-20,89.42,1910800
2008-05-21,87.45,1768300
2008-05-22,86.55,1578300
2008-05-23,85.71,1672100
2008-05-27,84.94,1067500
2008-05-28,88.52,1042100
2008-05-29,85.02,1440500
2008-05-30,87.64,932300
2008-06-02,89.72,1693900
2008-06-03,88.92,1505200
2008-06-04,86.5,1286400
2008-06-05,90.6,1212300
2008-06-06,89.92,1240800
2008-06-09,92.18,1001000
2008-06-10,89.1,1736800
2008-06-11,88.47,1880200
2008-06-12,87.08,1484400
2008-06-13,90.29,861500
2008-06-16,90.86,1083700
2008-06-17,91.16,840400
2008-06-18,93.48,824600
2008-06-19,93.28,1468200
2008-06-20,92.19,1606600
2008-06-23,93.68,1053300
2008-06-24,91.81,1580300
2008-06-25,91.51,2177200
2008-06-26,91.26,1785700
2008-06-27,94.0,1511900
2008-06-30,94.58,1110300
2008-07-01,92.9,2421900
2008-07-02,82.22,4589400
2008-07-03,82.0,1647700
2008-07-07,81.55,1684500
2008-07-08,79.93,2960900
2008-07-09,80.42,2754100
2008-07-10,83.99,2241900
2008-07-11,84.69,1790500
2008-07-14,86.37,1045200
2008-07-15,82.76,2941500
2008-07-16,82.56,3134800
2008-07-17,77.5,3124700
2008-07-18,77.3,3077400
2008-07-21,81.28,1326300
2008-07-22,78.2,1579200
2008-07-23,75.5,1724400
2008-07-24,72.49,1893000
2008-07-25,75.55,2387100
2008-07-28,76.3,1089700
2008-07-29,78.55,1069600
2008-07-30,82.32,935700
2008-07-31,79.4,2051900
2008-08-01,76.25,2465700
2008-08-04,70.65,3134900
2008-08-05,70.01,2722100
2008-08-06,72.02,2433100
2008-08-07,71.0,1175600
2008-08-08,68.5,1602400
2008-08-11,64.75,2142700
2008-08-12,65.77,1728300
2008-08-13,69.81,1712100
2008-08-14,68.67,1317000
2008-08-15,67.04,1947800
2008-08-18,67.01,694100
2008-08-19,68.69,912000
2008-08-20,71.23,1136700
2008-08-21,73.0,858400
2008-08-22,71.44,851600
2008-08-25,69.7,1005600
2008-08-26,70.24,482900
2008-08-27,71.83,767500
2008-08-28,72.38,555400
2008-08-29,71.59,380100
2008-09-02,66.34,1673900
2008-09-03,64.59,2320700
2008-09-04,60.98,2124400
2008-09-05,61.8,2202300
2008-09-08,58.16,3149400
2008-09-09,53.03,7094300
2008-09-10,54.94,4415900
2008-09-11,55.45,3700900
2008-09-12,58.7,3831500
2008-09-15,52.92,4162500
2008-09-16,54.44,3556300
2008-09-17,53.05,3391300
2008-09-18,56.13,2139100
2008-09-19,59.98,1268500
2008-09-22,58.67,1254700
2008-09-23,55.5,2050900
2008-09-24,54.44,1128000
2008-09-25,54.29,1168500
2008-09-26,51.57,1215700
2008-09-29,44.5,2081500
2008-09-30,46.97,1220600
2008-10-01,45.3,1363200
2008-10-02,38.13,2775600
2008-10-03,38.02,2708200
2008-10-06,36.4,3659700
2008-10-07,33.5,2807800
2008-10-08,33.91,4283200
2008-10-09,32.26,2384000
2008-10-10,31.7,2654900
2008-10-13,35.48,2392100
2008-10-14,34.1,2164700
2008-10-15,28.28,2561800
2008-10-16,29.6,3260500
2008-10-17,29.94,3683500
2008-10-20,34.24,3483800
2008-10-21,33.16,2847500
2008-10-22,28.84,2571700
2008-10-23,27.93,3802000
2008-10-24,26.0,2620200
2008-10-27,23.75,2986800
2008-10-28,27.2,3480600
2008-10-29,29.46,3433200
2008-10-30,30.56,3008600
2008-10-31,31.24,2816600
2008-11-03,31.31,1518700
2008-11-04,33.15,2397500
2008-11-05,30.15,3316300
2008-11-06,26.7,3234500
2008-11-07,27.49,1517400
2008-11-10,27.86,1742700
2008-11-11,26.2,2206400
2008-11-12,23.29,1553900
2008-11-13,26.39,3285000
2008-11-14,24.44,1355300
2008-11-17,23.5,1487800
2008-11-18,22.33,1829000
2008-11-19,19.89,1511100
2008-11-20,17.37,2212500
2008-11-21,20.19,2606400
2008-11-24,22.69,2185300
2008-11-25,23.83,2639900
2008-11-26,26.64,1732700
2008-11-28,26.4,512000
2008-12-01,22.36,2262200
2008-12-02,23.39,2126300
2008-12-03,22.58,3417400
2008-12-04,21.66,2191800
2008-12-05,22.52,1193500
2008-12-08,25.89,2378500
2008-12-09,25.71,1589700
2008-12-10,28.41,2208500
2008-12-11,27.02,2361600
2008-12-12,27.42,1239400
2008-12-15,27.33,1365100
2008-12-16,29.36,2558000
2008-12-17,30.48,2843900
2008-12-18,28.4,2202600
2008-12-19,27.31,1270700
2008-12-22,25.47,1309800
2008-12-23,25.85,739900
2008-12-24,25.65,208400
2008-12-26,26.42,277000
2008-12-29,26.21,347500
2008-12-30,27.11,470600
2008-12-31,27.75,510000
2009-01-02,30.16,814600
2009-01-05,31.37,1081300
2009-01-06,32.49,2288300
2009-01-07,30.12,1893900
2009-01-08,31.31,1683400
2009-01-09,29.79,1355900
2009-01-12,26.9,1351700
2009-01-13,27.74,1917100
2009-01-14,25.63,1502600
2009-01-15,26.25,2547300
2009-01-16,26.64,3201400
2009-01-20,24.61,1973900
2009-01-21,26.58,1549700
2009-01-22,25.59,2143000
2009-01-23,26.26,1540700
2009-01-26,26.08,2167600
2009-01-27,27.15,2189500
2009-01-28,28.77,2350900
2009-01-29,27.69,1994000
2009-01-30,26.35,3549700
2009-02-02,25.98,2123500
2009-02-03,27.01,2212600
2009-02-04,27.25,3338100
2009-02-05,28.35,2259200
2009-02-06,30.01,1784800
2009-02-09,30.06,2311900
2009-02-10,27.97,2775300
2009-02-11,28.08,4169500
2009-02-12,28.61,1848800
2009-02-13,28.91,1953700
2009-02-17,26.18,2153700
2009-02-18,25.66,5614500
2009-02-19,25.58,2355500
2009-02-20,25.52,2430400
2009-02-23,23.19,1631100
2009-02-24,24.51,1574600
2009-02-25,23.91,2106100
2009-02-26,23.75,1781300
2009-02-27,23.46,1688600
2009-03-02,20.81,1450200
2009-03-03,21.54,1366000
2009-03-04,23.22,3763700
2009-03-05,22.15,1714400
2009-03-06,21.94,3597000
2009-03-09,21.55,1666800
2009-03-10,23.44,2257900
2009-03-11,23.34,2427800
2009-03-12,23.67,2431600
2009-03-13,23.21,1357100
2009-03-16,23.3,1524300
2009-03-17,22.93,2630800
2009-03-18,23.88,2923800
2009-03-19,25.96,3966600
2009-03-20,24.58,1874700
2009-03-23,26.45,1729800
2009-03-24,26.53,1453400
2009-03-25,26.57,1721200
2009-03-26,27.68,1581200
2009-03-27,26.93,2546500
2009-03-30,24.84,1524700
2009-03-31,25.1,1156000
2009-04-01,26.36,2686100
2009-04-02,28.25,1887300
2009-04-03,28.67,2315800
2009-04-06,27.89,1693600
2009-04-07,26.7,1223700
2009-04-08,27.29,2011500
2009-04-09,29.38,1692600
2009-04-13,30.33,1519300
2009-04-14,29.53,2027000
2009-04-15,29.62,1528900
2009-04-16,29.96,2899200
2009-04-17,30.58,2060200
2009-04-20,28.18,2096100
2009-04-21,29.39,1963700
2009-04-22,30.07,2543700
2009-04-23,29.82,1625200
2009-04-24,31.05,2712800
2009-04-27,30.1,2439300
2009-04-28,29.43,2392100
2009-04-29,30.88,3329200
2009-04-30,31.69,2969400
2009-05-01,33.42,2335600
2009-05-04,36.6,4489600
2009-05-05,36.21,2143000
2009-05-06,37.53,2661000
2009-05-07,35.95,2984200
2009-05-08,37.14,2683800
2009-05-11,35.69,2632900
2009-05-12,35.86,3733100
2009-05-13,32.69,5375200
2009-05-14,33.23,4244600
2009-05-15,32.57,1529200
2009-05-18,34.56,4493900
2009-05-19,35.79,3513300
2009-05-20,36.65,4363000
2009-05-21,34.95,3639800
2009-05-22,34.7,2624700
2009-05-26,36.22,2851200
2009-05-27,36.07,3961900
2009-05-28,36.87,3262100
2009-05-29,37.86,3530900
2009-06-01,40.44,4809800
2009-06-02,40.83,4681700
2009-06-03,38.2,4369400
2009-06-04,39.91,4728200
2009-06-05,40.24,4445000
2009-06-08,39.51,4835400
2009-06-09,41.38,4598300
2009-06-10,41.76,3737400
2009-06-11,43.0,4863500
2009-06-12,41.99,4244700
2009-06-15,39.14,4163100
2009-06-16,38.15,4651700
2009-06-17,37.54,4913000
2009-06-18,37.9,4663000
2009-06-19,38.28,4524300
2009-06-22,34.93,4828400
2009-06-23,35.83,4891100
2009-06-24,36.47,3446300
2009-06-25,38.18,3677700
2009-06-26,37.84,2723900
2009-06-29,37.9,2765000
2009-06-30,37.01,3578100
2009-07-01,37.01,5017700
2009-07-02,36.01,4226600
2009-07-06,34.15,5643400
2009-07-07,33.35,4514300
2009-07-08,32.88,6768400
2009-07-09,33.42,4115400
2009-07-10,33.39,3054300
2009-07-13,34.03,3227600
2009-07-14,34.53,3847000
2009-07-15,36.35,4131000
2009-07-16,37.49,4890600
2009-07-17,38.13,5089900
2009-07-20,39.5,4490700
2009-07-21,38.85,4860700
2009-07-22,38.17,3339600
2009-07-23,39.0,3482300
2009-07-24,39.74,4119600
2009-07-27,39.53,3917000
2009-07-28,39.05,4206800
2009-07-29,37.41,5673000
2009-07-30,38.53,5041100
2009-07-31,39.64,4240300
2009-08-03,41.92,4414500
2009-08-04,41.89,2918500
2009-08-05,42.05,3105600
2009-08-06,41.62,3533200
2009-08-07,42.37,4525200
2009-08-10,41.29,2341400
2009-08-11,40.38,2674100
2009-08-12,40.95,3968100
2009-08-13,42.88,3335100
2009-08-14,41.71,3115000
2009-08-17,39.07,3536000
2009-08-18,39.95,1752200
2009-08-19,40.17,2926100
2009-08-20,40.45,1821700
2009-08-21,41.88,2362200
2009-08-24,42.01,2074100
2009-08-25,41.31,4092100
2009-08-26,41.01,2557900
2009-08-27,41.14,5349300
2009-08-28,42.1,3798000
2009-08-31,40.6,3484000
2009-09-01,39.58,3765900
2009-09-02,40.33,2096500
2009-09-03,41.47,1575500
2009-09-04,42.38,1680000
2009-09-08,44.1,3321500
2009-09-09,44.21,3306800
2009-09-10,45.61,3155100
2009-09-11,45.95,3316000
2009-09-14,46.55,3798100
2009-09-15,47.9,3460600
2009-09-16,49.62,4353900
2009-09-17,48.42,5175600
2009-09-18,48.0,3530100
2009-09-21,47.57,3342800
2009-09-22,49.12,2915700
2009-09-23,47.77,3983200
2009-09-24,46.24,5086000
2009-09-25,45.27,3739600
2009-09-28,45.97,2045900
2009-09-29,45.99,1946200
2009-09-30,45.64,3227400
2009-10-01,43.54,4662800
2009-10-02,43.23,2675800
2009-10-05,45.11,2930900
2009-10-06,46.21,3480600
2009-10-07,46.81,2662400
2009-10-08,47.99,3661100
2009-10-09,47.59,2822500
2009-10-12,47.69,2466500
2009-10-13,47.85,2842400
2009-10-14,49.06,2862700
2009-10-15,49.48,2765700
2009-10-16,48.51,3364900
2009-10-19,49.05,2284000
2009-10-20,48.51,4355000
2009-10-21,48.25,4370000
2009-10-22,47.94,4320700
2009-10-23,47.13,3907400
2009-10-26,45.81,2540800
2009-10-27,44.8,3021900
2009-10-28,42.35,5315300
2009-10-29,44.47,3697100
2009-10-30,42.5,5608000
2009-11-02,42.51,5282600
2009-11-03,43.93,4094000
2009-11-04,44.1,3542100
2009-11-05,45.49,2689900
2009-11-06,45.49,2312300
2009-11-09,47.24,2902600
2009-11-10,47.01,2500200
2009-11-11,47.55,3397000
2009-11-12,46.49,3723700
2009-11-13,47.01,3167200
2009-11-16,49.05,4304400
2009-11-17,49.9,2984500
2009-11-18,49.77,4094800
2009-11-19,48.94,3317900
2009-11-20,48.81,3836700
2009-11-23,49.09,3142800
2009-11-24,49.27,2779800
2009-11-25,50.33,2113800
2009-11-27,48.75,1693200
2009-11-30,48.9,2907200
2009-12-01,49.79,3555900
2009-12-02,50.75,4901300
2009-12-03,49.62,6069300
2009-12-04,48.48,9454200
2009-12-07,48.5,4797800
2009-12-08,47.42,6380300
2009-12-09,49.0,4967400
2009-12-10,49.14,3514800
2009-12-11,49.4,3985500
2009-12-14,50.47,3763400
2009-12-15,50.4,2190100
2009-12-16,50.67,3712000
2009-12-17,49.47,3294000
2009-12-18,49.82,7008900
2009-12-21,50.78,3274000
2009-12-22,51.44,3916100
2009-12-23,52.96,2073000
2009-12-24,53.54,650600
2009-12-28,53.03,1192500
2009-12-29,52.29,1774400
2009-12-30,52.21,1292400
2009-12-31,51.61,1166800
2010-01-04,54.22,3332800
2010-01-05,55.0,3262200
2010-01-06,57.16,4391300
2010-01-07,56.74,4362800
2010-01-08,58.73,3915800
2010-01-11,57.89,5399200
2010-01-12,56.44,3917200
2010-01-13,57.26,4700100
2010-01-14,56.54,2918500
2010-01-15,55.38,5204700
2010-01-19,56.45,3103700
2010-01-20,54.9,5603800
2010-01-21,51.53,11491000
2010-01-22,49.97,9802700
2010-01-25,50.41,5900300
2010-01-26,49.5,8814900
2010-01-27,49.04,10530400
2010-01-28,48.09,9069600
2010-01-29,46.17,7132100
2010-02-01,48.9,7910500
2010-02-02,49.56,5220500
2010-02-03,48.84,6364900
2010-02-04,45.48,11952400
2010-02-05,46.81,14850200
2010-02-08,45.62,6506600
2010-02-09,47.44,9490000
2010-02-10,47.14,5331500
2010-02-11,49.04,8229200
2010-02-12,49.24,6799100
2010-02-16,51.09,6928900
2010-02-17,50.86,7402100
2010-02-18,51.45,8009400
2010-02-19,52.1,6961200
2010-02-22,52.21,6276800
2010-02-23,50.67,9513700
2010-02-24,50.09,4937400
2010-02-25,50.87,8395500
2010-02-26,51.31,4510700
2010-03-01,52.45,5172900
2010-03-02,53.85,7383600
2010-03-03,54.25,5651000
2010-03-04,54.38,4791900
2010-03-05,56.34,5082800
2010-03-08,56.02,3788400
2010-03-09,55.99,4929100
2010-03-10,56.24,6501900
2010-03-11,56.21,4737500
2010-03-12,56.8,6048300
2010-03-15,55.91,6021800
2010-03-16,57.4,6366600
2010-03-17,57.74,6305900
2010-03-18,56.35,9225500
2010-03-19,55.37,9659300
2010-03-22,55.81,4952800
2010-03-23,57.51,6528400
2010-03-24,56.91,6505400
2010-03-25,54.94,9163800
2010-03-26,55.73,8072800
2010-03-29,57.34,6291200
2010-03-30,56.72,5928300
2010-03-31,56.81,4206500
2010-04-01,58.12,3346100
2010-04-05,59.9,3706400
2010-04-06,59.95,3706200
2010-04-07,59.35,6464400
2010-04-08,59.32,6535300
2010-04-09,59.55,5049100
2010-04-12,59.42,4860800
2010-04-13,59.14,4065000
2010-04-14,59.95,5314100
2010-04-15,59.34,3815600
2010-04-16,57.58,8467800
2010-04-19,56.95,9008900
2010-04-20,57.33,6090700
2010-04-21,57.54,7805200
2010-04-22,57.74,3226900
2010-04-23,59.38,4291800
2010-04-26,59.2,4489800
2010-04-27,56.63,9272900
2010-04-28,57.32,6589700
2010-04-29,57.04,6285000
2010-04-30,55.76,6014700
2010-05-03,55.4,7877600
2010-05-04,52.95,8817600
2010-05-05,53.04,10541500
2010-05-06,52.21,12280200
2010-05-07,51.72,8970500
2010-05-10,54.89,8779700
2010-05-11,53.94,7744200
2010-05-12,55.55,7437400
2010-05-13,55.51,6878700
2010-05-14,53.92,9085300
2010-05-17,52.07,9892700
2010-05-18,51.18,9156300
2010-05-19,50.19,9496100
2010-05-20,47.02,11435500
2010-05-21,48.72,10220100
2010-05-24,47.97,5642600
2010-05-25,49.43,9405700
2010-05-26,49.25,8529000
2010-05-27,52.17,6032600
2010-05-28,51.39,5374500
2010-06-01,48.5,5997700
2010-06-02,50.99,7652200
2010-06-03,50.29,6697500
2010-06-04,47.62,7410600
2010-06-07,46.54,6336000
2010-06-08,47.6,9900900
2010-06-09,47.87,8055500
2010-06-10,50.08,4681200
2010-06-11,50.84,3919100
2010-06-14,50.98,4410700
2010-06-15,52.32,3852300
2010-06-16,51.86,3002200
2010-06-17,51.36,6066800
2010-06-18,51.61,3974600
2010-06-21,52.15,6926100
2010-06-22,50.41,2616800
2010-06-23,50.83,3987300
2010-06-24,49.45,3791900
2010-06-25,50.77,3086100
2010-06-28,49.4,2566100
2010-06-29,46.36,4056200
2010-06-30,45.69,3538400
2010-07-01,45.19,6465100
2010-07-02,44.73,2726700
2010-07-06,44.77,2326900
2010-07-07,47.11,3176200
2010-07-08,47.63,2962400
2010-07-09,48.99,2638700
2010-07-12,47.46,2004600
2010-07-13,48.28,1743000
2010-07-14,48.31,2146700
2010-07-15,48.16,2440700
2010-07-16,46.27,3031700
2010-07-19,46.2,2580700
2010-07-20,48.24,4464400
2010-07-21,47.99,3965400
2010-07-22,50.13,3611900
2010-07-23,51.25,4586500
2010-07-26,51.67,2269400
2010-07-27,49.81,3858400
2010-07-28,49.3,3357800
2010-07-29,49.46,3244600
2010-07-30,49.89,3491700
2010-08-02,51.62,2624100
2010-08-03,51.25,2421900
2010-08-04,52.08,4342100
2010-08-05,51.85,1877400
2010-08-06,52.53,4966100
2010-08-09,52.28,1990600
2010-08-10,51.33,4499100
2010-08-11,48.86,3517600
2010-08-12,49.08,2900600
2010-08-13,48.61,1416000
2010-08-16,49.23,1970000
2010-08-17,50.61,3248800
2010-08-18,51.15,3392200
2010-08-19,50.33,4647100
2010-08-20,49.79,3250700
2010-08-23,48.58,2495700
2010-08-24,47.09,4458100
2010-08-25,47.23,3141800
2010-08-26,46.67,2327600
2010-08-27,48.44,2989400
2010-08-30,47.49,2300700
2010-08-31,48.39,5154000
2010-09-01,50.35,3506700
2010-09-02,50.99,2563300
2010-09-03,51.54,2503800
2010-09-07,51.43,3943400
2010-09-08,51.93,2062700
2010-09-09,51.18,3138400
2010-09-10,51.75,1921000
2010-09-13,52.41,2609600
2010-09-14,52.25,2624900
2010-09-15,51.97,2210500
2010-09-16,52.58,3345400
2010-09-17,51.74,3455900
2010-09-20,52.22,2101600
2010-09-21,52.09,2626000
2010-09-22,52.56,4109400
2010-09-23,51.9,2076600
2010-09-24,53.4,2502000
2010-09-27,53.21,1567600
2010-09-28,53.55,3540800
2010-09-29,53.81,2183900
2010-09-30,53.48,2590800
2010-10-01,54.5,2989100
2010-10-04,53.09,3094700
2010-10-05,54.55,2822800
2010-10-06,55.38,2338000
2010-10-07,54.38,4106000
2010-10-08,56.31,4810500
2010-10-11,56.37,1670100
2010-10-12,56.22,4296900
2010-10-13,57.25,3783600
2010-10-14,56.71,2499200
2010-10-15,56.23,8801500
2010-10-18,57.72,4103800
2010-10-19,54.31,5261500
2010-10-20,55.73,2790400
2010-10-21,54.79,5221100
2010-10-22,54.62,1648800
2010-10-25,55.69,4725500
2010-10-26,55.61,3397700
2010-10-27,55.26,6233600
2010-10-28,55.39,3743500
2010-10-29,55.99,2219800
2010-11-01,56.35,4262000
2010-11-02,57.05,1553100
2010-11-03,56.88,6684100
2010-11-04,59.46,4306600
2010-11-05,60.7,4297100
2010-11-08,61.89,3496200
2010-11-09,59.77,4779900
2010-11-10,61.11,4033700
2010-11-11,62.18,4478700
2010-11-12,59.94,4881000
2010-11-15,59.58,3476500
2010-11-16,57.57,5538700
2010-11-17,57.85,2921300
2010-11-18,59.44,4272200
2010-11-19,60.99,5721600
2010-11-22,61.69,4478000
2010-11-23,60.53,2805100
2010-11-24,61.37,1944800
2010-11-26,60.39,1935000
2010-11-29,60.87,5425800
2010-11-30,61.1,5411100
2010-12-01,63.05,3526400
2010-12-02,64.45,3883000
2010-12-03,65.59,2115100
2010-12-06,66.6,3503100
2010-12-07,65.48,5580700
2010-12-08,64.01,4900100
2010-12-09,65.17,3648700
2010-12-10,65.79,3793300
2010-12-13,66.2,2955500
2010-12-14,66.16,2690800
2010-12-15,65.29,4169100
2010-12-16,65.98,2961000
2010-12-17,66.65,3350600
2010-12-20,66.96,1830600
2010-12-21,68.25,2281000
2010-12-22,67.86,1150800
2010-12-23,67.92,1036400
2010-12-27,67.49,779200
2010-12-28,67.91,1068500
2010-12-29,68.47,1423900
2010-12-30,69.02,1264900
2010-12-31,68.78,1685900
2011-01-03,70.13,3057600
2011-01-04,69.61,4451700
2011-01-05,70.08,3020100
2011-01-06,69.21,5416600
2011-01-07,68.87,3365300
2011-01-10,68.88,2571100
2011-01-11,70.89,3504800
2011-01-12,70.99,2734800
2011-01-13,70.07,3156800
2011-01-14,68.58,5023200
2011-01-18,69.8,2258900
2011-01-19,67.32,4441100
2011-01-20,66.73,6468400
2011-01-21,65.52,4164100
2011-01-24,66.75,4223100
2011-01-25,66.66,5204700
2011-01-26,69.68,3769300
2011-01-27,68.28,3747500
2011-01-28,67.61,4793900
2011-01-31,68.97,4033200
2011-02-01,70.88,5521500
2011-02-02,70.66,3501700
2011-02-03,70.94,4829500
2011-02-04,70.02,5755700
2011-02-07,70.58,5283100
2011-02-08,71.02,4489100
2011-02-09,69.33,5923200
2011-02-10,69.87,5033600
2011-02-11,70.07,4088100
2011-02-14,72.04,5494800
2011-02-15,72.18,3128800
2011-02-16,73.25,2410400
2011-02-17,74.05,2473700
2011-02-18,72.82,3756900
2011-02-22,69.79,4767700
2011-02-23,70.14,5701300
2011-02-24,69.84,3575600
2011-02-25,71.06,2389200
2011-02-28,71.66,2563700
2011-03-01,70.07,3655800
2011-03-02,70.91,2320900
2011-03-03,72.64,1975200
2011-03-04,72.58,2831100
2011-03-07,70.94,5049700
2011-03-08,71.12,4076500
2011-03-09,69.5,5870000
2011-03-10,66.98,10266600
2011-03-11,68.75,6520600
2011-03-14,69.01,4810600
2011-03-15,69.06,6282300
2011-03-16,68.13,6494100
2011-03-17,69.33,5503000
2011-03-18,68.95,6986000
2011-03-21,70.31,4775800
2011-03-22,71.04,3536700
2011-03-23,72.62,3539200
2011-03-24,72.98,3301800
2011-03-25,73.03,3938100
2011-03-28,72.25,3596900
2011-03-29,73.43,3313400
2011-03-30,73.99,5305400
2011-03-31,74.29,3876800
2011-04-01,74.5,4151000
2011-04-04,75.35,2834000
2011-04-05,76.48,4483200
2011-04-06,75.34,5770200
2011-04-07,75.39,3473100
2011-04-08,75.07,3433800
2011-04-11,73.37,5077400
2011-04-12,71.77,5997400
2011-04-13,71.76,4400200
2011-04-14,71.98,5163100
2011-04-15,72.5,3790800
2011-04-18,71.07,4915800
2011-04-19,71.97,3091500
2011-04-20,73.35,3432800
2011-04-21,74.04,2246400
2011-04-25,73.72,2266800
2011-04-26,74.07,2100000
2011-04-27,74.56,5112900
2011-04-28,74.65,3917600
2011-04-29,75.59,3877200
2011-05-02,74.95,2745800
2011-05-03,73.97,6114400
2011-05-04,71.97,5088100
2011-05-05,70.41,6100000
2011-05-06,70.83,5458400
2011-05-09,72.63,4112100
2011-05-10,72.63,3653600
2011-05-11,69.73,7092600
2011-05-12,70.27,9257800
2011-05-13,68.67,6667600
2011-05-16,68.28,7124900
2011-05-17,68.7,7402400
2011-05-18,69.73,4068200
2011-05-19,69.07,5269700
2011-05-20,68.52,5192600
2011-05-23,67.52,3900000
2011-05-24,68.12,5338700
2011-05-25,69.4,4567600
2011-05-26,70.06,4951000
2011-05-27,70.77,4241500
2011-05-31,71.82,6006400
2011-06-01,69.28,4533800
2011-06-02,69.51,5714200
2011-06-03,68.2,4493000
2011-06-06,66.78,4790900
2011-06-07,66.73,2613500
2011-06-08,65.28,4948500
2011-06-09,66.06,4761400
2011-06-10,65.43,4932900
2011-06-13,64.06,6326700
2011-06-14,65.82,4321200
2011-06-15,64.18,5848400
2011-06-16,63.05,10408600
2011-06-17,62.77,6306800
2011-06-20,63.46,3275900
2011-06-21,65.77,4066100
2011-06-22,65.93,3620000
2011-06-23,65.99,5191600
2011-06-24,65.3,4877800
2011-06-27,65.29,4534700
2011-06-28,67.13,3474000
2011-06-29,68.23,4302900
2011-06-30,69.37,3258100
2011-07-01,69.87,5395700
2011-07-05,70.07,3498700
2011-07-06,69.89,2453900
2011-07-07,71.13,2168000
2011-07-08,70.42,4349600
2011-07-11,67.71,4173400
2011-07-12,67.66,3081600
2011-07-13,69.36,5077800
2011-07-14,67.66,5842700
2011-07-15,69.14,5751800
2011-07-18,69.29,4417600
2011-07-19,70.72,4367200
2011-07-20,70.57,3087400
2011-07-21,71.3,2992200
2011-07-22,71.8,2424600
2011-07-25,71.31,2295500
2011-07-26,69.8,3621400
2011-07-27,67.44,3475900
2011-07-28,67.05,3346200
2011-07-29,66.6,6376300
2011-08-01,66.48,4054600
2011-08-02,64.55,7060500
2011-08-03,64.32,6018500
2011-08-04,58.42,11642500
2011-08-05,56.72,12578800
2011-08-08,51.57,9213900
2011-08-09,55.62,11917300
2011-08-10,53.72,7455800
2011-08-11,56.66,4603900
2011-08-12,57.16,2937700
2011-08-15,58.96,2254800
2011-08-16,56.95,5137200
2011-08-17,56.73,4578900
2011-08-18,53.57,6027000
2011-08-19,52.63,4340600
2011-08-22,52.85,2782100
2011-08-23,54.34,3306700
2011-08-24,54.59,2036600
2011-08-25,53.87,1628100
2011-08-26,55.75,2127200
2011-08-29,57.87,1910200
2011-08-30,58.59,1929100
2011-08-31,58.57,3046100
2011-09-01,57.48,3189700
2011-09-02,56.28,2224700
2011-09-06,55.47,2707300
2011-09-07,57.96,3094200
2011-09-08,57.35,2555900
2011-09-09,55.66,3498000
2011-09-12,54.99,4698400
2011-09-13,55.83,3309300
2011-09-14,56.28,3960200
2011-09-15,56.86,2963400
2011-09-16,56.55,3170800
2011-09-19,55.36,2893100
2011-09-20,53.31,4646800
2011-09-21,50.52,4593600
2011-09-22,46.55,6736200
2011-09-23,46.46,4540000
2011-09-26,47.85,5618600
2011-09-27,49.14,6904200
2011-09-28,45.79,5266200
2011-09-29,46.38,4724400
2011-09-30,44.83,6259400
2011-10-03,41.89,7591600
2011-10-04,43.98,7109600
2011-10-05,46.47,9759300
2011-10-06,47.52,6966000
2011-10-07,46.04,3366800
2011-10-10,48.59,2768400
2011-10-11,49.21,3704300
2011-10-12,50.24,4888000
2011-10-13,50.06,2570200
2011-10-14,51.49,2921200
2011-10-17,48.93,3357100
2011-10-18,50.94,5418900
2011-10-19,48.79,4625000
2011-10-20,49.34,3839500
2011-10-21,50.82,3351600
2011-10-24,53.36,3826900
2011-10-25,51.32,3402600
2011-10-26,52.45,3611800
2011-10-27,57.22,5996200
2011-10-28,58.88,4560200
2011-10-31,55.01,5112600
2011-11-01,53.37,6043000
2011-11-02,54.93,2992300
2011-11-03,56.44,4127100
2011-11-04,56.93,2697700
2011-11-07,57.03,2663600
2011-11-08,57.36,3223200
2011-11-09,53.52,6212100
2011-11-10,53.8,2650200
2011-11-11,55.14,3274300
2011-11-14,54.59,2473400
2011-11-15,55.43,3052800
2011-11-16,53.63,2712000
2011-11-17,51.51,6815800
2011-11-18,51.33,4674800
2011-11-21,49.91,4018400
2011-11-22,49.48,2904700
2011-11-23,47.06,3251600
2011-11-25,46.63,1140600
2011-11-28,49.55,4015000
2011-11-29,49.66,2569800
2011-11-30,54.31,6032500
2011-12-01,53.83,2887400
2011-12-02,53.5,3094600
2011-12-05,54.35,3976800
2011-12-06,54.7,3736700
2011-12-07,54.4,2201300
2011-12-08,51.77,4517800
2011-12-09,53.63,3353400
2011-12-12,51.46,3209900
2011-12-13,49.58,4508500
2011-12-14,48.59,5535300
2011-12-15,48.47,4607700
2011-12-16,48.88,3716100
2011-12-19,47.31,4479200
2011-12-20,49.81,4487600
2011-12-21,49.89,2629200
2011-12-22,50.79,3086800
2011-12-23,50.63,1571300
2011-12-27,49.96,824500
2011-12-28,48.1,4189500
2011-12-29,48.55,1114200
2011-12-30,48.99,840700
2012-01-03,51.69,4380500
2012-01-04,51.82,2614100
2012-01-05,51.28,2059200
2012-01-06,51.31,3774100
2012-01-09,51.08,3080600
2012-01-10,52.48,4778900
2012-01-11,52.8,2652900
2012-01-12,53.26,2288500
2012-01-13,51.82,2632600
2012-01-17,51.83,2405100
2012-01-18,52.87,2876300
2012-01-19,53.11,1893000
2012-01-20,53.01,2629200
2012-01-23,53.55,3200500
2012-01-24,53.73,2662200
2012-01-25,55.64,5391200
2012-01-26,55.13,3252300
2012-01-27,55.83,3796500
2012-01-30,54.95,2817700
2012-01-31,54.22,4609500
2012-02-01,55.02,4100800
2012-02-02,55.81,3128700
2012-02-03,56.77,2706900
2012-02-06,56.58,1105200
2012-02-07,55.73,2408100
2012-02-08,55.47,2922100
2012-02-09,55.24,3144000
2012-02-10,53.25,4270800
2012-02-13,53.32,3069700
2012-02-14,52.26,5055000
2012-02-15,51.94,4554800
2012-02-16,53.53,3993300
2012-02-17,53.02,3120100
2012-02-21,53.98,4605200
2012-02-22,53.57,3211700
2012-02-23,53.87,1973800
2012-02-24,53.92,2191300
2012-02-27,53.23,2179300
2012-02-28,53.47,2225700
2012-02-29,51.82,4830500
2012-03-01,52.45,2957500
2012-03-02,51.44,3075200
2012-03-05,49.96,3136500
2012-03-06,48.69,4873900
2012-03-07,48.79,2985500
2012-03-08,49.38,2708700
2012-03-09,50.54,5139700
2012-03-12,49.35,4446100
2012-03-13,50.73,3737900
2012-03-14,49.88,5482600
2012-03-15,50.43,3513600
2012-03-16,50.95,6675000
2012-03-19,51.8,5152400
2012-03-20,51.03,4074700
2012-03-21,50.73,3625400
2012-03-22,49.14,5417600
2012-03-23,49.89,5316400
2012-03-26,50.25,3172100
2012-03-27,49.88,2459200
2012-03-28,48.96,5563000
2012-03-29,49.68,5171600
2012-03-30,49.72,2862300
2012-04-02,50.58,3907400
2012-04-03,49.46,5992900
2012-04-04,48.27,4201400
2012-04-05,47.72,2867100
2012-04-09,47.46,3691000
2012-04-10,46.91,5675400
2012-04-11,47.32,3632900
2012-04-12,49.53,5061500
2012-04-13,48.2,5783300
2012-04-16,48.09,3886500
2012-04-17,48.95,3688200
2012-04-18,48.43,3718400
2012-04-19,48.29,4153300
2012-04-20,47.62,4606900
2012-04-23,46.77,5359900
2012-04-24,47.06,3648300
2012-04-25,48.24,3556800
2012-04-26,48.48,1864000
2012-04-27,48.28,2679300
2012-04-30,48.45,2820400
2012-05-01,48.83,3162100
2012-05-02,47.92,2515900
2012-05-03,47.02,4009000
2012-05-04,45.93,3382100
2012-05-07,45.62,2781100
2012-05-08,45.29,5065800
2012-05-09,45.44,6715900
2012-05-10,45.34,3944800
2012-05-11,44.95,3811800
2012-05-14,44.35,3449900
2012-05-15,42.57,5952100
2012-05-16,41.57,6254800
2012-05-17,41.0,5660100
2012-05-18,39.97,6987000
2012-05-21,41.48,3206900
2012-05-22,40.41,5942800
2012-05-23,41.39,6529600
2012-05-24,41.09,5577900
2012-05-25,40.89,2192600
2012-05-29,41.86,3283600
2012-05-30,40.44,3286700
2012-05-31,39.4,3927600
2012-06-01,39.57,5071300
2012-06-04,39.65,5666700
2012-06-05,39.82,3342500
2012-06-06,40.74,2968200
2012-06-07,40.48,6344700
2012-06-08,40.3,3300700
2012-06-11,38.67,3869700
2012-06-12,39.33,4292800
2012-06-13,38.96,3051000
2012-06-14,39.43,2914800
2012-06-15,39.77,3039900
2012-06-18,39.7,2244700
2012-06-19,41.03,3668700
2012-06-20,41.11,3911600
2012-06-21,39.18,3056900
2012-06-22,39.33,1588500
2012-06-25,38.45,2095600
2012-06-26,38.4,2218800
2012-06-27,39.55,2042400
2012-06-28,39.97,2273800
2012-06-29,41.43,4841200
2012-07-02,41.56,2368100
2012-07-03,43.06,4862600
2012-07-05,42.88,2408200
2012-07-06,41.93,3167000
2012-07-09,41.31,2515200
2012-07-10,40.01,6162200
2012-07-11,39.97,2607700
2012-07-12,39.99,6749700
2012-07-13,40.54,3220500
2012-07-16,39.99,1929200
2012-07-17,39.9,4385900
2012-07-18,39.78,1781600
2012-07-19,40.12,2207800
2012-07-20,39.59,2068000
2012-07-23,38.88,2106500
2012-07-24,37.63,3056100
2012-07-25,37.25,2767200
2012-07-26,37.67,1506800
2012-07-27,39.44,3927600
2012-07-30,39.8,2578900
2012-07-31,39.8,4923400
2012-08-01,39.73,3860000
2012-08-02,38.98,5652300
2012-08-03,39.98,3353200
2012-08-06,40.99,3177500
2012-08-07,41.6,3729600
2012-08-08,41.6,3801200
2012-08-09,42.39,4586000
2012-08-10,42.51,3750700
2012-08-13,41.5,4102600
2012-08-14,41.06,2730900
2012-08-15,41.02,1869300
2012-08-16,41.82,3438100
2012-08-17,41.99,3815000
2012-08-20,42.39,2509900
2012-08-21,42.9,4456000
2012-08-22,43.15,2063400
2012-08-23,42.17,2470600
2012-08-24,41.95,2635400
2012-08-27,41.37,2259600
2012-08-28,41.27,1856800
2012-08-29,41.1,2085300
2012-08-30,40.3,1831300
2012-08-31,40.94,2162600
2012-09-04,40.46,1865800
2012-09-05,40.61,1296900
2012-09-06,41.78,2811500
2012-09-07,43.92,6042200
2012-09-10,43.9,4780000
2012-09-11,44.45,2647800
2012-09-12,44.61,2012700
2012-09-13,46.57,6887000
2012-09-14,47.7,6908000
2012-09-17,46.48,3424800
2012-09-18,46.3,3437100
2012-09-19,46.15,2423600
2012-09-20,45.73,3574700
2012-09-21,45.19,2197900
2012-09-24,44.29,3726300
2012-09-25,42.98,4330300
2012-09-26,43.24,7080000
2012-09-27,44.05,2804500
2012-09-28,43.52,2560300
2012-10-01,43.63,2705000
2012-10-02,43.36,2853200
2012-10-03,42.79,3478800
2012-10-04,43.93,6638700
2012-10-05,43.81,3724500
2012-10-08,44.04,2221300
2012-10-09,44.45,5469500
2012-10-10,44.0,3214100
2012-10-11,45.17,5163200
2012-10-12,44.14,4414900
2012-10-15,44.69,4032100
2012-10-16,45.62,2606200
2012-10-17,46.59,6402800
2012-10-18,46.82,4083500
2012-10-19,45.66,3641700
2012-10-22,46.63,4476200
2012-10-23,45.33,6090300
2012-10-24,44.46,3381800
2012-10-25,44.66,4006800
2012-10-26,44.62,2853500
2012-10-31,44.5,3230800
2012-11-01,46.19,4367800
2012-11-02,44.72,7676100
2012-11-05,44.88,2854600
2012-11-06,45.53,3184100
2012-11-07,43.73,5875100
2012-11-08,43.25,4055900
2012-11-09,43.16,3245000
2012-11-12,43.49,2161700
2012-11-13,42.65,4663600
2012-11-14,41.44,2845000
2012-11-15,40.56,4076300
2012-11-16,40.89,3341600
2012-11-19,42.05,3653000
2012-11-20,41.57,2199600
2012-11-21,41.87,1978700
2012-11-23,42.46,1075500
2012-11-26,42.23,1978100
2012-11-27,41.73,2382200
2012-11-28,42.13,4907700
2012-11-29,42.46,2001000
2012-11-30,42.42,1861500
2012-12-03,41.85,3683100
2012-12-04,42.09,2258500
2012-12-05,42.4,2011100
2012-12-06,42.43,1607200
2012-12-07,42.75,1701200
2012-12-10,43.53,2722000
2012-12-11,44.12,2223700
2012-12-12,44.15,3597600
2012-12-13,43.83,3798200
2012-12-14,44.57,2620300
2012-12-17,44.55,2578400
2012-12-18,45.31,3217400
2012-12-19,45.0,2072500
2012-12-20,45.1,3035200
2012-12-21,44.42,2030600
2012-12-24,44.18,756000
2012-12-26,44.63,1509400
2012-12-27,44.26,1870400
2012-12-28,43.6,2191400
2012-12-31,45.13,3535700
2013-01-02,46.4,2274900
2013-01-03,45.93,2410600
2013-01-04,46.6,3065300
2013-01-07,46.68,1922800
2013-01-08,45.92,2181200
2013-01-09,46.09,3159100
2013-01-10,46.06,2031500
2013-01-11,45.3,2760300
2013-01-14,44.93,1913000
2013-01-15,45.35,1756600
2013-01-16,44.92,1769500
2013-01-17,45.23,2723300
2013-01-18,45.51,1836800
2013-01-22,46.13,3663500
2013-01-23,45.64,1787600
2013-01-24,44.78,2604000
2013-01-25,44.69,3598700
2013-01-28,43.93,2675600
2013-01-29,44.35,2708800
2013-01-30,43.55,5436100
2013-01-31,43.87,2582100
2013-02-01,44.37,2214200
2013-02-04,43.88,2239600
2013-02-05,43.69,1857000
2013-02-06,44.55,2877200
2013-02-07,44.31,1585400
2013-02-08,44.4,972100
2013-02-11,44.39,1222000
2013-02-12,44.61,1535800
2013-02-13,44.07,2912700
2013-02-14,44.96,2534100
2013-02-15,44.38,2570500
2013-02-19,43.97,4500800
2013-02-20,41.85,6694300
2013-02-21,41.46,5159500
2013-02-22,41.47,2578500
2013-02-25,40.43,3278300
2013-02-26,40.72,2847900
2013-02-27,41.13,1564700
2013-02-28,40.56,2060300
2013-03-01,39.73,4301100
2013-03-04,39.19,5427000
2013-03-05,39.37,3917100
2013-03-06,40.67,4615300
2013-03-07,40.87,2915300
2013-03-08,41.44,3746600
2013-03-11,41.24,3014100
2013-03-12,41.28,3339700
2013-03-13,40.58,4026300
2013-03-14,40.9,3649500
2013-03-15,41.2,4339100
2013-03-18,41.09,3160000
2013-03-19,40.5,4048200
2013-03-20,40.71,2766300
2013-03-21,40.77,2669000
2013-03-22,40.55,2129000
2013-03-25,40.46,1942600
2013-03-26,40.54,2844600
2013-03-27,40.79,2905000
2013-03-28,40.39,2377300
2013-04-01,39.4,4948300
2013-04-02,38.26,5843600
2013-04-03,37.58,9547500
2013-04-04,37.94,7559000
2013-04-05,37.95,6592900
2013-04-08,37.99,2679300
2013-04-09,39.3,7759500
2013-04-10,39.18,3538500
2013-04-11,38.93,5029200
2013-04-12,38.05,8761900
2013-04-15,35.67,10041300
2013-04-16,35.77,4336000
2013-04-17,34.57,6988600
2013-04-18,35.15,6980100
2013-04-19,35.15,4993600
2013-04-22,35.24,4127600
2013-04-23,35.02,2310200
2013-04-24,36.47,4697300
2013-04-25,36.75,4935300
2013-04-26,36.12,4411700
2013-04-29,36.53,1981400
2013-04-30,37.17,2873600
2013-05-01,36.47,4358200
2013-05-02,36.46,1703200
2013-05-03,37.41,6000600
2013-05-06,37.55,2566200
2013-05-07,37.31,2244200
2013-05-08,38.47,5013500
2013-05-09,38.03,3992000
2013-05-10,38.61,3813500
2013-05-13,37.84,2758800
2013-05-14,37.65,3303600
2013-05-15,37.15,4109600
2013-05-16,36.99,4398700
2013-05-17,37.27,2930000
2013-05-20,38.74,6307400
2013-05-21,38.9,4742000
2013-05-22,38.43,4419200
2013-05-23,38.12,3471400
2013-05-24,37.82,1738000
2013-05-28,38.18,2155000
2013-05-29,38.08,1680500
2013-05-30,38.52,2499700
2013-05-31,37.65,3027200
2013-06-03,38.07,3394000
2013-06-04,37.72,1837000
2013-06-05,37.16,1969500
2013-06-06,37.25,1464500
2013-06-07,36.77,2770900
2013-06-10,36.78,1753000
2013-06-11,36.08,2333400
2013-06-12,35.81,1848400
2013-06-13,36.54,3723800
2013-06-14,35.89,2723700
2013-06-17,35.78,1890000
2013-06-18,35.91,1133100
2013-06-19,35.36,2274000
2013-06-20,34.2,6010800
2013-06-21,33.93,3587900
2013-06-24,32.38,6019600
2013-06-25,32.75,2815900
2013-06-26,32.11,4377600
2013-06-27,32.54,2163900
2013-06-28,33.16,3680200
2013-07-01,33.43,2628500
2013-07-02,33.32,5445900
2013-07-03,33.13,1838600
2013-07-05,32.88,3841800
2013-07-08,33.1,3151300
2013-07-09,33.78,4236300
2013-07-10,33.98,4948800
2013-07-11,35.06,5220300
2013-07-12,34.51,2447000
2013-07-15,34.54,1346100
2013-07-16,34.79,1855700
2013-07-17,34.94,1529800
2013-07-18,35.42,2229400
2013-07-19,35.49,1862400
2013-07-22,36.07,2823200
2013-07-23,37.01,6886000
2013-07-24,35.75,5077600
2013-07-25,36.0,2543800
2013-07-26,36.36,3461700
2013-07-29,36.12,2373400
2013-07-30,35.79,2600400
2013-07-31,35.67,2510000
2013-08-01,35.63,1770900
2013-08-02,35.43,1672000
2013-08-05,35.45,934100
2013-08-06,34.6,3879600
2013-08-07,34.32,2400400
2013-08-08,35.74,5669300
2013-08-09,36.77,5981600
2013-08-12,37.37,4758700
2013-08-13,36.81,3513700
2013-08-14,37.43,2730200
2013-08-15,37.54,3636100
2013-08-16,37.03,2828500
2013-08-19,36.05,3501300
2013-08-20,36.69,3180900
2013-08-21,35.98,3132600
2013-08-22,37.14,3779000
2013-08-23,37.67,2493200
2013-08-26,37.85,1964400
2013-08-27,36.74,3498800
2013-08-28,36.5,2697800
2013-08-29,36.36,2773000
2013-08-30,35.97,2463000
2013-09-03,36.2,2352200
2013-09-04,36.39,1304600
2013-09-05,36.61,1404100
2013-09-06,36.94,1771100
2013-09-09,37.82,3303100
2013-09-10,38.09,2914100
2013-09-11,38.38,3605300
2013-09-12,37.4,3491900
2013-09-13,37.09,3011500
2013-09-16,37.22,2256300
2013-09-17,37.85,2847100
2013-09-18,39.37,5877700
2013-09-19,39.1,4703700
2013-09-20,37.77,4418300
2013-09-23,37.52,2328700
2013-09-24,37.43,1900200
2013-09-25,37.46,2077200
2013-09-26,37.5,1157300
2013-09-27,36.91,2580400
2013-09-30,36.65,2929400
2013-10-01,36.78,1923900
2013-10-02,37.12,1544700
2013-10-03,36.81,1830400
2013-10-04,37.17,1801500
2013-10-07,37.31,1258900
2013-10-08,36.66,2348600
2013-10-09,36.59,1996800
2013-10-10,37.11,2473900
2013-10-11,37.33,3461900
2013-10-14,37.9,2656400
2013-10-15,38.08,2426800
2013-10-16,37.86,2015200
2013-10-17,38.49,3720100
2013-10-18,38.54,1674700
2013-10-21,38.63,1401000
2013-10-22,39.46,2412400
2013-10-23,39.01,2944800
2013-10-24,39.63,2201600
2013-10-25,39.68,2344200
2013-10-28,39.67,1345500
2013-10-29,39.66,1950600
2013-10-30,39.54,2290800
2013-10-31,39.33,2108400
2013-11-01,39.82,2680300
2013-11-04,41.03,5473900
2013-11-05,40.73,3949100
2013-11-06,40.49,3381100
2013-11-07,39.39,5273200
2013-11-08,40.37,2487400
2013-11-11,40.39,1644400
2013-11-12,39.66,3087400
2013-11-13,39.99,2649800
2013-11-14,39.91,1373800
2013-11-15,40.26,2685800
2013-11-18,39.5,2699800
2013-11-19,39.51,1914000
2013-11-20,39.08,1459000
2013-11-21,39.12,2931200
2013-11-22,38.95,1959400
2013-11-25,38.85,1503900
2013-11-26,38.54,2275400
2013-11-27,38.85,2304400
2013-11-29,39.07,2026900
2013-12-02,38.72,2230200
2013-12-03,38.85,1793700
2013-12-04,39.2,2615000
2013-12-05,39.4,1970500
2013-12-06,38.98,2968100
2013-12-09,39.85,3195100
2013-12-10,39.9,2982000
2013-12-11,38.84,4293200
2013-12-12,38.53,3357400
2013-12-13,38.78,1918300
2013-12-16,39.03,1574100
2013-12-17,39.05,1631100
2013-12-18,39.14,3554000
2013-12-19,39.9,3917800
2013-12-20,39.4,4075100
2013-12-23,39.99,2369700
2013-12-24,40.85,2426500
2013-12-26,40.89,1779300
2013-12-27,42.09,3297100
2013-12-30,41.69,3041200
2013-12-31,42.08,2134500
2014-01-02,42.65,3767700
2014-01-03,42.25,3499800
2014-01-06,41.93,5086900
2014-01-07,41.62,2193200
2014-01-08,41.32,3400000
2014-01-09,40.63,3067500
2014-01-10,40.83,1932500
2014-01-13,40.44,2919300
2014-01-14,40.84,2526300
2014-01-15,41.63,2576000
2014-01-16,41.87,3695500
2014-01-17,41.83,2102600
2014-01-21,41.74,1661600
2014-01-22,41.43,2272900
2014-01-23,41.42,2141600
2014-01-24,39.9,3578900
2014-01-27,39.17,3060100
2014-01-28,40.04,2650200
2014-01-29,39.98,1725300
2014-01-30,40.06,1475800
2014-01-31,39.89,2276200
2014-02-03,38.6,2084700
2014-02-04,38.93,1902900
2014-02-05,38.45,1694400
2014-02-06,38.81,1266600
2014-02-07,39.25,1252200
2014-02-10,39.37,1871200
2014-02-11,40.39,2635600
2014-02-12,40.33,1433300
2014-02-13,40.97,1605400
2014-02-14,41.78,2631900
2014-02-18,42.01,1440500
2014-02-19,41.42,2024800
2014-02-20,41.87,1617700
2014-02-21,41.59,1513100
2014-02-24,41.56,1956000
2014-02-25,40.78,3305500
2014-02-26,40.93,2519000
2014-02-27,41.75,1540000
2014-02-28,41.51,1476000
2014-03-03,41.34,1429900
2014-03-04,41.83,1722900
2014-03-05,42.18,897700
2014-03-06,42.84,2063700
2014-03-07,42.23,2648800
2014-03-10,41.48,1912700
2014-03-11,41.46,3171600
2014-03-12,41.88,2086600
2014-03-13,41.73,1653400
2014-03-14,42.0,1582700
2014-03-17,42.02,911800
2014-03-18,42.59,1304400
2014-03-19,41.99,2211000
2014-03-20,41.81,1954300
2014-03-21,42.25,2098300
2014-03-24,42.04,1205100
2014-03-25,42.2,1246400
2014-03-26,41.04,2516800
2014-03-27,41.29,1544100
2014-03-28,41.39,1150900
2014-03-31,41.73,1090300
2014-04-01,41.9,834100
2014-04-02,42.4,1741400
2014-04-03,42.49,918700
2014-04-04,42.48,2884200
2014-04-07,41.84,2089100
2014-04-08,42.59,2077300
2014-04-09,42.93,1549400
2014-04-10,42.11,2625700
2014-04-11,41.45,1822300
2014-04-14,41.97,1598900
2014-04-15,41.97,2487800
2014-04-16,42.05,860500
2014-04-17,42.02,1533000
2014-04-21,41.88,777000
2014-04-22,41.79,1806100
2014-04-23,42.23,1693600
2014-04-24,42.2,1277300
2014-04-25,41.76,1516500
2014-04-28,41.23,1940100
2014-04-29,41.83,1237400
2014-04-30,41.94,1200600
2014-05-01,41.94,1011700
2014-05-02,42.43,1238200
2014-05-05,41.99,766000
2014-05-06,41.46,943700
2014-05-07,41.23,1056800
2014-05-08,40.79,1042100
2014-05-09,40.65,948000
2014-05-12,41.83,2294500
2014-05-13,41.58,881000
2014-05-14,41.34,848000
2014-05-15,40.91,1397600
2014-05-16,40.78,634400
2014-05-19,40.92,891300
2014-05-20,39.93,5443400
2014-05-21,40.02,1101900
2014-05-22,39.99,832000
2014-05-23,40.13,800800
2014-05-27,40.04,854900
2014-05-28,39.42,1655400
2014-05-29,39.76,719700
2014-05-30,39.23,1690700
2014-06-02,39.1,743000
2014-06-03,38.75,821900
2014-06-04,39.12,1033800
2014-06-05,39.83,1710500
2014-06-06,40.12,814900
2014-06-09,40.16,859900
2014-06-10,40.13,478100
2014-06-11,40.5,935000
2014-06-12,39.99,946500
2014-06-13,40.59,1117900
2014-06-16,40.43,668500
2014-06-17,40.86,906000
2014-06-18,41.65,1597700
2014-06-19,42.13,1748400
2014-06-20,41.78,988500
2014-06-23,41.98,757100
2014-06-24,41.17,2228800
2014-06-25,41.59,1314200
2014-06-26,41.95,1046900
2014-06-27,41.94,768200
2014-06-30,42.25,1373200
2014-07-01,42.31,1540500
2014-07-02,42.63,1045300
2014-07-03,43.2,1151900
2014-07-07,42.33,1809700
2014-07-08,41.9,1544300
2014-07-09,41.98,871200
2014-07-10,41.5,1088200
2014-07-11,41.91,889600
2014-07-14,41.68,1746500
2014-07-15,41.28,1817100
2014-07-16,41.96,1875700
2014-07-17,41.58,1817000
2014-07-18,41.85,857900
2014-07-21,41.77,835400
2014-07-22,42.12,866100
2014-07-23,41.98,1240600
2014-07-24,41.81,876500
2014-07-25,42.08,1199900
2014-07-28,41.85,696600
2014-07-29,42.2,1247300
2014-07-30,42.26,1425100
2014-07-31,41.4,1422800
2014-08-01,41.3,1476200
2014-08-04,41.88,1595600
2014-08-05,41.86,1388700
2014-08-06,42.33,1769200
2014-08-07,42.28,2374800
2014-08-08,42.83,1477600
2014-08-11,43.41,2582200
2014-08-12,43.0,1470500
2014-08-13,43.36,1306200
2014-08-14,43.2,721400
2014-08-15,43.01,1136400
2014-08-18,43.73,1670900
2014-08-19,43.82,1143800
2014-08-20,43.66,911200
2014-08-21,43.21,1015500
2014-08-22,43.28,727100
2014-08-25,43.14,808100
2014-08-26,43.87,1299700
2014-08-27,43.77,448300
2014-08-28,43.32,1203400
2014-08-29,43.76,1304500
2014-09-02,43.27,738800
2014-09-03,43.11,475300
2014-09-04,42.91,1549200
2014-09-05,42.81,854900
2014-09-08,42.04,1318800
2014-09-09,41.54,1461000
2014-09-10,41.39,1404100
2014-09-11,41.73,974600
2014-09-12,41.35,1057400
2014-09-15,41.02,918200
2014-09-16,41.43,2077900
2014-09-17,41.85,1905700
2014-09-18,41.19,2121000
2014-09-19,40.47,2503800
2014-09-22,38.85,3605300
2014-09-23,38.91,1591100
2014-09-24,38.35,2283900
2014-09-25,37.48,4113000
2014-09-26,37.35,1878100
2014-09-29,36.99,1897700
2014-09-30,36.79,2589700
2014-10-01,35.74,2953600
2014-10-02,35.78,2823400
2014-10-03,35.0,2952900
2014-10-06,35.1,4497700
2014-10-07,34.19,2914900
2014-10-08,34.96,3479100
2014-10-09,33.11,4999900
2014-10-10,32.2,4884500
2014-10-13,31.89,5689000
2014-10-14,32.44,4256300
2014-10-15,33.05,3935400
2014-10-16,33.93,5731500
2014-10-17,33.74,3246600
2014-10-20,33.91,3662900
2014-10-21,34.71,2779600
2014-10-22,33.93,3345800
2014-10-23,34.49,1705800
2014-10-24,34.77,1127800
2014-10-27,34.05,1556200
2014-10-28,35.37,3336800
2014-10-29,34.97,2161400
2014-10-30,34.57,1936000
2014-10-31,35.21,1916100
2014-11-03,35.29,1785900
2014-11-04,34.57,2174600
2014-11-05,34.64,1820100
2014-11-06,34.55,1468500
2014-11-07,36.13,3790600
2014-11-10,35.07,2731900
2014-11-11,35.04,1570200
2014-11-12,35.24,1514000
2014-11-13,34.63,1596700
2014-11-14,35.54,2566500
2014-11-17,35.61,1445600
2014-11-18,35.64,755300
2014-11-19,34.34,3304300
2014-11-20,35.17,1533100
2014-11-21,35.77,2858500
2014-11-24,35.53,1241300
2014-11-25,35.58,1068000
2014-11-26,35.59,572600
2014-11-28,33.89,2397400
2014-12-01,32.98,2313900
2014-12-02,32.38,1855700
2014-12-03,33.08,2555400
2014-12-04,32.55,1468400
2014-12-05,32.54,1302300
2014-12-08,31.51,2601300
2014-12-09,32.34,3279000
2014-12-10,31.3,2377400
2014-12-11,30.93,1944900
2014-12-12,30.06,3290100
2014-12-15,29.36,2448100
2014-12-16,29.35,2204900
2014-12-17,30.35,3164200
2014-12-18,30.62,2030000
2014-12-19,30.94,2326100
2014-12-22,30.04,3087300
2014-12-23,30.19,1249000
2014-12-24,30.39,926100
2014-12-26,30.72,1588200
2014-12-29,30.82,889900
2014-12-30,31.04,1410500
2014-12-31,30.86,1435900
2015-01-02,30.87,1440000
2015-01-05,29.73,2776200
2015-01-06,29.32,2353100
2015-01-07,29.45,3135600
2015-01-08,29.73,1390100
2015-01-09,29.66,1574300
2015-01-12,29.27,1809000
2015-01-13,28.49,2533700
2015-01-14,27.61,2991600
2015-01-15,27.56,2045400
2015-01-16,27.98,1075500
2015-01-20,27.99,1237300
2015-01-21,28.32,849300
2015-01-22,28.74,1949200
2015-01-23,27.71,1768600
2015-01-26,28.0,1338300
2015-01-27,27.91,1556800
2015-01-28,27.22,1798900
2015-01-29,26.81,1870500
2015-01-30,27.12,5486800
2015-02-02,27.51,2040200
2015-02-03,28.56,2459900
2015-02-04,28.5,1297100
2015-02-05,29.23,2536100
2015-02-06,28.81,4545600
2015-02-09,29.19,1401000
2015-02-10,29.03,1711400
2015-02-11,28.65,1337400
2015-02-12,29.32,2609700
2015-02-13,29.95,2033800
2015-02-17,29.71,1555000
2015-02-18,29.72,1601100
2015-02-19,29.78,1556200
2015-02-20,29.84,1220900
2015-02-23,29.49,1573300
2015-02-24,29.79,2355100
2015-02-25,29.65,988000
2015-02-26,29.29,1901400
2015-02-27,29.24,1957600
2015-03-02,29.12,1398400
2015-03-03,28.74,1303100
2015-03-04,28.2,1546700
2015-03-05,28.11,1153500
2015-03-06,27.18,2880300
2015-03-09,26.84,1750300
2015-03-10,26.01,2692100
2015-03-11,26.34,2049300
2015-03-12,26.38,1264600
2015-03-13,25.92,2923500
2015-03-16,25.83,1175300
2015-03-17,25.72,2443500
2015-03-18,26.88,3773300
2015-03-19,26.28,2008700
2015-03-20,26.64,1955800
2015-03-23,27.12,2434700
2015-03-24,27.2,1373700
2015-03-25,26.88,1723900
2015-03-26,26.49,2717300
2015-03-27,26.17,3126000
2015-03-30,26.69,2275100
2015-03-31,27.19,1941300
2015-04-01,26.25,2432300
2015-04-02,26.49,1530400
2015-04-06,26.84,992000
2015-04-07,26.89,1255900
2015-04-08,26.64,1383300
2015-04-09,26.78,1737500
2015-04-10,26.8,1140800
2015-04-13,26.57,1552800
2015-04-14,27.02,2539400
2015-04-15,27.96,2369900
2015-04-16,27.54,2012300
2015-04-17,27.24,1132500
2015-04-20,27.34,1536100
2015-04-21,27.16,1668100
2015-04-22,27.03,1248800
2015-04-23,27.61,2384400
2015-04-24,27.72,2110700
2015-04-27,27.92,3332800
2015-04-28,28.51,2415400
2015-04-29,28.14,1683000
2015-04-30,28.27,2163900
2015-05-01,28.52,2216100
2015-05-04,28.74,3207900
2015-05-05,28.72,1858800
2015-05-06,28.53,2477900
2015-05-07,28.41,2407500
2015-05-08,28.64,1447800
2015-05-11,28.9,2068700
2015-05-12,28.84,1367100
2015-05-13,28.99,1434400
2015-05-14,29.13,1854500
2015-05-15,29.04,1208900
2015-05-18,28.73,2430000
2015-05-19,27.9,3206600
2015-05-20,27.99,1267600
2015-05-21,27.84,1097900
2015-05-22,27.88,1787500
2015-05-26,27.17,2305400
2015-05-27,27.35,1585400
2015-05-28,27.33,904000
2015-05-29,27.15,1396300
2015-06-01,26.92,1646800
2015-06-02,27.72,2264300
2015-06-03,27.67,1221000
2015-06-04,27.44,1039800
2015-06-05,27.22,1447900
2015-06-08,26.88,1067400
2015-06-09,26.73,1092700
2015-06-10,26.97,976300
2015-06-11,26.75,1305800
2015-06-12,26.56,1230500
2015-06-15,26.21,1376100
2015-06-16,26.17,1185600
2015-06-17,26.27,1355700
2015-06-18,26.45,1083600
2015-06-19,26.01,1273900
2015-06-22,25.73,1941600
2015-06-23,26.12,1278800
2015-06-24,25.88,732000
2015-06-25,25.5,1436300
2015-06-26,25.5,1634600
2015-06-29,25.07,2540900
2015-06-30,24.33,5361100
2015-07-01,23.97,1410700
2015-07-02,23.87,1764300
2015-07-06,23.47,1925700
2015-07-07,23.19,2553100
2015-07-08,22.44,3199700
2015-07-09,22.54,1835800
2015-07-10,22.54,1541100
2015-07-13,23.2,5033500
2015-07-14,23.05,1802900
2015-07-15,22.2,3314900
2015-07-16,22.03,1160600
2015-07-17,21.52,2291900
2015-07-20,20.62,2626700
2015-07-21,20.83,3333600
2015-07-22,20.66,1784300
2015-07-23,20.4,2122600
2015-07-24,20.0,3578200
2015-07-27,19.72,3867200
2015-07-28,20.6,4333600
2015-07-29,20.97,3130500
2015-07-30,20.53,5067100
2015-07-31,20.25,2206600
2015-08-03,19.81,3087500
2015-08-04,19.74,3229800
2015-08-05,19.72,1750900
2015-08-06,20.1,3324600
2015-08-07,19.22,4028400
2015-08-10,20.46,5355500
2015-08-11,19.94,4783900
2015-08-12,20.19,3009300
2015-08-13,19.69,3706300
2015-08-14,20.03,3671800
2015-08-17,20.39,3200200
2015-08-18,19.82,2915500
2015-08-19,19.71,2884000
2015-08-20,19.72,2319700
2015-08-21,19.33,3294300
2015-08-24,18.32,5624700
2015-08-25,17.99,4264400
2015-08-26,18.01,3242700
2015-08-27,19.72,5252700
2015-08-28,20.19,4093800
2015-08-31,20.5,3665800
2015-09-01,19.53,2854500
2015-09-02,19.68,2508100
2015-09-03,19.63,2703500
2015-09-04,19.3,2441500
2015-09-08,19.7,2285200
2015-09-09,19.31,2384400
2015-09-10,19.02,2627800
2015-09-11,18.83,1465200
2015-09-14,18.32,1509200
2015-09-15,18.51,2816700
2015-09-16,19.08,2668400
2015-09-17,19.02,5338400
2015-09-18,18.41,2237800
2015-09-21,18.1,1855000
2015-09-22,17.29,4950100
2015-09-23,16.77,3363200
2015-09-24,17.42,4159100
2015-09-25,16.93,2838900
2015-09-28,16.43,5338300
2015-09-29,16.47,1468900
2015-09-30,16.72,1871100
2015-10-01,16.57,2516400
2015-10-02,17.33,2685000
2015-10-05,18.28,3859000
2015-10-06,19.04,3895700
2015-10-07,19.2,3981100
2015-10-08,19.6,4032200
2015-10-09,19.77,4196500
2015-10-12,19.09,2696600
2015-10-13,19.02,1961500
2015-10-14,19.2,2737900
2015-10-15,19.56,4071900
2015-10-16,19.05,2552900
2015-10-19,18.41,2377700
2015-10-20,18.29,2628700
2015-10-21,17.77,2281800
2015-10-22,18.28,2716000
2015-10-23,18.53,2976100
2015-10-26,17.75,2144500
2015-10-27,17.31,1831000
2015-10-28,17.54,2557500
2015-10-29,17.23,1480800
2015-10-30,17.22,1759800
2015-11-02,17.84,2344400
2015-11-03,18.0,2078800
2015-11-04,17.72,1797600
2015-11-05,17.2,2032600
2015-11-06,17.04,2559400
2015-11-09,16.89,2705100
2015-11-10,16.72,1498300
2015-11-11,16.45,1393000
2015-11-12,15.95,2402100
2015-11-13,15.98,3290400
2015-11-16,16.17,2204100
2015-11-17,15.64,2701600
2015-11-18,16.22,2477500
2015-11-19,16.17,2074800
2015-11-20,15.72,2327700
2015-11-23,15.6,2170000
2015-11-24,16.04,2210800
2015-11-25,16.07,1311300
2015-11-27,15.94,765200
2015-11-30,16.08,1473700
2015-12-01,16.37,1785500
2015-12-02,16.04,2176100
2015-12-03,15.95,3105900
2015-12-04,16.16,1620200
2015-12-07,15.46,2021300
2015-12-08,15.18,2343500
2015-12-09,15.37,2085100
2015-12-10,15.79,2875900
2015-12-11,15.25,2114800
2015-12-14,14.82,1801800
2015-12-15,14.69,2242600
2015-12-16,14.86,2369800
2015-12-17,14.45,2044600
2015-12-18,14.44,2525800
2015-12-21,14.61,2025900
2015-12-22,15.17,2273000
2015-12-23,15.55,2452300
2015-12-24,15.71,1337300
2015-12-28,15.18,1417700
2015-12-29,15.33,1241600
2015-12-30,15.09,1150700
2015-12-31,14.95,1973000
2016-01-04,14.98,3191500
2016-01-05,15.02,1888900
2016-01-06,14.75,2249500
2016-01-07,14.22,2591000
2016-01-08,13.84,1672100
2016-01-11,13.02,2314900
2016-01-12,12.73,3452800
2016-01-13,12.47,2853400
2016-01-14,12.6,1400400
2016-01-15,12.22,2160800
2016-01-19,11.97,2124600
2016-01-20,12.1,3364900
2016-01-21,12.37,1805900
2016-01-22,12.33,3909700
2016-01-25,12.21,1420200
2016-01-26,12.87,1710000
2016-01-27,12.79,2632000
2016-01-28,12.95,2438000
2016-01-29,13.91,3084700
2016-02-01,13.79,2328900
2016-02-02,13.43,1575500
2016-02-03,14.26,4020200
2016-02-04,15.03,8072700
2016-02-05,15.01,2766700
2016-02-08,14.76,3419100
2016-02-09,14.3,4697100
2016-02-10,14.25,2236200
2016-02-11,14.32,3041800
2016-02-12,15.25,4619500
2016-02-16,15.35,2931800
2016-02-17,15.96,6337200
2016-02-18,15.88,3809600
2016-02-19,15.49,4140800
2016-02-22,16.16,3307200
2016-02-23,15.68,2488500
2016-02-24,15.77,3091000
2016-02-25,15.83,1693900
2016-02-26,16.0,3213000
2016-02-29,16.69,3083200
2016-03-01,16.99,3007800
2016-03-02,18.31,5371500
2016-03-03,18.76,7687500
2016-03-04,18.96,13433200
2016-03-07,20.13,13061100
2016-03-08,18.62,18738500
2016-03-09,18.86,12384000
2016-03-10,19.48,11344400
2016-03-11,19.52,8092900
2016-03-14,19.63,6033700
2016-03-15,19.08,8741500
2016-03-16,20.09,12272400
2016-03-17,20.73,14263100
2016-03-18,20.91,8834400
2016-03-21,20.89,5309500
2016-03-22,20.91,5369800
2016-03-23,19.62,9858100
2016-03-24,20.13,7692700
2016-03-28,20.14,3738500
2016-03-29,20.65,6908700
2016-03-30,20.78,7710700
2016-03-31,20.46,5566700
2016-04-01,20.58,8867600
2016-04-04,20.03,7042300
2016-04-05,20.15,6852000
2016-04-06,20.22,4672600
2016-04-07,19.89,8355500
2016-04-08,20.57,5569200
2016-04-11,21.41,7173700
2016-04-12,21.83,7094700
2016-04-13,22.26,8572700
2016-04-14,22.19,5420900
2016-04-15,22.46,5837400
2016-04-18,22.79,5239500
2016-04-19,23.79,7715000
2016-04-20,23.43,8719600
2016-04-21,23.33,9160400
2016-04-22,23.17,10199200
2016-04-25,22.56,8810100
2016-04-26,23.02,9103100
2016-04-27,23.82,13819300
2016-04-28,24.24,11802400
2016-04-29,24.62,11935000
2016-05-02,24.62,7978800
2016-05-03,23.38,10605800
2016-05-04,22.84,9780500
2016-05-05,22.54,13409300
2016-05-06,22.76,10032400
2016-05-09,20.98,24548500
2016-05-10,21.67,12401900
2016-05-11,21.92,7860300
2016-05-12,21.41,11276100
2016-05-13,21.42,14247200
2016-05-16,21.63,9453100
2016-05-17,21.83,12039200
2016-05-18,20.5,13435000
2016-05-19,20.74,11684000
2016-05-20,20.78,7695200
2016-05-23,21.16,5686300
2016-05-24,20.8,6185900
2016-05-25,21.68,13377200
2016-05-26,21.77,7255600
2016-05-27,21.29,6264500
2016-05-31,22.03,8565400
2016-06-01,21.98,7439400
2016-06-02,22.08,6364000
2016-06-03,23.15,11042300
2016-06-06,23.61,10058900
2016-06-07,23.47,9453600
2016-06-08,24.43,8301400
2016-06-09,23.87,7819100
2016-06-10,23.47,6671800
2016-06-13,23.47,5151000
2016-06-14,22.84,7904900
2016-06-15,23.71,9910400
2016-06-16,23.44,9091300
2016-06-17,23.69,11295700
2016-06-20,24.25,7075500
2016-06-21,23.85,4531400
2016-06-22,23.69,7454300
2016-06-23,24.18,4430200
2016-06-24,22.97,7681100
2016-06-27,22.29,6434800
2016-06-28,22.78,5231400
2016-06-29,23.3,4648600
2016-06-30,24.41,7343900
2016-07-01,25.0,7208500
2016-07-05,24.54,5028900
2016-07-06,25.19,4098500
2016-07-07,25.11,4422700
2016-07-08,26.17,6156100
2016-07-11,26.73,5303600
2016-07-12,27.34,5525400
2016-07-13,27.59,4045600
2016-07-14,27.88,4540400
2016-07-15,28.04,3024300
2016-07-18,28.06,2420500
2016-07-19,27.13,6391000
2016-07-20,26.61,4555300
2016-07-21,26.84,5366000
2016-07-22,27.01,2020400
2016-07-25,26.55,3172200
2016-07-26,28.01,5701600
2016-07-27,28.48,9610000
2016-07-28,28.79,5033100
2016-07-29,29.02,3523600
2016-08-01,28.81,4401800
2016-08-02,28.53,6193100
2016-08-03,28.77,4330000
2016-08-04,28.7,3548500
2016-08-05,28.79,2841800
2016-08-08,28.82,2921500
2016-08-09,28.34,4204700
2016-08-10,28.12,5602400
2016-08-11,28.05,5513000
2016-08-12,27.34,5456500
2016-08-15,28.1,4178400
2016-08-16,27.79,3810800
2016-08-17,27.57,3735600
2016-08-18,27.91,3481700
2016-08-19,27.08,4338400
2016-08-22,27.22,3414600
2016-08-23,27.2,2699500
2016-08-24,25.84,8097400
2016-08-25,26.23,4409000
2016-08-26,26.09,5472600
2016-08-29,26.66,3470500
2016-08-30,25.81,4908000
2016-08-31,25.68,3806000
2016-09-01,25.97,3969300
2016-09-02,26.1,3987400
2016-09-06,27.1,4659900
2016-09-07,26.96,3812200
2016-09-08,26.66,3545400
2016-09-09,25.14,8228800
2016-09-12,25.6,5191200
2016-09-13,24.37,12291000
2016-09-14,24.28,7694700
2016-09-15,24.59,4547700
2016-09-16,24.48,4031800
2016-09-19,24.95,4561700
2016-09-20,25.03,4816100
2016-09-21,26.3,5915300
2016-09-22,26.5,6946400
2016-09-23,26.28,4084400
2016-09-26,26.15,2903400
2016-09-27,25.95,2979000
2016-09-28,26.9,5267700
2016-09-29,26.47,3950300
2016-09-30,26.52,2772300
2016-10-03,26.21,3190900
2016-10-04,25.13,6368600
2016-10-05,25.59,3850700
2016-10-06,25.54,2893100
2016-10-07,25.67,6510500
2016-10-10,25.7,2257900
2016-10-11,24.95,6720800
2016-10-12,25.15,2533500
2016-10-13,24.68,4131200
2016-10-14,24.43,3424100
2016-10-17,24.86,2075800
2016-10-18,25.32,2910800
2016-10-19,25.88,2936100
2016-10-20,25.93,4221500
2016-10-21,25.78,3529700
2016-10-24,25.66,2517600
2016-10-25,25.71,4068700
2016-10-26,25.62,3756100
2016-10-27,24.95,3464700
2016-10-28,25.02,3729300
2016-10-31,25.47,4675600
2016-11-01,25.43,6306500
2016-11-02,24.92,5009700
2016-11-03,25.54,5119600
2016-11-04,26.02,8932200
2016-11-07,26.49,4974300
2016-11-08,26.83,4546400
2016-11-09,28.9,10422700
2016-11-10,28.88,9102800
2016-11-11,28.86,7348500
2016-11-14,29.95,8661200
2016-11-15,30.26,8206900
2016-11-16,29.8,6642400
2016-11-17,29.57,5378700
2016-11-18,29.5,3755500
2016-11-21,30.09,3692900
2016-11-22,31.56,7412000
2016-11-23,31.67,6038100
2016-11-25,31.94,1842300
2016-11-28,31.69,4251600
2016-11-29,31.06,5546600
2016-11-30,31.1,4716400
2016-12-01,31.29,3020800
2016-12-02,32.06,3755000
2016-12-05,33.21,5012800
2016-12-06,33.18,7591200
2016-12-07,33.61,5402000
2016-12-08,33.73,5426300
2016-12-09,33.1,8689800
2016-12-12,32.6,3042800
2016-12-13,32.39,4876500
2016-12-14,32.09,5151300
2016-12-15,31.97,8067600
2016-12-16,31.31,3450700
2016-12-19,31.16,5229700
2016-12-20,31.76,3019000
2016-12-21,31.66,2119100
2016-12-22,31.07,4124900
2016-12-23,31.12,1860000
2016-12-27,31.44,3007100
2016-12-28,31.17,2561100
2016-12-29,31.36,2287300
2016-12-30,30.41,4897400
2017-01-03,31.09,3127000
2017-01-04,32.23,5998900
2017-01-05,32.66,4145100
2017-01-06,31.8,4203100
2017-01-09,31.37,3032000
2017-01-10,32.48,4794700
2017-01-11,32.58,4217400
2017-01-12,32.14,4417700
2017-01-13,32.42,2517900
2017-01-17,32.32,2571100
2017-01-18,33.0,4798000
2017-01-19,32.54,2977900
2017-01-20,32.79,2513100
2017-01-23,33.09,4392900
2017-01-24,34.12,6517500
2017-01-25,33.66,6198100
2017-01-26,33.32,3769300
2017-01-27,33.64,2662300
2017-01-30,33.27,5118700
2017-01-31,33.39,4443300
2017-02-01,33.13,4154200
2017-02-02,33.65,2294400
2017-02-03,33.56,2699800
2017-02-06,34.0,2959400
2017-02-07,33.69,4283700
2017-02-08,33.81,2529600
2017-02-09,34.16,3000600
2017-02-10,34.35,3490700
2017-02-13,34.85,3910000
2017-02-14,34.78,4333900
2017-02-15,34.6,5432700
2017-02-16,34.56,3667200
2017-02-17,34.23,3291100
2017-02-21,34.5,3261100
2017-02-22,33.91,3274500
2017-02-23,32.57,8584200
2017-02-24,32.33,4801200
2017-02-27,32.39,4138200
2017-02-28,32.36,2575000
2017-03-01,33.34,4382100
2017-03-02,31.73,6629500
2017-03-03,31.93,4182200
2017-03-06,31.34,3702300
2017-03-07,30.53,4275000
2017-03-08,30.27,2675400
2017-03-09,29.8,6071900
2017-03-10,29.92,5517800
2017-03-13,30.29,4499100
2017-03-14,29.89,3808600
2017-03-15,31.36,6235400
2017-03-16,31.13,5069800
2017-03-17,30.86,3961400
2017-03-20,30.98,2553200
2017-03-21,29.88,7670600
2017-03-22,30.18,4631000
2017-03-23,30.04,2699200
2017-03-24,29.63,4522700
2017-03-27,29.75,4082000
2017-03-28,30.11,5647700
2017-03-29,30.16,2232600
2017-03-30,30.19,2870700
2017-03-31,30.42,4002400
2017-04-03,30.56,3973900
2017-04-04,30.94,2135400
2017-04-05,30.29,2669900
2017-04-06,30.56,2944400
2017-04-07,30.84,2958600
2017-04-10,30.76,1366200
2017-04-11,31.37,5799900
2017-04-12,30.1,4873300
2017-04-13,29.58,5163200
2017-04-17,29.53,3398600
2017-04-18,29.48,3913400
2017-04-19,28.97,3188200
2017-04-20,29.87,4564400
2017-04-21,29.79,3648700
2017-04-24,30.31,3353200
2017-04-25,30.52,5614200
2017-04-26,30.51,4870600
2017-04-27,29.91,5754400
2017-04-28,29.8,3158300
2017-05-01,29.62,4125700
2017-05-02,29.71,2712500
2017-05-03,28.78,6492700
2017-05-04,28.27,6421700
2017-05-05,28.78,3192700
2017-05-08,28.73,2992300
2017-05-09,28.49,2324100
2017-05-10,28.71,4218600
2017-05-11,28.73,2857400
2017-05-12,28.8,1645400
2017-05-15,29.12,2530700
2017-05-16,29.32,2727200
2017-05-17,28.81,2954500
2017-05-18,28.54,5725000
2017-05-19,29.08,2359300
2017-05-22,29.23,1736200
2017-05-23,29.72,3016700
2017-05-24,29.73,3116600
2017-05-25,29.44,2184200
2017-05-26,29.4,1452100
2017-05-30,29.25,2693900
2017-05-31,28.92,5636000
2017-06-01,29.13,1935300
2017-06-02,28.9,1828900
2017-06-05,29.21,3999700
2017-06-06,29.44,2302300
2017-06-07,29.23,3012400
2017-06-08,30.2,3948600
2017-06-09,30.06,3213400
2017-06-12,30.17,2691100
2017-06-13,30.32,2481100
2017-06-14,29.43,2974000
2017-06-15,28.37,4798900
2017-06-16,28.13,3921900
2017-06-19,28.4,3342900
2017-06-20,28.03,2548900
2017-06-21,28.03,2794700
2017-06-22,28.51,2356900
2017-06-23,29.19,2732300
2017-06-26,29.19,1845000
2017-06-27,29.06,2615700
2017-06-28,29.99,3392400
2017-06-29,29.98,3396900
2017-06-30,29.97,3032200
2017-07-03,30.07,1055300
2017-07-05,30.09,3980700
2017-07-06,29.81,1579400
2017-07-07,29.54,2848800
2017-07-10,30.08,2244300
2017-07-11,30.63,3889200
2017-07-12,30.6,3461400
2017-07-13,30.94,2663300
2017-07-14,30.99,1486600
2017-07-17,31.37,2027000
2017-07-18,31.21,2021200
2017-07-19,31.66,1928600
2017-07-20,31.71,5276700
2017-07-21,31.48,1813300
2017-07-24,31.37,3300500
2017-07-25,32.46,5972700
2017-07-26,32.28,7287100
2017-07-27,31.71,4298900
2017-07-28,31.13,2518300
2017-07-31,31.44,2225500
2017-08-01,30.92,2309800
2017-08-02,30.86,2275700
2017-08-03,30.44,2117900
2017-08-04,30.54,2685400
2017-08-07,30.76,2861700
2017-08-08,30.66,2868700
2017-08-09,30.52,1760000
2017-08-10,30.32,3194100
2017-08-11,30.09,2173800
2017-08-14,30.0,3138300
2017-08-15,29.8,1482200
2017-08-16,30.59,2966400
2017-08-17,29.84,2033400
2017-08-18,29.88,1566000
2017-08-21,30.18,908100
2017-08-22,30.78,2450700
2017-08-23,31.27,1841100
2017-08-24,31.29,2830900
2017-08-25,31.34,1838300
2017-08-28,31.85,2684600
2017-08-29,32.15,3023800
2017-08-30,32.22,2433700
2017-08-31,32.39,1847800
2017-09-01,32.95,2095000
2017-09-05,32.69,3282300
2017-09-06,32.72,2065500
2017-09-07,32.88,2116100
2017-09-08,32.25,3212100
2017-09-11,32.12,3690500
2017-09-12,32.41,2008300
2017-09-13,32.19,1784200
2017-09-14,31.91,2365600
2017-09-15,31.9,1399500
2017-09-18,32.16,1238200
2017-09-19,32.37,1787000
2017-09-20,32.55,4347800
2017-09-21,31.95,2977800
2017-09-22,31.62,2111300
2017-09-25,31.9,2361100
2017-09-26,31.73,2127300
2017-09-27,32.04,2906000
2017-09-28,32.08,1928200
2017-09-29,32.18,2302200
2017-10-02,32.73,1934900
2017-10-03,32.89,1805600
2017-10-04,32.84,1479800
2017-10-05,32.88,2070300
2017-10-06,32.58,2129200
2017-10-09,32.26,1871400
2017-10-10,32.07,1893000
2017-10-11,32.32,2651900
2017-10-12,32.45,1420700
2017-10-13,32.85,2296700
2017-10-16,32.62,2737500
2017-10-17,32.58,1221000
2017-10-18,32.73,1376700
2017-10-19,32.89,2421200
2017-10-20,33.15,2708300
2017-10-23,32.92,2080200
2017-10-24,33.42,3485300
2017-10-25,33.07,2780800
2017-10-26,32.64,1917300
2017-10-27,32.46,3672000
2017-10-30,32.02,3529300
2017-10-31,31.67,3865700
2017-11-01,31.9,3893600
2017-11-02,31.98,2689000
2017-11-03,31.71,2807700
2017-11-06,31.99,2184700
2017-11-07,31.81,1753700
2017-11-08,31.67,1750800
2017-11-09,31.08,2454600
2017-11-10,30.78,3517900
2017-11-13,30.91,1628000
2017-11-14,30.32,2700300
2017-11-15,30.42,6252300
2017-11-16,30.58,1777100
2017-11-17,30.92,2334100
2017-11-20,30.96,1716300
2017-11-21,31.27,1791400
2017-11-22,31.54,1904000
2017-11-24,31.61,644200
2017-11-27,31.34,2511800
2017-11-28,31.64,2964200
2017-11-29,31.54,1736900
2017-11-30,31.94,3676300
2017-12-01,32.12,4531200
2017-12-04,32.34,2977600
2017-12-05,31.74,2396500
2017-12-06,31.83,1944900
2017-12-07,32.23,2724600
2017-12-08,32.72,3549100
2017-12-11,33.18,2958500
2017-12-12,33.23,2436000
2017-12-13,33.54,2503900
2017-12-14,33.04,3051200
2017-12-15,33.17,5679200
2017-12-18,33.92,4329600
2017-12-19,34.31,4620000
2017-12-20,34.92,4557800
2017-12-21,35.3,3138200
2017-12-22,35.55,3960300
2017-12-26,36.17,3464100
2017-12-27,35.84,3428000
2017-12-28,36.4,1842100
2017-12-29,36.37,3224200
2018-01-02,37.7,5942300
2018-01-03,37.45,3417400
2018-01-04,37.7,2062500
2018-01-05,37.62,3733200
2018-01-08,37.93,1994800
2018-01-09,37.32,4009100
2018-01-10,38.11,4492700
2018-01-11,39.17,5898100
2018-01-12,38.98,5651200
2018-01-16,38.25,7387200
2018-01-17,38.95,3076000
2018-01-18,38.35,1929500
2018-01-19,38.62,2076800
2018-01-22,38.89,2111300
2018-01-23,38.84,5017800
2018-01-24,39.07,3986200
2018-01-25,38.62,6181300
2018-01-26,38.95,6929300
2018-01-29,38.41,5097000
2018-01-30,37.27,10341200
2018-01-31,36.9,4396600
2018-02-01,37.05,3364900
2018-02-02,35.36,5208000
2018-02-05,34.81,4860800
2018-02-06,35.58,5087500
2018-02-07,35.02,4191200
2018-02-08,34.08,2614600
2018-02-09,34.34,3298100
2018-02-12,35.41,2419800
2018-02-13,35.91,2914600
2018-02-14,37.31,5058400
2018-02-15,37.28,2689700
2018-02-16,38.21,8951100
2018-02-20,37.44,2928100
2018-02-21,37.2,2535500
2018-02-22,37.15,2108500
2018-02-23,37.36,1237800
2018-02-26,37.73,2238800
2018-02-27,37.13,1569000
2018-02-28,36.06,3816900
2018-03-01,36.96,5556200
2018-03-02,37.15,2512400
2018-03-05,36.92,1322100
2018-03-06,37.6,2215300
2018-03-07,37.68,2363200
2018-03-08,36.91,3605500
2018-03-09,36.74,5472800
2018-03-12,37.14,2825600
2018-03-13,37.05,4106700
2018-03-14,36.36,3956100
2018-03-15,36.21,1766100
2018-03-16,36.65,1817300
2018-03-19,35.57,2220700
2018-03-20,35.28,1669400
2018-03-21,36.16,2483800
2018-03-22,34.01,3332100
2018-03-23,33.71,2997600
2018-03-26,34.34,2226900
2018-03-27,33.44,3454600
2018-03-28,33.06,2775400
2018-03-29,34.04,4923700
2018-04-02,33.63,1449100
2018-04-03,33.93,1911100
2018-04-04,34.11,1489400
2018-04-05,34.87,2306000
2018-04-06,33.91,2539800
2018-04-09,34.22,2202800
2018-04-10,35.42,5011900
2018-04-11,35.13,2882900
2018-04-12,35.38,1637100
2018-04-13,35.55,1062400
2018-04-16,35.52,1432200
2018-04-17,36.2,2550400
2018-04-18,36.89,3371800
2018-04-19,37.26,4509700
2018-04-20,37.03,2907500
2018-04-23,36.12,2364200
2018-04-24,35.79,3451700
2018-04-25,35.94,2660800
2018-04-26,35.96,2779200
2018-04-27,35.15,4383100
2018-04-30,34.97,1781800
2018-05-01,34.49,4627200
2018-05-02,34.78,4176500
2018-05-03,35.15,1652700
2018-05-04,35.99,1470100
2018-05-07,36.2,2016200
2018-05-08,36.09,1924600
2018-05-09,36.22,1438800
2018-05-10,36.75,2345100
2018-05-11,36.93,1910700
2018-05-14,36.78,1257800
2018-05-15,36.97,2892100
2018-05-16,37.59,1769300
2018-05-17,37.95,1764100
2018-05-18,37.82,1903200
2018-05-21,37.58,1681200
2018-05-22,37.42,2150500
2018-05-23,37.22,2024700
2018-05-24,37.3,1009400
2018-05-25,36.83,2516500
2018-05-29,36.75,1699300
2018-05-30,37.52,2461000
2018-05-31,37.51,2709700
2018-06-01,37.84,1812400
2018-06-04,37.67,1352200
2018-06-05,38.11,1768400
2018-06-06,38.62,1957300
2018-06-07,38.29,2427800
2018-06-08,38.07,1075100
2018-06-11,38.31,3275300
2018-06-12,38.3,1265700
2018-06-13,37.96,1351900
2018-06-14,38.24,1315600
2018-06-15,36.91,3914700
2018-06-18,37.19,1373500
2018-06-19,36.36,5014700
2018-06-20,36.77,1469000
2018-06-21,36.3,1330000
2018-06-22,37.0,1829800
2018-06-25,35.55,3799800
2018-06-26,35.86,1705000
2018-06-27,35.36,4277100
2018-06-28,35.26,1492400
2018-06-29,35.47,2200600
2018-07-02,35.44,1862600
2018-07-03,35.36,1222100
2018-07-05,35.97,1938500
2018-07-06,36.25,2243400
2018-07-09,36.64,1670200
2018-07-10,36.77,2042800
2018-07-11,36.04,2447800
2018-07-12,36.09,2188900
2018-07-13,35.95,1993200
2018-07-16,35.73,1288100
2018-07-17,36.17,1710900
2018-07-18,36.78,3704700
2018-07-19,35.9,3133000
2018-07-20,36.12,2822900
2018-07-23,36.6,2066200
2018-07-24,37.18,4512700
2018-07-25,37.25,2301400
2018-07-26,36.94,1991700
2018-07-27,36.46,2140000
2018-07-30,36.08,2247700
2018-07-31,35.92,3852000
2018-08-01,35.63,3481400
2018-08-02,35.35,2201300
2018-08-03,35.41,1691900
2018-08-06,35.38,3660100
2018-08-07,35.18,2012500
2018-08-08,34.98,2813100
2018-08-09,34.83,2345200
2018-08-10,34.7,2064200
2018-08-13,34.14,2121800
2018-08-14,33.95,3288600
2018-08-15,32.54,5324200
2018-08-16,32.92,2200700
2018-08-17,33.42,3101300
2018-08-20,33.63,1777600
2018-08-21,34.03,1119800
2018-08-22,34.11,854800
2018-08-23,33.18,1837400
2018-08-24,33.84,1981100
2018-08-27,34.23,1775200
2018-08-28,34.19,1856200
2018-08-29,34.48,1775300
2018-08-30,33.81,3592700
2018-08-31,33.94,1313300
2018-09-04,33.39,2383100
2018-09-05,33.57,1262100
2018-09-06,33.58,1551800
2018-09-07,33.31,1741600
2018-09-10,33.3,1169000
2018-09-11,33.15,1641800
2018-09-12,33.9,2759900
2018-09-13,33.78,1570200
2018-09-14,33.88,2146200
2018-09-17,34.22,3190700
2018-09-18,34.81,2333900
2018-09-19,35.08,2188200
2018-09-20,35.17,1928500
2018-09-21,34.88,3007700
2018-09-24,34.56,2442600
2018-09-25,35.09,1596000
2018-09-26,34.31,2797300
2018-09-27,34.1,1504300
2018-09-28,34.16,2025200
2018-10-01,34.39,1597200
2018-10-02,34.49,1482100
2018-10-03,34.34,2395000
2018-10-04,33.98,2951800
2018-10-05,33.71,3029500
2018-10-08,33.88,2276500
2018-10-09,33.53,2179300
2018-10-10,32.49,3635300
2018-10-11,32.78,5196900
2018-10-12,32.82,3014200
2018-10-15,32.84,3715600
2018-10-16,33.23,1277300
2018-10-17,33.31,1237800
2018-10-18,32.9,2465400
2018-10-19,32.35,1716200
2018-10-22,32.53,1271200
2018-10-23,31.96,4225600
2018-10-24,30.66,4792500
2018-10-25,30.63,3050200
2018-10-26,30.22,3512800
2018-10-29,29.8,2777900
2018-10-30,30.04,6919500
2018-10-31,30.57,2217200
2018-11-01,31.35,2848300
2018-11-02,31.76,3482800
2018-11-05,31.83,1820200
2018-11-06,31.8,1767800
2018-11-07,31.97,1361500
2018-11-08,31.61,1819400
2018-11-09,30.89,2213500
2018-11-12,30.37,1666600
2018-11-13,30.53,2097300
2018-11-14,30.39,2256200
2018-11-15,30.95,1570600
2018-11-16,31.21,3126300
2018-11-19,30.53,2941900
2018-11-20,29.3,3314700
2018-11-21,29.75,1791200
2018-11-23,29.02,2517300
2018-11-26,28.73,3490600
2018-11-27,28.19,5539700
2018-11-28,29.38,4082300
2018-11-29,28.99,1932200
2018-11-30,29.03,1436900
2018-12-03,29.83,3438000
2018-12-04,28.94,2654800
2018-12-06,28.39,3700100
2018-12-07,28.06,1932000
2018-12-10,27.73,3371100
2018-12-11,27.64,2764800
2018-12-12,27.92,2555100
2018-12-13,27.76,1467700
2018-12-14,27.07,2629700
2018-12-17,27.12,2258000
2018-12-18,27.39,1861100
2018-12-19,26.36,2960900
2018-12-20,26.3,3094600
2018-12-21,25.7,4213900
2018-12-24,25.28,1572500
2018-12-26,26.34,2189200
2018-12-27,26.39,2491600
2018-12-28,26.19,2960600
2018-12-31,26.19,2110500
2019-01-02,26.65,2887400
2019-01-03,26.01,2743600
2019-01-04,27.54,4491700
2019-01-07,27.47,2142600
2019-01-08,27.93,3056500
2019-01-09,28.55,2732200
2019-01-10,28.43,1510000
2019-01-11,28.43,1314200
2019-01-14,28.21,1323400
2019-01-15,27.61,2953600
2019-01-16,28.19,2658200
2019-01-17,28.79,3979600
2019-01-18,29.16,7539400
2019-01-22,28.69,3907600
2019-01-23,28.67,1573000
2019-01-24,28.42,1148300
2019-01-25,29.44,2201800
2019-01-28,29.06,1879400
2019-01-29,29.31,1677600
2019-01-30,30.33,4105100
2019-01-31,30.71,3008300
2019-02-01,30.51,2415600
2019-02-04,30.7,2058300
2019-02-05,30.79,1180500
2019-02-06,30.58,1242700
2019-02-07,29.86,2257100
2019-02-08,29.71,2047400
2019-02-11,29.78,1076900
2019-02-12,30.12,910300
2019-02-13,30.32,1428700
2019-02-14,30.31,697000
2019-02-15,30.55,1206300
2019-02-19,31.1,1533300
2019-02-20,31.84,2361900
2019-02-21,31.79,1236800
2019-02-22,31.79,2212700
2019-02-25,31.8,3985500
2019-02-26,31.7,3463300
2019-02-27,31.49,1297900
2019-02-28,30.95,2052600
2019-03-01,31.05,2239300
2019-03-04,30.95,1707600
2019-03-05,30.83,1218800
2019-03-06,29.88,5138900
2019-03-07,29.29,4783900
2019-03-08,28.89,5465300
2019-03-11,29.41,1967900
2019-03-12,29.86,3601200
2019-03-13,30.09,2151700
2019-03-14,29.57,1873100
2019-03-15,29.58,2268700
2019-03-18,29.79,1902200
2019-03-19,29.77,2561700
2019-03-20,29.75,2697500
2019-03-21,30.29,2907800
2019-03-22,29.11,3960300
2019-03-25,29.13,1125500
2019-03-26,29.36,2406100
2019-03-27,29.47,2125500
2019-03-28,29.56,1302900
2019-03-29,29.68,1528700
2019-04-01,30.22,2916500
2019-04-02,30.04,2514100
2019-04-03,30.15,2498300
2019-04-04,30.63,2657700
2019-04-05,30.89,1897000
2019-04-08,30.98,1728100
2019-04-09,30.2,2110600
2019-04-10,30.28,1124200
2019-04-11,29.79,3326700
2019-04-12,29.84,1551300
2019-04-15,29.72,1440400
2019-04-16,29.85,1569400
2019-04-17,29.86,1619200
2019-04-18,29.31,2625600
2019-04-22,29.03,2756100
2019-04-23,29.5,1588400
2019-04-24,29.35,1454200
2019-04-25,28.69,2955200
2019-04-26,29.05,1104100
2019-04-29,29.09,873700
2019-04-30,28.83,3082900
2019-05-01,28.12,2888600
2019-05-02,28.1,2716800
2019-05-03,29.21,3015100
2019-05-06,28.97,1410400
2019-05-07,28.52,1802100
2019-05-08,28.16,2840200
2019-05-09,28.15,1441800
2019-05-10,28.12,1476600
2019-05-13,27.05,2986200
2019-05-14,27.32,1580700
2019-05-15,27.43,1756300
2019-05-16,27.34,1517500
2019-05-17,26.91,2752600
2019-05-20,26.36,1586000
2019-05-21,26.77,1870500
2019-05-22,26.19,1942600
2019-05-23,25.54,2971600
2019-05-24,25.55,1380100
2019-05-28,25.25,1896400
2019-05-29,25.16,1850100
2019-05-30,24.73,1667600
2019-05-31,24.4,2440500
2019-06-03,25.02,2814100
2019-06-04,25.86,2774800
2019-06-05,25.67,2613300
2019-06-06,25.77,1093300
2019-06-07,25.9,1733400
2019-06-10,25.92,1730100
2019-06-11,26.32,2649300
2019-06-12,26.17,1348700
2019-06-13,26.66,1884300
2019-06-14,26.29,1259200
2019-06-17,26.48,1394200
2019-06-18,27.26,7169000
2019-06-19,27.75,6227700
2019-06-20,28.04,10650400
2019-06-21,27.73,4514900
2019-06-24,27.36,2423500
2019-06-25,27.29,1404900
2019-06-26,27.82,1827300
2019-06-27,27.89,3086200
2019-06-28,28.38,1762800
2019-07-01,28.19,2036100
2019-07-02,27.99,1742300
2019-07-03,27.9,1066000
2019-07-05,27.99,1478500
2019-07-08,27.47,1333500
2019-07-09,27.26,3186200
2019-07-10,27.38,1676600
2019-07-11,27.26,843500
2019-07-12,27.73,1538600
2019-07-15,27.78,710400
2019-07-16,28.08,2653300
2019-07-17,28.13,1249300
2019-07-18,28.27,1566800
2019-07-19,28.52,2396800
2019-07-22,28.56,2563900
2019-07-23,28.71,2297700
2019-07-24,29.06,2159100
2019-07-25,28.39,3450800
2019-07-26,28.63,1461600
2019-07-29,28.57,1386000
2019-07-30,28.95,1550200
2019-07-31,27.97,2956600
2019-08-01,27.2,4366300
2019-08-02,26.74,3422500
2019-08-05,26.39,1987200
2019-08-06,26.37,1536100
2019-08-07,26.04,3187400
2019-08-08,26.77,1440000
2019-08-09,25.96,2226500
2019-08-12,25.55,1726400
2019-08-13,25.88,4074100
2019-08-14,24.89,5537800
2019-08-15,24.59,2432500
2019-08-16,24.98,2150700
2019-08-19,25.53,2154500
2019-08-20,25.56,1394600
2019-08-21,25.6,875000
2019-08-22,25.26,1253300
2019-08-23,24.7,2599000
2019-08-26,24.83,1123800
2019-08-27,24.72,1290600
2019-08-28,25.14,2886800
2019-08-29,25.38,1087100
2019-08-30,25.46,1993600
2019-09-03,25.19,1484700
2019-09-04,25.72,1924300
2019-09-05,25.85,2610400
2019-09-06,25.45,1509500
2019-09-09,26.1,2855500
2019-09-10,26.99,3218400
2019-09-11,27.81,4276800
2019-09-12,27.65,3072600
2019-09-13,27.57,1990300
2019-09-16,27.84,2256700
2019-09-17,27.69,1798500
2019-09-18,27.06,2789200
2019-09-19,26.88,2014400
2019-09-20,26.55,2555700
2019-09-23,26.75,1717700
2019-09-24,26.08,2234000
2019-09-25,26.32,1604900
2019-09-26,25.78,1801400
2019-09-27,25.7,1638500
2019-09-30,25.45,1912200
2019-10-01,25.21,1788200
2019-10-02,24.93,1774300
2019-10-03,25.06,1766400
2019-10-04,25.37,1464500
2019-10-07,25.23,1306700
2019-10-08,25.09,1555300
2019-10-09,25.02,1747000
2019-10-10,25.5,3215500
2019-10-11,26.14,3573600
2019-10-14,25.84,1872300
2019-10-15,25.78,1645100
2019-10-16,25.61,2053400
2019-10-17,25.87,1571600
2019-10-18,25.88,1010300
2019-10-21,25.82,1877600
2019-10-22,26.24,1724700
2019-10-23,26.36,1638500
2019-10-24,26.45,2653900
2019-10-25,26.77,3226800
2019-10-28,27.22,1795300
2019-10-29,27.15,2256400
2019-10-30,26.74,2754100
2019-10-31,26.31,2819800
2019-11-01,27.13,3173000
2019-11-04,27.42,2066100
2019-11-05,27.47,2173100
2019-11-06,27.24,1326000
2019-11-07,27.47,1258300
2019-11-08,27.64,1545200
2019-11-11,27.5,1494700
2019-11-12,27.35,1747300
2019-11-13,26.99,2245100
2019-11-14,26.8,2307000
2019-11-15,26.93,3748100
2019-11-18,27.17,2942800
2019-11-19,27.06,1394400
2019-11-20,26.95,1422000
2019-11-21,26.77,1666800
2019-11-22,27.12,1584500
2019-11-25,27.53,2179800
2019-11-26,27.66,1886100
2019-11-27,27.77,1951800
2019-11-29,27.66,862100
2019-12-02,27.83,1898100
2019-12-03,27.81,1454900
2019-12-04,28.13,1676300
2019-12-05,28.37,1109000
2019-12-06,28.6,2357300
2019-12-09,28.87,4061100
2019-12-10,28.95,1752500
2019-12-11,29.22,2484600
2019-12-12,29.52,5234000
2019-12-13,29.21,2943900
2019-12-16,28.99,2997000
2019-12-17,29.09,1815800
2019-12-18,29.29,1923200
2019-12-19,28.96,3204600
2019-12-20,28.5,3238900
2019-12-23,28.86,2478900
2019-12-24,29.15,1430800
2019-12-26,29.29,1455900
2019-12-27,29.18,1947100
2019-12-30,29.16,2863800
2019-12-31,29.29,1956800
2020-01-02,29.16,2590400
2020-01-03,28.9,1907200
2020-01-06,28.63,2500700
2020-01-07,28.77,1860800
2020-01-08,28.29,2787200
2020-01-09,27.82,4257900
2020-01-10,27.56,2429500
2020-01-13,27.8,2599800
2020-01-14,28.1,2441100
2020-01-15,28.02,2685500
2020-01-16,27.92,2446600
2020-01-17,27.46,3436300
2020-01-21,26.68,3745000
2020-01-22,26.57,2647400
2020-01-23,26.38,3122200
2020-01-24,26.0,2892200
2020-01-27,25.49,2610100
2020-01-28,25.12,10017300
2020-01-29,25.31,1926400
2020-01-30,25.39,1878100
2020-01-31,24.89,2078000
2020-02-03,25.1,1885300
2020-02-04,25.69,1826600
2020-02-05,26.75,3893400
2020-02-06,26.69,1966700
2020-02-07,26.06,3194500
2020-02-10,26.02,1430000
2020-02-11,26.32,2632300
2020-02-12,26.06,1705100
2020-02-13,26.03,904900
2020-02-14,25.63,1810800
2020-02-18,25.86,1348800
2020-02-19,26.16,1492500
2020-02-20,25.79,1147300
2020-02-21,25.65,1225300
2020-02-24,24.88,1953200
2020-02-25,23.98,3668500
2020-02-26,23.58,1785700
2020-02-27,22.56,3055000
2020-02-28,22.13,4582200
2020-03-02,22.71,2888000
2020-03-03,22.4,3792800
2020-03-04,22.94,2486300
2020-03-05,22.08,2526000
2020-03-06,21.32,2883500
2020-03-09,18.56,4543900
2020-03-10,19.29,3032900
2020-03-11,17.82,4031900
2020-03-12,15.78,2339600
2020-03-13,16.81,2456800
2020-03-16,15.6,2377000
2020-03-17,17.11,2768800
2020-03-18,14.57,2452200
2020-03-19,15.22,3290200
2020-03-20,14.54,3886900
2020-03-23,14.31,4637300
2020-03-24,16.13,3684000
2020-03-25,16.24,2799100
2020-03-26,16.54,2306100
2020-03-27,15.67,1632600
2020-03-30,15.91,1577600
2020-03-31,16.13,2262100
2020-04-01,15.81,1886700
2020-04-02,16.12,2354700
2020-04-03,15.69,1388000
2020-04-06,16.86,2348500
2020-04-07,16.89,2974100
2020-04-08,17.4,1516500
2020-04-09,18.58,3207800
2020-04-13,18.55,2576600
2020-04-14,18.75,3238300
2020-04-15,17.66,2716900
2020-04-16,17.61,1676800
2020-04-17,17.95,1920000
2020-04-20,17.84,2735300
2020-04-21,17.45,2696100
2020-04-22,17.85,2672000
2020-04-23,17.99,3589800
2020-04-24,17.99,2328600
2020-04-27,18.56,1931300
2020-04-28,18.94,2591600
2020-04-29,20.23,3952600
2020-04-30,19.33,3214600
2020-05-01,18.9,1996000
2020-05-04,19.26,1981500
2020-05-05,19.16,2424500
2020-05-06,18.74,2184400
2020-05-07,19.09,2142000
2020-05-08,20.24,2364300
2020-05-11,19.66,2861100
2020-05-12,18.77,2653100
2020-05-13,18.11,3953000
2020-05-14,18.41,3110300
2020-05-15,18.96,2869600
2020-05-18,20.17,3499400
2020-05-19,20.3,4427000
2020-05-20,20.66,3355400
2020-05-21,20.36,3861300
2020-05-22,20.17,2715600
2020-05-26,20.53,2588200
2020-05-27,21.3,3355800
2020-05-28,20.96,2799700
2020-05-29,20.84,2005900
2020-06-01,21.34,1952800
2020-06-02,21.24,2086900
2020-06-03,21.7,2279600
2020-06-04,22.13,2453800
2020-06-05,22.99,4037500
2020-06-08,23.82,3235400
2020-06-09,23.41,2539900
2020-06-10,23.19,3640300
2020-06-11,20.64,4512900
2020-06-12,21.32,3049000
2020-06-15,21.58,3976200
2020-06-16,22.14,3576100
2020-06-17,21.59,2535000
2020-06-18,21.07,2501700
2020-06-19,20.95,2079200
2020-06-22,21.21,2724300
2020-06-23,21.32,1844500
2020-06-24,20.45,2199600
2020-06-25,20.85,2168200
2020-06-26,20.18,2168900
2020-06-29,20.87,1440500
2020-06-30,21.19,1954700
2020-07-01,20.73,2178200
2020-07-02,20.77,1953500
2020-07-06,21.23,2220100
2020-07-07,20.95,2182400
2020-07-08,20.87,2011200
2020-07-09,20.55,2082700
2020-07-10,21.37,2049400
2020-07-13,21.19,2719100
2020-07-14,22.04,2691700
2020-07-15,22.59,2876500
2020-07-16,22.39,1938200
2020-07-17,22.41,1705200
2020-07-20,22.4,935400
2020-07-21,22.94,2566000
2020-07-22,23.24,1691800
2020-07-23,23.04,2345000
2020-07-24,23.02,1680600
2020-07-27,23.69,2321900
2020-07-28,23.22,3172500
2020-07-29,23.6,2946600
2020-07-30,23.12,2095100
2020-07-31,22.91,4370600
2020-08-03,23.35,2078000
2020-08-04,23.75,1559800
2020-08-05,24.52,2284800
2020-08-06,24.55,2321300
2020-08-07,24.39,2205000
2020-08-10,25.32,3662100
2020-08-11,24.79,3992900
2020-08-12,24.77,1391200
2020-08-13,24.67,1649600
2020-08-14,24.78,1273900
2020-08-17,25.18,1349400
2020-08-18,25.06,1191100
2020-08-19,24.72,2169600
2020-08-20,24.77,1798500
2020-08-21,24.16,3017800
2020-08-24,24.6,2394500
2020-08-25,24.55,2593200
2020-08-26,24.62,2409000
2020-08-27,24.57,2807200
2020-08-28,25.06,1737000
2020-08-31,24.81,1329400
2020-09-01,25.05,1539600
2020-09-02,25.1,1502700
2020-09-03,24.62,2602700
2020-09-04,24.83,2482300
2020-09-08,24.13,2521400
2020-09-09,24.32,1846600
2020-09-10,23.92,1473000
2020-09-11,23.96,1304900
2020-09-14,24.75,1292700
2020-09-15,24.86,2189100
2020-09-16,25.12,1438200
2020-09-17,25.51,1478700
2020-09-18,25.62,3221900
2020-09-21,23.71,3424200
2020-09-22,23.62,1818600
2020-09-23,22.78,2724400
2020-09-24,22.95,2647700
2020-09-25,23.03,1197800
2020-09-28,23.8,2660400
2020-09-29,23.33,1705100
2020-09-30,23.24,1259600
2020-10-01,23.5,2152700
2020-10-02,24.01,2091200
2020-10-05,24.62,1768700
2020-10-06,23.97,2506700
2020-10-07,24.77,1485500
2020-10-08,25.23,1242500
2020-10-09,25.36,1538800
2020-10-12,25.26,940700
2020-10-13,24.9,1240000
2020-10-14,25.2,1823300
2020-10-15,25.24,1647300
2020-10-16,25.21,1846500
2020-10-19,25.03,2692400
2020-10-20,25.02,1296900
2020-10-21,24.99,1913300
2020-10-22,25.42,1944600
2020-10-23,25.6,1958900
2020-10-26,24.89,1483900
2020-10-27,24.91,1314700
2020-10-28,23.72,2531500
2020-10-29,24.4,4276500
2020-10-30,24.43,3341100
2020-11-02,25.1,2080000
2020-11-03,25.62,2434400
2020-11-04,24.32,3413400
2020-11-05,25.6,3271700
2020-11-06,25.85,2266200
2020-11-09,26.92,3660200
2020-11-10,27.22,2753000
2020-11-11,26.94,2288900
2020-11-12,26.49,1432600
2020-11-13,27.74,3028800
2020-11-16,29.0,3496900
2020-11-17,28.88,1696900
2020-11-18,28.24,1957500
2020-11-19,28.26,1324100
2020-11-20,28.26,1458800
2020-11-23,29.07,3562500
2020-11-24,30.27,3546700
2020-11-25,30.12,1704500
2020-11-27,30.17,1149900
2020-11-30,29.32,2375900
2020-12-01,30.67,2270200
2020-12-02,31.22,1936800
2020-12-03,31.11,1860400
2020-12-04,32.59,3227200
2020-12-07,32.56,2489300
2020-12-08,33.23,3110600
2020-12-09,32.6,4336200
2020-12-10,33.52,2529100
2020-12-11,32.84,2415400
2020-12-14,32.22,1831600
2020-12-15,33.25,1799000
2020-12-16,33.28,1718800
2020-12-17,33.64,2713800
2020-12-18,32.42,3984500
2020-12-21,32.66,2131800
2020-12-22,32.1,2367800
2020-12-23,32.6,1780200
2020-12-24,32.6,975800
2020-12-28,32.4,1525700
2020-12-29,32.28,2573700
2020-12-30,33.4,2934300
2020-12-31,33.44,2703000
2021-01-04,33.65,5568500
2021-01-05,35.1,4566300
2021-01-06,37.28,7869100
2021-01-07,37.0,4138800
2021-01-08,36.36,4078400
2021-01-11,36.15,4457700
2021-01-12,37.0,3403200
2021-01-13,36.04,2553200
2021-01-14,36.52,3130400
2021-01-15,35.29,4603000
2021-01-19,35.71,3644600
2021-01-20,35.57,3087300
2021-01-21,34.5,4799500
2021-01-22,34.5,3466800
2021-01-25,33.97,3495500
2021-01-26,33.16,2392500
2021-01-27,32.39,5822500
2021-01-28,33.17,3596900
2021-01-29,32.35,3766000
2021-02-01,33.76,4861000
2021-02-02,33.35,3064400
2021-02-03,33.34,1984100
2021-02-04,33.78,1653300
2021-02-05,34.53,2809000
2021-02-08,35.9,5287300
2021-02-09,35.27,4564800
2021-02-10,35.14,3565200
2021-02-11,35.21,3576000
2021-02-12,35.59,2511900
2021-02-16,36.17,4995000
2021-02-17,35.86,2350400
2021-02-18,35.13,2413800
2021-02-19,36.59,5550900
2021-02-22,38.35,8889300
2021-02-23,38.37,6587700
2021-02-24,39.75,6477200
2021-02-25,37.4,6639000
2021-02-26,35.86,5907100
2021-03-01,37.57,6781800
2021-03-02,37.85,6087700
2021-03-03,38.5,5933300
2021-03-04,36.73,5794400
2021-03-05,38.02,4863500
2021-03-08,39.05,7061800
2021-03-09,39.52,6808000
2021-03-10,40.65,8894700
2021-03-11,41.56,6667700
2021-03-12,41.49,5382300
2021-03-15,41.02,5136800
2021-03-16,39.86,3269300
2021-03-17,40.94,5241200
2021-03-18,40.0,6963400
2021-03-19,39.8,8119900
2021-03-22,38.81,4203200
2021-03-23,36.7,9031300
2021-03-24,36.68,5723600
2021-03-25,37.48,6913300
2021-03-26,39.86,8568800
2021-03-29,38.9,5115300
2021-03-30,39.31,3146000
2021-03-31,39.92,5437400
2021-04-01,40.36,2582100
2021-04-05,40.75,3136700
2021-04-06,40.36,2060700
2021-04-07,40.02,2285100
2021-04-08,39.94,3003700
2021-04-09,39.5,3728300
2021-04-12,39.19,3007700
2021-04-13,39.17,3550700
2021-04-14,40.46,4910300
2021-04-15,40.85,4356300
2021-04-16,41.11,3187400
2021-04-19,40.61,2915000
2021-04-20,39.37,4407400
2021-04-21,40.63,3102500
2021-04-22,39.96,4398500
2021-04-23,40.94,2177100
2021-04-26,41.99,3280800
2021-04-27,41.76,3050000
2021-04-28,42.12,5150300
2021-04-29,41.14,3807600
2021-04-30,40.46,3693700
2021-05-03,42.5,6880100
2021-05-04,43.77,9931000
2021-05-05,44.43,4804100
2021-05-06,45.2,5149900
2021-05-07,45.74,6501400
2021-05-10,45.42,10672400
2021-05-11,46.45,8699000
2021-05-12,44.25,6606000
2021-05-13,44.47,9260800
2021-05-14,45.09,7192900
2021-05-17,47.18,6036900
2021-05-18,46.31,4762200
2021-05-19,44.88,6255100
2021-05-20,44.72,5832300
2021-05-21,44.56,4090200
2021-05-24,45.35,4446400
2021-05-25,44.28,5004000
2021-05-26,45.04,3652000
2021-05-27,46.73,9930700
2021-05-28,46.48,4514700
2021-06-01,47.76,6610100
2021-06-02,47.06,4825200
2021-06-03,46.46,4571600
2021-06-04,46.67,3175900
2021-06-07,46.25,3240100
2021-06-08,47.12,3708400
2021-06-09,46.99,3873200
2021-06-10,46.82,2628700
2021-06-11,47.09,3742100
2021-06-14,45.88,2973800
2021-06-15,45.65,6689500
2021-06-16,45.0,5472000
2021-06-17,42.51,14785600
2021-06-18,41.31,13103000
2021-06-21,42.08,8715300
2021-06-22,42.34,4770700
2021-06-23,42.76,4418600
2021-06-24,44.0,7020800
2021-06-25,43.02,8449300
2021-06-28,42.26,3845600
2021-06-29,42.32,3043500
2021-06-30,43.06,4109400
2021-07-01,43.28,2893800
2021-07-02,43.42,1738800
2021-07-06,42.07,4083700
2021-07-07,42.82,4236400
2021-07-08,41.92,3013600
2021-07-09,43.65,4355300
2021-07-12,43.67,3151600
2021-07-13,42.67,2573000
2021-07-14,42.47,2672100
2021-07-15,42.37,3918600
2021-07-16,40.76,4732000
2021-07-19,39.41,14419900
2021-07-20,40.64,3838200
2021-07-21,42.15,3587900
2021-07-22,41.8,5573200
2021-07-23,42.03,3024600
2021-07-26,43.24,5140100
2021-07-27,42.84,4521200
2021-07-28,43.37,5025800
2021-07-29,45.4,11563100
2021-07-30,44.98,6177000
2021-08-02,44.04,5574000
2021-08-03,44.74,5006100
2021-08-04,42.94,4974100
2021-08-05,42.65,3823900
2021-08-06,43.53,4951900
2021-08-09,43.5,3455700
2021-08-10,45.23,6352800
2021-08-11,46.28,6496900
2021-08-12,45.98,3619100
2021-08-13,45.88,3910200
2021-08-16,44.95,4125400
2021-08-17,43.69,5061000
2021-08-18,43.28,3826000
2021-08-19,41.58,7498600
2021-08-20,41.63,4308300
2021-08-23,43.14,5447600
2021-08-24,44.02,3851600
2021-08-25,43.66,2399200
2021-08-26,42.89,2607700
2021-08-27,44.82,4270400
2021-08-30,44.52,3057600
2021-08-31,44.29,3422200
2021-09-01,44.41,7320700
2021-09-02,44.87,4860100
2021-09-03,44.97,2818800
2021-09-07,45.04,3609100
2021-09-08,44.0,3637700
2021-09-09,44.28,2716300
2021-09-10,44.7,4676000
2021-09-13,44.61,3228400
2021-09-14,43.74,3518500
2021-09-15,45.18,4485700
2021-09-16,43.44,3931800
2021-09-17,42.34,5799500
2021-09-20,40.72,7217800
2021-09-21,40.32,5020100
2021-09-22,41.13,7808600
2021-09-23,41.62,2829400
2021-09-24,41.36,3043700
2021-09-27,42.8,3836500
2021-09-28,42.58,7087300
2021-09-29,41.66,4069300
2021-09-30,41.74,4981900
2021-10-01,42.42,5349200
2021-10-04,42.58,4523700
2021-10-05,42.87,3473800
2021-10-06,42.03,4880300
2021-10-07,42.85,3681000
2021-10-08,42.45,3953500
2021-10-11,43.14,4909300
2021-10-12,43.25,2447600
2021-10-13,43.88,6659300
2021-10-14,44.14,4934100
2021-10-15,44.77,5994600
2021-10-18,45.26,5044200
2021-10-19,44.38,4251800
2021-10-20,44.72,2748700
2021-10-21,43.96,3585100
2021-10-22,44.5,3116400
2021-10-25,45.7,3377900
2021-10-26,45.13,2648600
2021-10-27,43.56,2923600
2021-10-28,43.95,2383200
2021-10-29,43.62,3095600
2021-11-01,44.23,2418600
2021-11-02,43.72,3334400
2021-11-03,44.64,2970800
2021-11-04,44.44,3549500
2021-11-05,45.37,4237500
2021-11-08,46.65,4096600
2021-11-09,46.3,3527500
2021-11-10,45.07,4142200
2021-11-11,47.01,5719900
2021-11-12,47.31,4430900
2021-11-15,46.26,3333200
2021-11-16,45.38,3464600
2021-11-17,44.67,5755800
2021-11-18,44.69,3653500
2021-11-19,43.92,6001900
2021-11-22,44.67,4844300
2021-11-23,44.82,3073700
2021-11-24,44.6,2513100
2021-11-26,42.9,3699200
2021-11-29,42.57,5178500
2021-11-30,41.18,7743000
2021-12-01,40.28,4685900
2021-12-02,41.22,3866800
2021-12-03,40.91,4124900
2021-12-06,41.41,3424900
2021-12-07,42.33,2669400
2021-12-08,42.86,2338200
2021-12-09,42.41,3927300
2021-12-10,42.41,2614600
2021-12-13,41.79,4530100
2021-12-14,41.73,3358400
2021-12-15,41.58,5043800
2021-12-16,42.47,3982700
2021-12-17,43.03,9416800
2021-12-20,41.99,6600900
2021-12-21,43.67,3355300
2021-12-22,44.31,2589000
2021-12-23,44.37,2223100
2021-12-27,45.35,2516400
2021-12-28,45.01,2299800
2021-12-29,44.74,2165800
2021-12-30,44.48,1880100
2021-12-31,44.78,2104000
2022-01-03,45.54,3489700
2022-01-04,46.19,3338200
2022-01-05,46.25,5762600
2022-01-06,45.57,4706900
2022-01-07,46.07,3159800
2022-01-10,45.69,3631900
2022-01-11,46.49,3687000
2022-01-12,47.54,5059200
2022-01-13,46.77,3975200
2022-01-14,46.98,2912900
2022-01-18,46.21,5898200
2022-01-19,46.18,3321900
2022-01-20,44.5,6094800
2022-01-21,42.27,8788800
2022-01-24,42.66,7253000
2022-01-25,42.8,4601900
2022-01-26,41.67,5352300
2022-01-27,41.02,5776300
2022-01-28,41.37,5321300
2022-01-31,41.72,7285900
2022-02-01,43.63,6411400
2022-02-02,44.19,6281600
2022-02-03,43.82,4201400
2022-02-04,44.26,4290700
2022-02-07,44.57,4307600
2022-02-08,46.31,4683300
2022-02-09,47.35,5321400
2022-02-10,47.31,7479800
2022-02-11,48.4,10274500
2022-02-14,48.83,10276800
2022-02-15,49.75,5787800
2022-02-16,50.01,7339600
2022-02-17,49.75,4689100
2022-02-18,49.4,5220100
2022-02-22,48.99,6390200
2022-02-23,49.61,6904100
2022-02-24,49.0,8309100
2022-02-25,51.77,7879100
2022-02-28,52.62,9266700
2022-03-01,53.93,9009800
2022-03-02,55.97,7772400
2022-03-03,57.78,12172500
2022-03-04,59.11,9568700
2022-03-07,57.6,11847400
2022-03-08,57.08,13738900
2022-03-09,57.08,10722200
2022-03-10,59.69,12262400
2022-03-11,58.31,7036500
2022-03-14,54.96,11259800
2022-03-15,55.6,8404800
2022-03-16,55.86,7947400
2022-03-17,58.3,8307200
2022-03-18,58.56,7995600
2022-03-21,60.91,7812200
2022-03-22,60.53,5901200
2022-03-23,61.62,7675700
2022-03-24,63.31,6652400
2022-03-25,63.33,4732200
2022-03-28,61.87,6945100
2022-03-29,60.99,13231200
2022-03-30,61.66,6380800
2022-03-31,61.29,4527400
2022-04-01,62.42,5321300
2022-04-04,62.07,3446000
2022-04-05,60.57,7965600
2022-04-06,60.14,6580000
2022-04-07,61.49,5130300
2022-04-08,61.37,4088500
2022-04-11,60.8,4855400
2022-04-12,62.33,5038200
2022-04-13,65.16,8274000
2022-04-14,65.85,7725900
2022-04-18,65.56,6186700
2022-04-19,65.64,5879800
2022-04-20,65.59,6384500
2022-04-21,61.54,10452500
2022-04-22,58.42,12646500
2022-04-25,57.29,13642300
2022-04-26,56.29,9891200
2022-04-27,57.3,7868900
2022-04-28,58.36,8539300
2022-04-29,56.21,7750200
2022-05-02,55.5,10251000
2022-05-03,56.76,9392000
2022-05-04,58.43,7412700
2022-05-05,55.34,9865500
2022-05-06,54.16,8957900
2022-05-09,50.77,11237800
2022-05-10,50.23,15447400
2022-05-11,49.86,10269400
2022-05-12,48.79,10176200
2022-05-13,50.27,6066300
2022-05-16,50.39,6902200
2022-05-17,52.53,6428900
2022-05-18,50.35,6831900
2022-05-19,51.16,5945200
2022-05-20,50.56,5895300
2022-05-23,52.58,5999700
2022-05-24,52.05,4480400
2022-05-25,52.84,3996600
2022-05-26,54.62,7822700
2022-05-27,55.59,4094600
2022-05-31,53.63,10736900
2022-06-01,53.53,3729800
2022-06-02,55.54,7094200
2022-06-03,54.35,5442900
2022-06-06,55.17,3055900
2022-06-07,57.09,4450300
2022-06-08,54.92,5427000
2022-06-09,52.29,4536500
2022-06-10,51.93,6209700
2022-06-13,48.28,7593400
2022-06-14,47.65,6770500
2022-06-15,48.65,6397800
2022-06-16,46.55,5401400
2022-06-17,46.54,6044400
2022-06-21,47.26,4081600
2022-06-22,45.45,5282300
2022-06-23,43.76,10087800
2022-06-24,46.09,4807700
2022-06-27,46.82,3768500
2022-06-28,46.04,3071200
2022-06-29,44.75,3707600
2022-06-30,43.4,4581600
2022-07-01,43.61,3818700
2022-07-05,41.47,10079200
2022-07-06,41.18,7320000
2022-07-07,43.33,5431800
2022-07-08,42.96,3624000
2022-07-11,42.25,3050200
2022-07-12,42.45,3292200
2022-07-13,43.37,3946700
2022-07-14,42.09,7645500
2022-07-15,42.91,3011600
2022-07-18,43.63,4531000
2022-07-19,44.8,4079600
2022-07-20,44.91,4016800
2022-07-21,44.96,5527800
2022-07-22,43.74,3098900
2022-07-25,45.23,3778600
2022-07-26,45.16,2300500
2022-07-27,46.69,4193000
2022-07-28,47.04,3433500
2022-07-29,48.24,3147200
2022-08-01,47.73,3044500
2022-08-02,47.09,2819100
2022-08-03,46.92,1965500
2022-08-04,47.39,2596500
2022-08-05,48.47,3473100
2022-08-08,48.89,2820800
2022-08-09,49.28,2621200
2022-08-10,51.03,4484100
2022-08-11,51.45,3557400
2022-08-12,52.49,3748000
2022-08-15,51.66,4955000
2022-08-16,52.11,3240900
2022-08-17,50.72,2451100
2022-08-18,51.94,2494700
2022-08-19,50.27,2347100
2022-08-22,49.78,2882300
2022-08-23,51.0,2607900
2022-08-24,52.09,2703800
2022-08-25,53.45,3176800
2022-08-26,52.05,3516500
2022-08-29,51.75,3953200
2022-08-30,49.53,4583500
2022-08-31,49.13,3236200
2022-09-01,47.27,5779100
2022-09-02,47.66,5216800
2022-09-06,48.0,4169200
2022-09-07,48.43,2970700
2022-09-08,48.73,4186300
2022-09-09,50.58,3933500
2022-09-12,50.55,4627000
2022-09-13,48.71,3690600
2022-09-14,47.22,5894400
2022-09-15,45.92,5340900
2022-09-16,45.36,7148600
2022-09-19,46.89,8412800
2022-09-20,45.64,3035200
2022-09-21,44.68,5774300
2022-09-22,43.92,4164300
2022-09-23,41.59,6504700
2022-09-26,40.94,5255700
2022-09-27,42.1,4657700
2022-09-28,44.05,6597200
2022-09-29,43.24,4369300
2022-09-30,42.49,4626800
2022-10-03,45.56,5279000
2022-10-04,47.29,3503000
2022-10-05,47.13,2989400
2022-10-06,46.92,4129800
2022-10-07,45.59,4458500
2022-10-10,45.98,2862600
2022-10-11,45.55,3293100
2022-10-12,45.55,3446000
2022-10-13,46.31,3919000
2022-10-14,44.17,3230800
2022-10-17,45.88,2520000
2022-10-18,46.46,2882700
2022-10-19,45.35,2819600
2022-10-20,45.59,3774700
2022-10-21,48.16,5192900
2022-10-24,47.83,4502700
2022-10-25,48.69,4316800
2022-10-26,49.23,4579300
2022-10-27,49.1,2996000
2022-10-28,48.49,5047000
2022-10-31,48.5,2886700
2022-11-01,49.24,4184100
2022-11-02,46.24,3880000
2022-11-03,46.11,3897000
2022-11-04,49.45,7479000
2022-11-07,49.91,3151300
2022-11-08,50.85,6119200
2022-11-09,48.09,4421200
2022-11-10,50.73,4454900
2022-11-11,51.39,5710000
2022-11-14,51.85,3244800
2022-11-15,52.29,2983200
2022-11-16,51.22,3244000
2022-11-17,50.55,3289600
2022-11-18,50.43,4204100
2022-11-21,50.91,4975200
2022-11-22,52.55,2998600
2022-11-23,52.73,3628800
2022-11-25,52.46,1012300
2022-11-28,50.8,2829500
2022-11-29,51.98,2624000
2022-11-30,53.93,4841400
2022-12-01,53.51,3853200
2022-12-02,54.79,2976800
2022-12-05,52.47,4039300
2022-12-06,52.6,3266200
2022-12-07,52.45,3983600
2022-12-08,52.61,4590900
2022-12-09,51.29,3446300
2022-12-12,51.91,3209400
2022-12-13,52.33,3913800
2022-12-14,51.88,3336700
2022-12-15,49.83,5696500
2022-12-16,49.97,4939700
2022-12-19,48.75,2868900
2022-12-20,50.03,3156200
2022-12-21,51.31,3669900
2022-12-22,50.41,4011100
2022-12-23,50.79,1596400
2022-12-27,51.2,2257100
2022-12-28,49.15,3018000
2022-12-29,50.07,4379500
2022-12-30,49.81,1639100
2023-01-03,49.12,4007900
2023-01-04,50.33,4040100
2023-01-05,50.6,2669300
2023-01-06,52.87,6403400
2023-01-09,52.79,4838600
2023-01-10,54.1,3060600
2023-01-11,54.39,3059500
2023-01-12,55.48,3194800
2023-01-13,56.22,3275300
2023-01-17,55.65,3108800
2023-01-18,54.69,5231000
2023-01-19,54.6,3246900
2023-01-20,55.94,3749200
2023-01-23,56.09,2879000
2023-01-24,56.2,2256600
2023-01-25,56.9,3339400
2023-01-26,57.33,3984500
2023-01-27,57.1,2136000
2023-01-30,56.47,2609300
2023-01-31,57.12,2617300
2023-02-01,58.17,4142400
2023-02-02,58.48,3436400
2023-02-03,57.93,4462400
2023-02-06,56.9,2486600
2023-02-07,57.25,4104300
2023-02-08,55.73,3088800
2023-02-09,55.18,2423800
2023-02-10,55.26,2184100
2023-02-13,55.4,1745800
2023-02-14,56.74,3179800
2023-02-15,56.66,2164200
2023-02-16,57.21,3439100
2023-02-17,56.18,3395800
2023-02-21,54.71,3010100
2023-02-22,54.82,2712900
2023-02-23,54.3,3343200
2023-02-24,53.79,3314100
2023-02-27,55.14,2337300
2023-02-28,56.21,3865800
2023-03-01,57.36,4052500
2023-03-02,57.61,3076800
2023-03-03,59.08,4106300
2023-03-06,57.25,4753600
2023-03-07,55.62,3534100
2023-03-08,55.76,4004200
2023-03-09,54.32,5441800
2023-03-10,52.5,13686400
2023-03-13,52.08,8601400
2023-03-14,52.49,4435300
2023-03-15,49.37,8936400
2023-03-16,49.88,6572200
2023-03-17,49.49,10503600
2023-03-20,50.08,5074300
2023-03-21,50.82,2700600
2023-03-22,49.72,4543200
2023-03-23,49.89,4234500
2023-03-24,50.27,3632700
2023-03-27,50.98,3450000
2023-03-28,51.55,3222200
2023-03-29,52.05,4143100
2023-03-30,52.42,2238400
2023-03-31,53.16,3123900
2023-04-03,53.48,2411600
2023-04-04,52.13,2935000
2023-04-05,51.53,2917800
2023-04-06,51.36,2448400
2023-04-10,51.77,2701700
2023-04-11,52.53,2230600
2023-04-12,52.13,2712300
2023-04-13,53.26,1965400
2023-04-14,52.41,2715800
2023-04-17,52.72,3736500
2023-04-18,53.04,4075300
2023-04-19,52.32,2980200
2023-04-20,51.52,2750900
2023-04-21,50.19,4867500
2023-04-24,50.66,2001800
2023-04-25,49.15,3751800
2023-04-26,48.59,3161900
2023-04-27,49.49,3171000
2023-04-28,49.4,3884400
2023-05-01,48.81,3990100
2023-05-02,48.7,5220500
2023-05-03,48.2,3504600
2023-05-04,47.24,3983400
2023-05-05,48.47,3669300
2023-05-08,48.77,2264500
2023-05-09,48.88,2802700
2023-05-10,48.72,3421800
2023-05-11,47.35,4454700
2023-05-12,47.22,3147800
2023-05-15,47.84,2882000
2023-05-16,46.5,3497400
2023-05-17,47.34,2292100
2023-05-18,47.26,3486000
2023-05-19,46.98,2430000
2023-05-22,47.37,2178900
2023-05-23,47.07,2277100
2023-05-24,45.91,3360000
2023-05-25,45.54,2774500
2023-05-26,45.62,2198500
2023-05-30,44.8,3223600
2023-05-31,44.52,2794900
2023-06-01,45.58,3011600
2023-06-02,47.52,4670300
2023-06-05,47.12,3449100
2023-06-06,48.24,2968400
2023-06-07,48.86,4581400
2023-06-08,48.78,3860000
2023-06-09,48.33,2680900
2023-06-12,48.36,5806100
2023-06-13,49.69,6717800
2023-06-14,49.21,6144200
2023-06-15,50.0,5784500
2023-06-16,49.71,3826700
2023-06-20,49.29,3886300
2023-06-21,49.71,4191300
2023-06-22,49.4,2949400
2023-06-23,48.69,3476400
2023-06-26,49.04,1832200
2023-06-27,49.69,1857500
2023-06-28,49.53,2672400
2023-06-29,50.61,2781700
2023-06-30,50.82,2089000
2023-07-03,51.34,1228900
2023-07-05,50.43,2857900
2023-07-06,49.55,2875700
2023-07-07,50.53,3381800
2023-07-10,51.12,1935200
2023-07-11,51.46,1892000
2023-07-12,52.09,4255700
2023-07-13,52.58,4210800
2023-07-14,51.56,2884900
2023-07-17,51.76,2030800
2023-07-18,52.58,2903800
2023-07-19,52.42,2619700
2023-07-20,52.04,2550400
2023-07-21,51.64,2411500
2023-07-24,52.25,3141800
2023-07-25,53.28,2759600
2023-07-26,53.21,2720300
2023-07-27,52.22,2606700
2023-07-28,52.67,2928100
2023-07-31,53.89,2605000
2023-08-01,53.29,1993800
2023-08-02,51.75,2492300
2023-08-03,51.63,2874800
2023-08-04,51.67,2234400
2023-08-07,51.75,2068500
2023-08-08,51.73,2318600
2023-08-09,51.71,1782700
2023-08-10,50.79,2547900
2023-08-11,50.94,2057200
2023-08-14,52.06,4226200
2023-08-15,50.83,5351100
2023-08-16,50.98,2522200
2023-08-17,51.1,2609100
2023-08-18,51.19,4222300
2023-08-21,50.89,2959100
2023-08-22,51.13,2970200
2023-08-23,51.18,2485000
2023-08-24,50.39,2525200
2023-08-25,50.38,2875500
2023-08-28,50.93,2401100
2023-08-29,52.13,3233600
2023-08-30,51.98,1937200
2023-08-31,52.06,1593100
2023-09-01,53.17,2735100
2023-09-05,52.47,2838900
2023-09-06,52.09,1979000
2023-09-07,51.69,2336400
2023-09-08,51.42,2221100
2023-09-11,51.54,2232700
2023-09-12,51.73,2073500
2023-09-13,52.12,2452300
2023-09-14,53.9,5256800
2023-09-15,53.33,3751500
2023-09-18,52.75,2033400
2023-09-19,52.39,1806800
2023-09-20,52.12,1973700
2023-09-21,51.06,2902200
2023-09-22,51.55,2254700
2023-09-25,52.03,1787600
2023-09-26,51.04,2147700
2023-09-27,51.63,2985000
2023-09-28,52.56,3572600
2023-09-29,52.5,3895900
2023-10-02,51.08,4431000
2023-10-03,50.4,3283200
2023-10-04,49.96,2786300
2023-10-05,49.89,2230500
2023-10-06,50.81,2729300
2023-10-09,51.37,2329200
2023-10-10,52.03,2363900
2023-10-11,52.11,2419800
2023-10-12,50.44,3712400
2023-10-13,50.44,2644800
2023-10-16,50.92,2140900
2023-10-17,51.99,2740500
2023-10-18,50.64,3036400
2023-10-19,49.66,3030600
2023-10-20,48.89,3149500
2023-10-23,48.56,2715200
2023-10-24,49.27,3146500
2023-10-25,48.94,3057000
2023-10-26,48.99,3733000
2023-10-27,49.38,3116400
2023-10-30,49.78,3083000
2023-10-31,49.46,3116500
2023-11-01,49.66,2894500
2023-11-02,50.68,2866700
2023-11-03,51.2,3458700
2023-11-06,50.75,2077100
2023-11-07,49.77,3000500
2023-11-08,49.44,2256600
2023-11-09,49.06,2736800
2023-11-10,49.34,3341100
2023-11-13,49.3,1400300
2023-11-14,51.8,4410500
2023-11-15,51.9,2591100
2023-11-16,51.64,2529900
2023-11-17,52.56,2184500
2023-11-20,52.66,1715300
2023-11-21,52.79,2791000
2023-11-22,53.04,2451500
2023-11-24,53.34,1429000
2023-11-27,53.77,4197000
2023-11-28,53.83,2975800
2023-11-29,53.91,2518200
2023-11-30,54.75,3022000
2023-12-01,56.25,6783400
2023-12-04,55.71,2967900
2023-12-05,54.33,4076800
2023-12-06,53.69,3569700
2023-12-07,53.91,2153700
2023-12-08,54.01,2765000
2023-12-11,54.09,2736900
2023-12-12,53.0,2587000
2023-12-13,54.95,5120100
2023-12-14,57.02,6784200
2023-12-15,57.27,3471700
2023-12-18,58.08,3638800
2023-12-19,59.88,4127300
2023-12-20,58.78,3953900
2023-12-21,60.12,2490100
2023-12-22,60.77,2582400
2023-12-26,61.27,2537200
2023-12-27,61.4,2227100
2023-12-28,60.74,2235100
2023-12-29,59.83,2125300
2024-01-02,59.32,4083400
2024-01-03,58.17,3870400
2024-01-04,58.29,2697500
2024-01-05,58.17,2568800
2024-01-08,58.51,2792600
2024-01-09,57.66,3120600
2024-01-10,57.15,3638800
2024-01-11,56.95,2443300
2024-01-12,57.53,3006400
2024-01-16,56.03,2535100
2024-01-17,55.6,2542100
2024-01-18,56.22,2557300
2024-01-19,56.41,2376200
2024-01-22,56.83,2387500
2024-01-23,57.43,1944200
2024-01-24,57.15,2318000
2024-01-25,56.69,2936100
2024-01-26,57.06,2424000
2024-01-29,57.8,1655600
2024-01-30,58.11,2198400
2024-01-31,57.18,3464100
2024-02-01,57.79,3857500
2024-02-02,57.33,2615800
2024-02-05,55.71,4001600
2024-02-06,55.79,2961100
2024-02-07,56.08,2941100
2024-02-08,56.23,2544500
2024-02-09,56.19,2414600
2024-02-12,56.81,1839700
2024-02-13,54.61,3507800
2024-02-14,55.64,2350000
2024-02-15,57.1,2601700
2024-02-16,56.66,3097100
2024-02-20,55.52,2483000
2024-02-21,55.99,1599200
2024-02-22,56.06,2548300
2024-02-23,56.12,3373100
2024-02-26,56.42,1716300
2024-02-27,57.03,2263100
2024-02-28,55.56,2936600
2024-02-29,56.49,2935000
2024-03-01,57.37,1932200
2024-03-04,57.51,2199000
2024-03-05,56.71,1880900
2024-03-06,57.5,2022600
2024-03-07,58.99,3532700
2024-03-08,58.57,3374400
2024-03-11,58.06,2534700
2024-03-12,57.05,2778300
2024-03-13,57.08,3127300
2024-03-14,55.99,3520300
2024-03-15,56.52,3223400
2024-03-18,56.2,2413100
2024-03-19,56.41,1718300
2024-03-20,57.77,2574000
2024-03-21,58.47,2366100
2024-03-22,57.94,1497300
2024-03-25,58.14,3336100
2024-03-26,57.7,1942700
2024-03-27,59.56,2791300
2024-03-28,60.28,4243100
2024-04-01,60.83,3083100
2024-04-02,60.84,3039800
2024-04-03,62.17,3636500
2024-04-04,61.15,2996900
2024-04-05,62.02,2277100
2024-04-08,62.18,3563200
2024-04-09,62.86,2576000
2024-04-10,62.21,4434200
2024-04-11,62.43,2408800
2024-04-12,61.4,4212300
2024-04-15,61.25,3566300
2024-04-16,61.36,3595300
2024-04-17,61.27,4124700
2024-04-18,60.97,2756000
2024-04-19,60.9,3062800
2024-04-22,60.35,2807200
2024-04-23,59.5,4507500
2024-04-24,59.3,3322900
2024-04-25,60.33,5040600
2024-04-26,60.85,2098200
2024-04-29,61.39,2054900
2024-04-30,59.27,4918800
2024-05-01,59.29,5370300
2024-05-02,60.1,3111900
2024-05-03,60.84,3977100
2024-05-06,61.08,3452900
2024-05-07,61.34,3035400
2024-05-08,60.82,2570700
2024-05-09,62.09,2906200
2024-05-10,61.59,2539500
2024-05-13,61.8,2224400
2024-05-14,62.44,3432700
2024-05-15,63.23,2944400
2024-05-16,62.83,2610500
2024-05-17,64.0,4133000
2024-05-20,64.92,4379800
2024-05-21,65.15,2913900
2024-05-22,63.61,2497700
2024-05-23,62.86,2987400
2024-05-24,63.33,1543200
2024-05-28,64.27,2073100
2024-05-29,63.24,2264200
2024-05-30,63.91,1610100
2024-05-31,64.43,1871200
2024-06-03,64.29,4608900
2024-06-04,61.29,5497400
2024-06-05,61.82,2877200
2024-06-06,62.49,1980100
2024-06-07,60.46,3431900
2024-06-10,60.35,3697800
2024-06-11,59.23,3232300
2024-06-12,59.48,2647600
2024-06-13,58.78,4047300
2024-06-14,58.21,2564900
2024-06-17,58.3,2412600
2024-06-18,58.5,2344900
2024-06-20,59.3,3125600
2024-06-21,59.06,2547500
2024-06-24,58.89,2032800
2024-06-25,57.95,1589900
2024-06-26,58.72,1460800
2024-06-27,58.36,1860200
2024-06-28,59.33,3096000
2024-07-01,60.22,2337100
2024-07-02,60.64,2147300
2024-07-03,61.71,1458400
2024-07-05,61.26,2694300
2024-07-08,61.31,1841800
2024-07-09,60.7,1116800
2024-07-10,61.23,1249700
2024-07-11,62.91,2077000
2024-07-12,63.61,2652700
2024-07-15,64.3,1848800
2024-07-16,65.22,1679100
2024-07-17,63.88,1806200
2024-07-18,62.74,2320200
2024-07-19,62.07,1638000
2024-07-22,62.07,1731500
2024-07-23,62.5,3819300
2024-07-24,61.25,1715700
2024-07-25,61.74,1785500
2024-07-26,62.68,1774300
2024-07-29,62.08,1712100
2024-07-30,61.83,1793200
2024-07-31,63.47,2460600
2024-08-01,60.89,7114800
2024-08-02,57.88,7978000
2024-08-05,56.14,5581700
2024-08-06,56.72,3194000
2024-08-07,56.03,2689100
2024-08-08,57.29,2471300
2024-08-09,57.39,1822600
2024-08-12,57.38,2170900
2024-08-13,58.03,1435500
2024-08-14,57.01,1975100
2024-08-15,58.16,1387600
2024-08-16,58.55,1205700
2024-08-19,59.1,1982700
2024-08-20,58.59,1580800
2024-08-21,59.58,1910900
2024-08-22,58.43,1887700
2024-08-23,59.8,1471500
2024-08-26,59.97,1838200
2024-08-27,60.22,707800
2024-08-28,59.09,1491800
2024-08-29,59.82,1311900
2024-08-30,59.84,1339100
2024-09-03,56.22,3621000
2024-09-04,55.77,2584100
2024-09-05,55.41,1519200
2024-09-06,54.2,2770900
2024-09-09,54.53,1924700
2024-09-10,54.29,1931500
2024-09-11,55.35,2003400
2024-09-12,57.19,2216600
2024-09-13,58.65,2177700
2024-09-16,58.61,1973900
2024-09-17,58.66,1740100
2024-09-18,58.43,1902100
2024-09-19,60.41,3269200
2024-09-20,60.38,2315500
2024-09-23,60.69,1257600
2024-09-24,63.25,7897500
2024-09-25,62.84,1874600
2024-09-26,64.24,3995100
2024-09-27,64.2,2236400
2024-09-30,63.72,1242600
2024-10-01,63.84,1785500
2024-10-02,63.5,1306100
2024-10-03,62.91,1542100
2024-10-04,63.73,1281200
2024-10-07,63.86,1425900
2024-10-08,62.72,2013500
2024-10-09,63.09,1061400
2024-10-10,63.71,1824700
2024-10-11,64.67,1060300
2024-10-14,64.63,1028100
2024-10-15,64.19,1187300
2024-10-16,65.52,1177300
2024-10-17,65.7,1667600
2024-10-18,66.65,1370400
2024-10-21,66.27,1630000
2024-10-22,65.87,1447200
2024-10-23,64.69,1342600
2024-10-24,64.44,1068500
2024-10-25,64.01,774600
2024-10-28,65.64,778700
2024-10-29,65.67,1104700
2024-10-30,64.54,808200
2024-10-31,63.59,1229400
2024-11-01,63.86,998500
2024-11-04,63.54,1027300
2024-11-05,64.67,1108100
2024-11-06,69.89,3735600
2024-11-07,69.67,1283100
2024-11-08,69.27,1335800
2024-11-11,68.61,1248900
2024-11-12,66.88,1442800
2024-11-13,65.83,1926200
2024-11-14,65.1,1495300
2024-11-15,65.05,1555300
2024-11-18,66.4,1769300
2024-11-19,66.99,1203100
2024-11-20,67.11,1324400
2024-11-21,68.48,1244100
2024-11-22,68.65,1120800
2024-11-25,68.89,1223900
2024-11-26,68.28,1133000
2024-11-27,68.43,615600
2024-11-29,68.75,580300
2024-12-02,68.26,1026000
2024-12-03,68.46,795500
2024-12-04,67.47,1358000
2024-12-05,67.12,975500
2024-12-06,65.44,1479300
2024-12-09,65.96,1951700
2024-12-10,65.06,1478000
2024-12-11,65.08,904900
2024-12-12,63.57,1472100
2024-12-13,62.03,1393000
2024-12-16,61.15,1157600
2024-12-17,60.03,2472400
2024-12-18,57.75,2130200
2024-12-19,57.08,1331600
2024-12-20,56.82,2075400
2024-12-23,57.1,1298500
2024-12-24,57.27,711900
2024-12-26,57.39,924000
2024-12-27,56.69,1405300
2024-12-30,56.27,1316000
2024-12-31,56.75,1136900
2025-01-02,57.63,1220000
2025-01-03,57.38,1961300
2025-01-06,58.23,2366400
2025-01-07,58.07,1016600
2025-01-08,57.75,2003600
2025-01-10,57.13,2130500
2025-01-13,58.45,1832600
2025-01-14,58.85,1396600
2025-01-15,59.79,1763800
2025-01-16,59.8,2318100
2025-01-17,60.33,1360300
2025-01-21,61.21,1256300
2025-01-22,60.42,1517100
2025-01-23,60.81,1892500
2025-01-24,60.69,1295900
2025-01-27,58.68,1364500
2025-01-28,58.89,1233000
2025-01-29,59.73,933100
2025-01-30,60.08,1010300
2025-01-31,59.3,1468500
2025-02-03,58.83,1409400
2025-02-04,60.43,1488000
2025-02-05,60.98,1139400
2025-02-06,60.64,1215500
2025-02-07,60.25,2160200
2025-02-10,62.54,4774800
2025-02-11,62.07,1820900
2025-02-12,61.6,1530600
2025-02-13,62.59,1715400
2025-02-14,60.99,1770600
2025-02-18,61.89,2581100
2025-02-19,61.03,1843400
2025-02-20,61.24,774200
2025-02-21,58.65,2348500
2025-02-24,58.76,1085100
2025-02-25,58.16,1383600
2025-02-26,58.24,1025300
2025-02-27,57.59,769600
2025-02-28,58.1,1842800
2025-03-03,56.21,1812300
2025-03-04,55.55,2320100
2025-03-05,57.3,1516700
2025-03-06,56.39,1247800
2025-03-07,56.01,1250700
2025-03-10,53.81,3362100
2025-03-11,55.51,2246300
2025-03-12,55.74,1655200
2025-03-13,56.01,1240600
2025-03-14,57.7,1472100
2025-03-17,58.12,2141800
2025-03-18,58.35,1661900
2025-03-19,58.71,1287400
2025-03-20,58.31,1320000
2025-03-21,57.4,2475000
2025-03-24,58.49,1721100
2025-03-25,58.91,1218000
2025-03-26,58.33,1385700
2025-03-27,58.4,1073100
2025-03-28,56.62,1445200
2025-03-31,55.99,1720200
2025-04-01,55.91,1232600
2025-04-02,56.48,1142300
2025-04-03,52.25,2421200
2025-04-04,48.48,2781900
2025-04-07,49.5,3085200
2025-04-08,48.74,1821700
2025-04-09,53.47,2786000
2025-04-10,51.77,1737800
2025-04-11,53.8,1430900
2025-04-14,54.49,3014000
2025-04-15,54.34,1096000
2025-04-16,54.76,1183200
2025-04-17,54.73,1269300
2025-04-21,53.32,1655600
2025-04-22,54.03,1291000
2025-04-23,55.35,1927900
2025-04-24,57.2,1234400
2025-04-25,56.54,1148600
2025-04-28,56.92,877900
2025-04-29,56.88,1071100
2025-04-30,56.35,1999800
2025-05-01,56.47,1664900
2025-05-02,57.52,1168700
2025-05-05,57.46,693300
2025-05-06,58.12,1348300
2025-05-07,57.43,1143500
2025-05-08,57.87,2836000
2025-05-09,58.4,816900
2025-05-12,59.13,1776400
2025-05-13,59.64,1717800
2025-05-14,59.09,1462200
2025-05-15,59.08,1196100
2025-05-16,59.44,1433300
2025-05-19,59.49,889800
2025-05-20,59.62,670500
2025-05-21,58.81,1438800
2025-05-22,58.21,1336500
2025-05-23,59.86,3604100
2025-05-27,61.43,2250400
2025-05-28,60.87,1678400
2025-05-29,60.33,1804100
2025-05-30,60.1,1103500
2025-06-02,62.11,2805600
2025-06-03,63.33,2253500
2025-06-04,64.13,1627900
2025-06-05,64.13,3500300
2025-06-06,64.41,916000
2025-06-09,65.36,1438500
2025-06-10,64.79,1309400
2025-06-11,64.37,1068200
2025-06-12,64.89,834700
2025-06-13,65.36,1123400
2025-06-16,66.23,1308000
2025-06-17,66.76,1340800
2025-06-18,66.68,942000
2025-06-20,65.53,1841100
2025-06-23,66.19,1284400
2025-06-24,65.94,1756800
2025-06-25,65.53,938600
2025-06-26,67.3,1942700
2025-06-27,66.38,1648000
2025-06-30,67.22,1907000
2025-07-01,67.16,1449500
2025-07-02,70.08,2237600
2025-07-03,70.07,2032800
2025-07-07,69.17,2247000
2025-07-08,68.62,1672200
2025-07-09,68.49,1002600
2025-07-10,72.14,2617200
2025-07-11,73.13,2171600
2025-07-14,72.59,1073500
2025-07-15,72.28,2321300
2025-07-16,72.63,1847000
2025-07-17,74.64,1810800
2025-07-18,75.18,1379300
2025-07-21,76.04,2757100
2025-07-22,78.12,2356900
2025-07-23,78.4,2314700
2025-07-24,77.26,1570500
2025-07-25,77.6,1343500
2025-07-28,76.22,2434700
2025-07-29,75.17,1736100
2025-07-30,73.65,3071700
2025-07-31,73.32,2294700
2025-08-01,72.41,2466000
2025-08-04,73.81,1328300
2025-08-05,75.58,2056800
2025-08-06,75.41,1636700
2025-08-07,77.95,2561900
2025-08-08,79.29,2306400
2025-08-11,78.7,2468700
2025-08-12,81.0,2211500
2025-08-13,81.51,2334100
2025-08-14,80.61,1799800
2025-08-15,79.78,1652100
2025-08-18,79.11,1609600
2025-08-19,77.44,1825800
2025-08-20,77.1,1394200
2025-08-21,77.49,1567800
2025-08-22,80.13,2284700
2025-08-25,80.65,1539600
2025-08-26,81.18,1201700
2025-08-27,81.03,971400
2025-08-28,81.6,1138200
2025-08-29,82.33,1432800
2025-09-02,81.54,2118500
2025-09-03,81.54,1081900
2025-09-04,81.57,1428800
2025-09-05,83.93,1788100
2025-09-08,84.08,1730500
2025-09-09,83.36,1394400
2025-09-10,84.88,1737100
2025-09-11,86.04,3271800
2025-09-12,85.57,1309300
2025-09-15,89.09,3764900
2025-09-16,88.24,2157300
2025-09-17,87.75,1982100
2025-09-18,89.09,1975100
2025-09-19,90.39,2265800
2025-09-22,90.94,1594200
2025-09-23,91.5,1920300
2025-09-24,90.48,1987300
2025-09-25,91.7,2315500
2025-09-26,92.2,1717500
2025-09-29,93.48,1777600
2025-09-30,93.19,2016600
2025-10-01,95.31,2860000
2025-10-02,96.67,2462800
2025-10-03,97.56,1807800
2025-10-06,98.23,1879200
2025-10-07,98.97,3936600
2025-10-08,102.27,3285500
2025-10-09,102.36,3233600
2025-10-10,100.88,4508900
2025-10-13,108.08,4724800
2025-10-14,108.94,4670400
2025-10-15,107.93,4091000
2025-10-16,106.61,3300900
2025-10-17,102.26,4291400
2025-10-20,107.3,2846600
2025-10-21,100.31,4566500
2025-10-22,97.29,6459000
2025-10-23,98.81,2196800
2025-10-24,99.82,1785900
2025-10-27,97.75,2889800
2025-10-28,98.3,1641700
2025-10-29,98.15,3767900
2025-10-30,96.42,3786900
2025-10-31,96.59,2615200
2025-11-03,94.73,3084300
2025-11-04,90.08,4739900
2025-11-05,90.84,2134700
2025-11-06,91.1,2232800
2025-11-07,93.56,2832600
2025-11-10,95.24,3045100
2025-11-11,93.98,1801700
2025-11-12,96.38,1863600
2025-11-13,92.41,2366000
2025-11-14,91.84,2069500
2025-11-17,90.12,2196400
2025-11-18,90.68,3438400
2025-11-19,91.33,1429500
2025-11-20,87.44,3250400
2025-11-21,88.68,2826800
2025-11-24,91.42,1755800
2025-11-25,92.89,1452000
2025-11-26,95.34,2490100
2025-11-28,97.09,1767000
2025-12-01,95.81,2625500
2025-12-02,96.6,1473500
2025-12-03,99.67,5143800
2025-12-04,100.8,2732500
2025-12-05,99.74,2405800
2025-12-08,98.2,1556200
2025-12-09,99.47,1523600
2025-12-10,100.15,1622600
2025-12-11,104.88,3536000
2025-12-12,102.14,2566700
2025-12-15,100.85,1838900
2025-12-16,100.91,1896700
2025-12-17,101.03,1531700
2025-12-18,102.33,1346600
2025-12-19,105.17,3413900
2025-12-22,107.16,1618800
2025-12-23,108.01,2675900
2025-12-24,107.87,742600
2025-12-26,107.84,1282200
2025-12-29,105.51,2035500
2025-12-30,104.73,2618600
2025-12-31,103.61,4460600
2026-01-02,107.53,1900500
2026-01-05,111.06,2806700
2026-01-06,115.02,4210600
2026-01-07,114.17,2974500
2026-01-08,114.03,2509700
2026-01-09,116.9,2608500
2026-01-12,120.5,3586000
2026-01-13,119.76,2020200
2026-01-14,122.96,2347100
2026-01-15,123.71,6000800
2026-01-16,124.14,2576600
2026-01-20,125.79,3136400
2026-01-21,127.81,3037400
2026-01-22,130.69,2925500
2026-01-23,131.44,2872200
2026-01-26,126.17,4558400
2026-01-27,128.34,3286400
2026-01-28,128.72,3459500
2026-01-29,126.77,5720400
2026-01-30,118.72,6684200
2026-02-02,118.62,4757600
2026-02-03,124.58,3971000
2026-02-04,121.64,3412300
2026-02-05,115.66,3187700
2026-02-06,122.5,3538600
2026-02-09,125.47,2427500
2026-02-10,123.1,2054500
2026-02-11,123.74,2003800
2026-02-12,116.68,4015200
2026-02-13,117.83,2688600
2026-02-17,115.11,2577000
2026-02-18,117.09,2015900
2026-02-19,117.24,1692200
2026-02-20,117.46,3200600
2026-02-23,117.71,2720500
2026-02-24,119.37,1948500
2026-02-25,119.48,2362400
2026-02-26,120.03,1848900
2026-02-27,119.35,1921400
2026-03-02,122.06,2211000
2026-03-03,117.28,3387400
2026-03-04,117.65,1884400
2026-03-05,112.87,3215500
2026-03-06,110.14,2988700
2026-03-09,112.05,3821700
2026-03-10,114.12,4732800
2026-03-11,114.9,1890000
2026-03-12,112.81,1759600
2026-03-13,109.03,2231800
2026-03-16,110.48,1695100
2026-03-17,110.77,1365700
2026-03-18,107.91,2106200
2026-03-19,105.17,3480400
2026-03-20,101.73,4359900
2026-03-23,103.61,4354200
2026-03-24,106.82,1957200
2026-03-25,107.9,2059600
2026-03-26,104.92,1552100
2026-03-27,105.94,1312400
2026-03-30,103.46,1883600
2026-03-31,108.01,3928300
2026-04-01,109.9,2595300
2026-04-02,110.78,1167000
2026-04-06,110.22,1620000
2026-04-07,109.8,1585900
2026-04-08,113.35,2919300
2026-04-09,112.71,2052800
2026-04-10,113.56,1730700
2026-04-13,114.95,1793500
2026-04-14,115.26,3500500
2026-04-15,115.68,1544100
2026-04-16,115.96,1434900
2026-04-17,117.6,2557400
2026-04-20,119.2,1838700
2026-04-21,117.37,3126400
2026-04-22,121.81,1733000
2026-04-23,117.64,2498500
2026-04-24,117.78,1490700
2026-04-27,120.2,1757600
2026-04-28,117.07,2370500
2026-04-29,114.61,2060600
2026-04-30,118.73,2615900
2026-05-01,118.56,2062900
2026-05-04,116.96,1948900
2026-05-05,118.88,1151400
2026-05-06,124.14,3451800
2026-05-07,120.51,3439100
2026-05-08,120.95,1539500
2026-05-11,124.54,2173500
2026-05-12,123.6,2253800
2026-05-13,123.34,2020400
2026-05-14,120.97,2153500
2026-05-15,115.59,2447900
2026-05-18,113.21,3878500
2026-05-19,110.12,2326400
2026-05-20,113.19,3574200
2026-05-21,115.38,1676900
2026-05-22,117.07,1483700
2026-05-26,122.65,2548300
2026-05-27,122.91,1635500
2026-05-28,126.45,2040100
2026-05-29,125.21,1806500
2026-06-01,127.46,2111300
2026-06-02,132.83,2554600
2026-06-03,128.53,2444500
2026-06-04,128.65,1493300
2026-06-05,118.6,3333200
2026-06-08,118.59,3302000
2026-06-09,116.1,2097900
2026-06-10,112.43,2260000
2026-06-11,118.35,1927600
2026-06-12,120.44,1475700
2026-06-15,120.63,2639000
2026-06-16,119.33,1753700
2026-06-17,118.39,2022500
2026-06-18,117.02,2379200
2026-06-22,115.22,1963900
2026-06-23,110.9,2336500
2026-06-24,107.22,2290800
2026-06-25,108.74,1340800
2026-06-26,108.01,1163700
2026-06-29,106.52,1794700
2026-06-30,106.93,1214000
2026-07-01,104.36,5120400
2026-07-02,105.13,2320600
2026-07-06,106.08,2016600
2026-07-07,102.47,2560700
2026-07-08,101.94,2935800
2026-07-09,103.24,1582100
2026-07-10,103.69,1720900
2026-07-13,102.09,1861300
2026-07-14,104.42,1552800
2026-07-15,103.2,1085100
2026-07-16,98.99,1765300
2026-07-17,98.35,2546500
2026-07-20,97.74,1515100
2026-07-21,101.6,1751200
2026-07-22,103.5,2565000
2026-07-23,103.17,2650500
2026-07-24,101.74,1328900
2026-07-27,103.11,1518900
2026-07-28,101.44,2002700
2026-07-29,97.58,2542100
2026-07-30,101.86,2760800
2026-07-31,100.65,1611800
2026-08-03,103.11,1548900
2026-08-04,107.86,2256400
2026-08-05,111.92,4255600
2026-08-06,110.35,2877400
2026-08-07,115.74,3151400
2026-08-10,117.54,2144100
2026-08-11,117.83,1312600
2026-08-12,116.79,1371700
2026-08-13,115.27,1605800
2026-08-14,117.14,1472700
2026-08-17,118.1,1288200
2026-08-18,113.63,1884300
2026-08-19,117.07,3986000
2026-08-20,114.7,1934200
2026-08-21,119.34,4356200
2026-08-24,117.87,2760500
2026-08-25,120.94,1683100
2026-08-26,120.31,1841000
2026-08-27,123.0,1577700
2026-08-28,118.74,1682600
2026-08-31,118.13,1125000
2026-09-01,115.77,1967500
2026-09-02,119.46,1585400
2026-09-03,118.38,1208000
2026-09-04,118.62,801500
2026-09-08,119.95,1456400
2026-09-09,119.19,1887000
2026-09-10,114.77,1193800
2026-09-11,113.63,1773700
2026-09-14,110.17,1796100
2026-09-15,109.44,1385600
2026-09-16,108.77,2009100
2026-09-17,111.32,1157500
2026-09-18,108.68,1742200
2026-09-21,109.0,1341700
2026-09-22,111.94,1527100
2026-09-23,109.58,1239800
2026-09-24,107.96,2139400
2026-09-25,108.33,923700
2026-09-28,105.42,1384500
2026-09-29,103.9,2299000
2026-09-30,103.56,1211600
2026-10-01,104.29,1412800
2026-10-02,105.74,1835300
2026-10-05,107.76,1611100
2026-10-06,108.24,971181
