datum,schluss,volumen
2010-01-04,109.8,16224100
2010-01-05,109.7,14213100
2010-01-06,111.51,24981900
2010-01-07,110.82,13609800
2010-01-08,111.37,15894600
2010-01-11,112.85,17253000
2010-01-12,110.49,29182600
2010-01-13,111.54,20014000
2010-01-14,112.03,18305300
2010-01-15,110.86,18002700
2010-01-19,111.52,10468200
2010-01-20,108.94,17535000
2010-01-21,107.37,25748400
2010-01-22,107.17,24210100
2010-01-25,107.48,13200500
2010-01-26,107.56,12297100
2010-01-27,106.53,19005100
2010-01-28,106.48,16793900
2010-01-29,105.96,20278800
2010-02-01,108.35,14901900
2010-02-02,109.13,14292200
2010-02-03,108.7,13393200
2010-02-04,104.37,39991900
2010-02-05,104.68,32656700
2010-02-08,104.04,17176600
2010-02-09,105.41,25959200
2010-02-10,105.12,16215200
2010-02-11,107.13,19350100
2010-02-12,107.04,14464200
2010-02-16,109.62,20895700
2010-02-17,109.25,19593400
2010-02-18,109.98,19177400
2010-02-19,109.47,21928700
2010-02-22,109.07,10742800
2010-02-23,107.89,13629600
2010-02-24,107.36,17207400
2010-02-25,108.31,23400400
2010-02-26,109.43,13033900
2010-03-01,109.43,12830900
2010-03-02,111.02,20102200
2010-03-03,111.63,16222100
2010-03-04,110.83,12944800
2010-03-05,110.81,11091400
2010-03-08,109.88,12753800
2010-03-09,109.72,12650800
2010-03-10,108.47,21982100
2010-03-11,108.6,9513300
2010-03-12,107.95,11849000
2010-03-15,108.36,7698600
2010-03-16,110.4,17749300
2010-03-17,109.59,13784300
2010-03-18,110.34,13848400
2010-03-19,108.28,24329100
2010-03-22,107.75,11579400
2010-03-23,108.32,11274400
2010-03-24,106.3,14236700
2010-03-25,106.78,16866700
2010-03-26,108.59,17433600
2010-03-29,108.75,11527000
2010-03-30,107.97,9817700
2010-03-31,108.95,14006800
2010-04-01,110.26,11370500
2010-04-05,110.89,8207900
2010-04-06,111.03,10322300
2010-04-07,112.49,19139500
2010-04-08,112.65,12445400
2010-04-09,113.64,16427800
2010-04-12,113.01,11118900
2010-04-13,112.69,11261100
2010-04-14,113.03,10572100
2010-04-15,113.65,10952100
2010-04-16,111.24,24572600
2010-04-19,111.15,7993700
2010-04-20,111.46,7019800
2010-04-21,112.31,6842900
2010-04-22,111.84,9598900
2010-04-23,113.19,12505800
2010-04-26,112.75,8335400
2010-04-27,114.63,25057100
2010-04-28,114.31,26891900
2010-04-29,114.28,10374300
2010-04-30,115.36,13403100
2010-05-03,115.73,13570800
2010-05-04,114.87,21512100
2010-05-05,115.09,21616700
2010-05-06,118.49,50546300
2010-05-07,118.27,34272700
2010-05-10,117.57,28433800
2010-05-11,120.66,36731800
2010-05-12,121.4,32703600
2010-05-13,120.56,22340400
2010-05-14,120.37,34643200
2010-05-17,119.36,27898000
2010-05-18,119.49,26595300
2010-05-19,116.63,34412400
2010-05-20,115.84,28908200
2010-05-21,115.22,20098300
2010-05-24,116.84,14300500
2010-05-25,117.36,21232700
2010-05-26,118.47,13153500
2010-05-27,118.69,10418500
2010-05-28,118.88,11579400
2010-06-01,119.91,12207800
2010-06-02,119.78,10339300
2010-06-03,117.96,13855200
2010-06-04,119.19,16532500
2010-06-07,121.49,20238600
2010-06-08,121.0,23404800
2010-06-09,120.56,12884600
2010-06-10,118.97,13687900
2010-06-11,120.01,7829400
2010-06-14,119.6,11002800
2010-06-15,120.99,15073000
2010-06-16,120.33,10500500
2010-06-17,121.9,19792200
2010-06-18,122.83,19429900
2010-06-21,120.39,20041700
2010-06-22,121.45,12940900
2010-06-23,120.95,14120400
2010-06-24,121.3,13137700
2010-06-25,122.76,9986700
2010-06-28,121.09,19650700
2010-06-29,121.27,17334700
2010-06-30,121.68,12016300
2010-07-01,117.04,33248900
2010-07-02,118.49,14732800
2010-07-06,116.51,16846900
2010-07-07,117.73,10930100
2010-07-08,117.21,11315100
2010-07-09,118.36,9596800
2010-07-12,117.34,7506700
2010-07-13,118.36,8423700
2010-07-14,118.3,9574800
2010-07-15,118.23,8586900
2010-07-16,116.67,17494400
2010-07-19,115.73,15723900
2010-07-20,116.65,9263100
2010-07-21,115.85,9396200
2010-07-22,116.86,8161000
2010-07-23,116.09,8337000
2010-07-26,115.52,11219000
2010-07-27,113.51,29524800
2010-07-28,113.78,16071500
2010-07-29,114.29,9476300
2010-07-30,115.49,10093200
2010-08-02,115.54,8473400
2010-08-03,115.99,5579400
2010-08-04,116.72,10323200
2010-08-05,116.98,7023000
2010-08-06,117.84,10001700
2010-08-09,117.4,6751400
2010-08-10,117.73,10444900
2010-08-11,117.34,12436900
2010-08-12,118.77,12327000
2010-08-13,118.74,10213200
2010-08-16,119.73,8948300
2010-08-17,119.75,9145400
2010-08-18,120.22,12102500
2010-08-19,120.39,10014500
2010-08-20,119.97,10682100
2010-08-23,119.78,4857800
2010-08-24,120.36,14811400
2010-08-25,121.36,13987100
2010-08-26,120.96,8886600
2010-08-27,121.01,11155400
2010-08-30,120.91,4390900
2010-08-31,122.08,12249700
2010-09-01,121.69,11873500
2010-09-02,122.29,7002100
2010-09-03,121.86,9074500
2010-09-07,122.7,8777500
2010-09-08,122.71,9788900
2010-09-09,121.56,13745000
2010-09-10,121.73,12510000
2010-09-13,121.62,9693300
2010-09-14,124.02,26588900
2010-09-15,123.94,11689100
2010-09-16,124.63,12672800
2010-09-17,124.54,13819200
2010-09-20,124.87,8475800
2010-09-21,126.01,20408400
2010-09-22,126.2,11046900
2010-09-23,126.3,9325200
2010-09-24,126.69,14945000
2010-09-27,126.72,6679700
2010-09-28,127.85,19857200
2010-09-29,127.95,12328900
2010-09-30,127.91,19213400
2010-10-01,128.91,17211900
2010-10-04,128.46,8368000
2010-10-05,130.99,17489600
2010-10-06,131.81,16142200
2010-10-07,130.37,38676800
2010-10-08,131.66,18693300
2010-10-11,132.29,10621300
2010-10-12,131.96,13289200
2010-10-13,134.07,18398500
2010-10-14,134.75,26890500
2010-10-15,133.68,26168600
2010-10-18,134.28,12289500
2010-10-19,130.11,25327200
2010-10-20,131.32,12556600
2010-10-21,129.47,21804200
2010-10-22,129.73,11885300
2010-10-25,130.85,12154900
2010-10-26,130.88,10710900
2010-10-27,129.52,16132100
2010-10-28,131.24,15889600
2010-10-29,132.62,14334900
2010-11-01,131.92,12403600
2010-11-02,132.49,9396900
2010-11-03,131.57,31702100
2010-11-04,136.03,23464700
2010-11-05,136.38,20342500
2010-11-08,137.78,17367400
2010-11-09,135.59,39445200
2010-11-10,137.24,28484700
2010-11-11,137.66,15447500
2010-11-12,133.69,35885900
2010-11-15,132.42,15096800
2010-11-16,130.97,32478100
2010-11-17,130.38,16432100
2010-11-18,132.09,16009400
2010-11-19,132.2,14146400
2010-11-22,133.48,13093400
2010-11-23,134.41,18215200
2010-11-24,134.18,8858100
2010-11-26,133.11,7822400
2010-11-29,133.51,13983800
2010-11-30,135.42,17473100
2010-12-01,135.38,16831100
2010-12-02,135.2,17583800
2010-12-03,138.07,16517200
2010-12-06,139.11,15640800
2010-12-07,136.5,26490400
2010-12-08,134.79,23483300
2010-12-09,135.37,14157600
2010-12-10,135.41,11937900
2010-12-13,136.05,13352400
2010-12-14,136.18,17430800
2010-12-15,134.7,15089500
2010-12-16,133.81,23463000
2010-12-17,134.2,17213000
2010-12-20,135.11,13142300
2010-12-21,135.32,10235600
2010-12-22,135.05,7300600
2010-12-23,134.66,8700800
2010-12-27,135.02,3436400
2010-12-28,137.22,10111800
2010-12-29,137.71,8442300
2010-12-30,137.03,5749400
2010-12-31,138.72,9219800
2011-01-03,138.0,11510200
2011-01-04,134.75,26154300
2011-01-05,134.37,16700900
2011-01-06,133.83,15965300
2011-01-07,133.58,16761400
2011-01-10,134.12,8429900
2011-01-11,134.91,10268400
2011-01-12,135.46,10785100
2011-01-13,134.05,14294600
2011-01-14,132.69,21224900
2011-01-18,133.43,11592900
2011-01-19,133.72,11788100
2011-01-20,131.2,24362900
2011-01-21,131.03,19488400
2011-01-24,130.36,15127200
2011-01-25,130.1,22219700
2011-01-26,131.16,20543000
2011-01-27,127.93,33047000
2011-01-28,130.28,28091500
2011-01-31,129.87,14664100
2011-02-01,130.8,15363700
2011-02-02,130.45,10082000
2011-02-03,132.2,17374700
2011-02-04,131.66,15214300
2011-02-07,131.68,7176300
2011-02-08,133.14,16220900
2011-02-09,133.07,10178400
2011-02-10,132.85,8105200
2011-02-11,132.32,9888600
2011-02-14,132.95,8694200
2011-02-15,133.97,10111200
2011-02-16,134.1,12822800
2011-02-17,135.04,11322200
2011-02-18,135.41,15890100
2011-02-22,136.29,16676100
2011-02-23,137.51,15685700
2011-02-24,136.48,18781700
2011-02-25,137.38,10351400
2011-02-28,137.66,8847000
2011-03-01,140.03,17438100
2011-03-02,139.92,15719800
2011-03-03,138.09,16485000
2011-03-04,139.35,17454600
2011-03-07,139.72,14068900
2011-03-08,139.36,10730500
2011-03-09,139.41,8736400
2011-03-10,137.77,15559100
2011-03-11,138.22,10416900
2011-03-14,138.86,10239300
2011-03-15,136.27,23465100
2011-03-16,136.24,13392500
2011-03-17,136.97,9117400
2011-03-18,138.37,18602000
2011-03-21,139.14,13742500
2011-03-22,139.05,9553700
2011-03-23,140.34,11541000
2011-03-24,139.22,17016600
2011-03-25,139.26,13191100
2011-03-28,138.54,7656000
2011-03-29,138.21,6345200
2011-03-30,138.67,10749400
2011-03-31,139.86,15227300
2011-04-01,139.2,15738300
2011-04-04,139.84,9685100
2011-04-05,142.05,18295300
2011-04-06,142.38,10710300
2011-04-07,142.51,9486800
2011-04-08,143.66,13128200
2011-04-11,142.64,10105600
2011-04-12,141.61,14948100
2011-04-13,141.9,13884200
2011-04-14,143.81,14174100
2011-04-15,145.05,19121600
2011-04-18,145.93,17340100
2011-04-19,145.93,10950100
2011-04-20,146.5,13716800
2011-04-21,146.74,10109400
2011-04-25,146.87,15596400
2011-04-26,146.38,16200000
2011-04-27,149.2,21945900
2011-04-28,149.82,20754000
2011-04-29,152.37,27600000
2011-05-02,150.41,24094100
2011-05-03,149.88,24215600
2011-05-04,147.73,35107000
2011-05-05,143.47,51284000
2011-05-06,145.3,24182200
2011-05-09,147.38,13854800
2011-05-10,147.9,11285200
2011-05-11,146.54,21378300
2011-05-12,146.59,18730400
2011-05-13,145.63,17268700
2011-05-16,145.37,10066800
2011-05-17,144.74,17192100
2011-05-18,145.6,10502900
2011-05-19,145.65,8098100
2011-05-20,147.49,23187900
2011-05-23,147.83,15937600
2011-05-24,148.59,14948000
2011-05-25,148.58,10973800
2011-05-26,148.22,9785500
2011-05-27,149.7,10186200
2011-05-31,149.64,10499300
2011-06-01,149.91,18365400
2011-06-02,149.5,13552700
2011-06-03,150.22,12606400
2011-06-06,150.48,11472600
2011-06-07,150.42,10140500
2011-06-08,149.81,9612500
2011-06-09,150.56,7643200
2011-06-10,149.24,12344900
2011-06-13,147.77,12989300
2011-06-14,148.67,10938500
2011-06-15,149.12,14550700
2011-06-16,148.97,11035000
2011-06-17,149.94,19205100
2011-06-20,150.03,10463400
2011-06-21,150.76,12439200
2011-06-22,150.99,14109700
2011-06-23,148.34,24869600
2011-06-24,146.26,19301400
2011-06-27,145.73,11602500
2011-06-28,146.24,8813800
2011-06-29,147.18,12624600
2011-06-30,146.0,12657100
2011-07-01,144.93,16366500
2011-07-05,147.63,11278200
2011-07-06,148.91,14502500
2011-07-07,149.15,9520900
2011-07-08,150.25,13662300
2011-07-11,151.59,20447200
2011-07-12,152.77,24033700
2011-07-13,154.14,26351000
2011-07-14,154.54,17613600
2011-07-15,155.2,18448400
2011-07-18,156.57,17133400
2011-07-19,154.66,22871500
2011-07-20,156.02,14559300
2011-07-21,154.83,18422800
2011-07-22,156.12,11378700
2011-07-25,157.34,13036200
2011-07-26,157.77,11735500
2011-07-27,157.19,18296600
2011-07-28,157.32,11369100
2011-07-29,158.29,17122800
2011-08-01,157.72,14825700
2011-08-02,161.52,24284500
2011-08-03,161.49,27823700
2011-08-04,160.64,40380300
2011-08-05,161.75,24554700
2011-08-08,167.12,43002400
2011-08-09,168.61,55765800
2011-08-10,174.58,44797200
2011-08-11,170.75,49888300
2011-08-12,169.97,29220000
2011-08-15,171.8,17798000
2011-08-16,173.92,19658000
2011-08-17,174.42,16482000
2011-08-18,177.72,25512800
2011-08-19,179.95,34398100
2011-08-22,184.59,27482600
2011-08-23,177.67,55265400
2011-08-24,171.65,70700300
2011-08-25,172.36,43273700
2011-08-26,177.47,38673000
2011-08-29,173.89,25265500
2011-08-30,179.1,23441000
2011-08-31,177.72,16054400
2011-09-01,177.87,13895500
2011-09-02,183.24,19911200
2011-09-06,182.9,30254500
2011-09-07,177.08,30760000
2011-09-08,181.81,20741300
2011-09-09,180.7,25429600
2011-09-12,176.67,21812800
2011-09-13,178.54,17246400
2011-09-14,177.21,18122800
2011-09-15,174.4,20897000
2011-09-16,176.03,20693700
2011-09-19,173.31,18301100
2011-09-20,175.78,12667600
2011-09-21,173.59,16431300
2011-09-22,169.05,32476300
2011-09-23,159.8,52981400
2011-09-26,157.58,42373800
2011-09-27,160.63,25124200
2011-09-28,156.22,21776000
2011-09-29,157.7,17340800
2011-09-30,158.06,16770300
2011-10-03,160.96,14200400
2011-10-04,157.64,24000000
2011-10-05,159.46,15132300
2011-10-06,160.49,12389500
2011-10-07,159.18,12977400
2011-10-10,163.27,8984500
2011-10-11,162.1,8256900
2011-10-12,163.26,10867900
2011-10-13,162.3,8327900
2011-10-14,163.4,9737900
2011-10-17,162.62,8765700
2011-10-18,161.84,15390800
2011-10-19,159.87,8528700
2011-10-20,157.77,17367500
2011-10-21,159.52,13334500
2011-10-24,161.02,10199800
2011-10-25,165.59,22130800
2011-10-26,167.4,17116300
2011-10-27,169.55,15876900
2011-10-28,169.62,9362900
2011-10-31,167.34,8437200
2011-11-01,167.38,15335400
2011-11-02,169.06,14530500
2011-11-03,171.72,17610400
2011-11-04,170.85,11060400
2011-11-07,174.98,20131900
2011-11-08,173.53,16054200
2011-11-09,172.07,12313900
2011-11-10,171.14,11848700
2011-11-11,173.96,8727100
2011-11-14,173.2,5886400
2011-11-15,173.36,9167900
2011-11-16,171.51,15093300
2011-11-17,167.1,28468900
2011-11-18,167.62,14172900
2011-11-21,163.5,22030700
2011-11-22,165.31,12094400
2011-11-23,164.83,11483300
2011-11-25,163.4,6098000
2011-11-28,166.63,12004000
2011-11-29,166.88,9198900
2011-11-30,170.13,11821600
2011-12-01,169.63,11610300
2011-12-02,169.82,8433200
2011-12-05,167.32,10246700
2011-12-06,168.18,10381900
2011-12-07,169.4,10361300
2011-12-08,165.98,11734500
2011-12-09,166.4,8354000
2011-12-12,161.99,15339400
2011-12-13,158.45,25040400
2011-12-14,152.89,42334400
2011-12-15,152.33,21521900
2011-12-16,155.23,18124300
2011-12-19,154.87,12547200
2011-12-20,156.98,9136300
2011-12-21,157.16,11996100
2011-12-22,156.04,9888400
2011-12-23,156.31,3565100
2011-12-27,154.91,4918600
2011-12-28,151.03,16436100
2011-12-29,150.34,19812200
2011-12-30,151.99,10852700
2012-01-03,155.92,13385800
2012-01-04,156.71,11549700
2012-01-05,157.78,11621600
2012-01-06,157.2,9790500
2012-01-09,156.5,8771900
2012-01-10,158.64,8371400
2012-01-11,159.67,7968500
2012-01-12,160.38,8602500
2012-01-13,159.26,8910300
2012-01-17,160.5,8313300
2012-01-18,161.6,9341200
2012-01-19,161.22,8114200
2012-01-20,162.07,11616700
2012-01-23,163.16,8832100
2012-01-24,162.01,7502100
2012-01-25,166.42,28957700
2012-01-26,167.27,19143800
2012-01-27,168.97,13030100
2012-01-30,168.03,8438000
2012-01-31,169.31,11192500
2012-02-01,169.56,7734200
2012-02-02,171.05,11509600
2012-02-03,167.64,23355300
2012-02-06,167.18,8807400
2012-02-07,169.7,11614300
2012-02-08,168.5,10655500
2012-02-09,168.02,16085200
2012-02-10,167.14,10326800
2012-02-13,167.51,7088900
2012-02-14,167.12,7862500
2012-02-15,168.11,11638500
2012-02-16,168.0,10734000
2012-02-17,167.35,7286900
2012-02-21,171.02,13611200
2012-02-22,172.94,16676500
2012-02-23,173.02,11654200
2012-02-24,172.23,9293700
2012-02-27,171.7,7340900
2012-02-28,173.49,12413000
2012-02-29,164.29,44149000
2012-03-01,166.61,19200700
2012-03-02,166.34,9298100
2012-03-05,165.65,12071400
2012-03-06,162.7,15533200
2012-03-07,163.63,9553300
2012-03-08,165.28,8858200
2012-03-09,166.38,13698200
2012-03-12,165.07,6523800
2012-03-13,162.3,20047000
2012-03-14,159.57,28822100
2012-03-15,161.08,12689300
2012-03-16,161.3,12549200
2012-03-19,161.59,9920800
2012-03-20,160.13,11643700
2012-03-21,160.21,6672700
2012-03-22,159.57,11107700
2012-03-23,161.53,10689000
2012-03-26,164.4,13226700
2012-03-27,163.24,10908700
2012-03-28,161.51,11008200
2012-03-29,161.28,11026900
2012-03-30,162.12,7534000
2012-04-02,162.94,7541700
2012-04-03,159.89,16822300
2012-04-04,157.21,15975600
2012-04-05,158.31,8967700
2012-04-09,159.37,8245800
2012-04-10,161.1,14288500
2012-04-11,161.07,10005400
2012-04-12,162.7,9229900
2012-04-13,160.85,10041000
2012-04-16,160.46,6670500
2012-04-17,160.25,7587100
2012-04-18,159.31,7463000
2012-04-19,159.43,9914400
2012-04-20,159.54,9148800
2012-04-23,159.07,8876800
2012-04-24,159.3,5200600
2012-04-25,159.62,15093700
2012-04-26,161.03,10918700
2012-04-27,161.38,8906600
2012-04-30,161.88,8007300
2012-05-01,161.32,7414800
2012-05-02,160.59,5632300
2012-05-03,158.97,13172000
2012-05-04,159.47,11389600
2012-05-07,159.08,4927800
2012-05-08,156.0,17852300
2012-05-09,154.47,13864000
2012-05-10,154.77,7460100
2012-05-11,153.56,8285600
2012-05-14,151.33,13388200
2012-05-15,149.74,13354500
2012-05-16,149.46,16750700
2012-05-17,152.8,18080700
2012-05-18,154.55,12994200
2012-05-21,154.65,7542400
2012-05-22,152.08,11302700
2012-05-23,151.62,18854500
2012-05-24,151.41,9697100
2012-05-25,152.68,6212900
2012-05-29,151.02,11243100
2012-05-30,151.91,16764800
2012-05-31,151.62,10114300
2012-06-01,157.5,27399400
2012-06-04,157.32,11462100
2012-06-05,157.14,8095300
2012-06-06,157.21,15771600
2012-06-07,154.5,18921600
2012-06-08,154.73,11074800
2012-06-11,155.36,9166600
2012-06-12,156.46,13241100
2012-06-13,157.12,10109800
2012-06-14,157.75,11502400
2012-06-15,157.84,13099300
2012-06-18,157.93,6733000
2012-06-19,157.16,6945900
2012-06-20,155.97,16970200
2012-06-21,152.02,14447500
2012-06-22,152.64,6755200
2012-06-25,153.76,6183600
2012-06-26,152.62,6123400
2012-06-27,152.83,4840700
2012-06-28,151.05,8755600
2012-06-29,155.19,10378200
2012-07-02,155.09,3654200
2012-07-03,157.46,5037700
2012-07-05,155.68,5359900
2012-07-06,153.71,7045700
2012-07-09,154.04,4468500
2012-07-10,152.15,9747900
2012-07-11,152.99,6838500
2012-07-12,152.59,11394800
2012-07-13,154.14,5080300
2012-07-16,154.21,5710900
2012-07-17,153.47,13021800
2012-07-18,153.05,6807600
2012-07-19,153.38,6070000
2012-07-20,153.67,8583800
2012-07-23,153.03,5256700
2012-07-24,153.52,6538900
2012-07-25,155.67,9355900
2012-07-26,156.77,7343500
2012-07-27,157.54,9772600
2012-07-30,157.43,7212100
2012-07-31,156.49,10919700
2012-08-01,155.14,12714500
2012-08-02,154.13,11538800
2012-08-03,155.55,10670700
2012-08-06,156.3,4610800
2012-08-07,156.28,5923300
2012-08-08,156.48,3620500
2012-08-09,156.99,3177800
2012-08-10,157.18,4608000
2012-08-13,155.99,4573300
2012-08-14,155.13,5075200
2012-08-15,155.63,4993900
2012-08-16,156.56,8838300
2012-08-17,156.72,7812100
2012-08-20,157.26,7846200
2012-08-21,158.83,11833100
2012-08-22,160.54,13605900
2012-08-23,161.89,17237600
2012-08-24,161.97,8497200
2012-08-27,161.36,5380200
2012-08-28,161.64,5074200
2012-08-29,160.59,9287700
2012-08-30,160.52,5813700
2012-08-31,164.22,18024200
2012-09-04,164.48,12034800
2012-09-05,164.31,8401900
2012-09-06,164.89,12961100
2012-09-07,168.44,19138600
2012-09-10,167.29,7760600
2012-09-11,167.9,7522900
2012-09-12,167.92,9945400
2012-09-13,171.31,28336900
2012-09-14,171.8,16847500
2012-09-17,170.4,11281600
2012-09-18,171.72,12486600
2012-09-19,171.74,9125800
2012-09-20,171.47,8703000
2012-09-21,171.96,13361300
2012-09-24,171.05,9177900
2012-09-25,170.77,10365300
2012-09-26,169.81,12064800
2012-09-27,172.34,10539500
2012-09-28,171.89,9681200
2012-10-01,172.29,10676400
2012-10-02,172.1,7053900
2012-10-03,172.41,5647600
2012-10-04,173.61,10376800
2012-10-05,172.62,8871000
2012-10-08,172.05,3749300
2012-10-09,170.99,7750700
2012-10-10,170.84,7361300
2012-10-11,171.32,5714900
2012-10-12,170.06,8266000
2012-10-15,168.35,10704900
2012-10-16,169.42,6204000
2012-10-17,169.54,5203400
2012-10-18,168.79,6607100
2012-10-19,166.97,13860400
2012-10-22,167.58,6366200
2012-10-23,165.43,11892500
2012-10-24,164.86,10794600
2012-10-25,166.02,7013800
2012-10-26,165.93,6441300
2012-10-31,166.83,4681500
2012-11-01,166.07,6018000
2012-11-02,162.6,14763100
2012-11-05,163.23,6156200
2012-11-06,166.3,16051800
2012-11-07,166.49,13195200
2012-11-08,167.99,8829000
2012-11-09,167.82,7361000
2012-11-12,167.45,5647600
2012-11-13,167.1,6463300
2012-11-14,167.14,8510500
2012-11-15,166.09,10023200
2012-11-16,165.88,6944000
2012-11-19,167.87,6764500
2012-11-20,167.39,5496100
2012-11-21,167.56,3810700
2012-11-23,169.61,6110100
2012-11-26,169.43,5377700
2012-11-27,168.71,7314400
2012-11-28,166.55,12880100
2012-11-29,167.18,7446800
2012-11-30,166.05,8412300
2012-12-03,166.13,6363400
2012-12-04,164.42,10208900
2012-12-05,164.12,10646800
2012-12-06,164.5,7301600
2012-12-07,165.16,7289500
2012-12-10,165.8,4646600
2012-12-11,165.65,4724000
2012-12-12,165.77,14164700
2012-12-13,164.37,9332800
2012-12-14,164.13,5351700
2012-12-17,164.44,8173300
2012-12-18,162.08,23995000
2012-12-19,161.69,12991600
2012-12-20,159.73,25148400
2012-12-21,160.33,13445400
2012-12-24,160.62,3699400
2012-12-26,160.78,4961800
2012-12-27,161.16,8937700
2012-12-28,160.54,6852900
2012-12-31,162.02,11786200
2013-01-02,163.17,10431800
2013-01-03,161.2,16117500
2013-01-04,160.44,19179800
2013-01-07,159.43,9361800
2013-01-08,160.56,7694800
2013-01-09,160.49,8334200
2013-01-10,161.98,11432600
2013-01-11,161.06,13675600
2013-01-14,161.54,7289000
2013-01-15,162.56,10077800
2013-01-16,162.65,9214700
2013-01-17,163.35,14911400
2013-01-18,163.09,10038100
2013-01-22,163.67,8587900
2013-01-23,163.21,6697000
2013-01-24,161.42,13188300
2013-01-25,160.65,9037400
2013-01-28,160.29,8491600
2013-01-29,160.99,7364900
2013-01-30,162.19,12010000
2013-01-31,161.2,9334000
2013-02-01,161.45,12904300
2013-02-04,162.0,7354900
2013-02-05,161.96,8979400
2013-02-06,162.39,6138700
2013-02-07,161.84,12827200
2013-02-08,161.57,6085900
2013-02-11,159.7,12083500
2013-02-12,159.89,7632300
2013-02-13,159.05,8961300
2013-02-14,158.35,12410200
2013-02-15,155.76,23374100
2013-02-19,155.33,11803900
2013-02-20,151.44,30924000
2013-02-21,152.62,17964800
2013-02-22,152.97,10093200
2013-02-25,154.34,9488200
2013-02-26,156.22,18182300
2013-02-27,154.57,9596100
2013-02-28,153.0,14864400
2013-03-01,152.44,11178800
2013-03-04,152.3,6643800
2013-03-05,152.38,10804200
2013-03-06,153.23,10856000
2013-03-07,152.69,6586700
2013-03-08,152.71,11859500
2013-03-11,152.99,4810700
2013-03-12,154.19,7265700
2013-03-13,153.66,7436400
2013-03-14,153.68,11410400
2013-03-15,154.0,5701300
2013-03-18,155.38,9302400
2013-03-19,156.08,11023400
2013-03-20,155.37,8221500
2013-03-21,156.25,4992000
2013-03-22,155.55,4746300
2013-03-25,155.24,6819100
2013-03-26,154.72,7388700
2013-03-27,155.36,6717000
2013-03-28,154.45,6851200
2013-04-01,154.67,4288100
2013-04-02,152.43,9398300
2013-04-03,150.73,15740800
2013-04-04,150.29,12429000
2013-04-05,152.81,14491800
2013-04-08,152.16,6246000
2013-04-09,153.34,7042200
2013-04-10,150.75,18507400
2013-04-11,151.05,8063200
2013-04-12,143.95,55601800
2013-04-15,131.31,93804200
2013-04-16,132.8,45650800
2013-04-17,132.87,25444100
2013-04-18,134.3,20040500
2013-04-19,135.47,15659300
2013-04-22,137.9,16568500
2013-04-23,136.88,14644900
2013-04-24,138.37,10369300
2013-04-25,141.63,18886900
2013-04-26,140.91,19307800
2013-04-29,142.3,11004500
2013-04-30,142.77,11284400
2013-05-01,141.11,13931100
2013-05-02,141.92,11502200
2013-05-03,142.09,11667100
2013-05-06,142.15,7730300
2013-05-07,140.38,13627400
2013-05-08,142.46,11161100
2013-05-09,140.81,8263000
2013-05-10,139.6,14650600
2013-05-13,138.43,6714100
2013-05-14,137.81,9895700
2013-05-15,134.63,19062400
2013-05-16,134.09,12759200
2013-05-17,131.07,20346500
2013-05-20,135.12,21594000
2013-05-21,132.88,14542500
2013-05-22,131.94,25975200
2013-05-23,134.61,10267600
2013-05-24,133.76,5522600
2013-05-28,133.49,12466400
2013-05-29,134.83,8762200
2013-05-30,136.7,8611700
2013-05-31,133.92,9726600
2013-06-03,136.51,9173000
2013-06-04,135.23,5505200
2013-06-05,135.52,7444900
2013-06-06,136.53,9847700
2013-06-07,133.28,11054400
2013-06-10,133.94,6142800
2013-06-11,133.25,7199300
2013-06-12,134.25,6550600
2013-06-13,133.74,7161800
2013-06-14,134.43,4278700
2013-06-17,133.77,4072300
2013-06-18,132.13,7379300
2013-06-19,130.59,13017800
2013-06-20,123.6,28872100
2013-06-21,125.05,16600000
2013-06-24,123.93,12749300
2013-06-25,123.47,9369200
2013-06-26,118.28,24748800
2013-06-27,115.94,30001900
2013-06-28,119.11,32981900
2013-07-01,121.13,15945200
2013-07-02,120.05,10550300
2013-07-03,120.74,6750300
2013-07-05,118.09,11592500
2013-07-08,119.51,8652200
2013-07-09,120.62,8201400
2013-07-10,120.95,14697100
2013-07-11,124.24,11279400
2013-07-12,124.13,6583800
2013-07-15,124.18,4133200
2013-07-16,124.89,5577300
2013-07-17,123.32,10882400
2013-07-18,124.01,6150900
2013-07-19,125.11,5767800
2013-07-22,128.84,10851900
2013-07-23,129.71,8820100
2013-07-24,127.48,9979100
2013-07-25,128.67,4702400
2013-07-26,128.78,6148500
2013-07-29,128.47,3554100
2013-07-30,128.12,4487700
2013-07-31,127.96,16015300
2013-08-01,126.61,10564300
2013-08-02,126.36,6466300
2013-08-05,125.7,4003900
2013-08-06,123.97,6016200
2013-08-07,124.15,5304700
2013-08-08,126.86,8653600
2013-08-09,126.86,6192000
2013-08-12,129.13,7414300
2013-08-13,127.74,7336100
2013-08-14,129.0,8713200
2013-08-15,131.69,17226300
2013-08-16,132.58,14447100
2013-08-19,132.01,8118400
2013-08-20,132.45,7809100
2013-08-21,132.07,10720200
2013-08-22,132.81,5741800
2013-08-23,134.9,11623400
2013-08-26,135.45,7692100
2013-08-27,136.75,11283300
2013-08-28,136.71,13650400
2013-08-29,135.87,7939400
2013-08-30,134.62,7680000
2013-09-03,136.42,8100700
2013-09-04,134.66,7785400
2013-09-05,132.2,11118600
2013-09-06,134.15,8448700
2013-09-09,133.91,5090500
2013-09-10,131.74,8433100
2013-09-11,131.7,5046600
2013-09-12,127.67,12944000
2013-09-13,127.82,12060400
2013-09-16,126.45,9829100
2013-09-17,126.5,8135500
2013-09-18,132.01,24780000
2013-09-19,131.75,14353900
2013-09-20,127.96,19558200
2013-09-23,127.55,7421800
2013-09-24,127.66,7349700
2013-09-25,128.79,7519100
2013-09-26,127.79,9491300
2013-09-27,128.97,7430200
2013-09-30,128.18,8979000
2013-10-01,124.59,16721100
2013-10-02,127.06,11994200
2013-10-03,127.18,11632900
2013-10-04,126.53,6923700
2013-10-07,127.64,6732800
2013-10-08,127.4,6999700
2013-10-09,126.11,10705100
2013-10-10,124.27,10523600
2013-10-11,122.6,15972600
2013-10-14,122.83,6118200
2013-10-15,123.73,8384200
2013-10-16,123.54,8523400
2013-10-17,127.42,11785100
2013-10-18,126.85,5350500
2013-10-21,126.98,3395200
2013-10-22,129.34,8849000
2013-10-23,128.69,5092200
2013-10-24,129.9,10221400
2013-10-25,130.46,8767900
2013-10-28,130.56,6807800
2013-10-29,129.77,5328500
2013-10-30,129.6,8896000
2013-10-31,127.74,7753300
2013-11-01,126.95,9566200
2013-11-04,126.81,3819300
2013-11-05,126.56,4941200
2013-11-06,127.2,3544900
2013-11-07,126.16,7700100
2013-11-08,124.28,8427300
2013-11-11,123.87,3277700
2013-11-12,122.45,7705600
2013-11-13,122.85,5967000
2013-11-14,124.27,7669700
2013-11-15,124.32,4660700
2013-11-18,122.9,6241300
2013-11-19,122.95,3666500
2013-11-20,120.12,14281000
2013-11-21,119.94,7557500
2013-11-22,119.92,6774400
2013-11-25,120.46,7266300
2013-11-26,119.82,9053300
2013-11-27,119.46,6144600
2013-11-29,120.7,2364700
2013-12-02,117.58,10297100
2013-12-03,117.96,7004800
2013-12-04,119.96,9110700
2013-12-05,118.3,10254700
2013-12-06,118.55,7909500
2013-12-09,119.72,5510400
2013-12-10,121.82,9155600
2013-12-11,120.86,9934900
2013-12-12,118.29,8810800
2013-12-13,119.38,6482100
2013-12-16,119.69,8189500
2013-12-17,118.65,8589100
2013-12-18,117.61,16265000
2013-12-19,114.82,15955400
2013-12-20,115.94,14693700
2013-12-23,115.57,6237300
2013-12-24,116.1,3353900
2013-12-26,116.74,3868400
2013-12-27,117.12,4206200
2013-12-30,115.39,6703200
2013-12-31,116.12,12835900
2014-01-02,118.0,7551000
2014-01-03,119.29,5874400
2014-01-06,119.5,10106500
2014-01-07,118.82,6433700
2014-01-08,118.12,7428500
2014-01-09,118.46,3972800
2014-01-10,120.26,7993200
2014-01-13,121.02,5872700
2014-01-14,119.89,7505400
2014-01-15,119.66,5474300
2014-01-16,119.79,3949500
2014-01-17,120.93,7923400
2014-01-21,119.7,6763500
2014-01-22,119.19,4891800
2014-01-23,121.79,11028200
2014-01-24,122.29,8515700
2014-01-27,120.96,7528600
2014-01-28,120.95,5149500
2014-01-29,122.47,12257500
2014-01-30,119.77,8746500
2014-01-31,120.09,7983100
2014-02-03,121.32,9267300
2014-02-04,120.99,7027400
2014-02-05,121.29,6800000
2014-02-06,121.24,4745800
2014-02-07,122.17,6674700
2014-02-10,122.92,7931200
2014-02-11,124.36,11546000
2014-02-12,124.43,6651900
2014-02-13,125.49,9167900
2014-02-14,127.15,11147900
2014-02-18,127.4,7685800
2014-02-19,126.27,9384100
2014-02-20,127.6,10572900
2014-02-21,127.58,7298200
2014-02-24,128.99,12114200
2014-02-25,129.21,5786000
2014-02-26,128.11,7052900
2014-02-27,128.2,5066500
2014-02-28,127.62,10584100
2014-03-03,130.29,11741100
2014-03-04,128.68,6341700
2014-03-05,128.89,4878500
2014-03-06,130.17,5408900
2014-03-07,129.09,7575000
2014-03-10,129.13,4169900
2014-03-11,129.86,7289800
2014-03-12,131.76,11094200
2014-03-13,132.21,8007700
2014-03-14,133.1,11939600
2014-03-17,131.64,14626800
2014-03-18,130.62,6424400
2014-03-19,128.09,12932900
2014-03-20,127.86,7690800
2014-03-21,128.47,7237300
2014-03-24,126.18,13076500
2014-03-25,126.41,6566900
2014-03-26,125.41,8575400
2014-03-27,124.59,7312300
2014-03-28,124.56,7253700
2014-03-31,123.61,12379200
2014-04-01,123.39,5992000
2014-04-02,124.32,4907800
2014-04-03,123.92,3658800
2014-04-04,125.57,7278400
2014-04-07,124.91,3967200
2014-04-08,126.09,6939100
2014-04-09,126.32,5305600
2014-04-10,127.01,5003200
2014-04-11,126.93,4697200
2014-04-14,127.85,6677400
2014-04-15,125.49,9967600
2014-04-16,125.54,4071300
2014-04-17,124.75,5901900
2014-04-21,124.24,6579200
2014-04-22,123.78,6898100
2014-04-23,123.76,3736600
2014-04-24,124.56,8754200
2014-04-25,125.43,7023700
2014-04-28,124.88,4897900
2014-04-29,124.86,5241600
2014-04-30,124.22,10352900
2014-05-01,123.8,6687300
2014-05-02,125.06,9912900
2014-05-05,126.22,5196500
2014-05-06,125.98,3488000
2014-05-07,124.17,8469900
2014-05-08,124.17,3695500
2014-05-09,124.1,3120000
2014-05-12,124.94,4025500
2014-05-13,124.6,2643500
2014-05-14,125.81,4015900
2014-05-15,124.77,5861100
2014-05-16,124.5,4052100
2014-05-19,124.58,3902600
2014-05-20,124.69,3770800
2014-05-21,124.39,6846500
2014-05-22,124.67,3458800
2014-05-23,124.51,2205900
2014-05-27,121.85,10895800
2014-05-28,121.2,6736800
2014-05-29,120.94,5551900
2014-05-30,120.43,8749600
2014-06-02,119.7,5916100
2014-06-03,120.01,5008300
2014-06-04,119.76,3859500
2014-06-05,120.66,4180400
2014-06-06,120.61,4807700
2014-06-09,120.65,2788000
2014-06-10,121.39,3556600
2014-06-11,121.41,3572300
2014-06-12,122.64,7388500
2014-06-13,122.96,4026600
2014-06-16,122.42,5832800
2014-06-17,122.28,4032800
2014-06-18,122.67,4601700
2014-06-19,126.94,24374800
2014-06-20,126.5,9954700
2014-06-23,126.85,5142800
2014-06-24,126.98,6350200
2014-06-25,126.99,6692300
2014-06-26,126.73,5529800
2014-06-27,126.66,4200300
2014-06-30,128.04,18123400
2014-07-01,127.7,8145900
2014-07-02,127.7,5738900
2014-07-03,127.16,4922500
2014-07-07,127.02,4630200
2014-07-08,127.07,6216600
2014-07-09,127.84,8362700
2014-07-10,128.54,6313300
2014-07-11,128.78,4322100
2014-07-14,125.72,11465500
2014-07-15,124.53,10541700
2014-07-16,124.97,4099800
2014-07-17,127.09,11423900
2014-07-18,126.13,6460900
2014-07-21,126.34,3296300
2014-07-22,125.74,3882000
2014-07-23,125.62,3041400
2014-07-24,124.35,8111600
2014-07-25,125.79,5638800
2014-07-28,125.58,3212900
2014-07-29,125.2,5267700
2014-07-30,124.83,5614800
2014-07-31,123.39,9896500
2014-08-01,124.38,7397000
2014-08-04,123.99,6499400
2014-08-05,123.87,8342500
2014-08-06,125.67,9327800
2014-08-07,126.18,7298900
2014-08-08,126.19,5728200
2014-08-11,125.96,3163500
2014-08-12,125.99,4609700
2014-08-13,126.2,3967500
2014-08-14,126.31,3348500
2014-08-15,125.48,13070500
2014-08-18,124.96,4952500
2014-08-19,124.68,4878400
2014-08-20,124.22,4395600
2014-08-21,122.88,8008800
2014-08-22,123.19,4739200
2014-08-25,122.74,5012400
2014-08-26,123.35,3882300
2014-08-27,123.32,2576800
2014-08-28,124.0,3296700
2014-08-29,123.86,3683500
2014-09-02,121.65,10128600
2014-09-03,122.15,3414600
2014-09-04,121.48,7310600
2014-09-05,122.06,3490100
2014-09-08,120.73,7506500
2014-09-09,120.87,6157300
2014-09-10,120.26,7021500
2014-09-11,119.47,7612000
2014-09-12,118.38,8126500
2014-09-15,118.64,4775400
2014-09-16,118.83,6544500
2014-09-17,117.54,8328700
2014-09-18,117.78,5368700
2014-09-19,117.09,10930200
2014-09-22,116.85,7601600
2014-09-23,117.6,4664800
2014-09-24,117.05,5515000
2014-09-25,117.39,7631700
2014-09-26,117.06,4185200
2014-09-29,117.03,4049500
2014-09-30,116.21,10170100
2014-10-01,116.77,7018800
2014-10-02,116.74,6349900
2014-10-03,114.61,11301300
2014-10-06,116.03,7644100
2014-10-07,116.36,5274700
2014-10-08,117.47,10670900
2014-10-09,117.64,6610500
2014-10-10,117.59,4651400
2014-10-13,118.52,5396300
2014-10-14,118.59,5174800
2014-10-15,118.99,9453800
2014-10-16,119.22,6545400
2014-10-17,118.99,8059000
2014-10-20,119.8,3033700
2014-10-21,120.02,4566100
2014-10-22,119.34,3740200
2014-10-23,118.52,6417500
2014-10-24,118.35,3610600
2014-10-27,118.06,2443600
2014-10-28,118.1,3260100
2014-10-29,116.41,7900800
2014-10-30,115.19,7852200
2014-10-31,112.66,18208200
2014-11-03,112.15,6589800
2014-11-04,112.22,6430100
2014-11-05,109.79,13560100
2014-11-06,109.88,7019900
2014-11-07,112.97,10916500
2014-11-10,110.46,8548500
2014-11-11,112.04,8603200
2014-11-12,111.5,5133300
2014-11-13,111.67,4874600
2014-11-14,114.47,14173600
2014-11-17,114.05,5441000
2014-11-18,115.05,5586700
2014-11-19,113.68,11997700
2014-11-20,114.86,5607800
2014-11-21,115.39,6564300
2014-11-24,115.11,4695000
2014-11-25,115.38,9051800
2014-11-26,115.16,3184000
2014-11-28,112.11,9616300
2014-12-01,116.58,15644000
2014-12-02,115.14,6378100
2014-12-03,116.33,5758800
2014-12-04,115.88,3623600
2014-12-05,114.43,6331000
2014-12-08,115.78,5224500
2014-12-09,118.19,10467200
2014-12-10,117.96,4277400
2014-12-11,117.69,5214500
2014-12-12,117.41,4736500
2014-12-15,114.39,8796000
2014-12-16,114.95,9174000
2014-12-17,114.27,9097300
2014-12-18,115.15,5258100
2014-12-19,114.77,4652300
2014-12-22,112.55,7483200
2014-12-23,112.74,7763300
2014-12-24,112.77,1501600
2014-12-26,114.83,3765600
2014-12-29,113.67,12963700
2014-12-30,115.2,7987300
2014-12-31,113.58,7624200
2015-01-02,114.08,7109600
2015-01-05,115.8,8177400
2015-01-06,117.12,11238300
2015-01-07,116.43,6434200
2015-01-08,115.94,7033700
2015-01-09,117.26,7962900
2015-01-12,118.56,8318200
2015-01-13,118.16,7693200
2015-01-14,117.97,7727400
2015-01-15,120.94,17692500
2015-01-16,122.52,14428200
2015-01-20,124.2,14968600
2015-01-21,124.23,11082700
2015-01-22,125.23,10518400
2015-01-23,124.23,6270900
2015-01-26,122.99,6768600
2015-01-27,124.4,9584800
2015-01-28,123.42,8470600
2015-01-29,120.76,11998000
2015-01-30,123.45,14555900
2015-02-02,122.42,8885200
2015-02-03,121.05,8255900
2015-02-04,121.58,5386700
2015-02-05,121.79,6879900
2015-02-06,118.64,13206900
2015-02-09,119.17,5237200
2015-02-10,118.47,4086300
2015-02-11,117.07,6784400
2015-02-12,117.34,4344400
2015-02-13,117.98,4108900
2015-02-17,116.01,7225200
2015-02-18,116.34,8336000
2015-02-19,115.94,6528700
2015-02-20,115.28,6681700
2015-02-23,115.43,4812400
2015-02-24,115.26,7612900
2015-02-25,115.7,5032500
2015-02-26,116.07,4025400
2015-02-27,116.16,8255600
2015-03-02,115.68,7993300
2015-03-03,115.47,4738300
2015-03-04,115.11,4762400
2015-03-05,115.0,5872200
2015-03-06,111.86,11190800
2015-03-09,111.97,5534000
2015-03-10,111.42,7019800
2015-03-11,110.75,6550400
2015-03-12,110.72,6631500
2015-03-13,110.88,4557600
2015-03-16,110.81,3265300
2015-03-17,110.21,8923300
2015-03-18,112.37,12448000
2015-03-19,112.29,6537700
2015-03-20,113.57,8033400
2015-03-23,114.29,4240300
2015-03-24,114.57,2979300
2015-03-25,114.73,3021400
2015-03-26,115.48,5495200
2015-03-27,115.06,4921700
2015-03-30,113.75,4383900
2015-03-31,113.66,4383300
2015-04-01,115.6,7324000
2015-04-02,115.28,3884100
2015-04-06,116.69,5914200
2015-04-07,116.11,2468500
2015-04-08,115.47,5568500
2015-04-09,114.67,4707000
2015-04-10,115.97,3932400
2015-04-13,115.14,3190100
2015-04-14,114.44,3651500
2015-04-15,115.43,3656000
2015-04-16,115.03,3132300
2015-04-17,115.6,3496300
2015-04-20,114.72,3932800
2015-04-21,115.38,3317700
2015-04-22,113.83,5696000
2015-04-23,114.66,3459500
2015-04-24,113.05,7152900
2015-04-27,115.33,7487600
2015-04-28,116.33,8054400
2015-04-29,115.51,7170500
2015-04-30,113.47,9440300
2015-05-01,113.08,7597000
2015-05-04,114.1,3648100
2015-05-05,114.42,3856500
2015-05-06,114.36,3280700
2015-05-07,113.42,5455100
2015-05-08,113.97,9964100
2015-05-11,113.53,2916700
2015-05-12,114.5,3256700
2015-05-13,116.55,11768200
2015-05-14,117.18,6923000
2015-05-15,117.53,4447300
2015-05-18,117.52,5079900
2015-05-19,115.89,5052100
2015-05-20,116.08,4432600
2015-05-21,115.69,2514700
2015-05-22,115.6,1780200
2015-05-26,113.91,5769600
2015-05-27,113.89,2681100
2015-05-28,114.02,5266000
2015-05-29,114.1,3407500
2015-06-01,114.0,8254000
2015-06-02,114.46,3988600
2015-06-03,113.64,4885200
2015-06-04,112.84,5566600
2015-06-05,112.24,5561300
2015-06-08,112.57,3122100
2015-06-09,112.82,3529900
2015-06-10,113.78,5452900
2015-06-11,113.26,4434700
2015-06-12,113.23,2998500
2015-06-15,113.73,5055100
2015-06-16,113.32,4033300
2015-06-17,113.85,6456000
2015-06-18,115.32,8041300
2015-06-19,115.12,4611600
2015-06-22,113.64,5763700
2015-06-23,112.89,4522800
2015-06-24,112.59,2975500
2015-06-25,112.44,2904700
2015-06-26,112.56,4392600
2015-06-29,113.07,5820200
2015-06-30,112.37,7897000
2015-07-01,111.98,4409000
2015-07-02,111.76,3838600
2015-07-06,112.06,4259800
2015-07-07,110.76,9073400
2015-07-08,111.09,5694900
2015-07-09,111.36,3802900
2015-07-10,111.49,3594900
2015-07-13,110.99,4279300
2015-07-14,110.74,2601000
2015-07-15,110.16,9286200
2015-07-16,109.76,4629700
2015-07-17,108.65,14858300
2015-07-20,105.7,15751700
2015-07-21,105.37,10519800
2015-07-22,104.8,8349200
2015-07-23,104.33,5779300
2015-07-24,105.35,11572700
2015-07-27,104.86,10690100
2015-07-28,105.02,5549200
2015-07-29,105.17,5616900
2015-07-30,104.27,6652000
2015-07-31,104.93,6689200
2015-08-03,104.1,3528600
2015-08-04,104.31,3241000
2015-08-05,103.93,5041000
2015-08-06,104.39,3908100
2015-08-07,104.65,4400900
2015-08-10,105.72,5892600
2015-08-11,106.26,4060900
2015-08-12,107.75,10022500
2015-08-13,106.86,4761700
2015-08-14,106.85,3509200
2015-08-17,107.13,5769100
2015-08-18,107.11,4121800
2015-08-19,108.55,7035100
2015-08-20,110.44,12549000
2015-08-21,111.13,13917600
2015-08-24,110.53,18388700
2015-08-25,109.16,9974200
2015-08-26,107.67,10856600
2015-08-27,107.73,8102100
2015-08-28,108.7,7558900
2015-08-31,108.82,4532100
2015-09-01,109.2,7077800
2015-09-02,108.62,4115700
2015-09-03,107.84,3913100
2015-09-04,107.49,4025000
2015-09-08,107.52,5982100
2015-09-09,106.13,8855100
2015-09-10,106.38,6204000
2015-09-11,106.16,4023900
2015-09-14,106.22,2350800
2015-09-15,105.9,2905000
2015-09-16,107.31,5315600
2015-09-17,108.41,8403800
2015-09-18,109.21,6794300
2015-09-21,108.53,4104800
2015-09-22,107.79,5483300
2015-09-23,108.22,2744200
2015-09-24,110.49,11024300
2015-09-25,109.81,5209500
2015-09-28,108.42,3809600
2015-09-29,107.98,4043600
2015-09-30,106.86,7405600
2015-10-01,106.73,4278600
2015-10-02,108.99,7730600
2015-10-05,108.77,5490200
2015-10-06,109.86,7513900
2015-10-07,109.7,5355500
2015-10-08,109.14,5038200
2015-10-09,110.87,7907300
2015-10-12,111.31,6257900
2015-10-13,111.86,5149600
2015-10-14,113.81,10207800
2015-10-15,113.29,14083900
2015-10-16,112.49,7328000
2015-10-19,112.02,3959400
2015-10-20,112.73,4903200
2015-10-21,111.73,3908800
2015-10-22,111.69,3436400
2015-10-23,111.5,4868400
2015-10-26,111.43,2573500
2015-10-27,111.68,2646100
2015-10-28,110.78,8201200
2015-10-29,109.72,5150800
2015-10-30,109.3,5543200
2015-11-02,108.59,5843300
2015-11-03,106.98,7145300
2015-11-04,105.97,7617800
2015-11-05,105.64,5931100
2015-11-06,104.1,8831900
2015-11-09,104.4,4129200
2015-11-10,104.18,4450800
2015-11-11,103.83,3527600
2015-11-12,103.85,6300500
2015-11-13,103.56,3224200
2015-11-16,103.71,2951200
2015-11-17,102.34,8593100
2015-11-18,102.43,5043800
2015-11-19,103.56,5087600
2015-11-20,103.09,5971600
2015-11-23,102.26,4042500
2015-11-24,102.94,3479600
2015-11-25,102.46,2931300
2015-11-27,101.25,4993600
2015-11-30,101.92,6773000
2015-12-01,102.28,4645900
2015-12-02,100.69,10223500
2015-12-03,101.76,6499900
2015-12-04,104.02,10670200
2015-12-07,102.67,4393500
2015-12-08,102.84,3412300
2015-12-09,102.64,6026300
2015-12-10,102.55,3853500
2015-12-11,103.11,6798400
2015-12-14,101.79,5563800
2015-12-15,101.52,6831100
2015-12-16,102.75,8292200
2015-12-17,100.5,10156200
2015-12-18,102.04,8345900
2015-12-21,103.15,6378900
2015-12-22,102.61,4123500
2015-12-23,102.31,2821400
2015-12-24,103.05,1710200
2015-12-28,102.27,3356200
2015-12-29,102.2,2832200
2015-12-30,101.42,3745000
2015-12-31,101.46,3823600
2016-01-04,102.89,6440000
2016-01-05,103.18,3500300
2016-01-06,104.67,9316600
2016-01-07,106.15,11730400
2016-01-08,105.68,7678200
2016-01-11,104.74,6272400
2016-01-12,104.21,5540200
2016-01-13,104.72,7324200
2016-01-14,103.02,9989100
2016-01-15,104.08,10052700
2016-01-19,103.98,4588400
2016-01-20,105.37,10120900
2016-01-21,105.49,5425000
2016-01-22,105.0,4185300
2016-01-25,106.08,6819400
2016-01-26,107.29,8443400
2016-01-27,107.69,8273400
2016-01-28,106.54,5914200
2016-01-29,106.95,8098700
2016-02-01,108.05,10471800
2016-02-02,108.09,6656000
2016-02-03,109.25,15785200
2016-02-04,110.57,13213700
2016-02-05,112.32,14777300
2016-02-08,113.83,28341200
2016-02-09,113.58,18156700
2016-02-10,114.46,13311100
2016-02-11,119.06,49139000
2016-02-12,118.36,16981200
2016-02-16,114.77,14601700
2016-02-17,115.48,10582400
2016-02-18,118.29,13586500
2016-02-19,117.58,15192000
2016-02-22,115.49,10677800
2016-02-23,117.22,9033400
2016-02-24,117.61,17938800
2016-02-25,117.92,12500300
2016-02-26,117.11,12505100
2016-02-29,118.64,11517500
2016-03-01,117.77,14139300
2016-03-02,118.68,8903000
2016-03-03,120.73,18724100
2016-03-04,120.54,16261100
2016-03-07,121.14,9358600
2016-03-08,120.58,11531000
2016-03-09,119.58,8672900
2016-03-10,121.5,18104900
2016-03-11,119.41,10812300
2016-03-14,117.87,14236200
2016-03-15,117.96,9941800
2016-03-16,120.59,17334000
2016-03-17,120.13,9914300
2016-03-18,119.8,16965900
2016-03-21,118.96,7240600
2016-03-22,119.31,6786800
2016-03-23,116.61,15993700
2016-03-24,116.33,6280900
2016-03-28,116.6,3879100
2016-03-29,118.76,14472400
2016-03-30,117.1,10769100
2016-03-31,117.64,9348200
2016-04-01,116.93,10405400
2016-04-04,116.15,7643700
2016-04-05,117.66,8865900
2016-04-06,116.94,7549400
2016-04-07,118.61,11900500
2016-04-08,118.43,9078900
2016-04-11,120.03,9846000
2016-04-12,120.05,9689500
2016-04-13,118.77,8841500
2016-04-14,117.11,13165800
2016-04-15,117.92,7838100
2016-04-18,117.74,5809800
2016-04-19,119.58,21031500
2016-04-20,118.97,10233200
2016-04-21,119.42,14612800
2016-04-22,117.89,10047000
2016-04-25,118.23,4369400
2016-04-26,118.7,9906800
2016-04-27,119.04,7976400
2016-04-28,121.29,15133600
2016-04-29,123.65,19043900
2016-05-02,123.24,12137500
2016-05-03,122.96,9063600
2016-05-04,122.21,9398200
2016-05-05,122.07,8846900
2016-05-06,123.18,11366800
2016-05-09,120.65,9236200
2016-05-10,120.98,9845000
2016-05-11,122.12,7590100
2016-05-12,121.16,7447100
2016-05-13,121.71,7672800
2016-05-16,121.8,7103000
2016-05-17,122.22,8619800
2016-05-18,120.1,13381700
2016-05-19,119.87,14339700
2016-05-20,119.71,10379400
2016-05-23,119.37,8628200
2016-05-24,117.3,12772000
2016-05-25,116.98,10487300
2016-05-26,116.58,5893500
2016-05-27,115.62,8686700
2016-05-31,116.06,8187600
2016-06-01,115.94,8399600
2016-06-02,115.67,4591600
2016-06-03,118.88,14605100
2016-06-06,118.92,9887900
2016-06-07,118.82,4602900
2016-06-08,120.58,11661700
2016-06-09,121.25,12174000
2016-06-10,121.74,13940000
2016-06-13,122.64,12594200
2016-06-14,122.77,11651700
2016-06-15,123.68,15053000
2016-06-16,122.38,26635000
2016-06-17,123.95,15573800
2016-06-20,123.21,11866200
2016-06-21,120.84,14585600
2016-06-22,120.9,7861000
2016-06-23,120.11,10704900
2016-06-24,126.0,35782900
2016-06-27,126.68,21228800
2016-06-28,125.32,16001500
2016-06-29,125.84,12218400
2016-06-30,126.47,15981600
2016-07-01,128.41,14940700
2016-07-05,129.47,19026200
2016-07-06,130.23,17376700
2016-07-07,129.74,16508500
2016-07-08,130.52,17634200
2016-07-11,129.29,10855600
2016-07-12,127.15,26459600
2016-07-13,128.32,7377700
2016-07-14,127.33,12132400
2016-07-15,126.84,13892100
2016-07-18,127.04,8489700
2016-07-19,127.21,5170700
2016-07-20,125.39,11777700
2016-07-21,127.3,9399200
2016-07-22,126.35,7716000
2016-07-25,125.47,13139400
2016-07-26,126.0,7613200
2016-07-27,128.03,17066400
2016-07-28,127.66,9261800
2016-07-29,128.98,13708200
2016-08-01,129.22,7109900
2016-08-02,130.27,7652800
2016-08-03,129.65,5010700
2016-08-04,129.87,4908100
2016-08-05,127.55,16205100
2016-08-08,127.44,6773800
2016-08-09,127.96,7500400
2016-08-10,128.56,6196200
2016-08-11,127.67,9763800
2016-08-12,127.4,15395800
2016-08-15,127.84,4530800
2016-08-16,128.47,8678100
2016-08-17,128.5,12034800
2016-08-18,129.11,9500600
2016-08-19,127.97,10660100
2016-08-22,127.78,8627200
2016-08-23,127.76,9038500
2016-08-24,126.34,13539700
2016-08-25,126.23,5926300
2016-08-26,126.05,17967700
2016-08-29,126.3,5562400
2016-08-30,125.03,9877000
2016-08-31,124.78,13324100
2016-09-01,125.29,12877700
2016-09-02,126.57,11318600
2016-09-06,128.71,15115300
2016-09-07,128.27,8859800
2016-09-08,127.59,10561800
2016-09-09,126.75,12485600
2016-09-12,126.59,11140300
2016-09-13,125.75,8866400
2016-09-14,126.18,5820700
2016-09-15,125.37,12790400
2016-09-16,125.06,18995100
2016-09-19,125.32,4959600
2016-09-20,125.44,5672000
2016-09-21,127.27,13646400
2016-09-22,127.57,15188000
2016-09-23,127.65,7702300
2016-09-26,127.55,5842700
2016-09-27,126.62,6220700
2016-09-28,126.22,6757700
2016-09-29,126.07,7448400
2016-09-30,125.64,11204300
2016-10-03,125.32,9044100
2016-10-04,120.97,24372700
2016-10-05,120.78,14718100
2016-10-06,119.66,17917700
2016-10-07,119.74,17907300
2016-10-10,120.16,4514400
2016-10-11,119.55,6065300
2016-10-12,119.74,4848600
2016-10-13,120.03,7184600
2016-10-14,119.36,6577300
2016-10-17,119.68,4777900
2016-10-18,120.42,4919700
2016-10-19,121.11,6019800
2016-10-20,120.74,6496700
2016-10-21,120.83,6707800
2016-10-24,120.56,5481100
2016-10-25,121.47,6141100
2016-10-26,120.79,3905900
2016-10-27,121.01,4336000
2016-10-28,121.58,11639900
2016-10-31,121.94,7722100
2016-11-01,122.73,13384300
2016-11-02,123.64,15692400
2016-11-03,124.3,10093100
2016-11-04,124.39,8594600
2016-11-07,122.15,10015000
2016-11-08,121.64,9480600
2016-11-09,121.56,18236500
2016-11-10,119.75,22268000
2016-11-11,117.1,20381800
2016-11-14,116.11,20729400
2016-11-15,117.12,9348600
2016-11-16,116.77,5486100
2016-11-17,116.17,10342300
2016-11-18,115.15,10444300
2016-11-21,115.58,6654200
2016-11-22,115.54,6391900
2016-11-23,113.25,20982100
2016-11-25,112.61,5345900
2016-11-28,113.8,5655400
2016-11-29,113.27,7438600
2016-11-30,111.75,10925500
2016-12-01,111.54,10237000
2016-12-02,112.14,7416500
2016-12-05,111.54,10187900
2016-12-06,111.43,5533700
2016-12-07,111.83,4901800
2016-12-08,111.57,5977800
2016-12-09,110.4,10507700
2016-12-12,110.82,6156700
2016-12-13,110.45,7961600
2016-12-14,108.83,12933600
2016-12-15,107.34,14427500
2016-12-16,108.05,10602800
2016-12-19,108.59,5339100
2016-12-20,107.79,7321100
2016-12-21,107.85,5188700
2016-12-22,107.59,4942800
2016-12-23,107.93,5012200
2016-12-27,108.56,3685500
2016-12-28,108.86,5091200
2016-12-29,110.29,7563900
2016-12-30,109.61,8873700
2017-01-03,110.47,7527400
2017-01-04,110.86,4904100
2017-01-05,112.58,9606800
2017-01-06,111.75,7686100
2017-01-09,112.67,5674600
2017-01-10,113.15,6093400
2017-01-11,113.5,9918700
2017-01-12,113.91,8457300
2017-01-13,114.21,7261500
2017-01-17,115.85,9142400
2017-01-18,114.87,6498100
2017-01-19,114.77,6437000
2017-01-20,115.05,12261500
2017-01-23,115.79,6373100
2017-01-24,115.27,5798800
2017-01-25,114.32,6697500
2017-01-26,113.26,5390500
2017-01-27,113.49,6706600
2017-01-30,113.97,7687800
2017-01-31,115.55,10421900
2017-02-01,115.2,6932900
2017-02-02,115.84,7189500
2017-02-03,116.13,9455500
2017-02-06,117.7,8547800
2017-02-07,117.46,8621000
2017-02-08,118.19,9633400
2017-02-09,117.29,8177200
2017-02-10,117.6,9072100
2017-02-13,116.8,7354900
2017-02-14,116.93,6927800
2017-02-15,117.45,7088400
2017-02-16,118.08,6378700
2017-02-17,117.68,7338100
2017-02-21,117.75,6166900
2017-02-22,117.91,6057200
2017-02-23,118.94,7523300
2017-02-24,119.7,9809000
2017-02-27,119.12,9263500
2017-02-28,119.23,8727800
2017-03-01,119.06,8679600
2017-03-02,117.58,10986300
2017-03-03,117.51,10665800
2017-03-06,116.72,4883500
2017-03-07,115.78,6846300
2017-03-08,115.06,7620900
2017-03-09,114.47,6410900
2017-03-10,114.72,7929500
2017-03-13,114.74,5807400
2017-03-14,114.12,5301800
2017-03-15,116.25,13524100
2017-03-16,116.73,9322000
2017-03-17,116.99,4683000
2017-03-20,117.51,4000200
2017-03-21,118.54,9567900
2017-03-22,118.83,7287400
2017-03-23,118.67,6201100
2017-03-24,118.86,6879600
2017-03-27,119.53,8519600
2017-03-28,119.04,7112800
2017-03-29,119.33,4911000
2017-03-30,118.47,6894600
2017-03-31,118.72,8520800
2017-04-03,119.35,6105700
2017-04-04,119.62,4687300
2017-04-05,119.62,8106000
2017-04-06,119.18,4633500
2017-04-07,119.46,12351100
2017-04-10,119.46,4623700
2017-04-11,121.19,12455300
2017-04-12,122.02,9502500
2017-04-13,122.6,9892600
2017-04-17,122.24,8469600
2017-04-18,122.82,10903700
2017-04-19,121.73,8472700
2017-04-20,121.96,11787300
2017-04-21,122.31,15608000
2017-04-24,121.48,11053600
2017-04-25,120.25,10344800
2017-04-26,120.84,9758800
2017-04-27,120.39,8267000
2017-04-28,120.77,9134200
2017-05-01,119.67,9331800
2017-05-02,119.65,4900800
2017-05-03,117.98,10811100
2017-05-04,116.79,12406900
2017-05-05,117.01,7127200
2017-05-08,116.75,5438400
2017-05-09,116.05,6801300
2017-05-10,116.04,4290500
2017-05-11,116.5,6274400
2017-05-12,116.83,5434500
2017-05-15,117.14,5019600
2017-05-16,117.65,4942800
2017-05-17,119.79,13936900
2017-05-18,118.81,10341100
2017-05-19,119.4,6787300
2017-05-22,119.9,5132500
2017-05-23,119.14,8305400
2017-05-24,119.61,7025000
2017-05-25,119.48,4105100
2017-05-26,120.54,6791600
2017-05-30,120.14,4507500
2017-05-31,120.62,10360700
2017-06-01,120.72,8702500
2017-06-02,121.61,7268100
2017-06-05,121.73,3979200
2017-06-06,123.1,10798500
2017-06-07,122.45,9039200
2017-06-08,121.65,8169800
2017-06-09,120.54,7054700
2017-06-12,120.36,4927400
2017-06-13,120.48,3786600
2017-06-14,119.82,21124800
2017-06-15,119.32,6796700
2017-06-16,119.34,6435700
2017-06-19,118.43,6787000
2017-06-20,118.18,4617400
2017-06-21,118.52,4723700
2017-06-22,118.92,5811900
2017-06-23,119.43,9258600
2017-06-26,118.36,6593400
2017-06-27,118.81,5759300
2017-06-28,118.9,4220100
2017-06-29,118.32,7705200
2017-06-30,118.02,7272600
2017-07-03,116.09,12145000
2017-07-05,116.52,7223300
2017-07-06,116.47,4443400
2017-07-07,115.28,11153600
2017-07-10,115.47,4970900
2017-07-11,115.62,6637900
2017-07-12,116.03,4654400
2017-07-13,115.82,4148900
2017-07-14,116.77,5788200
2017-07-17,117.29,5170800
2017-07-18,118.11,7158600
2017-07-19,118.08,3205100
2017-07-20,118.24,5571600
2017-07-21,119.26,10135900
2017-07-24,119.31,3654300
2017-07-25,118.92,6203000
2017-07-26,119.88,8527900
2017-07-27,119.79,6385200
2017-07-28,120.69,7393600
2017-07-31,120.75,3944600
2017-08-01,120.65,7365100
2017-08-02,120.4,5945300
2017-08-03,120.59,4275600
2017-08-04,119.65,8644800
2017-08-07,119.51,3010100
2017-08-08,119.86,7227200
2017-08-09,121.31,9186200
2017-08-10,122.21,9817900
2017-08-11,122.79,8019500
2017-08-14,121.92,6035300
2017-08-15,120.98,6731300
2017-08-16,121.87,8267300
2017-08-17,122.49,8183800
2017-08-18,122.3,13654200
2017-08-21,122.76,5549700
2017-08-22,122.21,6493900
2017-08-23,122.67,5038400
2017-08-24,122.29,4193400
2017-08-25,122.74,12398200
2017-08-28,124.69,11578300
2017-08-29,124.42,9861500
2017-08-30,124.36,6328400
2017-08-31,125.82,11775500
2017-09-01,126.06,11567400
2017-09-05,127.46,11813100
2017-09-06,126.81,10059300
2017-09-07,128.13,10219700
2017-09-08,127.97,9020000
2017-09-11,126.19,9126600
2017-09-12,126.56,8349000
2017-09-13,125.61,8491000
2017-09-14,126.16,5330700
2017-09-15,125.53,8375100
2017-09-18,124.36,8859800
2017-09-19,124.62,5826500
2017-09-20,123.62,11415400
2017-09-21,122.68,7757900
2017-09-22,123.24,6011900
2017-09-25,124.53,10257200
2017-09-26,123.14,8673600
2017-09-27,121.98,6903900
2017-09-28,122.21,5968200
2017-09-29,121.58,10208000
2017-10-02,120.77,11755400
2017-10-03,120.83,3728700
2017-10-04,121.17,6475200
2017-10-05,120.52,6205400
2017-10-06,121.09,10013300
2017-10-09,122.08,5264100
2017-10-10,122.4,9315500
2017-10-11,122.79,5649400
2017-10-12,122.89,3037600
2017-10-13,123.82,6820300
2017-10-16,122.97,8202000
2017-10-17,122.13,7041300
2017-10-18,121.67,3666400
2017-10-19,122.39,5567300
2017-10-20,121.61,8481100
2017-10-23,121.8,5069700
2017-10-24,121.33,5114100
2017-10-25,121.35,4282400
2017-10-26,120.33,6438800
2017-10-27,120.9,6664200
2017-10-30,121.13,5119200
2017-10-31,120.67,3910500
2017-11-01,121.11,4647800
2017-11-02,121.19,5369500
2017-11-03,120.62,6330600
2017-11-06,121.65,6953800
2017-11-07,121.21,4165900
2017-11-08,121.63,5565200
2017-11-09,122.13,6072400
2017-11-10,121.13,7116200
2017-11-13,121.31,6249300
2017-11-14,121.56,6189000
2017-11-15,121.41,4984800
2017-11-16,121.4,2796500
2017-11-17,122.86,10614000
2017-11-20,121.31,8356700
2017-11-21,121.51,4956500
2017-11-22,122.63,5211800
2017-11-24,122.32,1779700
2017-11-27,122.83,4961200
2017-11-28,122.81,5603100
2017-11-29,122.04,6138900
2017-11-30,121.1,7936300
2017-12-01,121.59,13080100
2017-12-04,121.18,6943700
2017-12-05,120.32,10041200
2017-12-06,120.07,6643000
2017-12-07,118.49,12900200
2017-12-08,118.48,5231300
2017-12-11,118.01,4522200
2017-12-12,118.15,8020100
2017-12-13,119.17,10086700
2017-12-14,118.93,6993600
2017-12-15,119.18,7532000
2017-12-18,119.73,5452200
2017-12-19,119.82,4018900
2017-12-20,120.14,5734600
2017-12-21,120.31,4823700
2017-12-22,120.94,5791300
2017-12-26,121.77,8224400
2017-12-27,122.23,6232700
2017-12-28,122.85,5732700
2017-12-29,123.65,7852100
2018-01-02,125.15,11762500
2018-01-03,124.82,7904300
2018-01-04,125.46,7329700
2018-01-05,125.33,5739900
2018-01-08,125.31,3566700
2018-01-09,124.73,9153600
2018-01-10,125.03,14809300
2018-01-11,125.44,5994700
2018-01-12,126.96,9258600
2018-01-16,127.17,8083900
2018-01-17,126.14,10130500
2018-01-18,125.86,6289300
2018-01-19,126.42,8773800
2018-01-22,126.65,4893500
2018-01-23,127.28,6190400
2018-01-24,128.83,11827600
2018-01-25,127.97,15219700
2018-01-26,128.07,7828700
2018-01-29,127.35,6956400
2018-01-30,126.8,9736100
2018-01-31,127.65,13418900
2018-02-01,128.07,10854600
2018-02-02,126.39,16789200
2018-02-05,126.71,13596300
2018-02-06,125.38,17672500
2018-02-07,124.79,8558500
2018-02-08,124.98,7343600
2018-02-09,124.77,14140700
2018-02-12,125.37,6984900
2018-02-13,126.08,5321300
2018-02-14,128.23,16416400
2018-02-15,128.38,7276500
2018-02-16,127.96,7956900
2018-02-20,126.24,11148700
2018-02-21,125.66,7908800
2018-02-22,126.3,5346300
2018-02-23,126.14,4239700
2018-02-26,126.45,3194300
2018-02-27,125.13,7082300
2018-02-28,125.0,4534900
2018-03-01,124.72,12910100
2018-03-02,125.39,9994300
2018-03-05,125.18,5778300
2018-03-06,126.53,8676800
2018-03-07,125.72,5158700
2018-03-08,125.42,3474900
2018-03-09,125.54,5066800
2018-03-12,125.54,2884300
2018-03-13,125.78,4798300
2018-03-14,125.7,3777000
2018-03-15,124.9,6130100
2018-03-16,124.6,7402200
2018-03-19,124.87,4335400
2018-03-20,124.31,3399400
2018-03-21,126.48,12532000
2018-03-22,125.98,5298700
2018-03-23,127.61,12025900
2018-03-26,128.28,6169800
2018-03-27,127.49,6180700
2018-03-28,125.73,10254900
2018-03-29,125.79,7102000
2018-04-02,127.26,11421100
2018-04-03,126.3,6083700
2018-04-04,126.45,7488300
2018-04-05,125.8,5333000
2018-04-06,126.39,6121200
2018-04-09,126.82,4189900
2018-04-10,127.12,5268800
2018-04-11,128.11,12348600
2018-04-12,126.62,8141300
2018-04-13,127.45,6821300
2018-04-16,127.63,4600000
2018-04-17,127.75,4184100
2018-04-18,127.85,6755600
2018-04-19,127.6,8736100
2018-04-20,126.63,10403100
2018-04-23,125.62,6921500
2018-04-24,126.23,4733100
2018-04-25,125.41,5985700
2018-04-26,124.97,7517100
2018-04-27,125.5,5654000
2018-04-30,124.59,9830600
2018-05-01,123.71,7551600
2018-05-02,123.65,7614000
2018-05-03,124.28,4857400
2018-05-04,124.54,5883600
2018-05-07,124.57,3397500
2018-05-08,124.59,5551100
2018-05-09,124.33,4405600
2018-05-10,125.18,5218400
2018-05-11,125.0,4299200
2018-05-14,124.49,3753200
2018-05-15,122.48,10911900
2018-05-16,122.29,4943300
2018-05-17,122.36,7781300
2018-05-18,122.41,6837100
2018-05-21,122.48,4126700
2018-05-22,122.41,4579600
2018-05-23,122.54,7007300
2018-05-24,123.59,8850100
2018-05-25,123.21,7920700
2018-05-29,123.19,9013200
2018-05-30,123.37,4573700
2018-05-31,123.1,7862500
2018-06-01,122.49,8059100
2018-06-04,122.37,4345400
2018-06-05,122.85,6864200
2018-06-06,122.92,4083700
2018-06-07,122.86,3700700
2018-06-08,123.01,3865700
2018-06-11,123.23,3201200
2018-06-12,122.82,7279600
2018-06-13,123.19,5867700
2018-06-14,123.38,8015400
2018-06-15,121.34,14537000
2018-06-18,121.11,3846000
2018-06-19,120.8,4925800
2018-06-20,120.26,4548500
2018-06-21,120.05,5681900
2018-06-22,120.34,4489400
2018-06-25,119.89,9300200
2018-06-26,119.26,8674500
2018-06-27,118.58,6480100
2018-06-28,118.22,7760500
2018-06-29,118.65,8002800
2018-07-02,117.46,12021900
2018-07-03,118.65,8901000
2018-07-05,119.05,4951900
2018-07-06,118.86,2946900
2018-07-09,119.15,4074900
2018-07-10,118.93,3754800
2018-07-11,117.64,6974500
2018-07-12,118.13,4585300
2018-07-13,117.61,5444300
2018-07-16,117.55,3670700
2018-07-17,116.28,7939600
2018-07-18,116.31,5391800
2018-07-19,115.81,14227600
2018-07-20,116.56,7892000
2018-07-23,116.0,6247100
2018-07-24,116.04,4801000
2018-07-25,116.68,5479600
2018-07-26,115.77,6382700
2018-07-27,115.83,5242000
2018-07-30,115.65,4157400
2018-07-31,115.99,5508500
2018-08-01,115.14,7941700
2018-08-02,114.52,6204200
2018-08-03,114.92,5953200
2018-08-06,114.33,5811600
2018-08-07,114.59,5188000
2018-08-08,114.91,3808000
2018-08-09,114.74,4253000
2018-08-10,114.69,6757900
2018-08-13,112.96,9150900
2018-08-14,113.07,7085900
2018-08-15,111.19,12398400
2018-08-16,111.1,7484600
2018-08-17,112.13,8471000
2018-08-20,112.69,5313400
2018-08-21,113.02,5042400
2018-08-22,113.27,6215600
2018-08-23,112.2,5500100
2018-08-24,114.16,9214700
2018-08-27,114.59,4364000
2018-08-28,113.68,6101400
2018-08-29,114.2,5616300
2018-08-30,113.64,5431600
2018-08-31,113.51,5048700
2018-09-04,112.93,6617500
2018-09-05,113.32,4459200
2018-09-06,113.54,4784700
2018-09-07,113.23,3714000
2018-09-10,113.15,2316500
2018-09-11,113.22,3791300
2018-09-12,114.17,6315900
2018-09-13,113.76,5635900
2018-09-14,113.02,5375600
2018-09-17,113.61,4727300
2018-09-18,113.44,4737800
2018-09-19,113.88,4223200
2018-09-20,114.27,4384200
2018-09-21,113.49,6831400
2018-09-24,113.47,4435300
2018-09-25,113.65,3004800
2018-09-26,113.05,8297300
2018-09-27,112.05,7683400
2018-09-28,112.76,6020600
2018-10-01,112.57,3892600
2018-10-02,113.87,10776700
2018-10-03,113.42,6674500
2018-10-04,113.48,6616200
2018-10-05,113.8,7994400
2018-10-08,112.54,12111600
2018-10-09,112.6,8352300
2018-10-10,112.88,10571300
2018-10-11,115.78,26810900
2018-10-12,115.23,12939300
2018-10-15,116.0,11828400
2018-10-16,115.8,9531800
2018-10-17,115.79,7078600
2018-10-18,115.92,7964100
2018-10-19,116.01,7453900
2018-10-22,115.71,5200500
2018-10-23,116.39,12704200
2018-10-24,116.66,8563300
2018-10-25,116.4,8303500
2018-10-26,116.77,15733100
2018-10-29,116.31,8732500
2018-10-30,115.8,7233300
2018-10-31,115.15,11409300
2018-11-01,116.63,13662900
2018-11-02,116.65,8796900
2018-11-05,116.37,6291500
2018-11-06,116.04,7270800
2018-11-07,116.03,8392100
2018-11-08,115.78,7638800
2018-11-09,114.48,14159200
2018-11-12,113.66,7498600
2018-11-13,113.7,9309000
2018-11-14,114.64,13950200
2018-11-15,114.77,8910600
2018-11-16,115.62,8577000
2018-11-19,115.67,8508300
2018-11-20,115.67,9075100
2018-11-21,115.86,8834200
2018-11-23,115.77,3726600
2018-11-26,115.64,4018600
2018-11-27,114.95,9671100
2018-11-28,115.38,13788800
2018-11-29,115.74,6479300
2018-11-30,115.54,8169600
2018-12-03,116.41,8469500
2018-12-04,117.12,7186100
2018-12-06,117.14,9267600
2018-12-07,118.09,10402900
2018-12-10,117.68,8117900
2018-12-11,117.54,6395400
2018-12-12,117.79,4136800
2018-12-13,117.53,4131800
2018-12-14,117.06,7501700
2018-12-17,117.87,8454900
2018-12-18,118.15,7542900
2018-12-19,117.43,13827500
2018-12-20,119.24,18615100
2018-12-21,118.72,13629800
2018-12-24,120.02,9736400
2018-12-26,119.66,14293500
2018-12-27,120.57,11874400
2018-12-28,121.06,6864700
2018-12-31,121.25,8449400
2019-01-02,121.33,12776200
2019-01-03,122.43,15440800
2019-01-04,121.44,13334000
2019-01-07,121.86,7473600
2019-01-08,121.53,7643100
2019-01-09,122.31,10555900
2019-01-10,121.59,6672000
2019-01-11,121.8,8622400
2019-01-14,122.09,6477100
2019-01-15,121.88,7512500
2019-01-16,122.27,6878100
2019-01-17,122.11,8558500
2019-01-18,121.02,10896000
2019-01-22,121.45,7896500
2019-01-23,121.28,5224900
2019-01-24,121.09,5662500
2019-01-25,122.86,11103300
2019-01-28,123.29,8522200
2019-01-29,123.98,11610200
2019-01-30,124.69,12104000
2019-01-31,124.75,10209500
2019-02-01,124.5,12485500
2019-02-04,123.96,6878900
2019-02-05,124.28,6291100
2019-02-06,123.44,6595100
2019-02-07,123.74,5935500
2019-02-08,124.21,4235200
2019-02-11,123.6,4821800
2019-02-12,123.86,4271900
2019-02-13,123.37,7640500
2019-02-14,124.06,6276500
2019-02-15,124.8,12190100
2019-02-19,126.7,15614000
2019-02-20,126.48,8889700
2019-02-21,125.05,8634600
2019-02-22,125.5,5439400
2019-02-25,125.37,4882600
2019-02-26,125.58,5153200
2019-02-27,124.69,7935600
2019-02-28,123.99,7811700
2019-03-01,121.88,16411700
2019-03-04,121.56,10272600
2019-03-05,121.72,7120100
2019-03-06,121.61,4820400
2019-03-07,121.51,6088800
2019-03-08,122.84,10427700
2019-03-11,122.24,6708700
2019-03-12,122.98,6289900
2019-03-13,123.84,7377300
2019-03-14,122.41,6778200
2019-03-15,122.97,9412000
2019-03-18,123.04,7783200
2019-03-19,123.38,6558700
2019-03-20,124.18,11304900
2019-03-21,123.68,7739800
2019-03-22,123.97,5874000
2019-03-25,124.92,7288300
2019-03-26,124.3,5056100
2019-03-27,123.65,6595000
2019-03-28,121.9,11878300
2019-03-29,122.01,7093900
2019-04-01,121.53,13560000
2019-04-02,121.98,4475000
2019-04-03,121.8,6152200
2019-04-04,122.11,7508400
2019-04-05,121.98,5114500
2019-04-08,122.51,4270800
2019-04-09,123.15,4648400
2019-04-10,123.53,6344800
2019-04-11,121.95,11694500
2019-04-12,121.83,5272800
2019-04-15,121.6,4252400
2019-04-16,120.51,10097800
2019-04-17,120.28,4693900
2019-04-18,120.37,4090400
2019-04-22,120.37,2250900
2019-04-23,120.12,5574800
2019-04-24,120.47,4173000
2019-04-25,120.57,4836900
2019-04-26,121.37,6022700
2019-04-29,120.83,4469300
2019-04-30,121.2,4758600
2019-05-01,120.4,12331800
2019-05-02,119.94,6759600
2019-05-03,120.65,8414400
2019-05-06,120.81,3479600
2019-05-07,121.21,4010700
2019-05-08,120.91,4178800
2019-05-09,121.2,5015500
2019-05-10,121.43,4586000
2019-05-13,122.67,11130900
2019-05-14,122.46,5556000
2019-05-15,122.39,10299000
2019-05-16,121.51,6349400
2019-05-17,120.65,6589300
2019-05-20,120.64,4345800
2019-05-21,120.36,3845600
2019-05-22,120.24,3741800
2019-05-23,121.17,6054600
2019-05-24,121.3,2324700
2019-05-28,120.83,4303500
2019-05-29,120.87,4133200
2019-05-30,121.69,7757000
2019-05-31,123.33,15367000
2019-06-03,125.11,14173600
2019-06-04,125.15,7997100
2019-06-05,125.47,7637900
2019-06-06,125.88,5551800
2019-06-07,126.59,8145900
2019-06-10,125.33,5410000
2019-06-11,125.18,4757800
2019-06-12,125.83,5756200
2019-06-13,126.6,5374800
2019-06-14,126.56,9226100
2019-06-17,126.48,4763300
2019-06-18,127.12,10309600
2019-06-19,127.89,11660600
2019-06-20,131.11,18636300
2019-06-21,131.98,15068000
2019-06-24,133.94,17851800
2019-06-25,134.2,24772200
2019-06-26,132.97,12016400
2019-06-27,132.84,8412800
2019-06-28,133.2,8077000
2019-07-01,130.62,13317700
2019-07-02,133.41,13282100
2019-07-03,133.63,6351500
2019-07-05,132.14,11536600
2019-07-08,131.29,8028900
2019-07-09,131.75,6633400
2019-07-10,133.83,13920600
2019-07-11,132.7,7535100
2019-07-12,133.53,6309500
2019-07-15,133.53,4026600
2019-07-16,132.4,7966000
2019-07-17,134.58,11288300
2019-07-18,136.48,18448200
2019-07-19,134.47,18079200
2019-07-22,134.45,7570400
2019-07-23,133.69,9981400
2019-07-24,134.37,6715200
2019-07-25,133.42,11708200
2019-07-26,133.64,6249900
2019-07-29,134.53,9162400
2019-07-30,134.98,9458700
2019-07-31,133.21,18797200
2019-08-01,136.41,27719800
2019-08-02,135.89,13753200
2019-08-05,137.79,17519800
2019-08-06,138.91,9471200
2019-08-07,141.02,26671100
2019-08-08,141.73,13108600
2019-08-09,141.26,9485900
2019-08-12,142.63,15264000
2019-08-13,141.78,29842800
2019-08-14,142.75,20672900
2019-08-15,143.7,13467800
2019-08-16,142.78,11728800
2019-08-19,141.11,10552700
2019-08-20,142.21,7478500
2019-08-21,141.76,8114700
2019-08-22,141.4,6846500
2019-08-23,144.17,20282200
2019-08-26,144.19,12195800
2019-08-27,145.57,12844100
2019-08-28,145.16,11452400
2019-08-29,144.12,14762500
2019-08-30,143.75,9642200
2019-09-03,145.75,15615200
2019-09-04,146.66,11285900
2019-09-05,143.14,20293200
2019-09-06,141.92,14175200
2019-09-09,141.39,11323800
2019-09-10,140.18,12629200
2019-09-11,141.03,7453000
2019-09-12,141.32,12673700
2019-09-13,140.15,13451700
2019-09-16,141.32,8094600
2019-09-17,141.6,7010200
2019-09-18,140.71,15026300
2019-09-19,141.28,8057400
2019-09-20,142.95,12110000
2019-09-23,143.75,9006500
2019-09-24,144.51,10576300
2019-09-25,141.83,11648400
2019-09-26,141.79,7984600
2019-09-27,141.06,9804200
2019-09-30,138.87,15459100
2019-10-01,139.63,12476200
2019-10-02,141.26,11914300
2019-10-03,141.9,12396100
2019-10-04,141.9,9651000
2019-10-07,140.69,6127200
2019-10-08,141.92,10428900
2019-10-09,142.05,6927700
2019-10-10,140.81,9301700
2019-10-11,140.03,11333400
2019-10-14,140.59,4006700
2019-10-15,139.61,9128300
2019-10-16,140.41,10330300
2019-10-17,140.61,6131000
2019-10-18,140.46,6416100
2019-10-21,139.79,8306200
2019-10-22,140.2,3879700
2019-10-23,140.53,4155300
2019-10-24,141.53,6174800
2019-10-25,141.86,6011500
2019-10-28,140.64,5442000
2019-10-29,140.25,3835400
2019-10-30,141.02,6992900
2019-10-31,142.43,7050900
2019-11-01,142.56,8090000
2019-11-04,142.15,4740300
2019-11-05,139.85,11782300
2019-11-06,140.45,6416500
2019-11-07,138.27,15214200
2019-11-08,137.39,10377400
2019-11-11,137.06,7037300
2019-11-12,137.43,6448600
2019-11-13,137.98,8776000
2019-11-14,138.56,5220500
2019-11-15,138.21,10106700
2019-11-18,138.62,5717900
2019-11-19,138.69,4824400
2019-11-20,138.76,6892100
2019-11-21,138.0,4197200
2019-11-22,137.74,3620300
2019-11-25,137.08,6415800
2019-11-26,137.74,4724400
2019-11-27,137.01,4111000
2019-11-29,137.86,4516400
2019-12-02,137.79,8274700
2019-12-03,139.11,8481700
2019-12-04,138.92,6322300
2019-12-05,139.0,5671500
2019-12-06,137.62,8714500
2019-12-09,137.58,2711600
2019-12-10,137.97,3240800
2019-12-11,138.92,6097500
2019-12-12,138.43,8815100
2019-12-13,139.05,6964300
2019-12-16,139.04,4646100
2019-12-17,139.01,4287500
2019-12-18,139.02,3607600
2019-12-19,139.38,4975000
2019-12-20,139.52,4463900
2019-12-23,139.95,5180900
2019-12-24,141.27,5303700
2019-12-26,142.38,8342500
2019-12-27,142.33,5119900
2019-12-30,142.63,4810600
2019-12-31,142.9,5313500
2020-01-02,143.95,7733800
2020-01-03,145.86,12272800
2020-01-06,147.39,14403300
2020-01-07,147.97,7978500
2020-01-08,146.86,22248500
2020-01-09,146.03,10292300
2020-01-10,146.91,6183300
2020-01-13,145.82,7593800
2020-01-14,145.69,6589700
2020-01-15,146.54,6510000
2020-01-16,146.31,6069100
2020-01-17,146.58,11121100
2020-01-21,146.74,6086100
2020-01-22,146.79,4778200
2020-01-23,147.12,8419800
2020-01-24,147.98,9919900
2020-01-27,148.99,9988100
2020-01-28,147.66,7543100
2020-01-29,148.46,5013100
2020-01-30,148.47,9119500
2020-01-31,149.33,14788300
2020-02-03,148.36,9105300
2020-02-04,146.43,10525600
2020-02-05,146.61,6160700
2020-02-06,147.4,4819800
2020-02-07,147.79,6379300
2020-02-10,148.17,5793600
2020-02-11,147.66,5179400
2020-02-12,147.54,5040600
2020-02-13,148.38,7082100
2020-02-14,149.0,5345400
2020-02-18,150.91,11524900
2020-02-19,151.79,9269800
2020-02-20,152.41,8457300
2020-02-21,154.7,16344500
2020-02-24,156.09,27171000
2020-02-25,153.3,28091500
2020-02-26,153.97,17912500
2020-02-27,154.0,27878500
2020-02-28,148.38,42699600
2020-03-02,149.2,16295400
2020-03-03,153.89,28687700
2020-03-04,154.16,12315500
2020-03-05,157.49,17973500
2020-03-06,157.55,26973400
2020-03-09,157.81,24868700
2020-03-10,154.48,18811500
2020-03-11,153.93,18159900
2020-03-12,147.79,32893400
2020-03-13,143.28,35177200
2020-03-16,141.64,24496000
2020-03-17,143.56,24490300
2020-03-18,140.7,21953400
2020-03-19,138.04,20828900
2020-03-20,140.11,20056000
2020-03-23,146.3,28275200
2020-03-24,153.4,20743500
2020-03-25,151.3,16457200
2020-03-26,153.24,12778200
2020-03-27,152.25,9824600
2020-03-30,152.92,12080900
2020-03-31,148.05,13319500
2020-04-01,149.45,11827400
2020-04-02,151.9,9188300
2020-04-03,152.65,8469100
2020-04-06,156.88,14739300
2020-04-07,156.04,9195400
2020-04-08,154.65,7600800
2020-04-09,158.69,18123000
2020-04-13,161.41,20549200
2020-04-14,162.68,17095100
2020-04-15,161.85,12141900
2020-04-16,161.71,9233200
2020-04-17,158.57,14652700
2020-04-20,159.7,10688700
2020-04-21,158.61,12478100
2020-04-22,161.73,12902100
2020-04-23,163.34,14928500
2020-04-24,162.64,11199300
2020-04-27,161.56,9033500
2020-04-28,160.84,10383000
2020-04-29,161.73,12232300
2020-04-30,158.8,13633500
2020-05-01,159.78,10914300
2020-05-04,160.34,7986200
2020-05-05,161.02,10563100
2020-05-06,158.95,13352000
2020-05-07,161.39,13691700
2020-05-08,160.42,12240900
2020-05-11,159.42,11209800
2020-05-12,160.04,10406000
2020-05-13,161.58,10950400
2020-05-14,163.01,17084400
2020-05-15,163.93,13918800
2020-05-18,162.69,14133800
2020-05-19,164.26,8535800
2020-05-20,164.65,10666100
2020-05-21,162.25,11791000
2020-05-22,163.21,8540900
2020-05-26,160.89,13972000
2020-05-27,161.18,13063500
2020-05-28,161.72,9758500
2020-05-29,162.91,12581800
2020-06-01,163.66,8140200
2020-06-02,162.6,10388900
2020-06-03,159.6,17000500
2020-06-04,161.28,10094000
2020-06-05,158.01,16021200
2020-06-08,159.72,9244400
2020-06-09,161.26,9045600
2020-06-10,163.57,13009300
2020-06-11,162.39,11673900
2020-06-12,162.62,6895400
2020-06-15,162.33,8532500
2020-06-16,162.25,7964000
2020-06-17,162.56,4758200
2020-06-18,162.24,5397600
2020-06-19,164.03,12187400
2020-06-22,165.09,12385600
2020-06-23,166.48,12137300
2020-06-24,165.9,10901400
2020-06-25,165.8,7093800
2020-06-26,166.54,9753500
2020-06-29,166.63,6735700
2020-06-30,167.37,12762300
2020-07-01,166.62,13214800
2020-07-02,166.98,8753500
2020-07-06,167.98,7265700
2020-07-07,169.04,11633100
2020-07-08,170.09,11662700
2020-07-09,169.63,13327400
2020-07-10,169.19,8218000
2020-07-13,169.4,11095900
2020-07-14,170.19,9812700
2020-07-15,170.34,7533800
2020-07-16,168.73,10242400
2020-07-17,170.12,10296000
2020-07-20,170.94,10095500
2020-07-21,173.0,12826100
2020-07-22,175.63,18712500
2020-07-23,177.18,23006800
2020-07-24,178.7,15601300
2020-07-27,182.23,21115600
2020-07-28,183.75,21164600
2020-07-29,185.13,25640100
2020-07-30,183.76,18061200
2020-07-31,185.43,15876700
2020-08-03,185.64,12897000
2020-08-04,189.59,20773200
2020-08-05,191.35,27078100
2020-08-06,193.89,20640100
2020-08-07,190.81,24570200
2020-08-10,190.15,19047200
2020-08-11,179.94,45355000
2020-08-12,179.1,28660500
2020-08-13,183.33,18596800
2020-08-14,182.54,11792000
2020-08-17,186.5,15709800
2020-08-18,188.18,16291600
2020-08-19,182.24,24646900
2020-08-20,183.5,16692200
2020-08-21,182.03,12713700
2020-08-24,181.0,11605800
2020-08-25,181.22,10056100
2020-08-26,183.36,12715800
2020-08-27,181.24,16299200
2020-08-28,184.39,13200800
2020-08-31,184.83,10251200
2020-09-01,185.05,10662100
2020-09-02,182.62,11536900
2020-09-03,181.14,12148100
2020-09-04,181.64,11567900
2020-09-08,181.29,13229200
2020-09-09,183.05,8424100
2020-09-10,182.46,9143600
2020-09-11,182.45,7662300
2020-09-14,183.89,9709500
2020-09-15,183.45,7993700
2020-09-16,183.97,12702400
2020-09-17,182.96,8836200
2020-09-18,183.2,9959700
2020-09-21,179.52,17436100
2020-09-22,178.65,7977900
2020-09-23,174.79,18134000
2020-09-24,175.44,11759200
2020-09-25,174.94,6779200
2020-09-28,176.7,7109700
2020-09-29,178.19,8718500
2020-09-30,177.12,8371800
2020-10-01,178.7,10402800
2020-10-02,178.54,7488500
2020-10-05,179.41,6969600
2020-10-06,177.3,8632800
2020-10-07,177.22,6410900
2020-10-08,177.85,6530800
2020-10-09,181.08,15979800
2020-10-12,180.56,4843000
2020-10-13,177.72,8384300
2020-10-14,178.27,9076600
2020-10-15,178.92,6815400
2020-10-16,178.3,7260700
2020-10-19,178.39,6084400
2020-10-20,179.25,7121400
2020-10-21,180.6,7548100
2020-10-22,178.83,8377000
2020-10-23,178.64,5919300
2020-10-26,178.55,5105100
2020-10-27,179.02,5826900
2020-10-28,176.13,11734100
2020-10-29,175.4,8474500
2020-10-30,176.2,7303000
2020-11-02,177.91,6498400
2020-11-03,178.92,7577200
2020-11-04,178.82,11117300
2020-11-05,182.93,16102800
2020-11-06,183.19,10378300
2020-11-09,175.08,29800700
2020-11-10,175.66,11728500
2020-11-11,174.9,9008500
2020-11-12,175.96,7167900
2020-11-13,177.16,6469800
2020-11-16,177.15,8358500
2020-11-17,176.5,8229100
2020-11-18,175.49,7384700
2020-11-19,175.16,6965100
2020-11-20,175.69,6379400
2020-11-23,172.23,15510600
2020-11-24,169.59,19504000
2020-11-25,169.51,10286600
2020-11-27,167.79,10569100
2020-11-30,166.67,13210000
2020-12-01,170.18,13533300
2020-12-02,171.46,9199700
2020-12-03,172.81,10457300
2020-12-04,172.32,10098600
2020-12-07,174.89,10555100
2020-12-08,175.5,6348400
2020-12-09,172.5,10743200
2020-12-10,172.17,6564000
2020-12-11,172.49,6084800
2020-12-14,171.54,7644400
2020-12-15,173.94,6840500
2020-12-16,174.9,8174700
2020-12-17,176.74,9475800
2020-12-18,176.44,6789900
2020-12-21,175.88,8168900
2020-12-22,174.49,9442400
2020-12-23,175.65,6542800
2020-12-24,176.35,3695400
2020-12-28,175.71,7778700
2020-12-29,176.35,5983700
2020-12-30,177.7,5914000
2020-12-31,178.36,7540800
2021-01-04,182.33,14331400
2021-01-05,182.87,12718800
2021-01-06,179.9,18453500
2021-01-07,179.48,7110200
2021-01-08,173.34,24399900
2021-01-11,173.0,8571400
2021-01-12,174.12,9798500
2021-01-13,173.37,14110300
2021-01-14,173.28,13522700
2021-01-15,171.13,16172500
2021-01-19,172.58,7485700
2021-01-20,175.39,9456000
2021-01-21,175.28,7246800
2021-01-22,173.9,7269600
2021-01-25,174.05,5936800
2021-01-26,173.62,4685600
2021-01-27,172.52,9036500
2021-01-28,172.68,9392400
2021-01-29,172.61,11252800
2021-02-01,174.23,9105500
2021-02-02,172.11,7221700
2021-02-03,171.85,4658100
2021-02-04,168.15,13736600
2021-02-05,169.81,6538500
2021-02-08,171.52,6887500
2021-02-09,172.08,5131800
2021-02-10,172.71,6112800
2021-02-11,171.21,5994500
2021-02-12,170.69,6018900
2021-02-16,168.24,14761100
2021-02-17,166.33,11400700
2021-02-18,166.32,7498200
2021-02-19,167.01,8273500
2021-02-22,169.51,10072000
2021-02-23,169.12,8616800
2021-02-24,169.0,8890600
2021-02-25,165.82,16359400
2021-02-26,161.81,23730400
2021-03-01,161.53,13828300
2021-03-02,162.41,11424600
2021-03-03,160.62,13059900
2021-03-04,159.04,13870100
2021-03-05,159.14,12821600
2021-03-08,157.49,12134900
2021-03-09,160.84,10382600
2021-03-10,161.66,7962000
2021-03-11,161.52,6749200
2021-03-12,161.49,8608500
2021-03-15,162.2,8104500
2021-03-16,162.35,7547400
2021-03-17,163.51,12626700
2021-03-18,162.56,8711100
2021-03-19,163.24,6868900
2021-03-22,163.0,5240000
2021-03-23,161.81,6048300
2021-03-24,162.37,6183700
2021-03-25,161.78,8398600
2021-03-26,162.24,6153900
2021-03-29,160.31,8409300
2021-03-30,157.57,8353200
2021-03-31,159.96,10623800
2021-04-01,161.98,7105200
2021-04-05,161.92,6163800
2021-04-06,163.22,6761200
2021-04-07,162.76,5436000
2021-04-08,164.51,6574500
2021-04-09,163.27,6657900
2021-04-12,162.28,4896700
2021-04-13,163.43,6995900
2021-04-14,162.72,6312300
2021-04-15,165.35,8250600
2021-04-16,166.35,10057600
2021-04-19,165.89,5721700
2021-04-20,166.48,6532000
2021-04-21,168.13,8380200
2021-04-22,167.04,7680100
2021-04-23,166.4,7106400
2021-04-26,166.84,4786600
2021-04-27,166.42,5363500
2021-04-28,166.91,6932200
2021-04-29,166.22,9067600
2021-04-30,165.66,6248700
2021-05-03,167.81,9014700
2021-05-04,166.58,10267400
2021-05-05,167.27,5950000
2021-05-06,170.06,13574100
2021-05-07,171.59,14748600
2021-05-10,172.11,8276600
2021-05-11,172.14,8348200
2021-05-12,170.43,12666300
2021-05-13,171.13,8078300
2021-05-14,172.69,9686800
2021-05-17,174.7,11956800
2021-05-18,175.04,7294000
2021-05-19,175.16,20741100
2021-05-20,175.96,9802800
2021-05-21,176.04,7677200
2021-05-24,176.35,5557300
2021-05-25,177.95,8986900
2021-05-26,177.64,8495400
2021-05-27,177.71,7993000
2021-05-28,178.38,9967000
2021-06-01,177.9,9143300
2021-06-02,178.77,6613100
2021-06-03,175.27,10153900
2021-06-04,177.16,8375300
2021-06-07,177.87,7709100
2021-06-08,177.32,5905800
2021-06-09,176.98,6346100
2021-06-10,177.74,9896600
2021-06-11,175.74,7836900
2021-06-14,174.71,7733600
2021-06-15,174.05,7550200
2021-06-16,171.11,16919700
2021-06-17,165.85,27232200
2021-06-18,164.93,15744300
2021-06-21,166.95,8371000
2021-06-22,166.25,7223900
2021-06-23,166.14,8474300
2021-06-24,166.04,6903400
2021-06-25,166.59,7473700
2021-06-28,166.58,6508900
2021-06-29,164.83,7451400
2021-06-30,165.63,7955800
2021-07-01,166.2,7430500
2021-07-02,167.29,7873600
2021-07-06,168.12,7932100
2021-07-07,168.76,7108900
2021-07-08,168.65,7244300
2021-07-09,169.21,4997400
2021-07-12,169.0,7315400
2021-07-13,169.22,7040300
2021-07-14,171.04,8830300
2021-07-15,171.07,6520100
2021-07-16,169.41,9460300
2021-07-19,169.61,6707400
2021-07-20,169.39,6540100
2021-07-21,168.76,4622600
2021-07-22,169.09,4793600
2021-07-23,168.56,5831500
2021-07-26,168.16,5229800
2021-07-27,168.44,6300200
2021-07-28,169.29,7905800
2021-07-29,171.17,8119600
2021-07-30,169.82,7391700
2021-08-02,169.61,10783200
2021-08-03,169.49,5402300
2021-08-04,169.53,9796300
2021-08-05,168.86,8015000
2021-08-06,164.64,13547600
2021-08-09,161.72,11547000
2021-08-10,161.77,6870800
2021-08-11,164.0,7382400
2021-08-12,164.04,5211700
2021-08-13,166.39,7466900
2021-08-16,167.22,7776500
2021-08-17,166.97,7107000
2021-08-18,167.1,7697900
2021-08-19,166.61,6934300
2021-08-20,166.7,7154000
2021-08-23,168.73,8190500
2021-08-24,168.65,4519200
2021-08-25,167.48,5588800
2021-08-26,167.67,4371900
2021-08-27,170.19,10036400
2021-08-30,169.35,3768600
2021-08-31,169.69,6336000
2021-09-01,169.7,4764900
2021-09-02,169.25,4599800
2021-09-03,171.06,8353300
2021-09-07,167.71,10004600
2021-09-08,167.29,6576000
2021-09-09,168.03,6641400
2021-09-10,167.18,7426300
2021-09-13,167.74,5474300
2021-09-14,168.82,7922900
2021-09-15,167.83,5624900
2021-09-16,164.03,11780400
2021-09-17,163.77,8369700
2021-09-20,164.94,7566600
2021-09-21,166.04,7181500
2021-09-22,165.42,9777800
2021-09-23,163.51,8451900
2021-09-24,163.3,6937500
2021-09-27,163.64,4943000
2021-09-28,162.05,9282800
2021-09-29,161.32,8360700
2021-09-30,164.22,10572900
2021-10-01,164.59,6654700
2021-10-04,165.36,7651700
2021-10-05,164.59,5617300
2021-10-06,165.03,6067200
2021-10-07,164.16,4791500
2021-10-08,164.23,8536100
2021-10-11,163.92,3820100
2021-10-12,164.66,5453000
2021-10-13,167.59,11113800
2021-10-14,168.0,5081400
2021-10-15,165.33,8699200
2021-10-18,164.92,4029600
2021-10-19,165.45,6588500
2021-10-20,166.9,5022000
2021-10-21,166.75,4412400
2021-10-22,167.77,10703900
2021-10-25,168.93,4881300
2021-10-26,167.68,6658900
2021-10-27,168.12,5823100
2021-10-28,168.08,7000700
2021-10-29,166.65,7531900
2021-11-01,167.52,4975600
2021-11-02,167.16,3760700
2021-11-03,165.77,9055200
2021-11-04,167.65,6656100
2021-11-05,169.84,9368900
2021-11-08,170.45,4966100
2021-11-09,171.29,5781200
2021-11-10,173.15,11461800
2021-11-11,174.12,5959600
2021-11-12,174.45,7894800
2021-11-15,174.18,5630800
2021-11-16,172.92,8667300
2021-11-17,174.5,6523100
2021-11-18,173.94,6252000
2021-11-19,172.61,8785600
2021-11-22,168.74,13091900
2021-11-23,167.28,8047800
2021-11-24,167.12,5359500
2021-11-26,166.85,9605200
2021-11-29,166.62,7394900
2021-11-30,165.5,12925300
2021-12-01,166.16,7808600
2021-12-02,165.24,9604100
2021-12-03,166.63,9507900
2021-12-06,166.22,4813600
2021-12-07,166.81,4900700
2021-12-08,166.9,4288900
2021-12-09,165.88,4913800
2021-12-10,166.58,6450600
2021-12-13,167.0,6610700
2021-12-14,165.44,8637900
2021-12-15,166.15,14231200
2021-12-16,168.16,11186200
2021-12-17,167.8,9856900
2021-12-20,167.09,6973000
2021-12-21,167.02,4548500
2021-12-22,168.59,4672900
2021-12-23,168.97,4551100
2021-12-27,169.37,4760300
2021-12-28,168.64,4541900
2021-12-29,168.59,5889700
2021-12-30,169.8,5426300
2021-12-31,170.96,7039300
2022-01-03,168.33,9014400
2022-01-04,169.57,6965600
2022-01-05,169.06,8715600
2022-01-06,166.99,10902700
2022-01-07,167.75,8191900
2022-01-10,168.26,7026500
2022-01-11,170.29,8369000
2022-01-12,170.74,6280700
2022-01-13,170.16,7034200
2022-01-14,169.67,7865900
2022-01-18,169.39,9322800
2022-01-19,172.08,15784500
2022-01-20,171.65,9570500
2022-01-21,171.09,10982500
2022-01-24,172.03,15727700
2022-01-25,172.58,17382100
2022-01-26,169.79,17799400
2022-01-27,167.6,15867300
2022-01-28,167.1,9782500
2022-01-31,168.09,8539300
2022-02-01,168.23,9763900
2022-02-02,168.84,9085300
2022-02-03,168.6,10650800
2022-02-04,168.86,9619600
2022-02-07,170.11,7796900
2022-02-08,170.63,5802000
2022-02-09,171.21,8002800
2022-02-10,170.56,10693500
2022-02-11,173.81,25741500
2022-02-14,174.74,13650700
2022-02-15,173.08,12603600
2022-02-16,174.86,12772100
2022-02-17,177.25,18612500
2022-02-18,177.12,12760700
2022-02-22,177.49,14960500
2022-02-23,178.29,11772200
2022-02-24,177.14,32726000
2022-02-25,176.55,11530900
2022-02-28,178.38,16055800
2022-03-01,181.62,21942100
2022-03-02,179.73,19727200
2022-03-03,180.8,15164400
2022-03-04,183.68,22390100
2022-03-07,186.41,27951800
2022-03-08,191.51,47347700
2022-03-09,185.82,26839700
2022-03-10,186.4,18455200
2022-03-11,185.09,14824700
2022-03-14,182.3,13186400
2022-03-15,178.89,16962300
2022-03-16,180.01,17548100
2022-03-17,180.89,10954100
2022-03-18,179.3,13996500
2022-03-21,180.67,10582200
2022-03-22,179.36,9621800
2022-03-23,181.81,12557300
2022-03-24,183.13,10970100
2022-03-25,182.38,7911100
2022-03-28,179.06,9489700
2022-03-29,179.14,10458900
2022-03-30,180.58,8361300
2022-03-31,180.65,9844400
2022-04-01,179.5,13034400
2022-04-04,180.37,7063100
2022-04-05,179.24,10828500
2022-04-06,179.66,8942100
2022-04-07,180.34,10140600
2022-04-08,181.47,10655700
2022-04-11,182.37,10071300
2022-04-12,183.77,12024600
2022-04-13,184.65,8651600
2022-04-14,184.04,11567200
2022-04-18,184.61,8886700
2022-04-19,181.82,12585600
2022-04-20,182.71,7038600
2022-04-21,182.06,9639800
2022-04-22,180.29,9147000
2022-04-25,177.05,13073700
2022-04-26,177.32,9042400
2022-04-27,175.98,8854700
2022-04-28,176.93,6381100
2022-04-29,176.91,7719700
2022-05-02,173.63,14318600
2022-05-03,174.09,7214300
2022-05-04,175.8,10491700
2022-05-05,175.13,12794200
2022-05-06,175.42,7643300
2022-05-09,172.88,10742400
2022-05-10,171.42,11010400
2022-05-11,172.82,9179600
2022-05-12,170.17,11626800
2022-05-13,168.79,13031100
2022-05-16,170.4,7319300
2022-05-17,169.33,6441100
2022-05-18,169.42,7472900
2022-05-19,171.91,10580300
2022-05-20,172.03,6578100
2022-05-23,172.83,5518500
2022-05-24,174.13,6794000
2022-05-25,173.08,4595900
2022-05-26,172.76,6467000
2022-05-27,172.85,3847900
2022-05-31,171.14,6244000
2022-06-01,172.23,6946500
2022-06-02,174.35,5623100
2022-06-03,172.58,5519400
2022-06-06,171.82,3766000
2022-06-07,172.94,3860000
2022-06-08,172.78,5140800
2022-06-09,172.23,4701100
2022-06-10,174.54,16856100
2022-06-13,169.93,13265200
2022-06-14,168.57,7347900
2022-06-15,170.77,9000300
2022-06-16,172.69,8823600
2022-06-17,171.27,7407200
2022-06-21,170.63,5608500
2022-06-22,171.31,6558700
2022-06-23,170.26,6535300
2022-06-24,170.09,6143100
2022-06-27,169.9,5719700
2022-06-28,169.62,2982700
2022-06-29,169.49,4785600
2022-06-30,168.46,9144400
2022-07-01,168.32,11380300
2022-07-05,164.75,14035400
2022-07-06,162.14,11861100
2022-07-07,162.23,4588400
2022-07-08,162.3,4584100
2022-07-11,161.43,4321700
2022-07-12,160.83,5375100
2022-07-13,161.6,8456600
2022-07-14,159.33,12213600
2022-07-15,159.01,6783800
2022-07-18,159.16,5791800
2022-07-19,159.54,3796200
2022-07-20,158.04,4795800
2022-07-21,160.27,5863300
2022-07-22,160.67,5733800
2022-07-25,160.23,3713400
2022-07-26,160.04,2672800
2022-07-27,161.67,5766100
2022-07-28,163.64,5606400
2022-07-29,164.1,7537300
2022-08-01,165.03,4666900
2022-08-02,164.05,5725400
2022-08-03,164.45,4417800
2022-08-04,167.17,5502000
2022-08-05,165.29,6023300
2022-08-08,166.69,3456300
2022-08-09,167.2,3205500
2022-08-10,166.78,4077300
2022-08-11,166.34,4446000
2022-08-12,167.87,5151700
2022-08-15,165.71,5236100
2022-08-16,165.42,4291500
2022-08-17,164.35,5569100
2022-08-18,163.92,3646100
2022-08-19,162.72,8173000
2022-08-22,161.64,4458100
2022-08-23,162.77,4425100
2022-08-24,163.25,3202400
2022-08-25,163.75,2857500
2022-08-26,161.76,6689300
2022-08-29,161.86,4702300
2022-08-30,160.51,4856600
2022-08-31,159.27,5438600
2022-09-01,157.87,7390800
2022-09-02,159.26,5196900
2022-09-06,158.33,4863800
2022-09-07,159.94,3981400
2022-09-08,158.98,4607100
2022-09-09,159.82,3927800
2022-09-12,160.63,4537500
2022-09-13,158.54,6526400
2022-09-14,157.93,6091100
2022-09-15,154.98,13181200
2022-09-16,155.84,7141200
2022-09-19,155.96,5582800
2022-09-20,155.07,5943700
2022-09-21,155.79,7816100
2022-09-22,155.7,5975200
2022-09-23,153.01,9598000
2022-09-26,151.23,8240500
2022-09-27,151.54,7151300
2022-09-28,154.69,8977200
2022-09-29,154.66,6317000
2022-09-30,154.67,6832400
2022-10-03,158.43,10362200
2022-10-04,160.7,8024500
2022-10-05,159.81,5296300
2022-10-06,159.63,5712600
2022-10-07,157.88,5030000
2022-10-10,155.48,6110800
2022-10-11,155.16,5306700
2022-10-12,155.99,3998500
2022-10-13,154.91,7083800
2022-10-14,152.98,5471900
2022-10-17,153.42,4348000
2022-10-18,153.75,4528400
2022-10-19,151.69,8257100
2022-10-20,151.45,5019800
2022-10-21,154.15,6898400
2022-10-24,153.65,4673300
2022-10-25,154.0,3434100
2022-10-26,154.98,4448200
2022-10-27,154.74,3654900
2022-10-28,153.16,4645400
2022-10-31,151.91,6097800
2022-11-01,153.46,4603600
2022-11-02,152.39,7210900
2022-11-03,151.81,5378800
2022-11-04,156.47,7692000
2022-11-07,155.85,4425700
2022-11-08,159.45,11299600
2022-11-09,158.65,6040600
2022-11-10,163.48,9939900
2022-11-11,164.56,4622400
2022-11-14,164.92,6187600
2022-11-15,165.5,9903500
2022-11-16,165.12,3645800
2022-11-17,163.92,4574400
2022-11-18,162.79,4321100
2022-11-21,161.88,4766500
2022-11-22,162.07,3203800
2022-11-23,163.08,4167000
2022-11-25,163.22,1436500
2022-11-28,161.93,4052900
2022-11-29,162.73,2620600
2022-11-30,164.81,4874700
2022-12-01,167.84,8625800
2022-12-02,167.26,5185900
2022-12-05,164.39,5436200
2022-12-06,164.84,3597800
2022-12-07,166.33,4610700
2022-12-08,166.47,3217900
2022-12-09,167.06,5431300
2022-12-12,165.68,3504400
2022-12-13,168.51,6750200
2022-12-14,168.1,5643000
2022-12-15,165.35,8363000
2022-12-16,166.79,5372000
2022-12-19,166.32,3940500
2022-12-20,169.08,7803100
2022-12-21,168.8,3990100
2022-12-22,166.76,5672700
2022-12-23,167.26,2912300
2022-12-27,168.67,6885700
2022-12-28,167.91,3662500
2022-12-29,168.85,3345900
2022-12-30,169.64,2864500
2023-01-03,171.06,7992900
2023-01-04,172.67,7574600
2023-01-05,170.52,4692600
2023-01-06,173.71,7889000
2023-01-09,174.1,5134500
2023-01-10,174.74,4398400
2023-01-11,174.62,3374200
2023-01-12,176.64,6936900
2023-01-13,178.76,7468800
2023-01-17,177.59,6610800
2023-01-18,177.08,5384700
2023-01-19,179.89,6678700
2023-01-20,179.29,5754800
2023-01-23,179.63,5265500
2023-01-24,180.28,4604600
2023-01-25,181.11,6925300
2023-01-26,179.47,5860100
2023-01-27,179.22,6052700
2023-01-30,178.76,4210700
2023-01-31,179.41,5976900
2023-02-01,181.67,7996000
2023-02-02,177.9,8842400
2023-02-03,173.46,13674400
2023-02-06,173.82,8957000
2023-02-07,173.98,6794200
2023-02-08,174.41,4075600
2023-02-09,173.03,5361300
2023-02-10,173.36,2971100
2023-02-13,172.48,3970800
2023-02-14,172.61,5403100
2023-02-15,170.89,5423800
2023-02-16,170.75,4540400
2023-02-17,171.26,4809800
2023-02-21,170.62,4035900
2023-02-22,169.66,4105700
2023-02-23,169.57,5073500
2023-02-24,168.35,6496500
2023-02-27,169.01,4509200
2023-02-28,169.78,6761600
2023-03-01,170.76,6590500
2023-03-02,170.66,3950700
2023-03-03,172.49,6894500
2023-03-06,171.62,4264100
2023-03-07,168.62,8713300
2023-03-08,168.54,5718600
2023-03-09,170.2,5583000
2023-03-10,173.87,13803400
2023-03-13,177.86,20554400
2023-03-14,176.83,10019000
2023-03-15,178.21,14546100
2023-03-16,178.57,10762200
2023-03-17,183.77,24156300
2023-03-20,183.84,11845700
2023-03-21,180.37,10734500
2023-03-22,183.44,11969600
2023-03-23,185.74,11347100
2023-03-24,183.65,9245900
2023-03-27,181.95,6925000
2023-03-28,183.44,6202600
2023-03-29,182.53,4996500
2023-03-30,184.18,6360300
2023-03-31,183.22,8003300
2023-04-03,184.54,9206600
2023-04-04,187.98,13765400
2023-04-05,187.83,11440800
2023-04-06,186.49,6648400
2023-04-10,185.11,6408100
2023-04-11,186.28,6031500
2023-04-12,187.19,10000900
2023-04-13,189.72,14060100
2023-04-14,186.36,13272500
2023-04-17,185.53,7468100
2023-04-18,186.25,8056900
2023-04-19,185.36,7373500
2023-04-20,186.09,5789900
2023-04-21,184.25,10698700
2023-04-24,184.81,8303400
2023-04-25,185.75,8451900
2023-04-26,184.74,8203600
2023-04-27,184.75,9107400
2023-04-28,184.8,6700400
2023-05-01,183.97,7997700
2023-05-02,187.52,14680600
2023-05-03,189.11,11133800
2023-05-04,190.44,14146800
2023-05-05,187.46,12508100
2023-05-08,187.69,6075400
2023-05-09,189.02,7098800
2023-05-10,188.75,9392100
2023-05-11,187.13,8245500
2023-05-12,186.81,7087500
2023-05-15,187.21,5518100
2023-05-16,184.87,9519500
2023-05-17,184.23,7474300
2023-05-18,181.84,8812600
2023-05-19,183.64,8435000
2023-05-22,183.21,4834300
2023-05-23,183.43,6345000
2023-05-24,181.95,6732900
2023-05-25,180.2,6919200
2023-05-26,180.92,5823700
2023-05-30,182.04,4906100
2023-05-31,182.32,8497900
2023-06-01,183.76,7300500
2023-06-02,181.05,8726100
2023-06-05,182.14,5748800
2023-06-06,182.34,4967200
2023-06-07,180.15,9066500
2023-06-08,182.53,6394100
2023-06-09,182.04,4379200
2023-06-12,181.88,4873600
2023-06-13,180.54,5126700
2023-06-14,180.64,6807000
2023-06-15,181.91,6739000
2023-06-16,181.63,8779100
2023-06-20,179.75,7584200
2023-06-21,179.49,6702300
2023-06-22,177.71,7945000
2023-06-23,178.2,5419800
2023-06-26,178.51,3222100
2023-06-27,177.69,5036900
2023-06-28,177.28,5866700
2023-06-29,177.09,6862500
2023-06-30,178.27,6420900
2023-07-03,178.47,4085700
2023-07-05,177.84,5650600
2023-07-06,177.31,5133000
2023-07-07,178.64,5201100
2023-07-10,178.78,3320500
2023-07-11,179.45,2818800
2023-07-12,181.88,7062000
2023-07-13,182.01,4527900
2023-07-14,181.43,5390000
2023-07-17,181.56,4152400
2023-07-18,183.64,8238000
2023-07-19,183.67,3911600
2023-07-20,182.74,4972900
2023-07-21,182.18,3845400
2023-07-24,181.4,4370000
2023-07-25,182.41,4090100
2023-07-26,183.3,6158400
2023-07-27,180.42,7592800
2023-07-28,181.86,3828800
2023-07-31,182.35,5494800
2023-08-01,180.46,6239700
2023-08-02,179.6,6339700
2023-08-03,179.54,4636300
2023-08-04,180.19,5326200
2023-08-07,179.78,4510400
2023-08-08,178.64,6162900
2023-08-09,177.79,4644000
2023-08-10,177.6,5934600
2023-08-11,177.6,5289700
2023-08-14,177.06,9554500
2023-08-15,176.59,7582700
2023-08-16,175.57,6559400
2023-08-17,175.3,7937700
2023-08-18,175.33,6253000
2023-08-21,175.81,4206400
2023-08-22,176.1,5892200
2023-08-23,177.89,7949100
2023-08-24,177.85,5526400
2023-08-25,177.62,6132800
2023-08-28,178.13,4740700
2023-08-29,179.87,7576600
2023-08-30,180.32,6593700
2023-08-31,180.02,4795600
2023-09-01,180.11,4970700
2023-09-05,178.64,7056800
2023-09-06,177.83,6427200
2023-09-07,178.02,3257200
2023-09-08,178.08,3292700
2023-09-11,178.41,3689100
2023-09-12,177.49,4445400
2023-09-13,177.08,3874800
2023-09-14,177.17,6184400
2023-09-15,178.34,5620900
2023-09-18,179.39,5049300
2023-09-19,179.22,4224700
2023-09-20,179.35,9328000
2023-09-21,178.05,7571900
2023-09-22,178.62,3634800
2023-09-25,177.7,5582100
2023-09-26,176.28,7181100
2023-09-27,174.1,10919600
2023-09-28,173.23,10061900
2023-09-29,171.45,10427400
2023-10-02,169.65,12706000
2023-10-03,169.16,11459800
2023-10-04,169.14,10034600
2023-10-05,168.83,6970200
2023-10-06,169.7,9948400
2023-10-09,172.82,10201500
2023-10-10,172.53,5844000
2023-10-11,173.79,7128000
2023-10-12,173.26,5912700
2023-10-13,178.83,18796500
2023-10-16,177.96,8385400
2023-10-17,178.29,8231900
2023-10-18,180.87,13920800
2023-10-19,183.09,13406600
2023-10-20,183.59,12785700
2023-10-23,182.97,9479800
2023-10-24,182.95,6594000
2023-10-25,183.72,10087000
2023-10-26,184.01,7671400
2023-10-27,186.15,14102800
2023-10-30,185.1,8756400
2023-10-31,184.09,10104600
2023-11-01,183.51,9048600
2023-11-02,184.12,7343700
2023-11-03,184.79,8530400
2023-11-06,183.35,8274700
2023-11-07,182.59,6795800
2023-11-08,180.77,6738300
2023-11-09,181.49,6486300
2023-11-10,179.51,7606600
2023-11-13,180.51,5385900
2023-11-14,182.12,6831600
2023-11-15,181.64,4909400
2023-11-16,183.69,8253300
2023-11-17,183.67,4871100
2023-11-20,183.37,5389300
2023-11-21,185.35,7322400
2023-11-22,184.56,4337700
2023-11-24,185.52,2445100
2023-11-27,186.77,6320400
2023-11-28,189.26,10901900
2023-11-29,189.54,8407300
2023-11-30,188.75,7558100
2023-12-01,192.01,16727600
2023-12-04,187.86,18460500
2023-12-05,187.15,7027700
2023-12-06,187.84,5778600
2023-12-07,188.15,5802000
2023-12-08,185.64,7883200
2023-12-11,183.59,8519500
2023-12-12,183.49,5056900
2023-12-13,187.63,10635500
2023-12-14,188.73,9107200
2023-12-15,187.0,8324800
2023-12-18,187.85,5358000
2023-12-19,189.13,6025600
2023-12-20,188.1,6002400
2023-12-21,189.43,4620000
2023-12-22,190.27,7176300
2023-12-26,191.72,4502700
2023-12-27,192.59,5813300
2023-12-28,191.47,6171500
2023-12-29,191.17,4612300
2024-01-02,190.72,6025600
2024-01-03,189.13,8661600
2024-01-04,189.32,4416700
2024-01-05,189.35,7481900
2024-01-08,187.87,6215000
2024-01-09,187.93,4437300
2024-01-10,187.5,4504700
2024-01-11,187.87,6831100
2024-01-12,189.71,6833700
2024-01-16,187.91,6548100
2024-01-17,185.84,8643200
2024-01-18,187.37,4685200
2024-01-19,187.93,5719700
2024-01-22,187.22,4397500
2024-01-23,187.95,5040800
2024-01-24,186.4,6085400
2024-01-25,187.14,4651000
2024-01-26,187.01,5064800
2024-01-29,188.33,5629700
2024-01-30,188.59,4976500
2024-01-31,188.45,7886100
2024-02-01,190.41,10278100
2024-02-02,188.61,7337600
2024-02-05,187.57,5436100
2024-02-06,188.55,4866100
2024-02-07,188.5,6276900
2024-02-08,188.33,3873300
2024-02-09,187.6,4412600
2024-02-12,187.11,4706300
2024-02-13,184.53,9525800
2024-02-14,184.42,7031600
2024-02-15,185.66,6228900
2024-02-16,186.34,6518500
2024-02-20,187.47,5531200
2024-02-21,187.48,5789200
2024-02-22,187.56,4550800
2024-02-23,188.62,6827300
2024-02-26,188.2,4491900
2024-02-27,188.0,5165400
2024-02-28,188.34,2824100
2024-02-29,189.31,6848600
2024-03-01,192.89,13411000
2024-03-04,196.01,12216300
2024-03-05,197.19,9672200
2024-03-06,198.81,10459300
2024-03-07,199.94,8403700
2024-03-08,201.63,13540100
2024-03-11,202.0,7329600
2024-03-12,199.79,9436600
2024-03-13,201.19,5930000
2024-03-14,200.35,6865000
2024-03-15,199.71,4556700
2024-03-18,200.03,7206800
2024-03-19,199.8,4657500
2024-03-20,202.18,9593800
2024-03-21,201.97,7396500
2024-03-22,200.35,6918500
2024-03-25,200.99,4034800
2024-03-26,201.64,5752700
2024-03-27,203.1,6041000
2024-03-28,205.72,9194500
2024-04-01,207.82,13677100
2024-04-02,210.89,13421100
2024-04-03,212.74,11416200
2024-04-04,211.52,12307300
2024-04-05,215.14,13382700
2024-04-08,216.48,10331400
2024-04-09,217.67,13069900
2024-04-10,215.61,13317500
2024-04-11,219.8,11415200
2024-04-12,216.89,30898800
2024-04-15,220.95,13239000
2024-04-16,221.22,10746100
2024-04-17,219.59,11521100
2024-04-18,220.34,6496900
2024-04-19,221.03,8689000
2024-04-22,215.57,13404300
2024-04-23,215.04,10730300
2024-04-24,214.64,5741100
2024-04-25,215.92,6606500
2024-04-26,216.62,6268500
2024-04-29,216.18,6409900
2024-04-30,211.87,11248600
2024-05-01,213.79,10373900
2024-05-02,213.13,6287000
2024-05-03,212.96,8679900
2024-05-06,215.2,6840500
2024-05-07,214.21,5660700
2024-05-08,213.58,4462700
2024-05-09,216.95,7732500
2024-05-10,218.71,8700900
2024-05-13,216.26,4896300
2024-05-14,218.09,4662700
2024-05-15,220.89,9297700
2024-05-16,220.03,4301700
2024-05-17,223.66,10481900
2024-05-20,224.56,5990900
2024-05-21,224.23,4002600
2024-05-22,220.11,8903100
2024-05-23,215.72,9537900
2024-05-24,215.92,4212400
2024-05-28,218.19,3809700
2024-05-29,216.16,4185000
2024-05-30,216.57,3068800
2024-05-31,215.3,5617200
2024-06-03,217.22,6172600
2024-06-04,215.27,5509400
2024-06-05,217.82,5479200
2024-06-06,219.43,5283900
2024-06-07,211.6,12195100
2024-06-10,213.54,4215300
2024-06-11,214.15,4004100
2024-06-12,214.72,5911900
2024-06-13,212.97,5861100
2024-06-14,215.73,7076500
2024-06-17,214.61,3877700
2024-06-18,215.47,4921400
2024-06-20,218.16,7290500
2024-06-21,214.78,8865600
2024-06-24,215.63,4626900
2024-06-25,214.56,3820900
2024-06-26,212.58,4690300
2024-06-27,214.99,4977800
2024-06-28,215.01,3955100
2024-07-01,215.57,3797900
2024-07-02,215.56,4921700
2024-07-03,217.99,5055300
2024-07-05,220.93,5950600
2024-07-08,218.19,5790800
2024-07-09,218.56,3901500
2024-07-10,219.36,5556200
2024-07-11,223.25,9322000
2024-07-12,223.11,5179300
2024-07-15,223.83,5719300
2024-07-16,228.29,11070700
2024-07-17,227.23,8620500
2024-07-18,225.78,5485500
2024-07-19,221.73,8666000
2024-07-22,221.8,5334100
2024-07-23,222.58,4435700
2024-07-24,221.8,6838800
2024-07-25,218.33,9777100
2024-07-26,220.63,6328800
2024-07-29,220.32,4665100
2024-07-30,222.52,4939500
2024-07-31,226.55,7316600
2024-08-01,225.77,7217200
2024-08-02,225.34,11109400
2024-08-05,222.48,8939000
2024-08-06,220.7,14362300
2024-08-07,220.55,5287800
2024-08-08,224.01,6327100
2024-08-09,224.56,4441000
2024-08-12,228.41,5561300
2024-08-13,228.06,6740200
2024-08-14,226.2,5462500
2024-08-15,226.91,5273300
2024-08-16,231.99,11924500
2024-08-19,231.61,5164800
2024-08-20,232.46,9073600
2024-08-21,232.15,5337400
2024-08-22,229.37,5765400
2024-08-23,232.02,5418200
2024-08-26,232.76,3151400
2024-08-27,233.39,4435600
2024-08-28,231.75,4961500
2024-08-29,232.95,5524200
2024-08-30,231.29,5743000
2024-09-03,230.29,6417900
2024-09-04,230.43,4696000
2024-09-05,232.35,4838100
2024-09-06,230.63,6315800
2024-09-09,231.6,3548800
2024-09-10,232.62,4378300
2024-09-11,232.25,4637300
2024-09-12,236.33,9930200
2024-09-13,238.68,7455100
2024-09-16,238.66,4713500
2024-09-17,237.34,5257100
2024-09-18,235.51,11081100
2024-09-19,239.17,6108200
2024-09-20,242.21,7737400
2024-09-23,242.68,5426200
2024-09-24,246.07,8386300
2024-09-25,245.73,7393400
2024-09-26,246.98,7041100
2024-09-27,245.02,8329600
2024-09-30,243.06,6916700
2024-10-01,245.61,10605500
2024-10-02,245.66,6798800
2024-10-03,245.49,5674500
2024-10-04,245.0,5947800
2024-10-07,244.17,3849000
2024-10-08,242.37,7669800
2024-10-09,241.05,4120500
2024-10-10,242.82,4792700
2024-10-11,245.47,5789500
2024-10-14,245.07,3922900
2024-10-15,245.92,5640800
2024-10-16,247.15,5431900
2024-10-17,248.63,5176200
2024-10-18,251.27,7833600
2024-10-21,251.22,9258600
2024-10-22,253.93,5756300
2024-10-23,250.87,8081000
2024-10-24,252.8,5962200
2024-10-25,253.32,4424500
2024-10-28,253.33,4029100
2024-10-29,256.09,8875500
2024-10-30,257.5,6386200
2024-10-31,253.51,9930800
2024-11-01,252.47,6473000
2024-11-04,252.83,4581400
2024-11-05,253.4,6029900
2024-11-06,245.7,14600200
2024-11-07,249.65,8821400
2024-11-08,247.96,6267900
2024-11-11,242.14,11653800
2024-11-12,240.05,10145500
2024-11-13,237.63,8431700
2024-11-14,237.01,8262400
2024-11-15,236.59,7299500
2024-11-18,241.09,6323400
2024-11-19,243.25,6579100
2024-11-20,244.62,6630700
2024-11-21,246.66,7646400
2024-11-22,249.84,7503000
2024-11-25,242.48,10733100
2024-11-26,242.95,4945900
2024-11-27,243.49,6930600
2024-11-29,245.59,2708500
2024-12-02,243.44,4765000
2024-12-03,243.93,3557800
2024-12-04,244.67,4608600
2024-12-05,242.86,4806200
2024-12-06,242.95,3540700
2024-12-09,245.36,4711500
2024-12-10,248.59,4642000
2024-12-11,250.96,11033800
2024-12-12,247.28,10149600
2024-12-13,244.29,6602600
2024-12-16,244.88,3310000
2024-12-17,243.94,4421300
2024-12-18,239.26,8015800
2024-12-19,239.6,8111400
2024-12-20,242.1,9527800
2024-12-23,240.96,5835500
2024-12-24,241.44,2421000
2024-12-26,243.07,4645100
2024-12-27,241.4,4728100
2024-12-30,240.63,3522500
2024-12-31,242.13,2522100
2025-01-02,245.42,6241900
2025-01-03,243.49,4872100
2025-01-06,243.19,3758900
2025-01-07,244.56,5090300
2025-01-08,245.86,6303300
2025-01-10,248.21,12380100
2025-01-13,245.74,8448600
2025-01-14,247.03,4914800
2025-01-15,248.88,6345000
2025-01-16,250.6,9236000
2025-01-17,249.27,8312900
2025-01-21,253.13,7668100
2025-01-22,254.43,5213800
2025-01-23,254.07,6511500
2025-01-24,255.65,7341300
2025-01-27,252.99,5799800
2025-01-28,255.18,5332000
2025-01-29,254.2,5671800
2025-01-30,258.05,12981200
2025-01-31,258.56,8961100
2025-02-03,259.94,11521100
2025-02-04,262.5,9850400
2025-02-05,264.13,12681100
2025-02-06,263.43,8731400
2025-02-07,263.9,9154000
2025-02-10,268.37,13250300
2025-02-11,267.39,7169500
2025-02-12,267.67,9328600
2025-02-13,270.31,8347500
2025-02-14,266.29,11546700
2025-02-18,270.7,8185900
2025-02-19,270.85,9342500
2025-02-20,270.99,7356900
2025-02-21,270.74,8917400
2025-02-24,272.21,5374400
2025-02-25,268.62,10079800
2025-02-26,269.03,7276000
2025-02-27,264.93,9374600
2025-02-28,263.27,11504500
2025-03-03,266.74,7725600
2025-03-04,269.06,8481300
2025-03-05,269.62,6990400
2025-03-06,268.25,6136400
2025-03-07,268.39,10431200
2025-03-10,266.04,7593900
2025-03-11,269.16,8436600
2025-03-12,270.33,7236200
2025-03-13,275.13,13741500
2025-03-14,275.24,13365000
2025-03-17,276.73,8583400
2025-03-18,279.96,9596500
2025-03-19,281.11,8822200
2025-03-20,280.75,5863300
2025-03-21,278.49,9359300
2025-03-24,277.25,7870100
2025-03-25,278.47,5090200
2025-03-26,278.24,3717500
2025-03-27,281.97,8476300
2025-03-28,284.06,9563700
2025-03-31,288.14,13925100
2025-04-01,287.57,15923600
2025-04-02,288.16,11074800
2025-04-03,286.42,20524400
2025-04-04,279.72,21517200
2025-04-07,273.71,19807000
2025-04-08,275.2,12639500
2025-04-09,285.38,25342200
2025-04-10,292.35,19837800
2025-04-11,297.93,21080100
2025-04-14,296.23,12427600
2025-04-15,297.78,7924100
2025-04-16,307.47,20778100
2025-04-17,306.12,18287800
2025-04-21,315.59,20372300
2025-04-22,311.11,35242300
2025-04-23,303.65,25421500
2025-04-24,308.07,10845000
2025-04-25,304.73,10691600
2025-04-28,309.07,9375500
2025-04-29,306.06,6852100
2025-04-30,303.77,8331900
2025-05-01,297.46,14969100
2025-05-02,297.98,8678400
2025-05-05,306.88,8924000
2025-05-06,315.48,11445300
2025-05-07,310.75,7888300
2025-05-08,304.63,11927600
2025-05-09,306.84,6913100
2025-05-12,298.19,14375900
2025-05-13,299.46,10233600
2025-05-14,293.16,14800600
2025-05-15,297.84,13497700
2025-05-16,294.24,14173000
2025-05-19,298.03,11656300
2025-05-20,303.58,12851000
2025-05-21,305.82,12414500
2025-05-22,303.11,9704200
2025-05-23,309.75,13339500
2025-05-27,304.5,9578500
2025-05-28,303.81,8803300
2025-05-29,305.61,9487900
2025-05-30,303.6,9553300
2025-06-02,311.67,13593200
2025-06-03,308.91,9315100
2025-06-04,310.9,7462500
2025-06-05,309.33,10817800
2025-06-06,305.18,7787500
2025-06-09,306.62,7159000
2025-06-10,306.71,7071700
2025-06-11,308.37,9248800
2025-06-12,312.2,11531400
2025-06-13,316.29,16592900
2025-06-16,311.78,12848400
2025-06-17,311.94,8234100
2025-06-18,310.26,9370800
2025-06-20,310.13,8794700
2025-06-23,311.08,12687900
2025-06-24,306.19,12035200
2025-06-25,307.12,6733200
2025-06-26,306.78,6787500
2025-06-27,301.22,13301300
2025-06-30,304.83,8192100
2025-07-01,307.55,9335600
2025-07-02,309.25,8316400
2025-07-03,307.14,5275800
2025-07-07,307.37,7351600
2025-07-08,304.16,11840500
2025-07-09,305.52,10644100
2025-07-10,306.2,7053700
2025-07-11,309.14,9187300
2025-07-14,308.01,5772900
2025-07-15,306.73,8149000
2025-07-16,308.26,17693100
2025-07-17,307.59,6642300
2025-07-18,308.39,5574300
2025-07-21,313.13,10995800
2025-07-22,316.1,13691800
2025-07-23,312.18,10547500
2025-07-24,310.27,7698800
2025-07-25,307.4,9376400
2025-07-28,305.41,9275400
2025-07-29,306.25,5741100
2025-07-30,300.96,13459600
2025-07-31,302.96,8981000
2025-08-01,309.11,12843400
2025-08-04,310.91,7639000
2025-08-05,311.16,6997700
2025-08-06,310.5,7418200
2025-08-07,313.12,10891500
2025-08-08,313.05,19886800
2025-08-11,308.55,10326700
2025-08-12,308.27,9697400
2025-08-13,309.21,4718600
2025-08-14,307.25,5817700
2025-08-15,307.43,5990100
2025-08-18,306.95,6150100
2025-08-19,305.27,5029900
2025-08-20,308.36,6515400
2025-08-21,307.29,4809000
2025-08-22,310.58,8526500
2025-08-25,309.83,4044400
2025-08-26,312.08,11698500
2025-08-27,312.71,4320100
2025-08-28,315.03,9610200
2025-08-29,318.07,15642600
2025-09-02,325.59,21247500
2025-09-03,328.14,16062200
2025-09-04,326.69,11703100
2025-09-05,331.05,16065200
2025-09-08,334.82,18617300
2025-09-09,334.06,21641900
2025-09-10,335.26,11945700
2025-09-11,334.76,9082600
2025-09-12,335.42,9619700
2025-09-15,338.91,10569900
2025-09-16,339.59,12161500
2025-09-17,336.97,16535300
2025-09-18,335.62,14913300
2025-09-19,339.18,14982600
2025-09-22,345.05,12386400
2025-09-23,346.46,18384000
2025-09-24,343.32,12709100
2025-09-25,344.75,12639600
2025-09-26,346.74,11698200
2025-09-29,352.46,15719600
2025-09-30,355.47,13312400
2025-10-01,356.03,15573600
2025-10-02,354.79,16162100
2025-10-03,357.64,14464000
2025-10-06,364.38,17093700
2025-10-07,366.26,16836800
2025-10-08,372.3,28052300
2025-10-09,365.43,33674800
2025-10-10,369.12,24192800
2025-10-13,378.09,18514400
2025-10-14,380.79,18409600
2025-10-15,387.39,20598300
2025-10-16,396.45,33621400
2025-10-17,388.99,62025000
2025-10-20,403.15,34523000
2025-10-21,377.24,54101400
2025-10-22,377.28,30524100
2025-10-23,378.79,13695500
2025-10-24,377.52,13263800
2025-10-27,367.01,23657600
2025-10-28,364.38,19257600
2025-10-29,363.0,18891800
2025-10-30,370.13,14812800
2025-10-31,368.12,11077900
2025-11-03,368.78,7254300
2025-11-04,362.32,11540100
2025-11-05,366.51,8357300
2025-11-06,366.07,6891100
2025-11-07,368.31,11060400
2025-11-10,378.38,13456200
2025-11-11,379.87,10753200
2025-11-12,385.99,16203700
2025-11-13,382.87,15867900
2025-11-14,375.96,15198000
2025-11-17,371.65,13295200
2025-11-18,374.35,7818800
2025-11-19,374.96,10980400
2025-11-20,374.85,10506500
2025-11-21,374.27,13194600
2025-11-24,380.2,10085300
2025-11-25,380.08,10462800
2025-11-26,383.12,9184100
2025-11-28,387.88,7175400
2025-12-01,389.75,11177100
2025-12-02,387.24,8103900
2025-12-03,386.88,7886800
2025-12-04,387.13,6754400
2025-12-05,386.44,9449800
2025-12-08,385.42,6822100
2025-12-09,387.4,6358700
2025-12-10,389.05,9120500
2025-12-11,393.24,11240600
2025-12-12,395.44,16792100
2025-12-15,395.8,11345000
2025-12-16,395.89,9201600
2025-12-17,399.29,10456900
2025-12-18,398.57,11837600
2025-12-19,399.02,9894800
2025-12-22,408.23,14202100
2025-12-23,413.64,13193300
2025-12-24,411.93,6718400
2025-12-26,416.74,10476200
2025-12-29,398.6,20679200
2025-12-30,398.89,10179000
2025-12-31,396.31,10194700
2026-01-02,398.28,10372600
2026-01-05,408.76,13410600
2026-01-06,413.18,11640900
2026-01-07,409.23,10589500
2026-01-08,411.49,8705900
2026-01-09,414.47,14011200
2026-01-12,422.23,20904100
2026-01-13,421.63,16681200
2026-01-14,425.94,18305500
2026-01-15,423.33,14253200
2026-01-16,421.29,20951600
2026-01-20,437.23,21308100
2026-01-21,443.6,38830200
2026-01-22,451.79,19251200
2026-01-23,458.0,21531900
2026-01-26,464.7,34156000
2026-01-27,476.1,28386200
2026-01-28,494.56,44154600
2026-01-29,495.9,69970900
2026-01-30,444.95,86593500
2026-02-02,427.13,41626200
2026-02-03,454.29,28703500
2026-02-04,453.97,24427900
2026-02-05,441.88,17718100
2026-02-06,455.46,12663900
2026-02-09,467.03,12330900
2026-02-10,462.4,7861600
2026-02-11,467.63,11209600
2026-02-12,451.39,20488800
2026-02-13,462.62,12359300
2026-02-17,448.2,10976100
2026-02-18,458.28,10226300
2026-02-19,459.56,8411400
2026-02-20,468.62,14316300
2026-02-23,481.28,17441600
2026-02-24,474.61,14147100
2026-02-25,473.42,12954300
2026-02-26,477.48,12375000
2026-02-27,483.75,16795100
2026-03-02,490.0,19916600
2026-03-03,468.14,22591500
2026-03-04,471.8,9985900
2026-03-05,466.13,11674800
2026-03-06,473.51,10489800
2026-03-09,472.53,8829800
2026-03-10,477.86,9616800
2026-03-11,476.24,7522900
2026-03-12,466.88,11900600
2026-03-13,460.84,11741600
2026-03-16,460.43,8964100
2026-03-17,459.27,7610100
2026-03-18,444.74,18375600
2026-03-19,426.41,30206000
2026-03-20,413.38,27204900
2026-03-23,404.04,36796800
2026-03-24,404.13,17478500
2026-03-25,416.29,15713200
2026-03-26,400.64,15756300
2026-03-27,414.7,16580700
2026-03-30,414.58,13172100
2026-03-31,430.29,14534300
2026-04-01,437.82,14133100
2026-04-02,429.41,10838600
2026-04-06,427.65,5417300
2026-04-07,431.81,7263500
2026-04-08,434.53,9689700
2026-04-09,437.91,6748500
2026-04-10,437.13,6193300
2026-04-13,435.36,5549400
2026-04-14,445.09,8731700
2026-04-15,440.46,6455900
2026-04-16,440.08,5350100
2026-04-17,445.93,9712000
2026-04-20,442.09,8473000
2026-04-21,429.57,9480000
2026-04-22,435.26,5178100
2026-04-23,431.04,4976400
2026-04-24,433.25,5924100
2026-04-27,429.89,6105200
2026-04-28,421.91,7723400
2026-04-29,417.41,6452600
2026-04-30,423.66,6732800
2026-05-01,423.18,5911500
2026-05-04,414.71,7285700
2026-05-05,418.27,4279900
2026-05-06,430.96,7013900
2026-05-07,431.68,6816200
2026-05-08,433.77,5380800
2026-05-11,434.65,5569100
2026-05-12,432.93,6660900
2026-05-13,430.5,4180300
2026-05-14,427.21,4021400
2026-05-15,417.29,9360400
2026-05-18,418.43,5628300
2026-05-19,411.5,5419400
2026-05-20,417.4,6005000
2026-05-21,416.99,4679900
2026-05-22,413.82,5528400
2026-05-26,414.0,5098400
2026-05-27,408.49,6624600
2026-05-28,412.77,7184100
2026-05-29,417.12,7705700
2026-06-01,411.26,6158900
2026-06-02,411.95,3823900
2026-06-03,407.87,5038000
2026-06-04,411.27,4646500
2026-06-05,396.24,11473900
2026-06-08,397.27,8057300
2026-06-09,390.78,9567300
2026-06-10,374.58,13956200
2026-06-11,386.32,12622500
2026-06-12,386.54,7532600
2026-06-15,396.55,10477100
2026-06-16,397.63,6004000
2026-06-17,388.6,13343000
2026-06-18,387.12,7627300
2026-06-22,384.59,7835100
2026-06-23,377.32,7389600
2026-06-24,365.92,12741700
2026-06-25,369.46,9137100
2026-06-26,373.63,5603300
2026-06-29,368.58,5006300
2026-06-30,368.38,5302100
2026-07-01,370.6,9058300
2026-07-02,378.13,7592900
2026-07-06,382.13,3906500
2026-07-07,377.49,4815400
2026-07-08,374.45,7728500
2026-07-09,378.18,4754600
2026-07-10,377.01,5455400
2026-07-13,367.13,7161700
2026-07-14,372.15,6303400
2026-07-15,372.35,7683700
2026-07-16,364.96,9048000
2026-07-17,368.41,6456600
2026-07-20,367.6,3922500
2026-07-21,374.81,6070600
2026-07-22,379.12,7115100
2026-07-23,371.52,9820600
2026-07-24,371.9,3852400
2026-07-27,374.63,3700000
2026-07-28,369.37,4819300
2026-07-29,371.08,11839900
2026-07-30,377.16,5968400
2026-07-31,371.54,6825900
2026-08-03,371.71,4968900
2026-08-04,374.16,5723100
2026-08-05,389.64,14758700
2026-08-06,389.67,10954300
2026-08-07,398.47,13324500
2026-08-10,402.54,11057000
2026-08-11,400.96,7439100
2026-08-12,404.92,10383100
2026-08-13,398.96,8695200
2026-08-14,401.48,6749800
2026-08-17,405.49,9604100
2026-08-18,398.55,10660900
2026-08-19,413.84,17480700
2026-08-20,415.26,13900900
2026-08-21,423.36,14529000
2026-08-24,426.69,18943000
2026-08-25,428.07,12450600
2026-08-26,421.32,9816500
2026-08-27,422.6,7089000
2026-08-28,408.89,25044400
2026-08-31,408.42,9490000
2026-09-01,396.75,13143000
2026-09-02,402.78,13714100
2026-09-03,410.22,12509500
2026-09-04,406.77,9813200
2026-09-08,399.72,8992200
2026-09-09,403.35,8188400
2026-09-10,396.36,10202900
2026-09-11,398.77,10963000
2026-09-14,392.84,7435100
2026-09-15,394.15,6705500
2026-09-16,391.74,15773200
2026-09-17,398.36,7746100
2026-09-18,401.17,9523900
2026-09-21,398.38,6411000
2026-09-22,400.07,6519900
2026-09-23,392.88,7547000
2026-09-24,391.69,6710200
2026-09-25,393.41,7701100
2026-09-28,377.91,14843400
2026-09-29,382.89,8100800
