datum,schluss,volumen
2008-01-02,40.78,444600
2008-01-03,40.31,809900
2008-01-04,39.64,780500
2008-01-07,39.75,841800
2008-01-08,38.61,864800
2008-01-09,37.4,1331000
2008-01-10,38.04,1033700
2008-01-11,37.35,610500
2008-01-14,37.74,847500
2008-01-15,37.02,852900
2008-01-16,35.96,1209200
2008-01-17,34.5,1771200
2008-01-18,34.12,1316700
2008-01-22,34.22,1007200
2008-01-23,33.82,1226400
2008-01-24,34.15,2867800
2008-01-25,37.3,2194500
2008-01-28,39.09,2328900
2008-01-29,35.36,5084200
2008-01-30,35.6,2213700
2008-01-31,36.25,1289800
2008-02-01,37.38,1059500
2008-02-04,38.3,1975800
2008-02-05,37.1,1365500
2008-02-06,37.51,1144400
2008-02-07,38.04,1328600
2008-02-08,38.06,1301700
2008-02-11,38.17,832600
2008-02-12,39.74,1793600
2008-02-13,39.88,1059000
2008-02-14,39.37,667400
2008-02-15,39.56,668500
2008-02-19,39.93,644400
2008-02-20,40.15,821100
2008-02-21,39.25,479200
2008-02-22,38.2,1584000
2008-02-25,40.21,729600
2008-02-26,40.25,786300
2008-02-27,39.81,558500
2008-02-28,39.3,463300
2008-02-29,37.94,782000
2008-03-03,37.5,791500
2008-03-04,37.04,661600
2008-03-05,37.32,466000
2008-03-06,36.54,502600
2008-03-07,35.56,633800
2008-03-10,35.27,833900
2008-03-11,37.07,1187500
2008-03-12,37.1,456300
2008-03-13,36.98,607600
2008-03-14,35.34,884000
2008-03-17,34.84,1148500
2008-03-18,36.39,532300
2008-03-19,34.64,1099000
2008-03-20,34.32,1219300
2008-03-24,34.98,1257700
2008-03-25,35.78,1675500
2008-03-26,35.81,645100
2008-03-27,36.03,677400
2008-03-28,35.35,426200
2008-03-31,36.52,1043800
2008-04-01,36.99,1050200
2008-04-02,37.0,873300
2008-04-03,36.31,915000
2008-04-04,35.79,1267400
2008-04-07,35.7,1458500
2008-04-08,36.25,513600
2008-04-09,35.59,317900
2008-04-10,35.25,561300
2008-04-11,34.93,551800
2008-04-14,35.14,521300
2008-04-15,35.65,736500
2008-04-16,37.03,671400
2008-04-17,36.9,798600
2008-04-18,37.75,625300
2008-04-21,39.0,1393200
2008-04-22,37.63,1623100
2008-04-23,38.37,1178200
2008-04-24,38.21,999200
2008-04-25,38.36,664300
2008-04-28,38.11,461600
2008-04-29,37.4,447800
2008-04-30,37.41,547600
2008-05-01,37.76,553100
2008-05-02,37.75,417300
2008-05-05,38.33,601500
2008-05-06,38.25,423800
2008-05-07,38.48,1043600
2008-05-08,39.66,785700
2008-05-09,39.83,1662100
2008-05-12,41.6,1244900
2008-05-13,42.59,1198300
2008-05-14,43.9,1962000
2008-05-15,44.3,687700
2008-05-16,43.52,1642700
2008-05-19,42.99,1051600
2008-05-20,42.74,679500
2008-05-21,42.73,1068100
2008-05-22,43.69,616500
2008-05-23,42.91,423500
2008-05-27,43.0,353400
2008-05-28,43.8,366000
2008-05-29,44.4,737300
2008-05-30,44.47,530600
2008-06-02,43.56,475700
2008-06-03,43.57,737700
2008-06-04,44.58,657000
2008-06-05,45.79,953000
2008-06-06,44.34,967000
2008-06-09,43.8,658200
2008-06-10,42.97,614500
2008-06-11,42.58,484200
2008-06-12,43.38,628400
2008-06-13,44.47,383400
2008-06-16,44.4,585500
2008-06-17,44.49,423900
2008-06-18,44.12,564000
2008-06-19,44.38,197800
2008-06-20,43.37,669900
2008-06-23,44.34,913200
2008-06-24,42.83,766200
2008-06-25,44.11,1265700
2008-06-26,41.72,1036100
2008-06-27,40.98,1270400
2008-06-30,39.91,1083200
2008-07-01,39.95,1086800
2008-07-02,38.83,1148900
2008-07-03,38.72,339600
2008-07-07,38.28,688500
2008-07-08,38.71,937900
2008-07-09,38.65,745700
2008-07-10,38.97,1464400
2008-07-11,38.82,941500
2008-07-14,38.71,844000
2008-07-15,39.41,825100
2008-07-16,38.95,1016900
2008-07-17,39.2,694000
2008-07-18,38.8,1095000
2008-07-21,38.38,1901900
2008-07-22,36.85,1481200
2008-07-23,36.75,1468500
2008-07-24,36.05,676900
2008-07-25,36.6,801300
2008-07-28,36.59,703000
2008-07-29,37.59,889200
2008-07-30,38.82,785000
2008-07-31,38.93,914000
2008-08-01,38.41,794400
2008-08-04,37.7,813600
2008-08-05,39.69,967000
2008-08-06,39.88,629200
2008-08-07,39.22,465900
2008-08-08,40.26,401400
2008-08-11,40.85,573600
2008-08-12,40.58,458100
2008-08-13,40.8,593900
2008-08-14,40.93,638500
2008-08-15,40.56,353000
2008-08-18,40.41,495200
2008-08-19,38.87,750500
2008-08-20,39.04,447000
2008-08-21,39.02,299700
2008-08-22,40.0,294500
2008-08-25,39.11,300400
2008-08-26,39.44,336800
2008-08-27,39.74,758400
2008-08-28,40.8,483400
2008-08-29,39.74,351700
2008-09-02,39.1,602600
2008-09-03,38.47,661500
2008-09-04,37.19,909700
2008-09-05,37.01,873400
2008-09-08,37.34,669300
2008-09-09,34.07,1846100
2008-09-10,34.38,1616100
2008-09-11,35.44,2194100
2008-09-12,36.03,763500
2008-09-15,34.49,776000
2008-09-16,35.91,1289800
2008-09-17,33.34,1072300
2008-09-18,32.9,1518600
2008-09-19,36.15,2029500
2008-09-22,34.46,666600
2008-09-23,34.09,725900
2008-09-24,34.81,962500
2008-09-25,35.2,750900
2008-09-26,34.3,528700
2008-09-29,29.92,1304100
2008-09-30,30.84,1131800
2008-10-01,30.0,836200
2008-10-02,28.26,1325000
2008-10-03,28.11,820900
2008-10-06,26.43,1617400
2008-10-07,23.95,1315000
2008-10-08,25.04,2175700
2008-10-09,23.4,1562200
2008-10-10,22.51,1922000
2008-10-13,25.82,1204000
2008-10-14,25.48,1130200
2008-10-15,22.77,848400
2008-10-16,24.21,758200
2008-10-17,23.47,1031300
2008-10-20,24.72,622100
2008-10-21,23.25,904900
2008-10-22,21.9,1314500
2008-10-23,21.65,1302800
2008-10-24,20.92,1010300
2008-10-27,19.06,1268400
2008-10-28,20.69,1953200
2008-10-29,21.9,1481000
2008-10-30,23.58,1001300
2008-10-31,24.35,900600
2008-11-03,24.92,990900
2008-11-04,26.13,623900
2008-11-05,24.42,637300
2008-11-06,23.92,879800
2008-11-07,24.74,523300
2008-11-10,24.48,621600
2008-11-11,23.62,980400
2008-11-12,21.68,738100
2008-11-13,24.36,972000
2008-11-14,22.6,524800
2008-11-17,22.52,637300
2008-11-18,21.04,1337700
2008-11-19,18.88,1040800
2008-11-20,16.46,1384000
2008-11-21,18.29,1181000
2008-11-24,19.22,1311700
2008-11-25,18.38,1631700
2008-11-26,19.74,1079500
2008-11-28,20.33,471700
2008-12-01,17.45,862900
2008-12-02,18.51,649800
2008-12-03,19.18,750900
2008-12-04,17.88,663000
2008-12-05,18.41,724700
2008-12-08,20.2,834400
2008-12-09,20.0,643500
2008-12-10,20.97,585300
2008-12-11,19.43,561100
2008-12-12,20.28,660800
2008-12-15,18.94,896000
2008-12-16,19.69,1355400
2008-12-17,19.34,1429600
2008-12-18,18.35,1875600
2008-12-19,19.28,2404000
2008-12-22,19.63,1495000
2008-12-23,19.45,908700
2008-12-24,19.25,240200
2008-12-26,19.7,238500
2008-12-29,19.37,458700
2008-12-30,20.67,666100
2008-12-31,22.3,1122000
2009-01-02,23.1,687100
2009-01-05,23.0,898900
2009-01-06,24.13,886900
2009-01-07,23.39,563800
2009-01-08,23.99,621200
2009-01-09,23.14,494300
2009-01-12,22.31,465600
2009-01-13,22.4,495400
2009-01-14,21.99,790700
2009-01-15,22.74,674500
2009-01-16,22.63,632200
2009-01-20,21.14,868300
2009-01-21,22.35,739800
2009-01-22,22.06,710900
2009-01-23,22.41,545900
2009-01-26,22.5,1103100
2009-01-27,21.26,1592400
2009-01-28,23.0,1239100
2009-01-29,22.5,1301900
2009-01-30,22.25,968800
2009-02-02,21.98,978600
2009-02-03,22.77,931100
2009-02-04,23.19,889700
2009-02-05,23.9,749500
2009-02-06,24.46,940600
2009-02-09,24.37,625600
2009-02-10,23.13,816300
2009-02-11,23.27,594600
2009-02-12,23.54,951300
2009-02-13,22.95,1062400
2009-02-17,21.53,1489500
2009-02-18,21.0,1149600
2009-02-19,20.69,720300
2009-02-20,20.2,1982600
2009-02-23,18.77,1155700
2009-02-24,19.92,1570200
2009-02-25,19.12,731700
2009-02-26,18.74,745300
2009-02-27,19.35,1930700
2009-03-02,18.31,1581900
2009-03-03,17.45,3037200
2009-03-04,17.2,2985600
2009-03-05,15.81,1812200
2009-03-06,16.17,1164900
2009-03-09,16.09,1150700
2009-03-10,17.14,1148000
2009-03-11,17.61,1052000
2009-03-12,18.0,1573500
2009-03-13,18.21,960100
2009-03-16,18.25,893100
2009-03-17,19.46,1133600
2009-03-18,20.39,1456900
2009-03-19,20.42,1241200
2009-03-20,20.08,955600
2009-03-23,21.98,869800
2009-03-24,21.96,967700
2009-03-25,21.94,967700
2009-03-26,22.65,1160600
2009-03-27,21.82,865100
2009-03-30,21.34,635900
2009-03-31,21.77,908600
2009-04-01,22.45,855600
2009-04-02,23.95,1289700
2009-04-03,24.87,1088100
2009-04-06,24.74,1069700
2009-04-07,23.76,601900
2009-04-08,24.64,659700
2009-04-09,25.81,937600
2009-04-13,25.94,407500
2009-04-14,26.29,1214400
2009-04-15,25.37,1252200
2009-04-16,26.55,765500
2009-04-17,26.52,702500
2009-04-20,24.73,698000
2009-04-21,25.45,1113700
2009-04-22,25.5,592500
2009-04-23,25.75,508000
2009-04-24,27.2,903600
2009-04-27,27.0,1100300
2009-04-28,25.81,1181100
2009-04-29,26.34,656600
2009-04-30,26.82,1035000
2009-05-01,26.92,741400
2009-05-04,28.43,672300
2009-05-05,27.97,620600
2009-05-06,27.66,830900
2009-05-07,26.56,630400
2009-05-08,27.8,377600
2009-05-11,26.79,392700
2009-05-12,26.76,574000
2009-05-13,25.35,628900
2009-05-14,26.19,596500
2009-05-15,26.66,1147200
2009-05-18,27.32,796700
2009-05-19,27.06,657600
2009-05-20,28.56,1867900
2009-05-21,27.55,948300
2009-05-22,27.3,617900
2009-05-26,28.04,842400
2009-05-27,27.41,655400
2009-05-28,27.87,597500
2009-05-29,28.22,564800
2009-06-01,29.71,736800
2009-06-02,29.48,1004100
2009-06-03,28.67,708700
2009-06-04,29.06,596300
2009-06-05,29.0,677900
2009-06-08,27.91,1001400
2009-06-09,28.04,614000
2009-06-10,27.8,500600
2009-06-11,28.67,604900
2009-06-12,28.1,320200
2009-06-15,26.92,345800
2009-06-16,26.14,450600
2009-06-17,26.13,448400
2009-06-18,26.36,342300
2009-06-19,26.28,346800
2009-06-22,24.65,576300
2009-06-23,24.65,375900
2009-06-24,24.6,585300
2009-06-25,25.15,595600
2009-06-26,25.32,1580400
2009-06-29,25.84,471100
2009-06-30,25.57,720400
2009-07-01,25.72,737200
2009-07-02,24.82,337300
2009-07-06,24.88,422100
2009-07-07,23.8,526200
2009-07-08,23.56,610300
2009-07-09,23.68,434600
2009-07-10,23.75,410300
2009-07-13,24.41,626600
2009-07-14,24.57,384000
2009-07-15,25.91,656400
2009-07-16,26.58,507500
2009-07-17,26.21,340700
2009-07-20,26.38,578000
2009-07-21,26.35,771800
2009-07-22,27.19,807700
2009-07-23,30.15,1973100
2009-07-24,30.4,556600
2009-07-27,29.92,772000
2009-07-28,29.97,562400
2009-07-29,29.63,462200
2009-07-30,29.99,544400
2009-07-31,29.71,668100
2009-08-03,30.65,647900
2009-08-04,30.94,483700
2009-08-05,30.84,422300
2009-08-06,31.9,1517600
2009-08-07,32.05,648200
2009-08-10,31.7,396900
2009-08-11,31.65,592100
2009-08-12,32.44,901000
2009-08-13,32.25,545400
2009-08-14,31.59,695100
2009-08-17,30.46,430000
2009-08-18,30.89,341000
2009-08-19,30.96,612500
2009-08-20,31.15,313500
2009-08-21,32.15,704700
2009-08-24,32.42,820400
2009-08-25,32.36,642000
2009-08-26,32.33,738900
2009-08-27,32.21,508300
2009-08-28,32.42,535300
2009-08-31,32.23,551300
2009-09-01,30.92,701900
2009-09-02,31.39,534100
2009-09-03,31.83,388900
2009-09-04,32.32,334200
2009-09-08,33.35,1188400
2009-09-09,34.23,905400
2009-09-10,34.19,725000
2009-09-11,33.78,673400
2009-09-14,34.14,462700
2009-09-15,34.72,846600
2009-09-16,35.13,550900
2009-09-17,34.62,559400
2009-09-18,34.52,601600
2009-09-21,34.77,415500
2009-09-22,35.0,532400
2009-09-23,34.29,540700
2009-09-24,33.72,443700
2009-09-25,33.07,294900
2009-09-28,34.03,447300
2009-09-29,34.01,324200
2009-09-30,34.6,1283600
2009-10-01,32.56,870100
2009-10-02,31.76,999200
2009-10-05,33.01,814700
2009-10-06,33.55,546300
2009-10-07,33.36,284600
2009-10-08,33.5,569800
2009-10-09,33.4,343500
2009-10-12,33.81,295600
2009-10-13,33.84,383200
2009-10-14,35.0,649300
2009-10-15,35.19,432900
2009-10-16,34.42,568800
2009-10-19,34.81,469100
2009-10-20,34.37,483200
2009-10-21,33.91,487500
2009-10-22,34.51,556600
2009-10-23,34.56,798200
2009-10-26,33.92,1195800
2009-10-27,33.02,1944900
2009-10-28,31.86,1178600
2009-10-29,33.18,753400
2009-10-30,31.58,1234100
2009-11-02,31.7,825900
2009-11-03,32.14,551900
2009-11-04,31.65,688200
2009-11-05,32.98,604400
2009-11-06,33.33,600800
2009-11-09,34.52,593000
2009-11-10,34.86,764000
2009-11-11,35.06,699100
2009-11-12,34.27,404500
2009-11-13,34.47,773100
2009-11-16,35.11,469300
2009-11-17,34.68,583200
2009-11-18,34.48,296600
2009-11-19,34.08,537900
2009-11-20,34.1,471300
2009-11-23,34.4,491400
2009-11-24,34.13,266300
2009-11-25,34.61,304800
2009-11-27,33.84,169800
2009-11-30,33.75,471300
2009-12-01,34.21,433500
2009-12-02,35.05,512500
2009-12-03,33.76,727400
2009-12-04,34.09,1127500
2009-12-07,35.21,972500
2009-12-08,35.11,911200
2009-12-09,35.31,944600
2009-12-10,35.97,932200
2009-12-11,36.1,386900
2009-12-14,36.64,362900
2009-12-15,36.44,401100
2009-12-16,36.33,512300
2009-12-17,35.5,644200
2009-12-18,35.64,773000
2009-12-21,35.76,581300
2009-12-22,35.91,580500
2009-12-23,36.75,295100
2009-12-24,37.24,109600
2009-12-28,37.27,306000
2009-12-29,37.18,210500
2009-12-30,37.03,180800
2009-12-31,36.37,297500
2010-01-04,38.09,712900
2010-01-05,38.02,398900
2010-01-06,38.09,717200
2010-01-07,37.82,603700
2010-01-08,38.39,759000
2010-01-11,38.22,763000
2010-01-12,37.69,323400
2010-01-13,38.07,330500
2010-01-14,37.92,221100
2010-01-15,37.89,450400
2010-01-19,38.37,474100
2010-01-20,37.96,360900
2010-01-21,37.12,624700
2010-01-22,36.09,607800
2010-01-25,36.5,831500
2010-01-26,37.37,1156200
2010-01-27,36.86,669000
2010-01-28,36.44,545300
2010-01-29,35.72,852200
2010-02-01,36.25,1012700
2010-02-02,36.9,951800
2010-02-03,36.63,704100
2010-02-04,35.39,486000
2010-02-05,35.16,759400
2010-02-08,34.86,682600
2010-02-09,35.32,440500
2010-02-10,35.38,417500
2010-02-11,35.87,407100
2010-02-12,36.6,788700
2010-02-16,37.71,633600
2010-02-17,37.77,946500
2010-02-18,37.87,708300
2010-02-19,38.13,462500
2010-02-22,38.14,285400
2010-02-23,36.97,710900
2010-02-24,36.88,734400
2010-02-25,36.91,648700
2010-02-26,37.49,632600
2010-03-01,39.44,1212000
2010-03-02,40.33,1359800
2010-03-03,40.35,597800
2010-03-04,40.29,338200
2010-03-05,41.17,565400
2010-03-08,41.25,466500
2010-03-09,41.0,360000
2010-03-10,41.33,358300
2010-03-11,41.4,359300
2010-03-12,41.94,863300
2010-03-15,42.2,760200
2010-03-16,42.6,924800
2010-03-17,42.83,485600
2010-03-18,42.85,331500
2010-03-19,42.24,646200
2010-03-22,43.05,431000
2010-03-23,43.2,420400
2010-03-24,42.51,428700
2010-03-25,41.83,455100
2010-03-26,41.47,869000
2010-03-29,42.15,745500
2010-03-30,42.53,427900
2010-03-31,42.63,993700
2010-04-01,42.87,571400
2010-04-05,43.16,467300
2010-04-06,43.62,638000
2010-04-07,43.61,540300
2010-04-08,43.68,311600
2010-04-09,44.31,333100
2010-04-12,43.51,454300
2010-04-13,43.14,614200
2010-04-14,44.52,674800
2010-04-15,44.51,487600
2010-04-16,43.9,657600
2010-04-19,43.73,451100
2010-04-20,44.2,368300
2010-04-21,43.82,778700
2010-04-22,43.92,1313800
2010-04-23,44.66,1208000
2010-04-26,44.79,721200
2010-04-27,44.25,1851700
2010-04-28,45.24,1314600
2010-04-29,46.49,867100
2010-04-30,45.66,891400
2010-05-03,46.0,1112800
2010-05-04,44.43,1219500
2010-05-05,43.13,1010400
2010-05-06,40.79,2202500
2010-05-07,39.23,2738400
2010-05-10,42.65,1386500
2010-05-11,42.26,1140300
2010-05-12,43.47,797600
2010-05-13,43.12,517400
2010-05-14,41.99,969200
2010-05-17,41.71,1014400
2010-05-18,41.97,1732600
2010-05-19,41.57,1703000
2010-05-20,39.92,2919400
2010-05-21,40.82,1308300
2010-05-24,40.53,866400
2010-05-25,40.43,1825600
2010-05-26,41.45,1408900
2010-05-27,43.27,616600
2010-05-28,43.06,1083900
2010-06-01,41.54,650900
2010-06-02,42.85,603400
2010-06-03,43.0,606900
2010-06-04,41.05,1510700
2010-06-07,39.87,1504500
2010-06-08,39.33,2074300
2010-06-09,39.88,1193600
2010-06-10,41.83,1064800
2010-06-11,42.17,620500
2010-06-14,42.04,872800
2010-06-15,43.22,631800
2010-06-16,42.86,563200
2010-06-17,42.54,918200
2010-06-18,42.73,899200
2010-06-21,42.97,648400
2010-06-22,41.66,961600
2010-06-23,41.41,946500
2010-06-24,40.52,677100
2010-06-25,40.57,2780000
2010-06-28,41.16,1281300
2010-06-29,40.0,1317800
2010-06-30,39.71,735600
2010-07-01,39.58,820400
2010-07-02,39.2,580000
2010-07-06,39.1,753000
2010-07-07,40.87,1024200
2010-07-08,41.46,488100
2010-07-09,41.53,736400
2010-07-12,40.74,801600
2010-07-13,42.25,491400
2010-07-14,41.79,1054200
2010-07-15,41.94,666400
2010-07-16,40.31,737400
2010-07-19,40.77,438500
2010-07-20,41.65,599600
2010-07-21,41.3,715300
2010-07-22,43.26,1048800
2010-07-23,44.22,566500
2010-07-26,45.25,1141500
2010-07-27,44.5,1567000
2010-07-28,43.3,1588900
2010-07-29,43.4,874100
2010-07-30,43.62,728500
2010-08-02,44.65,470200
2010-08-03,44.29,567500
2010-08-04,45.39,616600
2010-08-05,45.27,356800
2010-08-06,45.41,740800
2010-08-09,45.87,452300
2010-08-10,44.99,694700
2010-08-11,43.28,577500
2010-08-12,42.16,1178700
2010-08-13,41.73,1103400
2010-08-16,41.81,1067400
2010-08-17,42.86,864700
2010-08-18,42.93,684200
2010-08-19,41.87,476800
2010-08-20,41.23,1034000
2010-08-23,40.81,499400
2010-08-24,40.03,677800
2010-08-25,39.92,1039400
2010-08-26,39.69,891600
2010-08-27,40.64,1098700
2010-08-30,39.89,540000
2010-08-31,40.09,796500
2010-09-01,41.94,735100
2010-09-02,42.39,469500
2010-09-03,43.32,523100
2010-09-07,42.35,568700
2010-09-08,42.46,456400
2010-09-09,41.66,722400
2010-09-10,41.04,926900
2010-09-13,42.13,874600
2010-09-14,42.32,710500
2010-09-15,43.25,715200
2010-09-16,43.15,859200
2010-09-17,43.38,823600
2010-09-20,44.18,636000
2010-09-21,43.96,496300
2010-09-22,43.63,488900
2010-09-23,43.29,678600
2010-09-24,44.55,853000
2010-09-27,44.84,533800
2010-09-28,45.33,616000
2010-09-29,46.13,1552800
2010-09-30,46.81,2219400
2010-10-01,47.26,1432400
2010-10-04,46.7,682000
2010-10-05,48.14,945700
2010-10-06,47.92,716100
2010-10-07,47.75,1300100
2010-10-08,47.81,958800
2010-10-11,48.04,694600
2010-10-12,48.02,408600
2010-10-13,48.82,684800
2010-10-14,48.52,291200
2010-10-15,48.49,279500
2010-10-18,48.38,686000
2010-10-19,47.35,568300
2010-10-20,48.36,565400
2010-10-21,48.68,620800
2010-10-22,49.02,1576600
2010-10-25,50.07,839800
2010-10-26,50.17,576200
2010-10-27,49.84,612000
2010-10-28,49.47,620400
2010-10-29,50.13,462700
2010-11-01,50.19,372100
2010-11-02,50.75,477800
2010-11-03,50.99,770300
2010-11-04,52.78,1243700
2010-11-05,53.1,880200
2010-11-08,52.88,350300
2010-11-09,52.5,709600
2010-11-10,53.0,508800
2010-11-11,52.96,535600
2010-11-12,51.96,263900
2010-11-15,52.14,363100
2010-11-16,51.18,804200
2010-11-17,51.24,331800
2010-11-18,52.8,652500
2010-11-19,53.48,289000
2010-11-22,53.93,440800
2010-11-23,52.9,566000
2010-11-24,54.55,455400
2010-11-26,54.11,113100
2010-11-29,54.3,522700
2010-11-30,54.09,791900
2010-12-01,55.37,692300
2010-12-02,55.0,957400
2010-12-03,55.23,709600
2010-12-06,55.36,296200
2010-12-07,55.57,437700
2010-12-08,54.42,1319600
2010-12-09,55.07,472400
2010-12-10,55.39,387800
2010-12-13,55.05,390900
2010-12-14,55.64,486500
2010-12-15,54.81,1106800
2010-12-16,55.46,939100
2010-12-17,56.3,1163300
2010-12-20,55.78,568500
2010-12-21,56.73,463900
2010-12-22,56.16,334400
2010-12-23,56.15,171500
2010-12-27,56.05,179500
2010-12-28,55.93,226600
2010-12-29,56.36,338700
2010-12-30,56.13,153900
2010-12-31,55.78,301100
2011-01-03,55.86,663800
2011-01-04,55.34,715400
2011-01-05,55.16,503800
2011-01-06,54.81,651800
2011-01-07,54.68,486900
2011-01-10,55.05,723100
2011-01-11,55.8,501800
2011-01-12,58.81,1443800
2011-01-13,58.44,737000
2011-01-14,59.86,1021700
2011-01-18,60.66,1094400
2011-01-19,57.25,1920000
2011-01-20,56.87,875200
2011-01-21,57.69,1010700
2011-01-24,57.7,1224700
2011-01-25,57.0,1643900
2011-01-26,57.11,1756000
2011-01-27,56.88,1066400
2011-01-28,55.58,1387300
2011-01-31,56.16,1240200
2011-02-01,57.74,1610400
2011-02-02,57.64,1196200
2011-02-03,57.51,600700
2011-02-04,57.84,974600
2011-02-07,57.43,861700
2011-02-08,57.57,881000
2011-02-09,57.22,823400
2011-02-10,57.18,733000
2011-02-11,57.36,1321300
2011-02-14,57.62,548300
2011-02-15,57.77,581900
2011-02-16,58.56,761500
2011-02-17,59.05,726300
2011-02-18,59.35,647500
2011-02-22,57.13,1061500
2011-02-23,56.73,839900
2011-02-24,56.02,1076600
2011-02-25,57.24,625300
2011-02-28,57.56,624600
2011-03-01,56.34,845100
2011-03-02,56.02,426200
2011-03-03,58.31,534400
2011-03-04,58.28,878300
2011-03-07,56.74,692900
2011-03-08,56.78,718800
2011-03-09,56.42,814300
2011-03-10,54.88,723000
2011-03-11,54.9,950900
2011-03-14,56.12,1055300
2011-03-15,54.64,1489200
2011-03-16,53.09,1440200
2011-03-17,53.84,1333600
2011-03-18,54.07,1358000
2011-03-21,55.52,606300
2011-03-22,55.27,362200
2011-03-23,55.7,591600
2011-03-24,56.57,606900
2011-03-25,57.23,1157900
2011-03-28,57.75,832700
2011-03-29,58.45,712000
2011-03-30,59.37,974900
2011-03-31,59.77,635800
2011-04-01,60.1,597500
2011-04-04,59.81,709100
2011-04-05,59.86,1265800
2011-04-06,60.32,784100
2011-04-07,60.18,531800
2011-04-08,60.05,582600
2011-04-11,59.13,664200
2011-04-12,57.88,940900
2011-04-13,57.83,758100
2011-04-14,57.83,929800
2011-04-15,58.15,1064400
2011-04-18,56.91,855100
2011-04-19,57.82,884600
2011-04-20,64.87,3356500
2011-04-21,64.99,1542800
2011-04-25,69.56,3229200
2011-04-26,68.51,1200000
2011-04-27,68.1,954400
2011-04-28,68.73,649100
2011-04-29,70.55,1252800
2011-05-02,69.96,993900
2011-05-03,68.28,925500
2011-05-04,66.1,1401100
2011-05-05,67.95,1656500
2011-05-06,69.0,1468300
2011-05-09,69.28,664800
2011-05-10,71.11,915300
2011-05-11,69.88,928700
2011-05-12,68.96,761000
2011-05-13,68.26,502600
2011-05-16,67.76,500700
2011-05-17,67.28,698500
2011-05-18,69.38,496400
2011-05-19,69.06,433000
2011-05-20,68.55,457600
2011-05-23,67.21,611400
2011-05-24,67.91,576100
2011-05-25,68.91,665700
2011-05-26,69.23,547700
2011-05-27,70.55,501100
2011-05-31,70.84,754400
2011-06-01,68.47,489100
2011-06-02,67.75,750000
2011-06-03,67.19,886300
2011-06-06,65.86,904200
2011-06-07,66.04,790200
2011-06-08,65.45,580600
2011-06-09,66.61,520100
2011-06-10,65.52,624300
2011-06-13,65.04,455200
2011-06-14,66.17,496800
2011-06-15,65.56,585200
2011-06-16,64.85,582700
2011-06-17,64.7,657900
2011-06-20,65.68,374800
2011-06-21,67.68,416400
2011-06-22,67.28,398200
2011-06-23,66.98,747800
2011-06-24,66.14,516900
2011-06-27,66.15,433200
2011-06-28,67.32,690700
2011-06-29,68.52,772300
2011-06-30,69.2,790300
2011-07-01,70.48,473200
2011-07-05,70.06,588300
2011-07-06,70.2,781900
2011-07-07,70.55,858900
2011-07-08,70.56,668800
2011-07-11,69.1,625100
2011-07-12,68.66,602800
2011-07-13,68.44,801200
2011-07-14,67.92,851700
2011-07-15,68.15,560900
2011-07-18,67.39,698500
2011-07-19,68.88,1094000
2011-07-20,68.11,568600
2011-07-21,69.91,1071900
2011-07-22,66.89,2162100
2011-07-25,68.7,1490500
2011-07-26,68.34,1376100
2011-07-27,67.96,1367700
2011-07-28,67.42,1079600
2011-07-29,66.58,758600
2011-08-01,66.53,1114700
2011-08-02,63.18,881100
2011-08-03,63.33,1243800
2011-08-04,57.41,2177900
2011-08-05,56.28,2743200
2011-08-08,51.46,2641400
2011-08-09,56.03,1932100
2011-08-10,52.76,2217600
2011-08-11,57.0,1762900
2011-08-12,58.12,1207700
2011-08-15,59.45,755800
2011-08-16,55.26,3536700
2011-08-17,53.99,1613500
2011-08-18,48.38,3296400
2011-08-19,46.31,2032600
2011-08-22,45.61,2587200
2011-08-23,47.09,1692400
2011-08-24,48.48,1305700
2011-08-25,47.61,1259700
2011-08-26,49.46,1209300
2011-08-29,51.89,1586200
2011-08-30,50.84,1136100
2011-08-31,50.71,1431600
2011-09-01,49.94,1112700
2011-09-02,47.64,1648300
2011-09-06,46.92,1416400
2011-09-07,48.84,776300
2011-09-08,47.73,665600
2011-09-09,45.85,1191800
2011-09-12,44.69,1785100
2011-09-13,45.61,1065700
2011-09-14,46.16,1096600
2011-09-15,46.83,789400
2011-09-16,46.3,1002200
2011-09-19,45.86,830100
2011-09-20,44.99,1378000
2011-09-21,43.43,1028400
2011-09-22,40.22,2573100
2011-09-23,40.92,999400
2011-09-26,42.44,845100
2011-09-27,44.01,1216800
2011-09-28,41.01,929900
2011-09-29,42.34,1032800
2011-09-30,40.4,1475500
2011-10-03,39.0,1568300
2011-10-04,40.27,1800000
2011-10-05,42.49,1649400
2011-10-06,43.0,995300
2011-10-07,43.4,1966400
2011-10-10,45.96,1609600
2011-10-11,46.14,931300
2011-10-12,47.44,1322700
2011-10-13,47.5,965900
2011-10-14,48.63,693000
2011-10-17,47.43,1070700
2011-10-18,48.96,1023600
2011-10-19,44.83,2641100
2011-10-20,45.44,2001000
2011-10-21,46.53,1996700
2011-10-24,48.61,1558200
2011-10-25,50.96,4549100
2011-10-26,52.72,2632400
2011-10-27,55.26,1774200
2011-10-28,55.13,1035500
2011-10-31,53.29,1226800
2011-11-01,50.97,1382400
2011-11-02,52.92,1282500
2011-11-03,54.4,801400
2011-11-04,54.37,701800
2011-11-07,54.6,956300
2011-11-08,54.53,1234500
2011-11-09,51.88,1372100
2011-11-10,52.5,537100
2011-11-11,53.84,805400
2011-11-14,53.29,534900
2011-11-15,52.31,1425400
2011-11-16,52.16,764000
2011-11-17,50.35,1020700
2011-11-18,50.3,490600
2011-11-21,49.75,646800
2011-11-22,49.05,641900
2011-11-23,47.0,740200
2011-11-25,47.23,335900
2011-11-28,49.63,735300
2011-11-29,50.02,505400
2011-11-30,54.53,1317900
2011-12-01,53.5,509200
2011-12-02,53.29,469200
2011-12-05,53.75,862500
2011-12-06,53.74,418100
2011-12-07,54.58,649200
2011-12-08,53.08,632900
2011-12-09,53.09,1353000
2011-12-12,50.91,1054700
2011-12-13,50.49,938700
2011-12-14,48.07,1266800
2011-12-15,48.82,712400
2011-12-16,50.16,1310300
2011-12-19,48.01,729500
2011-12-20,50.05,811200
2011-12-21,49.82,476100
2011-12-22,50.76,457100
2011-12-23,51.14,242300
2011-12-27,51.49,322200
2011-12-28,50.17,394600
2011-12-29,51.49,337100
2011-12-30,51.51,425300
2012-01-03,52.73,548700
2012-01-04,53.5,402800
2012-01-05,53.58,618800
2012-01-06,53.47,710800
2012-01-09,53.43,465600
2012-01-10,55.09,592100
2012-01-11,55.37,297400
2012-01-12,57.49,773300
2012-01-13,56.8,404000
2012-01-17,57.34,525600
2012-01-18,58.51,729700
2012-01-19,60.09,1048200
2012-01-20,59.64,883500
2012-01-23,60.09,756300
2012-01-24,62.66,1455100
2012-01-25,62.09,895100
2012-01-26,63.02,919900
2012-01-27,63.25,728200
2012-01-30,63.42,661200
2012-01-31,64.31,835400
2012-02-01,66.4,930700
2012-02-02,65.67,684900
2012-02-03,66.99,768700
2012-02-06,67.5,540500
2012-02-07,66.9,769900
2012-02-08,66.73,356600
2012-02-09,66.51,580600
2012-02-10,65.23,889300
2012-02-13,66.14,509200
2012-02-14,65.25,948100
2012-02-15,64.71,1422500
2012-02-16,66.38,512900
2012-02-17,66.28,404000
2012-02-21,65.77,342500
2012-02-22,66.19,417500
2012-02-23,66.58,414200
2012-02-24,66.14,442500
2012-02-27,66.89,475700
2012-02-28,66.73,284600
2012-02-29,66.52,728100
2012-03-01,67.7,445200
2012-03-02,65.92,652200
2012-03-05,62.4,1142000
2012-03-06,60.05,1018900
2012-03-07,61.5,872000
2012-03-08,62.93,426300
2012-03-09,63.05,347300
2012-03-12,62.75,344300
2012-03-13,63.66,794200
2012-03-14,63.91,550200
2012-03-15,64.6,671700
2012-03-16,64.37,650100
2012-03-19,64.38,359900
2012-03-20,64.02,432700
2012-03-21,64.28,470400
2012-03-22,63.43,488300
2012-03-23,62.67,696900
2012-03-26,64.39,409300
2012-03-27,64.63,234200
2012-03-28,63.16,383000
2012-03-29,63.69,328000
2012-03-30,63.92,326300
2012-04-02,65.18,687700
2012-04-03,64.42,507200
2012-04-04,63.64,945600
2012-04-05,63.02,503100
2012-04-09,63.03,619800
2012-04-10,61.31,631600
2012-04-11,61.98,521900
2012-04-12,63.72,374900
2012-04-13,62.85,366800
2012-04-16,63.37,574100
2012-04-17,64.12,459500
2012-04-18,65.25,1159900
2012-04-19,63.73,1379100
2012-04-20,65.44,1666100
2012-04-23,64.41,688900
2012-04-24,63.23,694100
2012-04-25,64.56,612200
2012-04-26,65.13,525300
2012-04-27,66.23,682800
2012-04-30,65.3,527400
2012-05-01,66.07,737300
2012-05-02,66.06,606100
2012-05-03,65.5,502800
2012-05-04,63.66,483500
2012-05-07,64.25,641600
2012-05-08,63.25,786500
2012-05-09,62.61,1107400
2012-05-10,62.9,543800
2012-05-11,63.28,477700
2012-05-14,60.97,778500
2012-05-15,61.85,1198200
2012-05-16,62.81,2187300
2012-05-17,59.98,1257500
2012-05-18,59.3,1501500
2012-05-21,61.69,1643500
2012-05-22,59.57,1809600
2012-05-23,60.1,1653400
2012-05-24,60.49,909500
2012-05-25,61.43,923900
2012-05-29,63.68,1489700
2012-05-30,60.78,950000
2012-05-31,60.7,3770500
2012-06-01,56.9,1400100
2012-06-04,57.26,1000100
2012-06-05,59.38,1043000
2012-06-06,60.51,682700
2012-06-07,60.34,802700
2012-06-08,60.83,560200
2012-06-11,58.67,640300
2012-06-12,59.7,521800
2012-06-13,57.74,704200
2012-06-14,57.93,1248400
2012-06-15,59.28,716100
2012-06-18,60.32,574200
2012-06-19,61.75,466500
2012-06-20,61.82,707500
2012-06-21,59.05,779200
2012-06-22,58.74,1363400
2012-06-25,57.7,957900
2012-06-26,58.47,642800
2012-06-27,57.75,837600
2012-06-28,57.89,865400
2012-06-29,59.64,803800
2012-07-02,60.19,604700
2012-07-03,61.9,317600
2012-07-05,61.57,462200
2012-07-06,59.99,645500
2012-07-09,59.45,400400
2012-07-10,58.88,558600
2012-07-11,57.3,814900
2012-07-12,56.53,799600
2012-07-13,57.94,707800
2012-07-16,57.32,660500
2012-07-17,57.23,1047900
2012-07-18,55.61,2089100
2012-07-19,57.53,1485700
2012-07-20,57.07,1509200
2012-07-23,56.7,1547800
2012-07-24,54.84,1152300
2012-07-25,55.14,685900
2012-07-26,56.37,557600
2012-07-27,58.12,733100
2012-07-30,58.22,718300
2012-07-31,58.22,670000
2012-08-01,57.75,452600
2012-08-02,56.53,718900
2012-08-03,58.53,447000
2012-08-06,59.11,436100
2012-08-07,60.23,673300
2012-08-08,60.18,337900
2012-08-09,60.87,326800
2012-08-10,60.99,274800
2012-08-13,61.07,462600
2012-08-14,60.44,566400
2012-08-15,60.87,336100
2012-08-16,61.2,504800
2012-08-17,61.31,423500
2012-08-20,61.16,440400
2012-08-21,58.86,1414500
2012-08-22,57.95,1449100
2012-08-23,56.7,1539600
2012-08-24,56.4,907400
2012-08-27,55.31,1473600
2012-08-28,54.52,1507500
2012-08-29,54.73,1713300
2012-08-30,54.4,1073700
2012-08-31,54.73,1075700
2012-09-04,54.08,930200
2012-09-05,54.06,995400
2012-09-06,55.75,965900
2012-09-07,56.92,1003900
2012-09-10,56.75,695000
2012-09-11,56.78,560400
2012-09-12,54.68,1450400
2012-09-13,53.48,2785200
2012-09-14,53.89,1577500
2012-09-17,53.46,728600
2012-09-18,52.68,1350900
2012-09-19,54.27,1951200
2012-09-20,53.58,971700
2012-09-21,53.21,982200
2012-09-24,52.87,678200
2012-09-25,51.65,772100
2012-09-26,51.56,753100
2012-09-27,52.41,795300
2012-09-28,52.68,807900
2012-10-01,52.7,1104100
2012-10-02,53.0,703100
2012-10-03,53.01,658900
2012-10-04,53.75,718900
2012-10-05,54.35,992400
2012-10-08,53.59,613500
2012-10-09,52.68,872300
2012-10-10,51.84,561100
2012-10-11,52.33,398700
2012-10-12,52.01,344200
2012-10-15,52.35,1245600
2012-10-16,53.8,896800
2012-10-17,54.28,840100
2012-10-18,55.72,2688100
2012-10-19,55.33,1820200
2012-10-22,56.18,1466400
2012-10-23,55.43,1385100
2012-10-24,55.01,1086800
2012-10-25,55.09,796500
2012-10-26,55.29,753600
2012-10-31,55.11,719700
2012-11-01,56.79,1062800
2012-11-02,56.23,721500
2012-11-05,56.81,688900
2012-11-06,57.02,734900
2012-11-07,55.51,831600
2012-11-08,54.49,912200
2012-11-09,54.21,740700
2012-11-12,55.11,444100
2012-11-13,55.65,854100
2012-11-14,54.34,485100
2012-11-15,54.08,636800
2012-11-16,54.31,879800
2012-11-19,56.38,820100
2012-11-20,56.41,857700
2012-11-21,56.41,457000
2012-11-23,57.54,335800
2012-11-26,57.49,503000
2012-11-27,57.91,752400
2012-11-28,59.19,1013600
2012-11-29,60.17,1151600
2012-11-30,59.79,1041600
2012-12-03,58.83,939400
2012-12-04,58.96,548800
2012-12-05,59.14,462500
2012-12-06,59.18,439500
2012-12-07,59.2,478300
2012-12-10,59.76,437100
2012-12-11,59.9,715500
2012-12-12,59.39,370100
2012-12-13,59.27,609800
2012-12-14,59.37,365500
2012-12-17,60.19,734000
2012-12-18,61.79,774700
2012-12-19,62.02,792000
2012-12-20,62.05,474600
2012-12-21,61.66,1179400
2012-12-24,61.93,156700
2012-12-26,61.67,327400
2012-12-27,61.7,372900
2012-12-28,60.89,228000
2012-12-31,62.12,343700
2013-01-02,64.3,568100
2013-01-03,63.88,408000
2013-01-04,64.63,441300
2013-01-07,64.95,668600
2013-01-08,63.77,318000
2013-01-09,64.12,389800
2013-01-10,64.17,403400
2013-01-11,63.97,406300
2013-01-14,64.63,259200
2013-01-15,65.1,793000
2013-01-16,64.61,377600
2013-01-17,65.26,640800
2013-01-18,64.44,754700
2013-01-22,64.33,1056600
2013-01-23,64.67,2728900
2013-01-24,62.11,1892000
2013-01-25,62.43,1025300
2013-01-28,63.16,879900
2013-01-29,63.19,663600
2013-01-30,62.49,552400
2013-01-31,61.31,715100
2013-02-01,61.75,725300
2013-02-04,61.6,609600
2013-02-05,62.27,687200
2013-02-06,62.03,562700
2013-02-07,61.58,509300
2013-02-08,62.66,422700
2013-02-11,62.76,428200
2013-02-12,62.7,376300
2013-02-13,66.15,1949000
2013-02-14,65.41,585300
2013-02-15,65.42,378800
2013-02-19,65.84,731100
2013-02-20,64.06,462100
2013-02-21,64.13,694100
2013-02-22,65.0,551300
2013-02-25,63.4,665100
2013-02-26,63.86,515600
2013-02-27,65.22,244900
2013-02-28,65.08,350400
2013-03-01,64.29,718200
2013-03-04,63.59,704200
2013-03-05,63.56,1125300
2013-03-06,64.63,921400
2013-03-07,64.21,545900
2013-03-08,65.61,648700
2013-03-11,65.42,415000
2013-03-12,64.9,439200
2013-03-13,64.98,388600
2013-03-14,65.56,271400
2013-03-15,63.21,1321200
2013-03-18,62.44,1054200
2013-03-19,62.61,597400
2013-03-20,62.2,526500
2013-03-21,62.19,922000
2013-03-22,61.17,678600
2013-03-25,61.82,737000
2013-03-26,62.01,471700
2013-03-27,61.75,658700
2013-03-28,62.52,436100
2013-04-01,61.3,746900
2013-04-02,61.16,581200
2013-04-03,60.26,597900
2013-04-04,61.05,387400
2013-04-05,61.77,770100
2013-04-08,62.19,632600
2013-04-09,61.92,676200
2013-04-10,62.24,1075800
2013-04-11,61.93,937900
2013-04-12,60.87,731200
2013-04-15,59.24,861200
2013-04-16,61.61,719500
2013-04-17,60.24,950100
2013-04-18,57.75,2157100
2013-04-19,58.82,1526500
2013-04-22,58.99,774800
2013-04-23,59.12,843500
2013-04-24,59.0,1667900
2013-04-25,59.28,1125800
2013-04-26,58.86,610700
2013-04-29,59.47,845100
2013-04-30,61.25,1170600
2013-05-01,59.13,648000
2013-05-02,59.88,465700
2013-05-03,61.27,466100
2013-05-06,61.55,563900
2013-05-07,62.18,686500
2013-05-08,63.53,807400
2013-05-09,63.37,534400
2013-05-10,64.15,600800
2013-05-13,63.97,710200
2013-05-14,64.86,557100
2013-05-15,65.83,635600
2013-05-16,66.27,837000
2013-05-17,67.34,715400
2013-05-20,66.32,887800
2013-05-21,66.94,431400
2013-05-22,66.43,444200
2013-05-23,66.61,600700
2013-05-24,66.44,439500
2013-05-28,67.75,781700
2013-05-29,67.49,448800
2013-05-30,69.0,1031500
2013-05-31,66.92,992000
2013-06-03,65.74,933800
2013-06-04,65.85,345700
2013-06-05,64.79,450700
2013-06-06,64.37,1116700
2013-06-07,64.14,673400
2013-06-10,63.5,942800
2013-06-11,62.84,583400
2013-06-12,61.88,593700
2013-06-13,63.36,398800
2013-06-14,62.98,409600
2013-06-17,63.3,524100
2013-06-18,63.99,267100
2013-06-19,63.4,368700
2013-06-20,62.25,851100
2013-06-21,61.97,976900
2013-06-24,61.23,802800
2013-06-25,62.21,600400
2013-06-26,62.66,468100
2013-06-27,62.75,430300
2013-06-28,62.29,996300
2013-07-01,63.03,780700
2013-07-02,63.04,540500
2013-07-03,62.85,272600
2013-07-05,63.67,338800
2013-07-08,63.37,530600
2013-07-09,64.69,466900
2013-07-10,65.21,518600
2013-07-11,65.06,599200
2013-07-12,64.8,654200
2013-07-15,64.64,587200
2013-07-16,64.7,645000
2013-07-17,64.79,689400
2013-07-18,62.77,2510200
2013-07-19,62.82,1027800
2013-07-22,62.56,1004700
2013-07-23,62.81,603800
2013-07-24,62.64,798000
2013-07-25,62.48,1172100
2013-07-26,61.74,1034500
2013-07-29,61.75,946200
2013-07-30,61.88,1418200
2013-07-31,62.01,1172000
2013-08-01,62.38,1296900
2013-08-02,62.32,1831200
2013-08-05,63.26,1351900
2013-08-06,63.14,1008200
2013-08-07,63.12,1038500
2013-08-08,63.17,696000
2013-08-09,62.91,589000
2013-08-12,63.4,438400
2013-08-13,63.27,415900
2013-08-14,62.92,556700
2013-08-15,62.46,788200
2013-08-16,62.3,494300
2013-08-19,62.4,503600
2013-08-20,62.42,335600
2013-08-21,62.03,311800
2013-08-22,62.64,253900
2013-08-23,62.84,485200
2013-08-26,62.92,586600
2013-08-27,62.59,633700
2013-08-28,62.55,467700
2013-08-29,62.76,407500
2013-08-30,62.37,578100
2013-09-03,62.13,1022300
2013-09-04,62.26,793500
2013-09-05,62.34,560300
2013-09-06,61.96,674500
2013-09-09,62.2,488100
2013-09-10,64.09,1054900
2013-09-11,63.53,602600
2013-09-12,63.18,678300
2013-09-13,63.1,432500
2013-09-16,63.52,838700
2013-09-17,63.35,641000
2013-09-18,63.25,1035500
2013-09-19,63.58,653000
2013-09-20,63.17,1176400
2013-09-23,63.02,696000
2013-09-24,62.47,965000
2013-09-25,62.27,501800
2013-09-26,62.95,738000
2013-09-27,62.77,352700
2013-09-30,62.94,643200
2013-10-01,63.69,884600
2013-10-02,63.77,799800
2013-10-03,63.95,841600
2013-10-04,64.65,909900
2013-10-07,64.14,559600
2013-10-08,63.33,937200
2013-10-09,63.04,860000
2013-10-10,63.76,559500
2013-10-11,63.53,1220400
2013-10-14,63.99,654400
2013-10-15,64.24,769600
2013-10-16,64.42,1072700
2013-10-17,67.45,2281400
2013-10-18,67.3,931600
2013-10-21,66.79,850600
2013-10-22,67.19,559500
2013-10-23,67.39,407800
2013-10-24,67.6,417500
2013-10-25,67.6,378000
2013-10-28,67.12,472400
2013-10-29,66.84,564400
2013-10-30,66.26,527300
2013-10-31,66.19,654100
2013-11-01,66.77,412700
2013-11-04,67.16,484900
2013-11-05,66.69,296600
2013-11-06,67.08,208500
2013-11-07,66.58,328400
2013-11-08,67.34,513100
2013-11-11,67.35,317200
2013-11-12,67.24,620900
2013-11-13,67.41,432100
2013-11-14,67.55,328100
2013-11-15,67.58,372000
2013-11-18,67.53,357300
2013-11-19,67.24,381300
2013-11-20,67.28,374700
2013-11-21,68.13,468700
2013-11-22,68.29,305600
2013-11-25,68.5,395500
2013-11-26,67.99,678300
2013-11-27,69.0,522900
2013-11-29,68.71,267000
2013-12-02,68.89,643500
2013-12-03,68.26,503300
2013-12-04,67.92,407200
2013-12-05,68.3,532700
2013-12-06,69.52,349000
2013-12-09,69.55,393400
2013-12-10,69.49,418900
2013-12-11,68.16,462900
2013-12-12,67.54,584600
2013-12-13,67.93,281300
2013-12-16,68.06,320600
2013-12-17,68.77,519800
2013-12-18,63.81,2349100
2013-12-19,63.13,1333600
2013-12-20,63.59,1135800
2013-12-23,62.46,1068500
2013-12-24,62.66,412500
2013-12-26,63.37,363300
2013-12-27,63.56,276600
2013-12-30,63.26,476300
2013-12-31,63.39,386900
2014-01-02,63.14,548800
2014-01-03,63.25,402000
2014-01-06,63.11,842700
2014-01-07,63.54,662700
2014-01-08,64.87,1125600
2014-01-09,65.83,1037300
2014-01-10,66.49,929800
2014-01-13,65.75,744800
2014-01-14,66.61,535700
2014-01-15,66.74,444400
2014-01-16,66.37,342000
2014-01-17,66.0,382000
2014-01-21,66.15,420300
2014-01-22,66.3,254500
2014-01-23,65.52,389800
2014-01-24,63.31,758500
2014-01-27,63.59,550000
2014-01-28,63.2,717000
2014-01-29,65.25,1610000
2014-01-30,64.62,723400
2014-01-31,64.18,646600
2014-02-03,62.23,1334800
2014-02-04,62.21,1088200
2014-02-05,62.49,820400
2014-02-06,62.88,409600
2014-02-07,63.48,337500
2014-02-10,63.71,356300
2014-02-11,64.1,377200
2014-02-12,64.47,451500
2014-02-13,64.81,392500
2014-02-14,65.26,245400
2014-02-18,64.48,451500
2014-02-19,64.41,749300
2014-02-20,64.44,553600
2014-02-21,63.91,666900
2014-02-24,63.84,513900
2014-02-25,64.28,481100
2014-02-26,65.56,565900
2014-02-27,65.58,274300
2014-02-28,65.99,380700
2014-03-03,65.74,729600
2014-03-04,66.04,1408300
2014-03-05,66.04,365300
2014-03-06,66.58,245700
2014-03-07,66.55,405000
2014-03-10,65.97,467300
2014-03-11,65.54,479500
2014-03-12,65.01,615600
2014-03-13,64.2,606800
2014-03-14,63.53,603200
2014-03-17,64.35,460900
2014-03-18,64.76,437200
2014-03-19,64.3,241200
2014-03-20,64.08,690800
2014-03-21,64.66,1080700
2014-03-24,64.42,643500
2014-03-25,64.85,336100
2014-03-26,64.36,420500
2014-03-27,64.89,495000
2014-03-28,65.1,351400
2014-03-31,66.42,510900
2014-04-01,66.45,475300
2014-04-02,66.92,329400
2014-04-03,66.8,444500
2014-04-04,66.11,546000
2014-04-07,65.03,415500
2014-04-08,65.37,499300
2014-04-09,66.07,754500
2014-04-10,65.13,719500
2014-04-11,64.86,497300
2014-04-14,65.59,572300
2014-04-15,65.62,686200
2014-04-16,66.28,492600
2014-04-17,66.68,437400
2014-04-21,67.2,706300
2014-04-22,67.74,448500
2014-04-23,67.07,705200
2014-04-24,66.84,677100
2014-04-25,65.85,363800
2014-04-28,66.02,507900
2014-04-29,66.59,410500
2014-04-30,67.04,481100
2014-05-01,67.74,450600
2014-05-02,68.1,633700
2014-05-05,68.57,548100
2014-05-06,68.24,803500
2014-05-07,68.5,555800
2014-05-08,68.14,628700
2014-05-09,68.27,381400
2014-05-12,69.36,383500
2014-05-13,69.07,401600
2014-05-14,68.98,349900
2014-05-15,67.67,728100
2014-05-16,67.72,673100
2014-05-19,67.89,607600
2014-05-20,67.47,561600
2014-05-21,68.07,507100
2014-05-22,68.07,396000
2014-05-23,68.66,434100
2014-05-27,68.58,226600
2014-05-28,68.44,375600
2014-05-29,69.33,407400
2014-05-30,69.19,323900
2014-06-02,69.66,379200
2014-06-03,70.02,503500
2014-06-04,70.85,697200
2014-06-05,71.47,658900
2014-06-06,72.18,540000
2014-06-09,72.23,474600
2014-06-10,72.22,379300
2014-06-11,71.6,381900
2014-06-12,70.83,356600
2014-06-13,71.0,598800
2014-06-16,70.44,495000
2014-06-17,71.34,723300
2014-06-18,71.08,402300
2014-06-19,71.32,276400
2014-06-20,71.52,422300
2014-06-23,71.19,356200
2014-06-24,70.55,472700
2014-06-25,71.22,377200
2014-06-26,71.07,310500
2014-06-27,71.85,775800
2014-06-30,71.5,520500
2014-07-01,72.12,453500
2014-07-02,71.93,462400
2014-07-03,72.46,331400
2014-07-07,72.22,376500
2014-07-08,72.26,339200
2014-07-09,72.08,346400
2014-07-10,71.6,340300
2014-07-11,72.0,311900
2014-07-14,72.62,478000
2014-07-15,70.03,14564100
2014-07-16,69.07,2726300
2014-07-17,69.43,2059000
2014-07-18,70.2,1422300
2014-07-21,69.13,802100
2014-07-22,68.49,980900
2014-07-23,68.39,1500100
2014-07-24,67.54,1654700
2014-07-25,69.07,1928200
2014-07-28,68.88,1056500
2014-07-29,67.25,1585100
2014-07-30,66.71,1572400
2014-07-31,61.34,5793300
2014-08-01,61.75,3081300
2014-08-04,61.97,1451700
2014-08-05,61.46,2230100
2014-08-06,61.28,1040800
2014-08-07,60.6,1356200
2014-08-08,60.92,1765200
2014-08-11,60.89,992100
2014-08-12,60.52,1243200
2014-08-13,61.39,1019600
2014-08-14,60.67,1122200
2014-08-15,61.16,1478900
2014-08-18,61.66,741100
2014-08-19,61.97,772900
2014-08-20,61.93,1183100
2014-08-21,61.92,683000
2014-08-22,61.81,591100
2014-08-25,62.3,481000
2014-08-26,62.34,817900
2014-08-27,62.4,859900
2014-08-28,63.21,1413500
2014-08-29,63.58,666200
2014-09-02,63.92,871200
2014-09-03,63.56,493600
2014-09-04,63.54,636000
2014-09-05,63.72,427000
2014-09-08,63.85,832400
2014-09-09,63.42,615700
2014-09-10,64.7,1633900
2014-09-11,64.35,1368100
2014-09-12,63.79,992600
2014-09-15,64.29,669100
2014-09-16,64.98,1178700
2014-09-17,64.94,1016700
2014-09-18,65.04,705000
2014-09-19,64.05,1136300
2014-09-22,63.26,1349000
2014-09-23,63.06,834100
2014-09-24,63.17,824800
2014-09-25,60.63,1480500
2014-09-26,60.88,919400
2014-09-29,60.03,1047400
2014-09-30,58.9,1877700
2014-10-01,57.79,2150800
2014-10-02,58.88,1686600
2014-10-03,58.98,1592900
2014-10-06,59.51,1072100
2014-10-07,58.46,1204200
2014-10-08,58.69,1095700
2014-10-09,56.3,1300200
2014-10-10,55.03,1671800
2014-10-13,53.16,1113300
2014-10-14,53.51,1590600
2014-10-15,53.72,2058200
2014-10-16,53.89,1971100
2014-10-17,54.59,1935200
2014-10-20,55.36,1406500
2014-10-21,56.53,1795400
2014-10-22,55.24,1849800
2014-10-23,56.8,2413700
2014-10-24,57.2,847100
2014-10-27,56.53,1046000
2014-10-28,57.99,1824900
2014-10-29,57.19,1701100
2014-10-30,57.35,1264300
2014-10-31,58.38,1302000
2014-11-03,58.73,1306200
2014-11-04,58.8,1421500
2014-11-05,60.75,1551700
2014-11-06,60.86,1168000
2014-11-07,61.18,1043600
2014-11-10,61.45,1113500
2014-11-11,62.04,1344500
2014-11-12,61.56,1412700
2014-11-13,61.88,1624300
2014-11-14,61.74,3264700
2014-11-17,61.6,1322900
2014-11-18,61.69,1207900
2014-11-19,61.55,1336400
2014-11-20,61.55,1183700
2014-11-21,61.78,1298600
2014-11-24,61.85,770300
2014-11-25,61.32,1221600
2014-11-26,61.67,678000
2014-11-28,59.04,757200
2014-12-01,58.34,1527500
2014-12-02,58.88,1026600
2014-12-03,61.4,1702600
2014-12-04,61.8,1273500
2014-12-05,62.38,1572100
2014-12-08,61.83,1164700
2014-12-09,62.34,942600
2014-12-10,59.0,1922700
2014-12-11,57.87,1480800
2014-12-12,55.6,1332300
2014-12-15,54.76,1429500
2014-12-16,54.97,1156200
2014-12-17,57.2,1601700
2014-12-18,58.84,1300200
2014-12-19,58.69,1902100
2014-12-22,60.0,1929500
2014-12-23,60.82,999600
2014-12-24,60.48,429800
2014-12-26,60.89,768500
2014-12-29,60.94,569000
2014-12-30,60.8,571700
2014-12-31,60.13,517100
2015-01-02,60.31,740900
2015-01-05,58.31,1544700
2015-01-06,57.17,1625500
2015-01-07,56.94,953900
2015-01-08,58.73,1533700
2015-01-09,59.02,5402600
2015-01-12,59.7,8195200
2015-01-13,60.99,2911700
2015-01-14,59.52,1580300
2015-01-15,58.08,1632700
2015-01-16,58.52,1460000
2015-01-20,57.8,1505000
2015-01-21,58.61,1685100
2015-01-22,59.55,1380000
2015-01-23,56.84,3089100
2015-01-26,57.14,2054300
2015-01-27,56.37,1614500
2015-01-28,55.37,3878300
2015-01-29,47.77,10098600
2015-01-30,48.26,6710200
2015-02-02,47.92,3066300
2015-02-03,49.38,3064900
2015-02-04,48.85,1878900
2015-02-05,49.75,2318000
2015-02-06,51.08,2703800
2015-02-09,52.14,2196100
2015-02-10,52.17,1429700
2015-02-11,53.18,1821500
2015-02-12,53.96,1660100
2015-02-13,54.59,2322400
2015-02-17,54.79,1030600
2015-02-18,54.86,1070400
2015-02-19,54.43,1293000
2015-02-20,55.47,1080100
2015-02-23,55.56,904300
2015-02-24,56.08,975200
2015-02-25,56.33,770900
2015-02-26,56.3,738200
2015-02-27,56.57,751100
2015-03-02,56.68,1315800
2015-03-03,56.74,886700
2015-03-04,55.4,1602200
2015-03-05,55.28,943700
2015-03-06,54.83,1369700
2015-03-09,54.9,1003300
2015-03-10,54.34,969400
2015-03-11,53.54,1686600
2015-03-12,53.65,952800
2015-03-13,52.94,794100
2015-03-16,52.79,1185700
2015-03-17,52.49,1474600
2015-03-18,52.75,2347500
2015-03-19,51.67,1211200
2015-03-20,52.25,1732800
2015-03-23,51.91,928600
2015-03-24,52.0,949400
2015-03-25,51.18,554200
2015-03-26,51.0,788000
2015-03-27,51.55,1493300
2015-03-30,52.43,930400
2015-03-31,52.84,1126100
2015-04-01,52.57,1047000
2015-04-02,52.89,931100
2015-04-06,55.0,1530900
2015-04-07,55.25,1199400
2015-04-08,55.88,1365400
2015-04-09,59.01,2317900
2015-04-10,58.75,1231600
2015-04-13,58.38,766600
2015-04-14,58.97,830300
2015-04-15,59.31,1122100
2015-04-16,58.74,1291700
2015-04-17,59.05,890400
2015-04-20,59.19,594300
2015-04-21,58.75,974800
2015-04-22,58.94,815300
2015-04-23,58.95,755500
2015-04-24,59.0,709600
2015-04-27,58.52,805500
2015-04-28,59.45,756600
2015-04-29,60.25,852700
2015-04-30,59.7,1485500
2015-05-01,60.44,735100
2015-05-04,60.12,885900
2015-05-05,60.0,1174000
2015-05-06,60.0,1487400
2015-05-07,62.83,3725400
2015-05-08,63.16,1781800
2015-05-11,63.25,1268200
2015-05-12,62.68,1059900
2015-05-13,62.54,860700
2015-05-14,63.63,1085300
2015-05-15,64.38,1142500
2015-05-18,63.26,1318800
2015-05-19,62.7,1140500
2015-05-20,62.54,909500
2015-05-21,62.71,669900
2015-05-22,61.87,1022300
2015-05-26,61.16,825400
2015-05-27,61.32,642900
2015-05-28,60.59,867500
2015-05-29,60.15,1374100
2015-06-01,59.85,1272000
2015-06-02,60.66,840600
2015-06-03,61.45,617800
2015-06-04,61.27,1100600
2015-06-05,61.13,688800
2015-06-08,60.69,647300
2015-06-09,60.6,499100
2015-06-10,61.17,758700
2015-06-11,61.46,600400
2015-06-12,59.78,857600
2015-06-15,57.92,1206000
2015-06-16,57.98,997100
2015-06-17,58.45,805000
2015-06-18,59.64,1274000
2015-06-19,58.6,918400
2015-06-22,59.01,649200
2015-06-23,58.96,489000
2015-06-24,57.64,881200
2015-06-25,58.27,805900
2015-06-26,59.1,1577700
2015-06-29,56.24,1295800
2015-06-30,55.27,1213900
2015-07-01,54.46,1871900
2015-07-02,55.03,1462100
2015-07-06,54.25,1247700
2015-07-07,54.25,1092100
2015-07-08,53.07,986600
2015-07-09,53.44,918500
2015-07-10,54.0,528500
2015-07-13,55.38,878900
2015-07-14,55.33,692200
2015-07-15,54.27,571700
2015-07-16,54.42,977500
2015-07-17,53.01,668000
2015-07-20,52.75,809900
2015-07-21,52.09,557400
2015-07-22,51.71,592900
2015-07-23,51.32,694000
2015-07-24,49.81,800700
2015-07-27,49.81,842700
2015-07-28,50.78,893700
2015-07-29,51.91,1146400
2015-07-30,53.4,1830700
2015-07-31,54.2,2140100
2015-08-03,53.29,889900
2015-08-04,53.63,985200
2015-08-05,53.26,1484800
2015-08-06,51.77,3863700
2015-08-07,51.24,955900
2015-08-10,52.69,849100
2015-08-11,52.0,785400
2015-08-12,51.12,979600
2015-08-13,50.42,966800
2015-08-14,51.11,600700
2015-08-17,51.77,1194100
2015-08-18,51.11,807200
2015-08-19,49.88,946600
2015-08-20,49.32,831300
2015-08-21,46.81,1381200
2015-08-24,44.34,2099600
2015-08-25,42.8,1288400
2015-08-26,43.07,3192700
2015-08-27,45.13,2054100
2015-08-28,45.3,1459800
2015-08-31,45.21,1435800
2015-09-01,42.85,2076100
2015-09-02,42.73,1618600
2015-09-03,42.87,2688500
2015-09-04,42.43,1528800
2015-09-08,43.02,2991800
2015-09-09,43.03,1483200
2015-09-10,42.8,1659400
2015-09-11,42.0,873900
2015-09-14,41.88,1203300
2015-09-15,44.27,4852000
2015-09-16,44.74,1408200
2015-09-17,45.05,1665400
2015-09-18,45.71,2980200
2015-09-21,46.4,2045500
2015-09-22,45.71,1777900
2015-09-23,45.31,1409000
2015-09-24,45.22,1622000
2015-09-25,45.13,1426700
2015-09-28,41.78,1738200
2015-09-29,42.53,1479700
2015-09-30,44.1,1366800
2015-10-01,45.17,1621200
2015-10-02,46.15,1231400
2015-10-05,47.43,1024800
2015-10-06,47.61,1637200
2015-10-07,48.91,1903300
2015-10-08,50.57,1726100
2015-10-09,50.72,1927900
2015-10-12,50.51,1161600
2015-10-13,50.26,917200
2015-10-14,51.44,905800
2015-10-15,51.47,1460100
2015-10-16,52.45,2035000
2015-10-19,52.26,1555600
2015-10-20,52.1,939800
2015-10-21,51.18,1160100
2015-10-22,52.39,1463700
2015-10-23,52.58,1266200
2015-10-26,52.68,1085400
2015-10-27,51.93,1697700
2015-10-28,53.58,1772600
2015-10-29,54.29,1433500
2015-10-30,53.52,1412200
2015-11-02,54.24,2509400
2015-11-03,54.67,1563700
2015-11-04,54.22,2019500
2015-11-05,49.43,5880300
2015-11-06,50.68,2224200
2015-11-09,49.92,2509600
2015-11-10,49.58,1199000
2015-11-11,48.9,1645300
2015-11-12,46.92,1314500
2015-11-13,47.62,2017100
2015-11-16,47.98,1024500
2015-11-17,48.52,1743000
2015-11-18,50.81,1593600
2015-11-19,50.69,1066300
2015-11-20,51.67,1304600
2015-11-23,52.11,1609500
2015-11-24,53.01,1567700
2015-11-25,52.9,649700
2015-11-27,53.11,312000
2015-11-30,53.56,814900
2015-12-01,52.95,1255800
2015-12-02,52.28,934900
2015-12-03,52.83,1451100
2015-12-04,52.99,1189800
2015-12-07,51.1,968500
2015-12-08,49.78,731400
2015-12-09,50.02,1564900
2015-12-10,49.21,833800
2015-12-11,47.95,1399600
2015-12-14,47.76,1586600
2015-12-15,48.68,1032400
2015-12-16,51.83,2259400
2015-12-17,52.42,1716100
2015-12-18,51.18,2112400
2015-12-21,51.46,841100
2015-12-22,54.31,1159400
2015-12-23,56.29,1068400
2015-12-24,55.95,380700
2015-12-28,56.75,856400
2015-12-29,56.73,759600
2015-12-30,56.34,733700
2015-12-31,56.01,663000
2016-01-04,55.55,1284700
2016-01-05,54.7,1232100
2016-01-06,52.31,1240000
2016-01-07,49.95,1521000
2016-01-08,49.01,1127400
2016-01-11,48.04,1313200
2016-01-12,48.95,1299100
2016-01-13,47.71,1463300
2016-01-14,48.9,1303200
2016-01-15,47.91,1446900
2016-01-19,48.42,1699800
2016-01-20,48.01,1356500
2016-01-21,49.43,1844300
2016-01-22,51.29,1533300
2016-01-25,49.98,1634100
2016-01-26,51.88,1524200
2016-01-27,50.93,1429600
2016-01-28,51.76,1176700
2016-01-29,52.64,2887700
2016-02-01,52.82,1463300
2016-02-02,51.86,1279500
2016-02-03,53.52,1447600
2016-02-04,51.95,2213800
2016-02-05,51.54,1380300
2016-02-08,48.79,1940700
2016-02-09,49.89,1709400
2016-02-10,50.09,1101400
2016-02-11,50.09,1186000
2016-02-12,51.38,1183300
2016-02-16,52.32,1652000
2016-02-17,52.77,1782800
2016-02-18,54.53,3044500
2016-02-19,54.48,1036900
2016-02-22,54.83,1382600
2016-02-23,52.66,1223900
2016-02-24,53.31,971000
2016-02-25,55.44,833000
2016-02-26,56.56,885000
2016-02-29,56.22,1441700
2016-03-01,58.66,1483700
2016-03-02,57.71,1144900
2016-03-03,57.22,1257200
2016-03-04,59.17,1393700
2016-03-07,58.8,1807600
2016-03-08,58.48,1502500
2016-03-09,60.24,1418000
2016-03-10,59.38,1364600
2016-03-11,61.24,1109500
2016-03-14,60.02,1350700
2016-03-15,59.19,1318000
2016-03-16,61.62,1461300
2016-03-17,62.43,1335400
2016-03-18,61.38,1907600
2016-03-21,61.64,1155200
2016-03-22,62.16,1225700
2016-03-23,61.39,1054500
2016-03-24,61.92,711000
2016-03-28,62.12,811800
2016-03-29,62.96,798000
2016-03-30,63.99,1074200
2016-03-31,63.93,1224800
2016-04-01,65.2,2455900
2016-04-04,65.33,1470100
2016-04-05,64.5,822600
2016-04-06,66.03,1237200
2016-04-07,64.69,1328200
2016-04-08,64.85,1559600
2016-04-11,65.25,1117900
2016-04-12,65.3,1070000
2016-04-13,65.0,2325100
2016-04-14,65.45,1849600
2016-04-15,65.37,1499200
2016-04-18,65.49,939500
2016-04-19,65.34,1958200
2016-04-20,65.65,1518300
2016-04-21,65.64,1288100
2016-04-22,66.24,1269600
2016-04-25,66.59,1004900
2016-04-26,67.76,1231400
2016-04-27,67.86,817100
2016-04-28,66.42,649500
2016-04-29,66.16,1069200
2016-05-02,67.9,1176900
2016-05-03,67.33,871900
2016-05-04,66.59,788400
2016-05-05,67.1,1051400
2016-05-06,68.63,1424500
2016-05-09,67.28,1778600
2016-05-10,67.86,1516100
2016-05-11,74.65,5794600
2016-05-12,75.87,2190900
2016-05-13,76.16,2189200
2016-05-16,77.81,1842500
2016-05-17,76.17,1829700
2016-05-18,76.17,1598100
2016-05-19,75.77,1619700
2016-05-20,76.36,1246300
2016-05-23,76.37,1177900
2016-05-24,76.34,1827400
2016-05-25,78.87,1200200
2016-05-26,79.04,1216800
2016-05-27,80.09,1091700
2016-05-31,78.5,1486700
2016-06-01,79.68,1293200
2016-06-02,79.84,629900
2016-06-03,80.0,855100
2016-06-06,80.96,1048000
2016-06-07,81.29,853800
2016-06-08,81.21,1524300
2016-06-09,80.26,1124600
2016-06-10,79.83,1024700
2016-06-13,78.15,1109400
2016-06-14,78.4,1162900
2016-06-15,79.71,1434100
2016-06-16,79.99,909000
2016-06-17,82.8,3531100
2016-06-20,83.01,1736500
2016-06-21,83.62,1203400
2016-06-22,83.32,1014000
2016-06-23,84.4,799000
2016-06-24,78.98,2465400
2016-06-27,75.34,2709400
2016-06-28,78.29,2707400
2016-06-29,79.12,1928400
2016-06-30,79.31,24895500
2016-07-01,81.32,1588400
2016-07-05,79.9,1366400
2016-07-06,80.86,1341100
2016-07-07,81.32,865300
2016-07-08,83.58,1267800
2016-07-11,83.63,1277100
2016-07-12,85.22,1297800
2016-07-13,85.55,955300
2016-07-14,86.04,707600
2016-07-15,86.35,899500
2016-07-18,86.21,700900
2016-07-19,85.92,630100
2016-07-20,86.62,948500
2016-07-21,84.27,1257500
2016-07-22,85.01,875000
2016-07-25,86.2,1229800
2016-07-26,85.52,909200
2016-07-27,84.82,841100
2016-07-28,85.11,1037700
2016-07-29,84.17,1702200
2016-08-01,83.91,1782700
2016-08-02,84.37,2035300
2016-08-03,83.99,2404000
2016-08-04,82.12,2906600
2016-08-05,82.33,1723300
2016-08-08,82.17,1495500
2016-08-09,82.01,1487400
2016-08-10,82.09,1297800
2016-08-11,82.58,1133100
2016-08-12,83.01,1139600
2016-08-15,84.08,1135700
2016-08-16,81.73,1066100
2016-08-17,80.55,1183200
2016-08-18,81.28,1070100
2016-08-19,82.74,1755900
2016-08-22,83.85,1089000
2016-08-23,84.17,1299800
2016-08-24,82.19,1566100
2016-08-25,82.57,753400
2016-08-26,81.79,879000
2016-08-29,82.75,740900
2016-08-30,81.73,760400
2016-08-31,79.97,1308200
2016-09-01,81.3,1181500
2016-09-02,81.96,895200
2016-09-06,83.04,956200
2016-09-07,82.95,924700
2016-09-08,80.92,984300
2016-09-09,76.82,1849100
2016-09-12,77.44,1525900
2016-09-13,76.09,1372700
2016-09-14,75.72,1657700
2016-09-15,77.25,1789900
2016-09-16,76.73,2304900
2016-09-19,77.64,776700
2016-09-20,76.79,958300
2016-09-21,80.19,1483300
2016-09-22,81.2,1587400
2016-09-23,80.75,1194000
2016-09-26,81.7,1350700
2016-09-27,82.75,831400
2016-09-28,84.87,1027700
2016-09-29,83.15,1199900
2016-09-30,85.49,1380500
2016-10-03,84.83,966400
2016-10-04,82.62,1056200
2016-10-05,83.44,974600
2016-10-06,83.64,979600
2016-10-07,82.37,974000
2016-10-10,83.48,623000
2016-10-11,81.72,522600
2016-10-12,81.15,807800
2016-10-13,80.44,662900
2016-10-14,80.86,621200
2016-10-17,81.26,595900
2016-10-18,81.66,503400
2016-10-19,82.59,552900
2016-10-20,83.02,436700
2016-10-21,82.2,594400
2016-10-24,83.36,607800
2016-10-25,82.1,424600
2016-10-26,81.09,697200
2016-10-27,82.05,634700
2016-10-28,82.91,647900
2016-10-31,83.55,1104600
2016-11-01,82.9,1071200
2016-11-02,82.25,626800
2016-11-03,83.8,1009200
2016-11-04,83.48,845400
2016-11-07,86.28,1412300
2016-11-08,82.75,1818200
2016-11-09,80.42,2626400
2016-11-10,81.52,1302200
2016-11-11,80.43,1115400
2016-11-14,77.08,1933600
2016-11-15,80.12,1270800
2016-11-16,81.55,1076200
2016-11-17,82.97,899900
2016-11-18,82.46,529800
2016-11-21,83.85,743300
2016-11-22,84.3,653900
2016-11-23,83.88,536100
2016-11-25,84.0,200200
2016-11-28,83.96,547000
2016-11-29,85.95,1158600
2016-11-30,87.78,1720700
2016-12-01,85.65,1159000
2016-12-02,84.86,677900
2016-12-05,86.28,1173800
2016-12-06,86.32,1332600
2016-12-07,88.8,805200
2016-12-08,91.8,1564400
2016-12-09,90.69,869400
2016-12-12,91.32,710700
2016-12-13,91.12,974000
2016-12-14,89.94,1428600
2016-12-15,89.82,811200
2016-12-16,89.23,1634600
2016-12-19,89.0,811200
2016-12-20,89.34,460200
2016-12-21,89.28,396100
2016-12-22,88.42,379100
2016-12-23,88.82,226900
2016-12-27,89.01,228700
2016-12-28,86.58,604200
2016-12-29,87.07,355200
2016-12-30,86.08,470100
2017-01-03,88.05,975600
2017-01-04,90.7,1147600
2017-01-05,90.39,913200
2017-01-06,90.81,550900
2017-01-09,90.48,936100
2017-01-10,89.88,825000
2017-01-11,93.3,1807500
2017-01-12,93.75,1042200
2017-01-13,94.0,603400
2017-01-17,94.35,844600
2017-01-18,92.6,1104800
2017-01-19,93.05,609600
2017-01-20,93.36,701600
2017-01-23,93.7,349400
2017-01-24,95.55,921900
2017-01-25,94.0,1083700
2017-01-26,95.48,795800
2017-01-27,95.42,452800
2017-01-30,94.57,677400
2017-01-31,92.64,1453700
2017-02-01,93.41,855100
2017-02-02,92.91,588900
2017-02-03,94.27,446800
2017-02-06,94.29,478100
2017-02-07,92.8,756200
2017-02-08,94.35,661600
2017-02-09,93.91,498300
2017-02-10,93.7,637800
2017-02-13,94.75,660400
2017-02-14,91.19,1654700
2017-02-15,92.76,1510500
2017-02-16,92.41,593700
2017-02-17,91.92,1016700
2017-02-21,93.78,790200
2017-02-22,92.44,652200
2017-02-23,92.41,738600
2017-02-24,92.93,700000
2017-02-27,92.46,930600
2017-02-28,101.51,4246500
2017-03-01,102.66,2591800
2017-03-02,103.06,2040100
2017-03-03,104.77,1153200
2017-03-06,102.11,2329000
2017-03-07,103.79,1396700
2017-03-08,102.74,1285100
2017-03-09,102.5,1457100
2017-03-10,103.05,1422600
2017-03-13,104.5,1336600
2017-03-14,103.95,752600
2017-03-15,105.22,781700
2017-03-16,104.01,1017400
2017-03-17,106.21,1436900
2017-03-20,106.07,1032400
2017-03-21,104.25,1249500
2017-03-22,105.22,984800
2017-03-23,105.15,690000
2017-03-24,104.45,527400
2017-03-27,104.6,841100
2017-03-28,104.88,805000
2017-03-29,105.04,916300
2017-03-30,105.14,671400
2017-03-31,105.64,936800
2017-04-03,105.03,991500
2017-04-04,105.5,884000
2017-04-05,105.21,1168300
2017-04-06,106.03,705100
2017-04-07,105.94,1211600
2017-04-10,104.86,984200
2017-04-11,105.61,645700
2017-04-12,104.12,689600
2017-04-13,103.62,499300
2017-04-17,104.63,721100
2017-04-18,105.77,890800
2017-04-19,105.84,948500
2017-04-20,105.52,888800
2017-04-21,105.1,1106600
2017-04-24,106.83,934000
2017-04-25,108.09,706500
2017-04-26,108.3,671200
2017-04-27,108.18,759300
2017-04-28,108.91,1206100
2017-05-01,109.39,854800
2017-05-02,108.38,831000
2017-05-03,107.65,968600
2017-05-04,108.71,1977000
2017-05-05,110.01,1116500
2017-05-08,109.56,864000
2017-05-09,109.33,709800
2017-05-10,110.57,819200
2017-05-11,110.74,549000
2017-05-12,110.38,601900
2017-05-15,112.05,654200
2017-05-16,112.37,759900
2017-05-17,110.54,981300
2017-05-18,110.0,921000
2017-05-19,110.32,897000
2017-05-22,110.58,797800
2017-05-23,111.71,592100
2017-05-24,112.05,548600
2017-05-25,112.59,635900
2017-05-26,112.86,601000
2017-05-30,112.46,772000
2017-05-31,113.6,1136200
2017-06-01,113.36,813600
2017-06-02,114.09,605100
2017-06-05,113.61,689500
2017-06-06,112.68,754600
2017-06-07,112.8,1068500
2017-06-08,114.27,1440700
2017-06-09,115.4,1131500
2017-06-12,111.19,1804700
2017-06-13,112.66,1111600
2017-06-14,109.27,1710400
2017-06-15,106.05,2579100
2017-06-16,108.09,1704100
2017-06-19,108.33,1114700
2017-06-20,107.74,804900
2017-06-21,106.19,1274100
2017-06-22,105.2,1180000
2017-06-23,104.85,3099700
2017-06-26,105.02,1826300
2017-06-27,104.47,1313000
2017-06-28,106.92,1201500
2017-06-29,104.67,985700
2017-06-30,105.54,807200
2017-07-03,106.03,555400
2017-07-05,108.02,1356400
2017-07-06,108.05,1173700
2017-07-07,109.99,1567300
2017-07-10,111.34,1443600
2017-07-11,112.95,1321700
2017-07-12,116.54,2115100
2017-07-13,117.68,2336800
2017-07-14,117.57,1723100
2017-07-17,116.86,863700
2017-07-18,117.73,688900
2017-07-19,119.16,1215400
2017-07-20,117.91,928700
2017-07-21,118.34,1017200
2017-07-24,118.6,1596600
2017-07-25,118.8,1128000
2017-07-26,117.2,870700
2017-07-27,116.37,955900
2017-07-28,116.5,1388000
2017-07-31,115.8,925200
2017-08-01,117.43,916200
2017-08-02,119.45,1527100
2017-08-03,118.8,1321400
2017-08-04,119.6,1077200
2017-08-07,123.08,3815400
2017-08-08,115.41,5311600
2017-08-09,113.16,2603600
2017-08-10,110.95,2603500
2017-08-11,109.36,2137700
2017-08-14,110.83,1620100
2017-08-15,111.88,1179300
2017-08-16,113.42,1289000
2017-08-17,112.11,1046000
2017-08-18,112.59,872700
2017-08-21,113.48,686000
2017-08-22,115.82,974200
2017-08-23,115.39,609300
2017-08-24,114.86,948100
2017-08-25,114.95,605600
2017-08-28,115.43,594800
2017-08-29,114.46,627300
2017-08-30,115.17,717600
2017-08-31,116.26,909200
2017-09-01,118.63,909300
2017-09-05,116.67,1177800
2017-09-06,118.66,1263000
2017-09-07,118.09,891800
2017-09-08,118.28,688600
2017-09-11,123.85,1724200
2017-09-12,124.64,1402000
2017-09-13,125.6,1284400
2017-09-14,126.0,1220500
2017-09-15,127.29,1617800
2017-09-18,131.02,1694500
2017-09-19,134.65,1990900
2017-09-20,136.08,2917300
2017-09-21,134.89,2017900
2017-09-22,134.29,1324200
2017-09-25,128.89,2642500
2017-09-26,128.42,1422100
2017-09-27,130.02,1235600
2017-09-28,132.32,1299900
2017-09-29,136.31,2103600
2017-10-02,136.62,1180300
2017-10-03,137.42,889400
2017-10-04,138.22,1113100
2017-10-05,139.66,820000
2017-10-06,137.19,1988400
2017-10-09,136.55,893400
2017-10-10,137.77,832400
2017-10-11,137.42,1205400
2017-10-12,137.3,932000
2017-10-13,138.94,906400
2017-10-16,140.16,1332600
2017-10-17,139.41,1049200
2017-10-18,139.66,719900
2017-10-19,139.49,798300
2017-10-20,140.78,925000
2017-10-23,138.53,1535500
2017-10-24,138.72,1332800
2017-10-25,138.53,1778700
2017-10-26,139.04,1375900
2017-10-27,139.08,1204800
2017-10-30,139.51,834800
2017-10-31,140.89,1576300
2017-11-01,142.33,906700
2017-11-02,136.91,2364000
2017-11-03,140.04,1395300
2017-11-06,141.97,950800
2017-11-07,143.13,1560600
2017-11-08,144.58,1750000
2017-11-09,140.84,2589200
2017-11-10,140.62,1056300
2017-11-13,143.37,948500
2017-11-14,137.65,1715600
2017-11-15,134.54,1987100
2017-11-16,135.33,1915200
2017-11-17,136.21,1441700
2017-11-20,135.4,1009300
2017-11-21,136.7,958500
2017-11-22,135.25,715400
2017-11-24,137.06,415500
2017-11-27,136.23,773900
2017-11-28,136.89,690700
2017-11-29,131.95,1529700
2017-11-30,134.32,1291000
2017-12-01,132.15,1240100
2017-12-04,129.35,1595600
2017-12-05,127.99,1414300
2017-12-06,127.48,1675300
2017-12-07,129.08,979500
2017-12-08,130.6,1557300
2017-12-11,131.14,970900
2017-12-12,130.36,1025700
2017-12-13,130.1,960800
2017-12-14,127.58,1015000
2017-12-15,129.57,2133700
2017-12-18,132.08,1387600
2017-12-19,132.02,1047100
2017-12-20,131.33,832300
2017-12-21,128.65,1102100
2017-12-22,129.29,781100
2017-12-26,129.04,326200
2017-12-27,128.43,667800
2017-12-28,128.45,998200
2017-12-29,127.89,714600
2018-01-02,131.53,1118600
2018-01-03,131.79,1042100
2018-01-04,130.22,820600
2018-01-05,131.72,806500
2018-01-08,137.45,1945200
2018-01-09,135.44,1198100
2018-01-10,132.96,884600
2018-01-11,134.69,838400
2018-01-12,133.52,990100
2018-01-16,128.0,2879600
2018-01-17,126.95,2017000
2018-01-18,117.91,8622300
2018-01-19,116.01,4275100
2018-01-22,113.53,3648000
2018-01-23,113.0,2972100
2018-01-24,112.4,2727500
2018-01-25,116.9,2499800
2018-01-26,114.41,1916700
2018-01-29,111.68,2250800
2018-01-30,111.37,2146000
2018-01-31,111.59,2606200
2018-02-01,109.2,1961800
2018-02-02,105.51,2738600
2018-02-05,105.15,3838000
2018-02-06,107.54,2903900
2018-02-07,106.63,1668300
2018-02-08,105.18,2377500
2018-02-09,107.72,2573800
2018-02-12,111.59,2637100
2018-02-13,108.45,2763500
2018-02-14,111.72,2051700
2018-02-15,114.61,1760200
2018-02-16,112.24,1668900
2018-02-20,114.58,1431700
2018-02-21,113.01,1775000
2018-02-22,113.68,1021900
2018-02-23,118.75,2142300
2018-02-26,110.1,7152000
2018-02-27,111.57,2665700
2018-02-28,100.43,6717200
2018-03-01,96.01,7170800
2018-03-02,95.02,5718000
2018-03-05,96.44,2503300
2018-03-06,100.14,3587400
2018-03-07,100.05,1567900
2018-03-08,99.28,1274400
2018-03-09,101.76,1510000
2018-03-12,102.99,1509000
2018-03-13,103.13,1373100
2018-03-14,100.33,1965700
2018-03-15,98.07,1506900
2018-03-16,98.37,2101800
2018-03-19,96.91,1186300
2018-03-20,95.32,3660000
2018-03-21,97.47,1780300
2018-03-22,94.11,1536200
2018-03-23,93.24,1356700
2018-03-26,94.36,1691600
2018-03-27,93.43,1644700
2018-03-28,89.56,2906300
2018-03-29,92.74,2275700
2018-04-02,88.96,1919800
2018-04-03,90.42,1883800
2018-04-04,91.6,2280800
2018-04-05,95.77,2884300
2018-04-06,91.8,2707900
2018-04-09,91.22,1161400
2018-04-10,92.33,1453300
2018-04-11,93.31,1072800
2018-04-12,93.39,1185400
2018-04-13,95.5,1999300
2018-04-16,96.87,1415800
2018-04-17,96.63,1164200
2018-04-18,98.79,1145700
2018-04-19,98.59,1526400
2018-04-20,97.75,912300
2018-04-23,97.34,804900
2018-04-24,95.78,1328600
2018-04-25,95.46,870800
2018-04-26,96.55,1030400
2018-04-27,96.95,857100
2018-04-30,96.96,1441900
2018-05-01,97.62,1221600
2018-05-02,97.84,1398300
2018-05-03,97.89,1384000
2018-05-04,100.06,1294300
2018-05-07,100.11,1388200
2018-05-08,100.72,1680600
2018-05-09,101.75,1934900
2018-05-10,98.39,3860700
2018-05-11,98.54,1683200
2018-05-14,99.24,1525200
2018-05-15,100.81,1728400
2018-05-16,102.35,1545800
2018-05-17,104.8,2770400
2018-05-18,104.92,2305800
2018-05-21,104.07,1853900
2018-05-22,102.34,1034200
2018-05-23,101.84,907200
2018-05-24,95.02,3516900
2018-05-25,94.82,1741900
2018-05-29,93.03,1612200
2018-05-30,93.59,1241000
2018-05-31,93.47,1430000
2018-06-01,94.26,1242800
2018-06-04,94.44,962300
2018-06-05,94.65,973300
2018-06-06,95.67,1738000
2018-06-07,95.22,887500
2018-06-08,95.37,1044200
2018-06-11,95.37,815800
2018-06-12,95.74,1584600
2018-06-13,94.18,1598200
2018-06-14,93.66,1148200
2018-06-15,93.33,1698900
2018-06-18,92.87,1675600
2018-06-19,91.4,1841100
2018-06-20,91.61,1333700
2018-06-21,91.97,1319600
2018-06-22,93.46,1380200
2018-06-25,91.96,1414900
2018-06-26,92.52,1070700
2018-06-27,93.41,1967800
2018-06-28,93.64,943700
2018-06-29,94.33,1768400
2018-07-02,93.48,1182400
2018-07-03,96.62,1726500
2018-07-05,94.78,1850900
2018-07-06,95.54,1171900
2018-07-09,95.98,1003600
2018-07-10,95.81,1124600
2018-07-11,94.68,1173300
2018-07-12,95.35,996500
2018-07-13,95.57,847300
2018-07-16,94.96,2343000
2018-07-17,96.97,1103900
2018-07-18,96.74,1394600
2018-07-19,96.21,976000
2018-07-20,93.9,1803800
2018-07-23,90.92,2490600
2018-07-24,90.9,1318400
2018-07-25,91.79,1115600
2018-07-26,93.06,1209000
2018-07-27,93.26,889900
2018-07-30,92.42,1272200
2018-07-31,94.2,989500
2018-08-01,91.01,1763100
2018-08-02,92.02,1494900
2018-08-03,92.61,786700
2018-08-06,92.66,1110100
2018-08-07,92.81,1603600
2018-08-08,98.77,5215100
2018-08-09,100.76,3463900
2018-08-10,98.5,1340100
2018-08-13,95.63,2108700
2018-08-14,97.33,1152900
2018-08-15,95.54,1930600
2018-08-16,97.06,1116900
2018-08-17,95.44,1334900
2018-08-20,95.54,1129700
2018-08-21,94.84,1384300
2018-08-22,94.53,1236100
2018-08-23,93.77,3337400
2018-08-24,96.0,1612700
2018-08-27,96.89,883900
2018-08-28,96.94,1058300
2018-08-29,96.72,753800
2018-08-30,95.05,985200
2018-08-31,95.52,762900
2018-09-04,96.57,1488400
2018-09-05,96.45,1333800
2018-09-06,97.66,1355700
2018-09-07,97.19,1280100
2018-09-10,97.39,1227000
2018-09-11,98.84,1536400
2018-09-12,99.46,1221000
2018-09-13,100.61,1415100
2018-09-14,100.9,1250400
2018-09-17,102.45,1769500
2018-09-18,103.06,1301500
2018-09-19,105.49,1644800
2018-09-20,106.6,1523400
2018-09-21,105.42,2066900
2018-09-24,104.94,1230600
2018-09-25,102.53,1454700
2018-09-26,101.32,1491500
2018-09-27,100.95,1079100
2018-09-28,99.78,1421000
2018-10-01,100.84,758200
2018-10-02,101.85,1035500
2018-10-03,104.04,1352400
2018-10-04,104.22,1168100
2018-10-05,103.06,1521000
2018-10-08,102.25,2145400
2018-10-09,97.28,2716200
2018-10-10,95.67,1833300
2018-10-11,94.36,1614000
2018-10-12,95.09,1048200
2018-10-15,96.05,759200
2018-10-16,97.14,993400
2018-10-17,96.32,1183100
2018-10-18,95.67,1202400
2018-10-19,95.63,880100
2018-10-22,97.26,1317800
2018-10-23,96.16,1497800
2018-10-24,93.64,1538100
2018-10-25,95.41,1135900
2018-10-26,95.24,1621200
2018-10-29,95.16,1448600
2018-10-30,97.12,1305700
2018-10-31,99.22,2166800
2018-11-01,105.42,2981900
2018-11-02,106.44,1710800
2018-11-05,106.21,829800
2018-11-06,107.79,1222100
2018-11-07,107.99,1751800
2018-11-08,105.87,2643900
2018-11-09,102.38,1455000
2018-11-12,98.07,1241600
2018-11-13,99.2,1453900
2018-11-14,99.94,785700
2018-11-15,102.7,1139600
2018-11-16,100.98,1379700
2018-11-19,99.61,981100
2018-11-20,95.74,1643800
2018-11-21,95.52,1202700
2018-11-23,96.77,482900
2018-11-26,96.61,977600
2018-11-27,95.43,1014200
2018-11-28,96.62,1093400
2018-11-29,96.42,894300
2018-11-30,96.32,1037800
2018-12-03,98.46,1698000
2018-12-04,93.19,2421500
2018-12-06,91.19,2034900
2018-12-07,88.65,1523500
2018-12-10,89.04,1088000
2018-12-11,89.08,1060200
2018-12-12,88.78,973000
2018-12-13,87.94,955700
2018-12-14,84.97,1719900
2018-12-17,80.51,2762400
2018-12-18,81.03,1690000
2018-12-19,79.8,1764700
2018-12-20,76.16,4684500
2018-12-21,74.84,2776000
2018-12-24,73.13,870200
2018-12-26,76.28,1500300
2018-12-27,77.22,1657000
2018-12-28,76.74,1202500
2018-12-31,77.07,1040100
2019-01-02,78.11,1052300
2019-01-03,72.69,1968100
2019-01-04,76.24,2089500
2019-01-07,76.58,1413300
2019-01-08,77.33,1622800
2019-01-09,76.84,1113900
2019-01-10,77.27,1929400
2019-01-11,77.41,1526200
2019-01-14,76.97,1374900
2019-01-15,73.64,2128200
2019-01-16,73.93,2634300
2019-01-17,75.29,2020800
2019-01-18,76.63,1457300
2019-01-22,75.37,1435800
2019-01-23,73.92,1271100
2019-01-24,74.02,1660300
2019-01-25,76.58,2234900
2019-01-28,77.09,1273500
2019-01-29,78.32,1815100
2019-01-30,80.21,1592500
2019-01-31,80.73,1971400
2019-02-01,81.3,969200
2019-02-04,81.94,885100
2019-02-05,81.32,1410600
2019-02-06,82.19,1154500
2019-02-07,80.64,1222800
2019-02-08,81.01,712500
2019-02-11,80.86,659900
2019-02-12,80.45,1947500
2019-02-13,81.73,886600
2019-02-14,80.42,1362500
2019-02-15,81.37,1549800
2019-02-19,83.13,1616100
2019-02-20,82.81,1770900
2019-02-21,89.26,5503500
2019-02-22,89.18,1511000
2019-02-25,91.57,1607600
2019-02-26,91.0,1265400
2019-02-27,92.28,1128300
2019-02-28,91.29,1338800
2019-03-01,90.79,1320900
2019-03-04,88.49,1691500
2019-03-05,87.93,960800
2019-03-06,86.37,754600
2019-03-07,84.6,1296800
2019-03-08,82.97,1779500
2019-03-11,85.51,1016000
2019-03-12,85.47,850400
2019-03-13,86.21,1013400
2019-03-14,84.73,787300
2019-03-15,85.42,1498800
2019-03-18,86.43,759800
2019-03-19,85.23,891600
2019-03-20,84.44,734500
2019-03-21,85.51,916900
2019-03-22,82.72,890500
2019-03-25,81.58,1013400
2019-03-26,81.04,1568200
2019-03-27,80.15,1091900
2019-03-28,81.17,975000
2019-03-29,81.98,1794400
2019-04-01,84.2,1439100
2019-04-02,82.9,1782900
2019-04-03,84.21,1976500
2019-04-04,85.55,1544500
2019-04-05,86.14,1424500
2019-04-08,86.94,964300
2019-04-09,84.78,1484000
2019-04-10,85.55,821500
2019-04-11,82.71,1404700
2019-04-12,83.66,1090200
2019-04-15,82.26,1352400
2019-04-16,83.21,1399300
2019-04-17,82.1,1357500
2019-04-18,82.57,790800
2019-04-22,82.17,576400
2019-04-23,79.05,2307300
2019-04-24,76.8,1653900
2019-04-25,74.87,1545300
2019-04-26,75.56,1622300
2019-04-29,75.71,1191800
2019-04-30,75.06,1239900
2019-05-01,74.07,1045500
2019-05-02,76.09,2306400
2019-05-03,77.05,1515800
2019-05-06,77.05,1968300
2019-05-07,75.85,2447500
2019-05-08,72.58,3919100
2019-05-09,72.61,3164500
2019-05-10,72.63,2037100
2019-05-13,68.55,3315500
2019-05-14,70.22,1605800
2019-05-15,69.58,2012600
2019-05-16,69.41,1497200
2019-05-17,67.76,1406300
2019-05-20,67.78,1206300
2019-05-21,68.5,1100100
2019-05-22,67.96,734100
2019-05-23,66.34,2144900
2019-05-24,66.8,1544400
2019-05-28,67.43,1514500
2019-05-29,65.8,1783800
2019-05-30,65.57,1167400
2019-05-31,63.3,1593200
2019-06-03,65.05,2087900
2019-06-04,67.54,1452700
2019-06-05,67.37,1044400
2019-06-06,68.46,1177000
2019-06-07,69.08,1311800
2019-06-10,70.93,1278800
2019-06-11,73.43,2485400
2019-06-12,72.18,1366300
2019-06-13,72.76,920600
2019-06-14,70.88,966800
2019-06-17,71.24,1008100
2019-06-18,70.77,1230200
2019-06-19,68.94,1805400
2019-06-20,69.49,1999900
2019-06-21,68.34,1889800
2019-06-24,68.01,988000
2019-06-25,67.79,1372700
2019-06-26,69.16,1252100
2019-06-27,69.52,778900
2019-06-28,70.41,2059500
2019-07-01,70.33,932000
2019-07-02,69.87,682500
2019-07-03,71.54,626300
2019-07-05,70.51,732900
2019-07-08,70.19,787900
2019-07-09,70.62,926300
2019-07-10,70.49,1376500
2019-07-11,70.58,813300
2019-07-12,72.63,1272600
2019-07-15,72.42,975400
2019-07-16,73.05,1188200
2019-07-17,72.64,1101700
2019-07-18,73.0,736700
2019-07-19,74.47,1455300
2019-07-22,73.18,1548900
2019-07-23,74.58,818700
2019-07-24,75.53,856800
2019-07-25,74.61,781300
2019-07-26,74.58,930600
2019-07-29,73.09,1074900
2019-07-30,73.6,1056200
2019-07-31,72.96,1361500
2019-08-01,69.59,1568800
2019-08-02,68.68,1457500
2019-08-05,65.41,2421400
2019-08-06,65.45,1731500
2019-08-07,67.59,2620800
2019-08-08,73.49,4385400
2019-08-09,70.25,2188000
2019-08-12,67.38,1516600
2019-08-13,68.45,1597200
2019-08-14,64.29,2087400
2019-08-15,61.66,2688300
2019-08-16,63.09,1666700
2019-08-19,64.92,1388200
2019-08-20,64.17,1091500
2019-08-21,65.91,1003800
2019-08-22,63.22,1850400
2019-08-23,59.95,1778100
2019-08-26,60.81,805200
2019-08-27,59.3,1066600
2019-08-28,59.32,2283800
2019-08-29,60.49,2307100
2019-08-30,61.73,1403500
2019-09-03,60.23,1372100
2019-09-04,61.31,898800
2019-09-05,62.97,1854400
2019-09-06,63.23,1023700
2019-09-09,65.36,1216400
2019-09-10,68.28,2358000
2019-09-11,69.25,1839300
2019-09-12,69.28,986700
2019-09-13,69.28,1169900
2019-09-16,68.84,1003000
2019-09-17,67.76,1120500
2019-09-18,67.4,1131000
2019-09-19,68.29,1238600
2019-09-20,68.86,2741900
2019-09-23,68.22,990400
2019-09-24,67.89,1382700
2019-09-25,68.3,999500
2019-09-26,67.19,989000
2019-09-27,68.14,1667600
2019-09-30,69.52,1387800
2019-10-01,68.31,1721400
2019-10-02,66.57,1202800
2019-10-03,67.23,1122100
2019-10-04,66.32,974100
2019-10-07,65.68,1073600
2019-10-08,63.7,1148000
2019-10-09,63.6,1144100
2019-10-10,65.46,1093100
2019-10-11,68.91,1318400
2019-10-14,67.56,1194500
2019-10-15,67.87,803200
2019-10-16,67.58,721600
2019-10-17,68.22,1062800
2019-10-18,67.13,908400
2019-10-21,67.24,1153100
2019-10-22,66.79,1271000
2019-10-23,67.46,766400
2019-10-24,69.45,1374200
2019-10-25,63.59,5988000
2019-10-28,63.74,2780700
2019-10-29,63.03,2192200
2019-10-30,62.67,2227400
2019-10-31,60.74,2912300
2019-11-01,64.49,2339900
2019-11-04,67.7,2246900
2019-11-05,67.37,2004600
2019-11-06,66.72,2319200
2019-11-07,71.39,3003500
2019-11-08,67.98,3410000
2019-11-11,67.73,1164300
2019-11-12,65.31,1820100
2019-11-13,65.18,1554000
2019-11-14,65.54,1079200
2019-11-15,66.14,1028800
2019-11-18,67.1,1190100
2019-11-19,66.46,926100
2019-11-20,65.05,1496800
2019-11-21,65.13,1386700
2019-11-22,64.9,1147000
2019-11-25,65.14,1086300
2019-11-26,65.59,1417100
2019-11-27,65.5,930000
2019-11-29,65.38,440500
2019-12-02,65.04,1128200
2019-12-03,63.65,1559200
2019-12-04,62.92,1550100
2019-12-05,63.68,1379600
2019-12-06,64.3,1195900
2019-12-09,64.72,908900
2019-12-10,65.3,1020600
2019-12-11,65.67,1034600
2019-12-12,68.02,1771700
2019-12-13,66.63,1536000
2019-12-16,66.2,1431800
2019-12-17,68.77,1525600
2019-12-18,68.9,1382100
2019-12-19,69.45,1945900
2019-12-20,70.36,2492200
2019-12-23,72.43,2011200
2019-12-24,72.32,640700
2019-12-26,72.49,730300
2019-12-27,72.01,741600
2019-12-30,71.93,802200
2019-12-31,73.04,1016000
2020-01-02,72.61,1620800
2020-01-03,71.57,1337600
2020-01-06,71.49,1330000
2020-01-07,72.43,1574400
2020-01-08,71.18,2029500
2020-01-09,72.74,1301100
2020-01-10,72.1,1493300
2020-01-13,75.86,2668000
2020-01-14,78.18,3835800
2020-01-15,80.12,3101800
2020-01-16,80.42,2178700
2020-01-17,80.9,2151400
2020-01-21,81.32,2312700
2020-01-22,81.38,2138400
2020-01-23,81.9,1654700
2020-01-24,81.18,1409600
2020-01-27,78.94,2060800
2020-01-28,80.2,1130900
2020-01-29,80.73,1084500
2020-01-30,80.78,1261400
2020-01-31,80.28,5676000
2020-02-03,80.79,2220200
2020-02-04,90.43,4739800
2020-02-05,87.58,3418600
2020-02-06,86.95,1849600
2020-02-07,82.54,2337700
2020-02-10,83.25,1553700
2020-02-11,84.71,1311100
2020-02-12,86.83,1311800
2020-02-13,87.93,1725100
2020-02-14,89.64,2105500
2020-02-18,88.7,1448800
2020-02-19,89.34,2041200
2020-02-20,94.31,4973600
2020-02-21,92.43,2263400
2020-02-24,89.61,1682200
2020-02-25,85.83,2195600
2020-02-26,85.65,1583900
2020-02-27,80.8,2530000
2020-02-28,81.85,2580200
2020-03-02,84.3,1661200
2020-03-03,82.79,1932300
2020-03-04,86.27,1198000
2020-03-05,84.77,1490200
2020-03-06,82.6,1490700
2020-03-09,72.96,2627400
2020-03-10,75.19,2771400
2020-03-11,70.07,2059300
2020-03-12,64.79,2619400
2020-03-13,68.01,2067800
2020-03-16,58.96,2388300
2020-03-17,67.06,3062400
2020-03-18,68.64,2762300
2020-03-19,61.94,2016200
2020-03-20,53.45,2963600
2020-03-23,50.9,2507500
2020-03-24,56.03,1839500
2020-03-25,60.02,2295600
2020-03-26,60.46,2245100
2020-03-27,55.02,2439600
2020-03-30,55.6,2045800
2020-03-31,56.37,2585900
2020-04-01,54.84,2253900
2020-04-02,53.66,1911400
2020-04-03,52.7,1749700
2020-04-06,56.93,1725800
2020-04-07,57.0,1952000
2020-04-08,61.82,1706000
2020-04-09,67.02,1775400
2020-04-13,63.31,1678600
2020-04-14,63.68,1068400
2020-04-15,58.25,1335900
2020-04-16,58.57,1618100
2020-04-17,61.47,1011000
2020-04-20,60.0,1270600
2020-04-21,57.86,1381600
2020-04-22,59.45,684800
2020-04-23,60.66,816500
2020-04-24,61.53,1027100
2020-04-27,62.25,736800
2020-04-28,64.31,1087700
2020-04-29,64.67,1447900
2020-04-30,61.43,2007200
2020-05-01,57.44,1924900
2020-05-04,57.26,1275400
2020-05-05,58.47,1109000
2020-05-06,57.93,1885300
2020-05-07,59.74,2206600
2020-05-08,64.25,1514500
2020-05-11,64.41,1471300
2020-05-12,59.26,1881900
2020-05-13,59.92,1770000
2020-05-14,59.71,1333300
2020-05-15,61.35,1428000
2020-05-18,63.93,1288900
2020-05-19,63.51,1329900
2020-05-20,68.14,1641500
2020-05-21,67.97,1428300
2020-05-22,68.11,825400
2020-05-26,74.93,2391600
2020-05-27,75.04,1592500
2020-05-28,75.93,1408600
2020-05-29,76.52,1589800
2020-06-01,77.42,1061900
2020-06-02,78.59,1268300
2020-06-03,78.94,1685100
2020-06-04,79.97,1493700
2020-06-05,84.31,1950000
2020-06-08,86.74,1304100
2020-06-09,85.0,962300
2020-06-10,83.86,957900
2020-06-11,74.52,1656600
2020-06-12,77.32,1219900
2020-06-15,76.41,1134900
2020-06-16,79.23,1060000
2020-06-17,79.17,727000
2020-06-18,78.81,863700
2020-06-19,78.35,1243100
2020-06-22,75.78,1023200
2020-06-23,76.12,781700
2020-06-24,73.32,965600
2020-06-25,73.95,727200
2020-06-26,74.64,1652200
2020-06-29,76.33,843100
2020-06-30,77.21,1033100
2020-07-01,76.06,891600
2020-07-02,78.56,886000
2020-07-06,81.22,1045200
2020-07-07,78.0,1281300
2020-07-08,77.95,1351200
2020-07-09,75.75,1154300
2020-07-10,78.89,1071800
2020-07-13,81.56,2213100
2020-07-14,84.15,1353700
2020-07-15,86.6,1385100
2020-07-16,86.45,852600
2020-07-17,88.46,1360300
2020-07-20,87.04,816800
2020-07-21,87.18,821300
2020-07-22,87.69,726100
2020-07-23,87.93,756600
2020-07-24,87.04,586000
2020-07-27,85.78,1164900
2020-07-28,83.7,883600
2020-07-29,83.83,1161800
2020-07-30,83.0,900600
2020-07-31,82.46,2397900
2020-08-03,83.33,1124700
2020-08-04,85.33,1634100
2020-08-05,88.6,2177700
2020-08-06,83.34,2453400
2020-08-07,84.44,1236300
2020-08-10,87.22,810900
2020-08-11,92.45,1931300
2020-08-12,91.02,1070700
2020-08-13,91.6,1008000
2020-08-14,92.39,838200
2020-08-17,91.77,604500
2020-08-18,92.2,557400
2020-08-19,92.25,760800
2020-08-20,91.05,940900
2020-08-21,89.74,885200
2020-08-24,91.98,668900
2020-08-25,91.09,420500
2020-08-26,91.9,653200
2020-08-27,91.13,474500
2020-08-28,92.32,412000
2020-08-31,91.01,718500
2020-09-01,97.39,1561100
2020-09-02,99.65,1311100
2020-09-03,93.18,1731400
2020-09-04,94.72,1100800
2020-09-08,93.14,835700
2020-09-09,95.42,643900
2020-09-10,93.5,667800
2020-09-11,94.96,650900
2020-09-14,98.17,671800
2020-09-15,98.39,1192300
2020-09-16,97.8,998300
2020-09-17,100.45,937100
2020-09-18,97.96,1337200
2020-09-21,95.13,1406500
2020-09-22,95.24,656600
2020-09-23,80.42,5194900
2020-09-24,83.31,2368200
2020-09-25,84.52,1197800
2020-09-28,84.84,1433100
2020-09-29,86.86,1252900
2020-09-30,89.28,1369100
2020-10-01,86.73,1371800
2020-10-02,89.29,1204200
2020-10-05,94.76,1598300
2020-10-06,93.74,1381400
2020-10-07,96.69,1129100
2020-10-08,96.95,1133500
2020-10-09,96.03,767800
2020-10-12,94.94,798100
2020-10-13,95.14,863900
2020-10-14,94.59,1070500
2020-10-15,94.35,923200
2020-10-16,93.42,655600
2020-10-19,92.57,641400
2020-10-20,93.56,740600
2020-10-21,95.87,793400
2020-10-22,94.96,669300
2020-10-23,96.48,669200
2020-10-26,94.48,952300
2020-10-27,95.18,987800
2020-10-28,90.78,982100
2020-10-29,93.77,819600
2020-10-30,93.21,1275000
2020-11-02,96.84,924900
2020-11-03,97.62,971900
2020-11-04,93.43,1656900
2020-11-05,105.5,3231500
2020-11-06,112.22,2609200
2020-11-09,116.73,2138400
2020-11-10,117.93,1244200
2020-11-11,118.57,881900
2020-11-12,118.64,839200
2020-11-13,122.48,1014700
2020-11-16,128.92,1526100
2020-11-17,127.95,1904500
2020-11-18,126.54,870800
2020-11-19,125.8,1138500
2020-11-20,127.89,748700
2020-11-23,134.06,1400100
2020-11-24,137.26,1428200
2020-11-25,134.73,1126200
2020-11-27,137.66,531400
2020-11-30,135.97,1096100
2020-12-01,135.88,1719800
2020-12-02,135.25,1576100
2020-12-03,131.72,1969300
2020-12-04,139.22,1157900
2020-12-07,140.0,1122100
2020-12-08,143.95,892700
2020-12-09,142.55,1444400
2020-12-10,141.43,1102900
2020-12-11,138.65,962400
2020-12-14,134.57,1387300
2020-12-15,137.94,1211900
2020-12-16,135.78,908800
2020-12-17,137.48,1127700
2020-12-18,138.9,2447400
2020-12-21,142.02,1180900
2020-12-22,146.27,1294200
2020-12-23,149.91,1718100
2020-12-24,149.64,487400
2020-12-28,149.72,1228600
2020-12-29,146.22,1112800
2020-12-30,149.29,1041100
2020-12-31,147.52,779200
2021-01-04,152.63,2898700
2021-01-05,162.93,2628000
2021-01-06,175.1,3335500
2021-01-07,184.0,2947800
2021-01-08,184.1,1659400
2021-01-11,177.29,2940000
2021-01-12,182.5,1655200
2021-01-13,179.92,1481400
2021-01-14,182.37,1037800
2021-01-15,180.14,1196600
2021-01-19,185.25,1520700
2021-01-20,180.19,1404400
2021-01-21,176.41,1321300
2021-01-22,173.71,2034500
2021-01-25,176.92,1372300
2021-01-26,175.38,1406100
2021-01-27,168.85,2907700
2021-01-28,166.37,1706500
2021-01-29,162.66,3133400
2021-02-01,166.37,1233900
2021-02-02,169.25,1177200
2021-02-03,161.88,2278800
2021-02-04,154.9,8388900
2021-02-05,157.17,4970300
2021-02-08,161.56,2523900
2021-02-09,158.69,1537600
2021-02-10,156.05,1485500
2021-02-11,159.85,1455000
2021-02-12,164.64,1590000
2021-02-16,162.2,1869300
2021-02-17,157.47,2300400
2021-02-18,141.46,4075000
2021-02-19,156.17,3729900
2021-02-22,156.49,2317400
2021-02-23,154.62,2314500
2021-02-24,160.9,1816500
2021-02-25,153.48,1326300
2021-02-26,157.21,1718100
2021-03-01,152.95,2385400
2021-03-02,153.72,1321400
2021-03-03,147.0,1523100
2021-03-04,141.51,2915300
2021-03-05,143.88,1416700
2021-03-08,140.69,1322900
2021-03-09,145.77,1218900
2021-03-10,152.3,1937200
2021-03-11,161.27,1589700
2021-03-12,157.28,984800
2021-03-15,158.83,704300
2021-03-16,155.36,957600
2021-03-17,155.91,1014400
2021-03-18,152.52,1326800
2021-03-19,151.5,1670700
2021-03-22,152.15,740300
2021-03-23,146.47,765200
2021-03-24,146.63,1039800
2021-03-25,148.93,964200
2021-03-26,150.4,722500
2021-03-29,146.41,758800
2021-03-30,145.39,1348000
2021-03-31,146.11,1990000
2021-04-01,150.74,1126200
2021-04-05,150.22,776000
2021-04-06,152.89,888000
2021-04-07,143.7,1292200
2021-04-08,146.17,852600
2021-04-09,147.32,638900
2021-04-12,147.71,793000
2021-04-13,148.58,1061900
2021-04-14,152.93,1104600
2021-04-15,150.51,1036700
2021-04-16,152.03,727900
2021-04-19,157.5,1259300
2021-04-20,148.52,1072200
2021-04-21,153.05,690300
2021-04-22,155.8,1417900
2021-04-23,161.23,1576800
2021-04-26,170.57,1351300
2021-04-27,169.75,948800
2021-04-28,169.4,594000
2021-04-29,167.62,771700
2021-04-30,168.17,1372300
2021-05-03,165.99,652000
2021-05-04,162.11,949100
2021-05-05,167.15,991400
2021-05-06,152.85,2553600
2021-05-07,162.72,1115900
2021-05-10,159.48,1127000
2021-05-11,160.5,600900
2021-05-12,154.6,1022300
2021-05-13,157.69,681900
2021-05-14,163.81,820200
2021-05-17,157.79,1032500
2021-05-18,159.35,904900
2021-05-19,156.98,735800
2021-05-20,157.99,721700
2021-05-21,159.58,1082800
2021-05-24,159.59,553500
2021-05-25,158.02,801200
2021-05-26,162.2,573900
2021-05-27,168.56,2357400
2021-05-28,167.08,749800
2021-06-01,171.43,1281300
2021-06-02,170.36,649900
2021-06-03,168.17,537600
2021-06-04,173.54,634100
2021-06-07,170.78,758600
2021-06-08,176.01,819800
2021-06-09,174.37,914300
2021-06-10,167.78,786300
2021-06-11,170.18,680800
2021-06-14,168.34,473600
2021-06-15,166.03,998100
2021-06-16,165.28,706100
2021-06-17,163.87,1231700
2021-06-18,157.97,1348200
2021-06-21,161.41,1026900
2021-06-22,161.58,803500
2021-06-23,163.67,701100
2021-06-24,165.97,840600
2021-06-25,166.77,1648700
2021-06-28,169.05,670700
2021-06-29,167.54,606000
2021-06-30,168.46,589300
2021-07-01,172.03,677000
2021-07-02,170.65,501300
2021-07-06,168.56,665800
2021-07-07,170.04,741100
2021-07-08,167.91,731500
2021-07-09,175.51,1314100
2021-07-12,187.49,3652500
2021-07-13,184.86,1098900
2021-07-14,182.52,1126600
2021-07-15,185.83,1478700
2021-07-16,180.66,978100
2021-07-19,178.08,1756500
2021-07-20,187.25,1268200
2021-07-21,190.22,1826100
2021-07-22,192.76,811300
2021-07-23,190.35,905500
2021-07-26,194.84,1038200
2021-07-27,188.99,1197000
2021-07-28,194.54,774900
2021-07-29,202.82,2550000
2021-07-30,206.04,1556400
2021-08-02,206.9,1109900
2021-08-03,206.98,1046900
2021-08-04,206.84,1153700
2021-08-05,218.62,2505200
2021-08-06,226.71,1651300
2021-08-09,231.38,1425200
2021-08-10,239.03,1977900
2021-08-11,235.99,1916300
2021-08-12,236.54,1089600
2021-08-13,235.22,849200
2021-08-16,225.9,2147800
2021-08-17,216.45,2133000
2021-08-18,217.73,946100
2021-08-19,213.35,1361800
2021-08-20,219.68,1116800
2021-08-23,227.94,1550100
2021-08-24,229.2,1208600
2021-08-25,234.17,1834600
2021-08-26,230.7,908400
2021-08-27,236.65,985000
2021-08-30,236.98,1119600
2021-08-31,236.74,833100
2021-09-01,239.2,924000
2021-09-02,244.03,1092800
2021-09-03,241.86,860500
2021-09-07,238.78,1042300
2021-09-08,239.28,1203200
2021-09-09,243.41,1172100
2021-09-10,241.17,1536200
2021-09-13,229.13,2522900
2021-09-14,230.47,1322400
2021-09-15,233.98,1469300
2021-09-16,231.25,1323100
2021-09-17,226.85,2097300
2021-09-20,215.48,2246600
2021-09-21,216.49,1008900
2021-09-22,223.28,904500
2021-09-23,229.15,1055100
2021-09-24,226.4,704200
2021-09-27,222.25,843700
2021-09-28,216.45,984200
2021-09-29,218.97,740400
2021-09-30,218.97,1019700
2021-10-01,218.89,1116200
2021-10-04,215.21,1015800
2021-10-05,222.39,1049600
2021-10-06,222.37,1005800
2021-10-07,222.3,641000
2021-10-08,215.06,1260600
2021-10-11,214.16,743100
2021-10-12,216.87,707300
2021-10-13,223.66,1016400
2021-10-14,231.33,1127900
2021-10-15,228.77,908300
2021-10-18,236.91,1223100
2021-10-19,235.95,1069900
2021-10-20,235.17,911700
2021-10-21,234.16,656500
2021-10-22,231.51,761800
2021-10-25,239.44,1600500
2021-10-26,236.16,1121200
2021-10-27,231.75,1140400
2021-10-28,246.21,1569900
2021-10-29,250.47,4261200
2021-11-01,255.87,1638100
2021-11-02,260.02,1631500
2021-11-03,261.95,1172500
2021-11-04,272.66,1841800
2021-11-05,272.51,990800
2021-11-08,278.52,1234600
2021-11-09,274.57,1051000
2021-11-10,265.75,1331100
2021-11-11,272.31,785700
2021-11-12,276.4,767700
2021-11-15,271.29,946100
2021-11-16,272.47,674400
2021-11-17,273.39,603300
2021-11-18,274.66,823400
2021-11-19,281.43,1028800
2021-11-22,283.8,2346100
2021-11-23,275.16,1329500
2021-11-24,274.48,974400
2021-11-26,266.85,884300
2021-11-29,275.89,1004800
2021-11-30,266.49,1377500
2021-12-01,259.85,1247400
2021-12-02,261.39,1204300
2021-12-03,251.47,1623500
2021-12-06,248.54,1036000
2021-12-07,259.53,888200
2021-12-08,264.64,832600
2021-12-09,257.47,682200
2021-12-10,262.87,667500
2021-12-13,248.8,1101600
2021-12-14,243.83,1207700
2021-12-15,239.79,1854800
2021-12-16,230.92,1470100
2021-12-17,229.87,2350400
2021-12-20,218.13,1703200
2021-12-21,224.15,805800
2021-12-22,225.23,779100
2021-12-23,227.9,810000
2021-12-27,233.1,593400
2021-12-28,232.8,704600
2021-12-29,232.53,573800
2021-12-30,234.35,610200
2021-12-31,233.77,380300
2022-01-03,236.67,1130500
2022-01-04,242.58,1142500
2022-01-05,235.64,1072100
2022-01-06,233.38,1002400
2022-01-07,236.02,795700
2022-01-10,226.97,1105400
2022-01-11,240.17,987000
2022-01-12,241.07,1143300
2022-01-13,235.23,610700
2022-01-14,233.67,557100
2022-01-18,226.3,773900
2022-01-19,219.69,705600
2022-01-20,217.15,1190800
2022-01-21,212.75,1345200
2022-01-24,211.92,1994700
2022-01-25,206.01,1231900
2022-01-26,205.62,1082600
2022-01-27,205.43,942500
2022-01-28,206.23,819500
2022-01-31,220.74,1137000
2022-02-01,225.2,916700
2022-02-02,221.49,818600
2022-02-03,215.06,654300
2022-02-04,216.02,720600
2022-02-07,219.78,780100
2022-02-08,226.69,1128400
2022-02-09,236.43,972400
2022-02-10,236.04,795700
2022-02-11,230.89,1009800
2022-02-14,227.68,875100
2022-02-15,241.39,1042100
2022-02-16,246.0,1394800
2022-02-17,197.02,6180600
2022-02-18,190.76,3060900
2022-02-22,191.85,1635500
2022-02-23,182.0,1644000
2022-02-24,184.2,1979800
2022-02-25,191.95,1135300
2022-02-28,195.89,1583600
2022-03-01,186.44,992000
2022-03-02,191.12,840600
2022-03-03,186.33,1071900
2022-03-04,179.07,1313900
2022-03-07,172.09,1051400
2022-03-08,180.74,1463500
2022-03-09,187.13,1332400
2022-03-10,188.37,785600
2022-03-11,184.76,769600
2022-03-14,176.29,973200
2022-03-15,181.95,834400
2022-03-16,191.25,890700
2022-03-17,196.37,706600
2022-03-18,198.24,1347100
2022-03-21,198.68,818500
2022-03-22,205.6,990600
2022-03-23,208.21,903500
2022-03-24,214.15,753000
2022-03-25,217.58,836300
2022-03-28,214.34,832800
2022-03-29,222.48,859500
2022-03-30,223.15,934100
2022-03-31,221.15,1141500
2022-04-01,224.92,864500
2022-04-04,226.04,744000
2022-04-05,217.3,1136100
2022-04-06,211.47,1381700
2022-04-07,211.85,847200
2022-04-08,211.0,736900
2022-04-11,206.0,1054000
2022-04-12,205.02,710100
2022-04-13,212.5,517400
2022-04-14,210.89,572600
2022-04-18,209.67,565900
2022-04-19,218.15,718300
2022-04-20,217.19,774000
2022-04-21,207.24,1190600
2022-04-22,200.64,877300
2022-04-25,198.46,1530000
2022-04-26,187.76,1013000
2022-04-27,192.23,1006900
2022-04-28,195.26,942300
2022-04-29,192.83,986900
2022-05-02,191.42,1020600
2022-05-03,197.12,928300
2022-05-04,215.47,2090100
2022-05-05,236.5,3740500
2022-05-06,242.41,2321100
2022-05-09,221.64,2422200
2022-05-10,221.43,1907400
2022-05-11,213.03,1203900
2022-05-12,213.45,1387900
2022-05-13,228.82,1078500
2022-05-16,226.32,974500
2022-05-17,239.23,1141400
2022-05-18,235.98,1109200
2022-05-19,239.08,1067900
2022-05-20,236.44,1120100
2022-05-23,242.94,1003400
2022-05-24,243.15,2202500
2022-05-25,237.51,1532600
2022-05-26,255.05,2265500
2022-05-27,270.92,1952600
2022-05-31,260.42,2705900
2022-06-01,240.12,3401900
2022-06-02,251.29,1657700
2022-06-03,250.76,927500
2022-06-06,257.79,1281000
2022-06-07,257.89,986000
2022-06-08,253.62,864200
2022-06-09,241.78,1211000
2022-06-10,236.87,1096100
2022-06-13,222.22,1652500
2022-06-14,223.33,1033100
2022-06-15,215.08,1951800
2022-06-16,202.17,2158500
2022-06-17,212.04,2401400
2022-06-21,216.33,1347800
2022-06-22,216.24,1243200
2022-06-23,213.62,1163100
2022-06-24,224.79,2392000
2022-06-27,226.62,1238400
2022-06-28,223.19,1586100
2022-06-29,211.89,1405600
2022-06-30,208.98,1250700
2022-07-01,205.15,1003000
2022-07-05,200.43,1203300
2022-07-06,198.3,1486500
2022-07-07,203.0,1594100
2022-07-08,205.93,907900
2022-07-11,199.82,897700
2022-07-12,195.82,938500
2022-07-13,196.0,881900
2022-07-14,196.66,992300
2022-07-15,200.7,912500
2022-07-18,203.88,940300
2022-07-19,211.52,780900
2022-07-20,219.51,933400
2022-07-21,225.6,865200
2022-07-22,221.46,707700
2022-07-25,227.57,720600
2022-07-26,225.1,881500
2022-07-27,234.29,786900
2022-07-28,236.32,1084000
2022-07-29,244.31,1506600
2022-08-01,239.96,957300
2022-08-02,243.89,1025400
2022-08-03,239.54,1407700
2022-08-04,234.89,2192000
2022-08-05,237.99,1428000
2022-08-08,244.84,1468800
2022-08-09,244.66,762000
2022-08-10,259.3,1359900
2022-08-11,265.7,1983300
2022-08-12,281.57,1995700
2022-08-15,284.08,1793900
2022-08-16,280.81,1297800
2022-08-17,277.62,987700
2022-08-18,279.51,1070700
2022-08-19,270.02,1223700
2022-08-22,275.7,1454300
2022-08-23,281.03,1038700
2022-08-24,287.88,795200
2022-08-25,295.68,1370000
2022-08-26,288.16,920700
2022-08-29,284.97,744300
2022-08-30,272.77,1913400
2022-08-31,267.96,1558200
2022-09-01,256.96,1725600
2022-09-02,259.88,1194600
2022-09-06,266.7,1411900
2022-09-07,279.2,1386900
2022-09-08,291.43,1635200
2022-09-09,300.37,1580700
2022-09-12,296.97,1060900
2022-09-13,298.09,1957100
2022-09-14,307.05,1590600
2022-09-15,286.75,1618900
2022-09-16,287.32,1925100
2022-09-19,296.95,1134700
2022-09-20,287.65,903700
2022-09-21,285.03,995100
2022-09-22,272.15,1576200
2022-09-23,269.45,1485300
2022-09-26,265.03,1256300
2022-09-27,269.68,1160400
2022-09-28,277.95,1179200
2022-09-29,265.44,1014400
2022-09-30,264.44,1078000
2022-10-03,273.73,1524700
2022-10-04,283.78,1266500
2022-10-05,276.8,1118800
2022-10-06,280.94,1359600
2022-10-07,272.53,1031600
2022-10-10,278.1,1030000
2022-10-11,272.99,1412400
2022-10-12,251.45,3589500
2022-10-13,256.0,2691200
2022-10-14,237.47,1985700
2022-10-17,248.03,1327600
2022-10-18,251.67,973900
2022-10-19,256.51,1151200
2022-10-20,255.39,1067800
2022-10-21,270.01,1318400
2022-10-24,270.57,991600
2022-10-25,281.43,1103500
2022-10-26,282.15,1051200
2022-10-27,282.17,1000200
2022-10-28,280.16,940600
2022-10-31,279.87,2300800
2022-11-01,279.0,1276200
2022-11-02,266.52,1594800
2022-11-03,274.56,2240900
2022-11-04,284.99,1480500
2022-11-07,286.49,871800
2022-11-08,306.01,2023100
2022-11-09,300.13,1428100
2022-11-10,320.77,1473300
2022-11-11,325.38,1421500
2022-11-14,316.35,1628600
2022-11-15,295.86,3161100
2022-11-16,286.77,1486600
2022-11-17,277.45,1683400
2022-11-18,276.98,1266200
2022-11-21,282.88,1363100
2022-11-22,283.09,1239300
2022-11-23,283.9,994300
2022-11-25,272.82,1341900
2022-11-28,266.11,1662900
2022-11-29,270.02,1219000
2022-11-30,277.99,1604800
2022-12-01,275.29,1086100
2022-12-02,284.28,1178200
2022-12-05,265.23,1872000
2022-12-06,257.99,1775700
2022-12-07,257.61,1240400
2022-12-08,256.03,1412600
2022-12-09,253.25,1186400
2022-12-12,259.36,1243500
2022-12-13,261.91,940800
2022-12-14,247.86,1988600
2022-12-15,240.5,1955800
2022-12-16,242.86,2508600
2022-12-19,233.34,1271400
2022-12-20,233.5,1033700
2022-12-21,232.63,1381400
2022-12-22,225.98,1228600
2022-12-23,226.96,678700
2022-12-27,214.16,1871700
2022-12-28,214.04,1754800
2022-12-29,217.47,1285600
2022-12-30,216.86,951800
2023-01-03,214.5,2293400
2023-01-04,223.57,1734700
2023-01-05,218.61,1549000
2023-01-06,221.64,1618100
2023-01-09,224.0,1467700
2023-01-10,223.9,896500
2023-01-11,236.56,1931400
2023-01-12,243.21,1462200
2023-01-13,242.23,1262900
2023-01-17,243.07,1354300
2023-01-18,243.8,1181600
2023-01-19,239.11,1452500
2023-01-20,248.49,1266600
2023-01-23,260.64,1977000
2023-01-24,264.53,1740700
2023-01-25,270.98,1272900
2023-01-26,279.45,1849400
2023-01-27,281.72,1234100
2023-01-30,271.98,1129000
2023-01-31,281.45,1554400
2023-02-01,285.9,1329400
2023-02-02,290.15,1209300
2023-02-03,287.23,1166900
2023-02-06,276.81,1415700
2023-02-07,279.34,1068000
2023-02-08,268.15,1523600
2023-02-09,267.39,1202900
2023-02-10,268.29,1391300
2023-02-13,269.93,843500
2023-02-14,270.7,1168500
2023-02-15,272.79,1542100
2023-02-16,285.62,3076300
2023-02-17,258.01,5758300
2023-02-21,241.96,3003300
2023-02-22,246.45,1993500
2023-02-23,253.85,2271300
2023-02-24,249.52,1301700
2023-02-27,257.02,1907600
2023-02-28,254.31,1630900
2023-03-01,252.64,1311500
2023-03-02,250.38,1801000
2023-03-03,259.37,1186100
2023-03-06,256.89,971800
2023-03-07,248.9,1331500
2023-03-08,253.25,921800
2023-03-09,236.75,1708800
2023-03-10,225.13,2619300
2023-03-13,222.99,1838300
2023-03-14,225.36,2037900
2023-03-15,214.4,3029300
2023-03-16,214.61,1928100
2023-03-17,208.49,2300300
2023-03-20,213.2,1795300
2023-03-21,222.93,1905100
2023-03-22,216.11,1515900
2023-03-23,215.64,1422800
2023-03-24,217.79,1588200
2023-03-27,218.88,2045000
2023-03-28,218.16,1817500
2023-03-29,224.46,1373900
2023-03-30,222.44,1294000
2023-03-31,221.04,1835400
2023-04-03,218.43,1507600
2023-04-04,209.57,2212500
2023-04-05,196.71,4657500
2023-04-06,194.68,2014400
2023-04-10,199.82,2008200
2023-04-11,201.71,1736700
2023-04-12,201.7,1320100
2023-04-13,203.01,1280100
2023-04-14,204.0,2266800
2023-04-17,205.9,3497800
2023-04-18,205.27,2059800
2023-04-19,203.78,1092600
2023-04-20,193.05,2432500
2023-04-21,173.75,8800100
2023-04-24,183.96,5918200
2023-04-25,176.66,2720700
2023-04-26,181.2,3286500
2023-04-27,186.0,2417800
2023-04-28,185.46,2521100
2023-05-01,177.27,1906200
2023-05-02,173.4,2315100
2023-05-03,172.91,3640800
2023-05-04,175.65,4558400
2023-05-05,179.7,2363500
2023-05-08,185.88,2718600
2023-05-09,195.17,3323700
2023-05-10,194.51,2329100
2023-05-11,198.52,2400600
2023-05-12,195.79,1429400
2023-05-15,203.75,2564300
2023-05-16,205.67,2260200
2023-05-17,207.99,1581100
2023-05-18,210.14,2021800
2023-05-19,204.15,1577900
2023-05-22,206.5,1882300
2023-05-23,216.07,4014300
2023-05-24,212.23,1787200
2023-05-25,204.97,2912500
2023-05-26,203.99,1743500
2023-05-30,201.86,1690100
2023-05-31,193.53,2551600
2023-06-01,195.54,1614900
2023-06-02,208.36,2113100
2023-06-05,206.17,1242500
2023-06-06,213.11,1607600
2023-06-07,218.82,1918500
2023-06-08,219.62,1609700
2023-06-09,220.5,1492600
2023-06-12,218.55,1478700
2023-06-13,228.85,2178500
2023-06-14,226.8,1942700
2023-06-15,230.91,1367900
2023-06-16,228.17,2348800
2023-06-20,232.22,2286600
2023-06-21,230.38,1553500
2023-06-22,226.0,1594700
2023-06-23,220.18,3467300
2023-06-26,225.22,1688700
2023-06-27,227.07,1174900
2023-06-28,217.0,1901300
2023-06-29,218.98,1604900
2023-06-30,223.09,1348400
2023-07-03,229.26,1496100
2023-07-05,229.02,1485200
2023-07-06,227.57,1690400
2023-07-07,237.52,2141200
2023-07-10,239.86,1281700
2023-07-11,239.09,1525100
2023-07-12,243.44,1181900
2023-07-13,241.67,994800
2023-07-14,235.27,1080400
2023-07-17,237.66,880100
2023-07-18,237.03,1071000
2023-07-19,232.52,1242500
2023-07-20,223.11,2255800
2023-07-21,215.99,2833300
2023-07-24,210.8,2291700
2023-07-25,212.51,2097700
2023-07-26,210.02,1626900
2023-07-27,205.95,2250200
2023-07-28,208.05,1828100
2023-07-31,212.28,3307800
2023-08-01,207.99,1944300
2023-08-02,202.89,2041500
2023-08-03,199.35,3202400
2023-08-04,200.09,2148800
2023-08-07,196.75,1723500
2023-08-08,195.65,1505900
2023-08-09,194.22,1077800
2023-08-10,191.67,1954200
2023-08-11,187.49,1783100
2023-08-14,185.54,2802500
2023-08-15,184.04,2676500
2023-08-16,181.53,1851200
2023-08-17,182.68,2091300
2023-08-18,183.39,1775100
2023-08-21,188.07,1787100
2023-08-22,188.16,1869900
2023-08-23,191.78,1189200
2023-08-24,190.74,1281300
2023-08-25,189.74,1761100
2023-08-28,189.64,1176300
2023-08-29,197.75,1713000
2023-08-30,198.59,1081400
2023-08-31,198.71,1001100
2023-09-01,200.26,1158100
2023-09-05,200.8,2580900
2023-09-06,189.83,2544100
2023-09-07,187.57,1766700
2023-09-08,184.43,1531400
2023-09-11,186.32,1297900
2023-09-12,184.35,1480700
2023-09-13,184.58,1437600
2023-09-14,184.97,1552600
2023-09-15,183.84,1980400
2023-09-18,181.62,1419800
2023-09-19,179.99,1397000
2023-09-20,174.44,1729600
2023-09-21,168.94,2246100
2023-09-22,168.21,1288100
2023-09-25,166.89,1788700
2023-09-26,163.65,2295000
2023-09-27,162.63,2245600
2023-09-28,172.4,2547500
2023-09-29,170.04,1969600
2023-10-02,162.41,1949900
2023-10-03,156.77,2514900
2023-10-04,158.4,2304300
2023-10-05,155.03,1948500
2023-10-06,159.84,1834200
2023-10-09,155.75,2607400
2023-10-10,162.08,2484900
2023-10-11,164.8,1777300
2023-10-12,170.8,3322900
2023-10-13,163.38,2288900
2023-10-16,167.73,1884300
2023-10-17,169.48,1594500
2023-10-18,152.89,5773400
2023-10-19,144.56,4207900
2023-10-20,138.68,3656400
2023-10-23,136.28,3210900
2023-10-24,139.24,2326400
2023-10-25,135.32,2988400
2023-10-26,135.21,2272300
2023-10-27,134.44,1508000
2023-10-30,127.41,3854400
2023-10-31,126.78,6601200
2023-11-01,122.96,4793400
2023-11-02,124.62,7173500
2023-11-03,127.98,4236900
2023-11-06,119.46,4014100
2023-11-07,122.11,2695000
2023-11-08,119.01,2398500
2023-11-09,114.6,2744600
2023-11-10,116.98,2647000
2023-11-13,114.19,4332900
2023-11-14,125.32,4044100
2023-11-15,127.72,3351300
2023-11-16,122.6,3561700
2023-11-17,127.39,2016300
2023-11-20,130.36,2915700
2023-11-21,126.13,2553500
2023-11-22,126.59,2590700
2023-11-24,128.87,1429500
2023-11-27,120.78,4314700
2023-11-28,123.91,2438800
2023-11-29,123.38,2546400
2023-11-30,121.27,4047900
2023-12-01,126.16,2803800
2023-12-04,119.98,3416700
2023-12-05,113.26,4357500
2023-12-06,118.3,5036100
2023-12-07,125.35,3971300
2023-12-08,127.99,4844900
2023-12-11,126.54,2798200
2023-12-12,127.94,3062200
2023-12-13,140.06,4955100
2023-12-14,145.89,5668500
2023-12-15,147.06,5938800
2023-12-18,145.91,2652800
2023-12-19,148.93,2276800
2023-12-20,142.53,2627600
2023-12-21,145.45,1799800
2023-12-22,150.09,2601800
2023-12-26,152.39,1958100
2023-12-27,149.32,2027600
2023-12-28,149.43,1378400
2023-12-29,144.48,2834600
2024-01-02,146.89,1962300
2024-01-03,140.18,2731000
2024-01-04,135.93,3208000
2024-01-05,135.83,2284900
2024-01-08,136.58,1879300
2024-01-09,133.67,1832400
2024-01-10,132.94,2145700
2024-01-11,128.65,2976800
2024-01-12,126.05,1637700
2024-01-16,125.95,2256600
2024-01-17,120.7,2818600
2024-01-18,117.99,3418700
2024-01-19,115.13,4170300
2024-01-22,120.75,4026800
2024-01-23,122.59,2877400
2024-01-24,121.69,2026500
2024-01-25,118.45,2810400
2024-01-26,119.84,1525000
2024-01-29,123.2,1996400
2024-01-30,120.31,1948700
2024-01-31,114.74,3653300
2024-02-01,116.78,3398400
2024-02-02,114.25,2853800
2024-02-05,108.73,3891700
2024-02-06,113.02,3042900
2024-02-07,115.05,2427500
2024-02-08,114.33,2473800
2024-02-09,115.78,2491700
2024-02-12,120.09,2865800
2024-02-13,112.2,3997300
2024-02-14,114.39,3134200
2024-02-15,117.5,6739200
2024-02-16,122.59,4406200
2024-02-20,114.82,3840200
2024-02-21,118.55,3681100
2024-02-22,118.18,2018300
2024-02-23,120.65,2762300
2024-02-26,121.52,2081000
2024-02-27,128.59,3540300
2024-02-28,132.06,2733100
2024-02-29,137.85,4563000
2024-03-01,142.8,3286300
2024-03-04,133.2,4216900
2024-03-05,109.4,19347700
2024-03-06,119.59,15606700
2024-03-07,122.66,4235500
2024-03-08,118.33,3479000
2024-03-11,124.75,4130100
2024-03-12,123.93,3443100
2024-03-13,125.79,2176900
2024-03-14,119.89,3010000
2024-03-15,122.14,3203700
2024-03-18,124.58,1886200
2024-03-19,120.54,2326600
2024-03-20,124.45,2529000
2024-03-21,124.86,2350900
2024-03-22,120.86,2454800
2024-03-25,118.35,2129300
2024-03-26,119.01,2506100
2024-03-27,128.8,4722600
2024-03-28,131.74,3988800
2024-04-01,129.18,2088100
2024-04-02,126.48,2335400
2024-04-03,128.87,1946300
2024-04-04,121.12,3032900
2024-04-05,123.45,1901100
2024-04-08,131.69,3560800
2024-04-09,129.16,3003100
2024-04-10,127.65,3605200
2024-04-11,130.31,3169600
2024-04-12,122.58,2805200
2024-04-15,120.5,1943500
2024-04-16,114.11,3493100
2024-04-17,114.39,2080400
2024-04-18,111.8,2208200
2024-04-19,112.15,1976100
2024-04-22,112.29,2281900
2024-04-23,114.21,1782700
2024-04-24,115.27,2235300
2024-04-25,114.98,1421100
2024-04-26,116.88,1723600
2024-04-29,125.73,3866300
2024-04-30,120.31,3574600
2024-05-01,119.0,2700200
2024-05-02,125.3,4490000
2024-05-03,128.1,2600100
2024-05-06,130.78,1959500
2024-05-07,131.55,2429600
2024-05-08,130.46,1810400
2024-05-09,133.55,1963900
2024-05-10,129.62,1920500
2024-05-13,131.51,1562500
2024-05-14,135.46,2161800
2024-05-15,127.57,3929700
2024-05-16,129.19,1743400
2024-05-17,131.12,2283300
2024-05-20,130.15,2202900
2024-05-21,126.64,1655300
2024-05-22,126.48,2423500
2024-05-23,122.95,1754400
2024-05-24,127.59,1445700
2024-05-28,127.76,2105200
2024-05-29,123.44,1765900
2024-05-30,123.78,1557400
2024-05-31,122.59,3525200
2024-06-03,120.89,2123800
2024-06-04,118.31,2119400
2024-06-05,118.65,1645800
2024-06-06,118.18,3002600
2024-06-07,114.94,2056800
2024-06-10,114.06,1701200
2024-06-11,113.97,1957100
2024-06-12,112.65,2723600
2024-06-13,108.23,4262400
2024-06-14,103.51,3910600
2024-06-17,100.63,4291400
2024-06-18,99.54,3526900
2024-06-20,93.79,5663800
2024-06-21,94.66,5565300
2024-06-24,96.4,3280600
2024-06-25,92.77,3217500
2024-06-26,100.28,4847600
2024-06-27,96.27,4049900
2024-06-28,95.52,4489200
2024-07-01,97.41,2451700
2024-07-02,97.06,4115200
2024-07-03,100.09,2309100
2024-07-05,98.35,2229800
2024-07-08,99.15,2194000
2024-07-09,90.47,6421000
2024-07-10,96.9,4153900
2024-07-11,97.95,2705800
2024-07-12,97.87,1968400
2024-07-15,95.49,2640000
2024-07-16,97.71,2586700
2024-07-17,95.08,2469000
2024-07-18,93.81,2324900
2024-07-19,92.09,2235700
2024-07-22,93.57,2075700
2024-07-23,91.48,1896500
2024-07-24,90.88,2100600
2024-07-25,91.0,2776600
2024-07-26,92.8,1868500
2024-07-29,91.67,1915100
2024-07-30,92.51,2449400
2024-07-31,93.67,5757000
2024-08-01,93.17,4807500
2024-08-02,86.99,5807200
2024-08-05,83.52,5285400
2024-08-06,79.53,3707800
2024-08-07,79.06,3367700
2024-08-08,81.83,3296800
2024-08-09,81.65,2165700
2024-08-12,76.0,4590200
2024-08-13,77.22,3969300
2024-08-14,72.85,4528400
2024-08-15,79.14,6098800
2024-08-16,79.37,2921300
2024-08-19,82.78,2947300
2024-08-20,84.22,3463400
2024-08-21,88.6,3287700
2024-08-22,86.88,2588100
2024-08-23,90.5,2203800
2024-08-26,88.94,2020000
2024-08-27,88.98,1165700
2024-08-28,88.0,1802100
2024-08-29,91.65,1875000
2024-08-30,90.25,2063100
2024-09-03,84.12,2748100
2024-09-04,84.75,2158200
2024-09-05,82.6,1421600
2024-09-06,76.9,3495900
2024-09-09,78.41,2238700
2024-09-10,78.62,2058300
2024-09-11,89.3,6391800
2024-09-12,88.5,2865000
2024-09-13,87.44,2181700
2024-09-16,89.35,1566200
2024-09-17,89.82,1925600
2024-09-18,86.59,3200600
2024-09-19,89.33,1976000
2024-09-20,86.03,4531400
2024-09-23,88.71,2005300
2024-09-24,90.46,3650500
2024-09-25,86.58,2170500
2024-09-26,95.17,4339600
2024-09-27,96.05,2592800
2024-09-30,94.71,1743200
2024-10-01,94.32,1269900
2024-10-02,94.07,1271200
2024-10-03,94.31,1785600
2024-10-04,102.09,4783300
2024-10-07,104.47,4527200
2024-10-08,100.26,4295000
2024-10-09,101.92,3759100
2024-10-10,102.96,1840700
2024-10-11,102.02,2426000
2024-10-14,99.6,2352800
2024-10-15,95.74,2645400
2024-10-16,98.25,1875900
2024-10-17,94.67,2992300
2024-10-18,95.14,2082000
2024-10-21,93.84,2276700
2024-10-22,96.46,2363600
2024-10-23,93.96,1958700
2024-10-24,95.15,1422100
2024-10-25,93.51,2046400
2024-10-28,98.14,2383300
2024-10-29,96.65,1409500
2024-10-30,95.52,1318200
2024-10-31,94.73,2197600
2024-11-01,98.24,2431100
2024-11-04,100.57,2339600
2024-11-05,99.78,1548500
2024-11-06,96.58,3228300
2024-11-07,99.93,3377400
2024-11-08,100.84,2287100
2024-11-11,110.49,4581900
2024-11-12,102.8,2359400
2024-11-13,108.19,3822200
2024-11-14,102.1,2458300
2024-11-15,103.53,2498100
2024-11-18,104.03,1698700
2024-11-19,106.45,2168900
2024-11-20,109.55,2033500
2024-11-21,108.98,1598000
2024-11-22,108.38,1820200
2024-11-25,109.98,2087000
2024-11-26,106.79,1973300
2024-11-27,107.98,1071900
2024-11-29,107.7,748200
2024-12-02,111.3,1990000
2024-12-03,109.07,1477900
2024-12-04,102.61,2526900
2024-12-05,101.1,2322100
2024-12-06,104.96,1557000
2024-12-09,109.66,2663200
2024-12-10,103.98,1535800
2024-12-11,103.84,1502100
2024-12-12,103.3,1136800
2024-12-13,99.38,1643700
2024-12-16,99.54,1634300
2024-12-17,97.55,1757300
2024-12-18,90.54,2536300
2024-12-19,88.92,2360700
2024-12-20,88.65,3685400
2024-12-23,89.2,2003000
2024-12-24,89.99,595100
2024-12-26,89.15,1194900
2024-12-27,88.29,1397000
2024-12-30,86.14,1729000
2024-12-31,86.08,1609500
2025-01-02,85.23,1866100
2025-01-03,87.79,2626700
2025-01-06,90.19,2319600
2025-01-07,89.98,1653500
2025-01-08,87.38,1553800
2025-01-10,86.53,1691100
2025-01-13,91.51,2824600
2025-01-14,92.63,1890700
2025-01-15,95.15,2289000
2025-01-16,94.32,2082700
2025-01-17,97.49,2049500
2025-01-21,94.05,1921600
2025-01-22,90.25,2427200
2025-01-23,89.8,2775600
2025-01-24,88.76,2297500
2025-01-27,88.78,3132200
2025-01-28,85.9,1888400
2025-01-29,86.28,1678800
2025-01-30,85.65,1929700
2025-01-31,84.19,2785900
2025-02-03,80.45,3322000
2025-02-04,82.48,2446900
2025-02-05,79.88,2619500
2025-02-06,79.0,2240900
2025-02-07,77.37,2649700
2025-02-10,75.14,3077500
2025-02-11,75.7,3349100
2025-02-12,76.6,3431100
2025-02-13,79.25,5153700
2025-02-14,81.21,2744400
2025-02-18,83.58,2654800
2025-02-19,83.67,3143000
2025-02-20,82.51,1500900
2025-02-21,81.2,1677800
2025-02-24,81.03,1785600
2025-02-25,78.42,3200000
2025-02-26,77.53,2747500
2025-02-27,78.97,3499800
2025-02-28,77.03,2821800
2025-03-03,69.95,5055400
2025-03-04,72.16,3852200
2025-03-05,74.21,3400400
2025-03-06,76.48,3772900
2025-03-07,75.51,3451100
2025-03-10,76.39,2849100
2025-03-11,72.67,2582400
2025-03-12,72.81,2199300
2025-03-13,72.4,1658300
2025-03-14,75.23,2761500
2025-03-17,79.34,2763700
2025-03-18,78.5,1934500
2025-03-19,79.49,1984400
2025-03-20,77.03,2009500
2025-03-21,77.56,4483700
2025-03-24,77.55,1748300
2025-03-25,77.67,1492400
2025-03-26,75.72,1313300
2025-03-27,74.75,1886500
2025-03-28,72.19,1987800
2025-03-31,72.02,1898400
2025-04-01,71.82,2010600
2025-04-02,72.25,1831600
2025-04-03,66.5,3725000
2025-04-04,58.51,6136900
2025-04-07,58.1,7447600
2025-04-08,50.76,7919000
2025-04-09,60.47,9383400
2025-04-10,54.71,5661900
2025-04-11,56.67,3362600
2025-04-14,57.39,2745500
2025-04-15,54.01,4050800
2025-04-16,52.57,4277300
2025-04-17,52.91,3117400
2025-04-21,53.02,3122800
2025-04-22,54.77,2805000
2025-04-23,55.64,3699000
2025-04-24,58.17,2274100
2025-04-25,57.73,3065800
2025-04-28,58.55,2699000
2025-04-29,59.46,2826000
2025-04-30,58.55,6029800
2025-05-01,59.32,5229800
2025-05-02,60.3,3471800
2025-05-05,57.94,2589600
2025-05-06,57.49,2475500
2025-05-07,56.06,2895100
2025-05-08,57.44,3404200
2025-05-09,57.93,2163100
2025-05-12,61.57,3994400
2025-05-13,61.86,3563900
2025-05-14,61.08,3093900
2025-05-15,60.32,3244000
2025-05-16,60.21,3821700
2025-05-19,59.24,4076800
2025-05-20,59.32,2416600
2025-05-21,56.44,2506000
2025-05-22,57.94,2905700
2025-05-23,57.61,2710500
2025-05-27,58.79,3263800
2025-05-28,58.05,2430500
2025-05-29,57.49,2866100
2025-05-30,55.76,11048700
2025-06-02,55.09,3667100
2025-06-03,57.01,2977000
2025-06-04,59.7,4078200
2025-06-05,58.64,3632100
2025-06-06,59.83,2175800
2025-06-09,62.3,3391900
2025-06-10,64.2,3023200
2025-06-11,65.08,3823600
2025-06-12,62.48,3002900
2025-06-13,60.72,2500800
2025-06-16,60.96,2333200
2025-06-17,59.69,2560200
2025-06-18,59.4,2872900
2025-06-20,56.66,5545500
2025-06-23,57.82,3791400
2025-06-24,60.18,3124700
2025-06-25,60.38,2724800
2025-06-26,63.75,4054000
2025-06-27,64.95,4137300
2025-06-30,62.67,3077700
2025-07-01,62.9,3242600
2025-07-02,67.99,4458000
2025-07-03,67.21,2322300
2025-07-07,65.5,2956600
2025-07-08,70.22,7275300
2025-07-09,70.79,4021400
2025-07-10,74.27,5717900
2025-07-11,70.98,4092000
2025-07-14,71.87,2711900
2025-07-15,70.02,4674000
2025-07-16,70.41,2880100
2025-07-17,75.74,7862000
2025-07-18,77.07,6224400
2025-07-21,77.15,3690800
2025-07-22,83.24,6714200
2025-07-23,78.79,5139000
2025-07-24,84.18,7765000
2025-07-25,83.74,5379500
2025-07-28,74.77,10165500
2025-07-29,71.6,6543200
2025-07-30,68.89,4953500
2025-07-31,67.85,8469100
2025-08-01,67.9,4282600
2025-08-04,68.56,3261300
2025-08-05,68.25,2210100
2025-08-06,67.3,2106200
2025-08-07,70.06,5435400
2025-08-08,75.48,7616700
2025-08-11,80.76,12471500
2025-08-12,77.98,5413100
2025-08-13,81.67,3990400
2025-08-14,81.43,3495700
2025-08-15,82.19,2842300
2025-08-18,83.09,4375900
2025-08-19,80.55,3810800
2025-08-20,78.12,3456400
2025-08-21,78.94,2887800
2025-08-22,81.34,2876200
2025-08-25,81.29,2412000
2025-08-26,81.53,2495900
2025-08-27,87.68,5504600
2025-08-28,84.92,3539500
2025-08-29,84.92,1738900
2025-09-02,79.54,4041600
2025-09-03,80.11,1926000
2025-09-04,79.27,3900500
2025-09-05,81.54,4805500
2025-09-08,82.0,2332700
2025-09-09,72.58,13545200
2025-09-10,73.32,5511300
2025-09-11,75.05,3595600
2025-09-12,75.98,2508600
2025-09-15,81.04,5011900
2025-09-16,80.94,2255700
2025-09-17,80.16,2616700
2025-09-18,80.93,2217900
2025-09-19,81.84,3672600
2025-09-22,80.38,2537400
2025-09-23,80.12,2249000
2025-09-24,81.58,3532700
2025-09-25,84.83,4456000
2025-09-26,88.1,4186600
2025-09-29,86.88,3344100
2025-09-30,81.08,5385600
2025-10-01,84.47,3616400
2025-10-02,87.61,3121700
2025-10-03,88.22,2570400
2025-10-06,92.03,3402600
2025-10-07,90.53,2238900
2025-10-08,91.69,2518900
2025-10-09,96.5,5594900
2025-10-10,89.86,4302600
2025-10-13,96.34,4161000
2025-10-14,96.24,3624800
2025-10-15,98.16,3313200
2025-10-16,95.29,2606700
2025-10-17,92.74,3547300
2025-10-20,96.14,2927100
2025-10-21,91.34,2486900
2025-10-22,91.27,1984300
2025-10-23,97.36,3455700
2025-10-24,105.64,5109700
2025-10-27,96.23,4094700
2025-10-28,96.68,2509900
2025-10-29,97.8,2278700
2025-10-30,97.89,2366900
2025-10-31,98.23,4021800
2025-11-03,96.53,2737500
2025-11-04,88.45,5264300
2025-11-05,91.96,3369800
2025-11-06,91.26,3772800
2025-11-07,97.18,4482800
2025-11-10,103.58,3390200
2025-11-11,103.88,2655400
2025-11-12,110.32,4399100
2025-11-13,114.57,7195900
2025-11-14,115.14,4691600
2025-11-17,117.7,7466600
2025-11-18,121.39,4524100
2025-11-19,125.68,3631700
2025-11-20,116.42,5683200
2025-11-21,116.82,4858600
2025-11-24,115.88,2844300
2025-11-25,125.26,3548500
2025-11-26,126.91,3060200
2025-11-28,129.99,1285300
2025-12-01,128.33,4017000
2025-12-02,128.14,2037100
2025-12-03,126.49,4145000
2025-12-04,119.14,4241900
2025-12-05,125.19,5265000
2025-12-08,127.2,3602800
2025-12-09,129.29,2362900
2025-12-10,133.21,2764400
2025-12-11,134.59,2291600
2025-12-12,132.74,2775300
2025-12-15,132.22,2080600
2025-12-16,131.07,2349300
2025-12-17,134.71,3105300
2025-12-18,140.48,3387600
2025-12-19,145.88,6845000
2025-12-22,145.38,3573600
2025-12-23,146.7,1736700
2025-12-24,148.51,1181700
2025-12-26,150.01,1442200
2025-12-29,144.58,2822000
2025-12-30,142.01,1660200
2025-12-31,141.44,1742100
2026-01-02,143.93,2992500
2026-01-05,146.13,3112900
2026-01-06,158.15,5627800
2026-01-07,161.57,4198800
2026-01-08,158.31,3332800
2026-01-09,161.29,2824400
2026-01-12,169.33,3422600
2026-01-13,176.88,3411500
2026-01-14,177.55,2538500
2026-01-15,173.78,3143900
2026-01-16,163.04,4817600
2026-01-20,172.54,4535300
2026-01-21,180.06,4493700
2026-01-22,188.32,4220400
2026-01-23,189.51,3022600
2026-01-26,189.75,3002700
2026-01-27,194.18,2605600
2026-01-28,184.33,4444800
2026-01-29,180.7,2694400
2026-01-30,170.63,6911300
2026-02-02,164.93,3666600
2026-02-03,170.64,2655400
2026-02-04,168.66,3049000
2026-02-05,156.48,3638200
2026-02-06,163.37,2120400
2026-02-09,165.76,2341600
2026-02-10,168.56,2196400
2026-02-11,175.43,3762600
2026-02-12,158.93,4254200
2026-02-13,166.35,2594200
2026-02-17,168.92,1809400
2026-02-18,171.22,2196900
2026-02-19,168.41,1559600
2026-02-20,168.42,1861000
2026-02-23,177.52,2323500
2026-02-24,186.83,2628900
2026-02-25,195.87,4503400
2026-02-26,184.93,2576400
2026-02-27,178.67,2405600
2026-03-02,178.18,1626300
2026-03-03,164.73,3369500
2026-03-04,168.35,2535500
2026-03-05,163.93,2110100
2026-03-06,162.29,2175500
2026-03-09,169.57,2420700
2026-03-10,166.54,2028300
2026-03-11,168.0,1704600
2026-03-12,163.89,1479700
2026-03-13,158.22,1897100
2026-03-16,162.44,1215200
2026-03-17,166.32,1697400
2026-03-18,165.83,1585800
2026-03-19,163.26,1873700
2026-03-20,156.7,2936900
2026-03-23,167.56,2899000
2026-03-24,177.06,2267000
2026-03-25,181.39,2248300
2026-03-26,174.5,1261400
2026-03-27,179.45,1572200
2026-03-30,177.22,2104500
2026-03-31,179.53,2225900
2026-04-01,178.47,1842700
2026-04-02,178.09,1145800
2026-04-06,173.03,1394200
2026-04-07,173.53,1303500
2026-04-08,177.44,1617400
2026-04-09,172.35,1538900
2026-04-10,173.64,1208700
2026-04-13,185.43,2960200
2026-04-14,189.86,1810000
2026-04-15,185.38,1291100
2026-04-16,215.62,5639600
2026-04-17,197.75,4160700
2026-04-20,194.83,2216300
2026-04-21,198.42,1491600
2026-04-22,194.22,1799300
2026-04-23,193.14,1548800
2026-04-24,188.33,1854200
2026-04-27,199.53,2188300
2026-04-28,186.9,1835600
2026-04-29,190.88,1453600
2026-04-30,196.7,2215100
2026-05-01,193.88,1278100
2026-05-04,190.69,1392200
2026-05-05,194.82,1269700
2026-05-06,192.61,2224900
2026-05-07,198.35,4291200
2026-05-08,203.52,3130000
2026-05-11,209.99,2811300
2026-05-12,205.52,1805200
2026-05-13,200.94,1863700
2026-05-14,191.1,2168600
2026-05-15,180.38,2582700
2026-05-18,175.74,1944300
2026-05-19,169.0,2097400
2026-05-20,170.21,2321500
2026-05-21,169.9,1396200
2026-05-22,171.58,1676100
2026-05-26,174.69,2278200
2026-05-27,177.47,1920700
2026-05-28,176.32,1714900
2026-05-29,176.42,2542100
2026-06-01,171.13,2177500
2026-06-02,171.77,2636000
2026-06-03,168.34,1711200
2026-06-04,165.65,1761100
2026-06-05,155.44,1790600
2026-06-08,149.84,3057500
2026-06-09,152.79,2583100
2026-06-10,147.22,2153200
2026-06-11,159.06,2233900
2026-06-12,170.42,3265100
2026-06-15,168.9,2843400
2026-06-16,166.11,1497900
2026-06-17,166.56,2682200
2026-06-18,160.35,4385400
2026-06-22,156.69,2043500
2026-06-23,149.98,1950900
2026-06-24,147.84,1926400
2026-06-25,141.05,3055400
2026-06-26,133.7,4692400
2026-06-29,129.72,3363400
2026-06-30,135.03,3559600
2026-07-01,136.08,2413500
2026-07-02,135.56,2572400
2026-07-06,133.8,1531500
2026-07-07,129.02,2184300
2026-07-08,129.38,2075800
2026-07-09,128.42,1361800
2026-07-10,126.05,1465600
2026-07-13,125.79,1215100
2026-07-14,128.75,2234100
2026-07-15,124.74,1617800
2026-07-16,119.46,2263300
2026-07-17,120.78,2286300
2026-07-20,118.2,2216400
2026-07-21,118.62,2746800
2026-07-22,117.45,2610100
2026-07-23,116.91,1822400
2026-07-24,114.85,1637900
2026-07-27,116.18,2392300
2026-07-28,113.16,2304300
2026-07-29,113.88,2294800
2026-07-30,117.76,2179600
2026-07-31,117.64,3649500
2026-08-03,118.71,2150200
2026-08-04,120.82,2293100
2026-08-05,118.84,2690400
2026-08-06,125.42,4201400
2026-08-07,131.11,2632600
2026-08-10,131.21,2424800
2026-08-11,129.36,1482500
2026-08-12,128.34,1921600
2026-08-13,130.48,2106100
2026-08-14,136.15,2340800
2026-08-17,133.99,1976800
2026-08-18,132.71,1277800
2026-08-19,134.28,1545200
2026-08-20,134.19,1618800
2026-08-21,143.25,3302100
2026-08-24,141.51,2174500
2026-08-25,133.18,2271000
2026-08-26,134.51,1538500
2026-08-27,135.77,1109200
2026-08-28,137.36,1446000
2026-08-31,134.97,1982700
2026-09-01,135.54,1553400
2026-09-02,137.75,2394900
2026-09-03,132.16,2862900
2026-09-04,126.28,3239400
2026-09-08,129.57,4961400
2026-09-09,125.91,2588700
2026-09-10,122.11,2013500
2026-09-11,117.52,2391500
2026-09-14,115.03,2099600
2026-09-15,113.45,2336200
2026-09-16,109.47,2747900
2026-09-17,115.05,2161400
2026-09-18,110.91,4967500
2026-09-21,112.92,1908000
2026-09-22,116.8,4099100
2026-09-23,113.47,2202100
2026-09-24,108.25,2501800
2026-09-25,109.73,1989800
2026-09-28,107.39,2661700
2026-09-29,107.62,1782400
2026-09-30,105.78,1697500
2026-10-01,105.03,1948100
2026-10-02,104.59,2004600
2026-10-05,104.37,2028700
2026-10-06,106.35,1497000
2026-10-07,102.75,1930900
2026-10-08,102.1,3903700
2026-10-09,101.27,2510005
