datum,schluss,volumen
2008-01-02,0.2795,
2008-01-03,0.3028,107346
2008-01-04,0.3493,144917
2008-01-07,0.3028,30265
2008-01-08,0.3028,1073
2008-01-09,0.3028,
2008-01-10,0.3028,
2008-01-11,0.3028,
2008-01-14,0.2795,11871
2008-01-15,0.2795,
2008-01-16,0.2608,22271
2008-01-17,0.2608,
2008-01-18,0.2608,
2008-01-21,0.2375,729
2008-01-22,0.1863,7857
2008-01-23,0.2562,21469
2008-01-24,0.2795,15028
2008-01-25,0.2795,
2008-01-29,0.2795,
2008-01-30,0.2795,
2008-01-31,0.2143,16101
2008-02-01,0.2143,
2008-02-04,0.2096,27604
2008-02-05,0.2096,
2008-02-06,0.191,24137
2008-02-07,0.191,5367
2008-02-08,0.1863,20395
2008-02-11,0.1863,
2008-02-12,0.1863,106482
2008-02-13,0.1863,
2008-02-14,0.1863,
2008-02-15,0.1863,2189
2008-02-18,0.2049,7084
2008-02-19,0.2049,
2008-02-20,0.2049,15028
2008-02-21,0.2049,
2008-02-22,0.2049,
2008-02-25,0.1863,21469
2008-02-26,0.163,10734
2008-02-27,0.163,10391
2008-02-28,0.1723,2465
2008-02-29,0.1444,15372
2008-03-03,0.1444,
2008-03-04,0.1444,
2008-03-05,0.1444,
2008-03-06,0.163,8587
2008-03-07,0.163,
2008-03-10,0.163,
2008-03-11,0.163,
2008-03-12,0.163,
2008-03-13,0.163,
2008-03-14,0.163,
2008-03-17,0.163,63745
2008-03-18,0.1863,38233
2008-03-19,0.1863,69131
2008-03-20,0.1863,
2008-03-25,0.1863,
2008-03-26,0.1863,
2008-03-27,0.1863,
2008-03-28,0.1863,
2008-03-31,0.1863,
2008-04-01,0.1863,
2008-04-02,0.1863,
2008-04-03,0.1863,
2008-04-04,0.1863,
2008-04-07,0.1863,
2008-04-08,0.1863,
2008-04-09,0.1863,
2008-04-10,0.1863,
2008-04-11,0.1863,
2008-04-14,0.1863,
2008-04-15,0.1863,
2008-04-16,0.1863,
2008-04-17,0.1863,
2008-04-18,0.1863,
2008-04-21,0.1863,
2008-04-22,0.1863,
2008-04-23,0.1863,
2008-04-24,0.1863,
2008-04-28,0.1863,
2008-04-29,0.1863,
2008-04-30,0.1863,
2008-05-01,0.1863,
2008-05-02,0.1863,
2008-05-05,0.1863,
2008-05-06,0.1863,
2008-05-07,0.1863,
2008-05-08,0.1863,
2008-05-09,0.1863,
2008-05-12,0.1863,
2008-05-13,0.1863,
2008-05-14,0.1863,
2008-05-15,0.1863,
2008-05-16,0.1863,
2008-05-19,0.1863,
2008-05-20,0.1863,
2008-05-21,0.1863,
2008-05-22,0.1863,
2008-05-23,0.1863,
2008-05-26,0.1863,
2008-05-27,0.1863,
2008-05-28,0.1863,
2008-05-29,0.1863,
2008-05-30,0.1863,
2008-06-02,0.1863,
2008-06-03,0.1863,
2008-06-04,0.1863,
2008-06-05,0.1863,
2008-06-06,0.1863,
2008-06-10,0.1863,
2008-06-11,0.1863,
2008-06-12,0.1863,
2008-06-13,0.1863,
2008-06-16,0.1863,
2008-06-17,0.1863,
2008-06-18,0.1863,
2008-06-19,0.1863,
2008-06-20,0.1863,
2008-06-23,0.1863,
2008-06-24,0.1863,
2008-06-25,0.1863,
2008-06-26,0.1863,
2008-06-27,0.1863,
2008-06-30,0.1863,
2008-07-01,0.1863,
2008-07-02,0.1863,
2008-07-03,0.1863,
2008-07-04,0.1863,
2008-07-07,0.1863,
2008-07-08,0.1863,
2008-07-09,0.1863,
2008-07-10,0.1863,
2008-07-11,0.1863,
2008-07-14,0.1863,
2008-07-15,0.1863,
2008-07-16,0.1863,
2008-07-17,0.1863,
2008-07-18,0.1863,
2008-07-21,0.1863,
2008-07-22,0.1863,
2008-07-23,0.1863,
2008-07-24,0.1863,
2008-07-25,0.1863,
2008-07-28,0.1863,
2008-07-29,0.1863,
2008-07-30,0.1863,
2008-07-31,0.1863,
2008-08-01,0.1863,
2008-08-04,0.1863,
2008-08-05,0.1863,
2008-08-06,0.1863,
2008-08-07,0.1863,
2008-08-08,0.1863,
2008-08-11,0.1863,
2008-08-12,0.1863,
2008-08-13,0.1863,
2008-08-14,0.1863,
2008-08-15,0.1863,
2008-08-18,0.1863,
2008-08-19,0.1863,
2008-08-20,0.1863,
2008-08-21,0.1863,
2008-08-22,0.1863,
2008-08-25,0.1863,
2008-08-26,0.1863,
2008-08-27,0.1863,
2008-08-28,0.1863,
2008-08-29,0.1863,
2008-09-01,0.1863,
2008-09-02,0.1863,
2008-09-03,0.1863,
2008-09-04,0.1863,
2008-09-05,0.1863,
2008-09-08,0.1863,
2008-09-09,0.1863,
2008-09-10,0.1863,
2008-09-11,0.1863,
2008-09-12,0.1863,
2008-09-15,0.1863,
2008-09-16,0.1863,
2008-09-17,0.1863,
2008-09-18,0.1863,
2008-09-19,0.1863,
2008-09-22,0.1863,
2008-09-23,0.1863,
2008-09-24,0.1863,
2008-09-25,0.1863,
2008-09-26,0.1863,
2008-09-29,0.1863,
2008-09-30,0.1863,
2008-10-01,0.1863,
2008-10-02,0.1863,
2008-10-03,0.1863,
2008-10-06,0.1863,
2008-10-07,0.1863,
2008-10-08,0.1863,
2008-10-09,0.1863,
2008-10-10,0.1863,
2008-10-13,0.1863,
2008-10-14,0.1863,
2008-10-15,0.1863,
2008-10-16,0.1863,
2008-10-17,0.1863,
2008-10-20,0.1863,
2008-10-21,0.1863,
2008-10-22,0.1863,
2008-10-23,0.1863,
2008-10-24,0.1863,
2008-10-27,0.1863,
2008-10-28,0.1863,
2008-10-29,0.1863,
2008-10-30,0.1863,
2008-10-31,0.1863,
2008-11-03,0.1863,
2008-11-04,0.1863,
2008-11-05,0.1863,
2008-11-06,0.1863,
2008-11-07,0.1863,
2008-11-10,0.1863,
2008-11-11,0.1863,
2008-11-12,0.1863,
2008-11-13,0.1863,
2008-11-14,0.1863,
2008-11-17,0.1863,
2008-11-18,0.1863,
2008-11-19,0.1863,
2008-11-20,0.1863,
2008-11-21,0.1863,
2008-11-24,0.1863,
2008-11-25,0.1863,
2008-11-26,0.1863,
2008-11-27,0.1863,
2008-11-28,0.1863,
2008-12-01,0.1863,
2008-12-02,0.1863,
2008-12-03,0.1863,
2008-12-04,0.1863,
2008-12-05,0.1863,
2008-12-08,0.1863,
2008-12-09,0.1863,
2008-12-10,0.1863,
2008-12-11,0.1863,
2008-12-12,0.1863,
2008-12-15,0.1863,
2008-12-16,0.1863,
2008-12-17,0.1863,
2008-12-18,0.1863,
2008-12-19,0.1863,
2008-12-22,0.1863,
2008-12-23,0.1863,
2008-12-24,0.1863,
2008-12-29,0.1863,
2008-12-30,0.1863,
2008-12-31,0.1863,
2009-01-02,0.1863,
2009-01-05,0.1863,
2009-01-06,0.1863,
2009-01-07,0.1863,
2009-01-08,0.1863,
2009-01-09,0.1863,
2009-01-12,0.1863,
2009-01-13,0.1863,
2009-01-14,0.1863,
2009-01-15,0.1863,
2009-01-16,0.1863,
2009-01-19,0.1863,
2009-01-20,0.1863,
2009-01-21,0.1863,
2009-01-22,0.1863,
2009-01-23,0.1863,
2009-01-27,0.1863,
2009-01-28,0.1863,
2009-01-29,0.1863,
2009-01-30,0.1863,
2009-02-02,0.1863,
2009-02-03,0.1863,
2009-02-04,0.1863,
2009-02-05,0.1863,
2009-02-06,0.1863,
2009-02-09,0.1863,
2009-02-10,0.1863,
2009-02-11,0.1863,
2009-02-12,0.1863,
2009-02-13,0.1863,
2009-02-16,0.1863,
2009-02-17,0.1863,
2009-02-18,0.1863,
2009-02-19,0.1863,
2009-02-20,0.1863,
2009-02-23,0.1863,
2009-02-24,0.1863,
2009-02-25,0.1863,
2009-02-26,0.1863,
2009-02-27,0.1863,
2009-03-02,0.1863,
2009-03-03,0.1863,
2009-03-04,0.1863,
2009-03-05,0.1863,
2009-03-06,0.1863,
2009-03-09,0.1863,
2009-03-10,0.1863,
2009-03-11,0.1863,
2009-03-12,0.1863,
2009-03-13,0.1863,
2009-03-16,0.1863,
2009-03-17,0.1863,
2009-03-18,0.1863,
2009-03-19,0.1863,
2009-03-20,0.1863,
2009-03-23,0.1863,
2009-03-24,0.1863,
2009-03-25,0.1863,
2009-03-26,0.1863,
2009-03-27,0.1863,
2009-03-30,0.1863,
2009-03-31,0.1863,
2009-04-01,0.1863,
2009-04-02,0.1863,
2009-04-03,0.1863,
2009-04-06,0.1863,
2009-04-07,0.1863,
2009-04-08,0.1863,
2009-04-09,0.1863,
2009-04-14,0.1863,
2009-04-15,0.1863,
2009-04-16,0.1863,
2009-04-17,0.1863,
2009-04-20,0.1863,
2009-04-21,0.1863,
2009-04-22,0.1863,
2009-04-23,0.1863,
2009-04-24,0.1863,
2009-04-27,0.1863,
2009-04-28,0.1863,
2009-04-29,0.1863,
2009-04-30,0.1863,
2009-05-01,0.1863,
2009-05-04,0.1863,
2009-05-05,0.1863,
2009-05-06,0.1863,
2009-05-07,0.1863,
2009-05-08,0.1863,
2009-05-11,0.1863,
2009-05-12,0.1863,
2009-05-13,0.1863,
2009-05-14,0.1863,
2009-05-15,0.1863,
2009-05-18,0.1863,
2009-05-19,0.1863,
2009-05-20,0.1863,
2009-05-21,0.1863,
2009-05-22,0.1863,
2009-05-25,0.1863,
2009-05-26,0.1863,
2009-05-27,0.1863,
2009-05-28,0.1863,
2009-05-29,0.1863,
2009-06-01,0.1863,
2009-06-02,0.1863,
2009-06-03,0.1863,
2009-06-04,0.1863,
2009-06-05,0.1863,
2009-06-09,0.1863,
2009-06-10,0.1863,
2009-06-11,0.1863,
2009-06-12,0.1863,
2009-06-15,0.1863,
2009-06-16,0.1863,
2009-06-17,0.1863,
2009-06-18,0.1863,
2009-06-19,0.1863,
2009-06-22,0.1863,
2009-06-23,0.1863,
2009-06-24,0.1863,
2009-06-25,0.1863,
2009-06-26,0.1863,
2009-06-29,0.1863,
2009-06-30,0.1863,
2009-07-01,0.1863,
2009-07-02,0.1863,
2009-07-03,0.1863,
2009-07-06,0.1863,
2009-07-07,0.1863,
2009-07-08,0.1863,
2009-07-09,0.1863,
2009-07-10,0.1863,
2009-07-13,0.1863,
2009-07-14,0.1863,
2009-07-15,0.1863,
2009-07-16,0.1863,
2009-07-17,0.1863,
2009-07-20,0.1863,
2009-07-21,0.1863,
2009-07-22,0.1863,
2009-07-23,0.1863,
2009-07-24,0.1863,
2009-07-27,0.1863,
2009-07-28,0.1863,
2009-07-29,0.1863,
2009-07-30,0.1863,
2009-07-31,0.1863,
2009-08-03,0.1863,
2009-08-04,0.1863,
2009-08-05,0.1863,
2009-08-06,0.1863,
2009-08-07,0.1863,
2009-08-10,0.1863,
2009-08-11,0.1863,
2009-08-12,0.1863,
2009-08-13,0.1863,
2009-08-14,0.1863,
2009-08-17,0.1863,
2009-08-18,0.1863,
2009-08-19,0.1863,
2009-08-20,0.1863,
2009-08-21,0.1863,
2009-08-24,0.1863,
2009-08-25,0.1863,
2009-08-26,0.1863,
2009-08-27,0.1863,
2009-08-28,0.1863,
2009-08-31,0.1863,
2009-09-01,0.1863,
2009-09-02,0.1863,
2009-09-03,0.1863,
2009-09-04,0.1863,
2009-09-07,0.1863,
2009-09-08,0.1863,
2009-09-09,0.1863,
2009-09-10,0.1863,
2009-09-11,0.1863,
2009-09-14,0.1863,
2009-09-15,0.1863,
2009-09-16,0.1863,
2009-09-17,0.1863,
2009-09-18,0.1863,
2009-09-21,0.1863,
2009-09-22,0.1863,
2009-09-23,0.1863,
2009-09-24,0.1863,
2009-09-25,0.1863,
2009-09-28,0.1863,
2009-09-29,0.1863,
2009-09-30,0.1863,
2009-10-01,0.1863,
2009-10-02,0.1863,
2009-10-05,0.1863,
2009-10-06,0.1863,
2009-10-07,0.1863,
2009-10-08,0.1863,
2009-10-09,0.1863,
2009-10-12,0.1863,
2009-10-13,0.1863,
2009-10-14,0.1863,
2009-10-15,0.1863,
2009-10-16,0.1863,
2009-10-19,0.1863,
2009-10-20,0.1863,
2009-10-21,0.1863,
2009-10-22,0.1863,
2009-10-23,0.1863,
2009-10-26,0.1863,
2009-10-27,0.1863,
2009-10-28,0.1863,
2009-10-29,0.1863,
2009-10-30,0.1863,
2009-11-02,0.1863,
2009-11-03,0.1863,
2009-11-04,0.1863,
2009-11-05,0.1863,
2009-11-06,0.1863,
2009-11-09,0.1863,
2009-11-10,0.1863,
2009-11-11,0.1863,
2009-11-12,0.1863,
2009-11-13,0.1863,
2009-11-16,0.1863,
2009-11-17,0.1863,
2009-11-18,0.1863,
2009-11-19,0.1863,
2009-11-20,0.1863,
2009-11-23,0.1863,
2009-11-24,0.1863,
2009-11-25,0.1863,
2009-11-26,0.1863,
2009-11-27,0.1863,
2009-11-30,0.1863,
2009-12-01,0.1863,
2009-12-02,0.1863,
2009-12-03,0.1863,
2009-12-04,0.1863,
2009-12-07,0.1863,
2009-12-08,0.1863,
2009-12-09,0.1863,
2009-12-10,0.1863,
2009-12-11,0.1863,
2009-12-14,0.1863,
2009-12-15,0.1863,
2009-12-16,0.1863,
2009-12-17,0.1863,
2009-12-18,0.1863,
2009-12-21,0.1863,
2009-12-22,0.1863,
2009-12-23,0.1863,
2009-12-24,0.1863,
2009-12-29,0.1863,
2009-12-30,0.1863,
2009-12-31,0.1863,
2010-01-04,0.1863,
2010-01-05,0.1863,
2010-01-06,0.1863,
2010-01-07,0.1863,
2010-01-08,0.1863,
2010-01-11,0.1863,
2010-01-12,0.1863,
2010-01-13,0.1863,
2010-01-14,0.1863,
2010-01-15,0.1863,
2010-01-18,0.1863,
2010-01-19,0.1863,
2010-01-20,0.1863,
2010-01-21,0.1863,
2010-01-22,0.1863,
2010-01-25,0.1863,
2010-01-27,0.1863,
2010-01-28,0.1863,
2010-01-29,0.1863,
2010-02-01,0.1863,
2010-02-02,0.1863,
2010-02-03,0.1863,
2010-02-04,0.1863,
2010-02-05,0.1863,
2010-02-08,0.1863,
2010-02-09,0.1863,
2010-02-10,0.1863,
2010-02-11,0.1863,
2010-02-12,0.1863,
2010-02-15,0.1863,
2010-02-16,0.1863,
2010-02-17,0.1863,
2010-02-18,0.1863,
2010-02-19,0.1863,
2010-02-22,0.1863,
2010-02-23,0.1863,
2010-02-24,0.1863,
2010-02-25,0.1863,
2010-02-26,0.1863,
2010-03-01,0.1863,
2010-03-02,0.1863,
2010-03-03,0.1863,
2010-03-04,0.1863,
2010-03-05,0.1863,
2010-03-08,0.1863,
2010-03-09,0.1863,
2010-03-10,0.1863,
2010-03-11,0.1863,
2010-03-12,0.1863,
2010-03-15,0.1863,
2010-03-16,0.1863,
2010-03-17,0.1863,
2010-03-18,0.1863,
2010-03-19,0.1863,
2010-03-22,0.1863,
2010-03-23,0.1863,
2010-03-24,0.1863,
2010-03-25,0.1863,
2010-03-26,0.1863,
2010-03-29,0.1863,
2010-03-30,0.1863,
2010-03-31,0.1863,
2010-04-01,0.1863,
2010-04-06,0.1863,
2010-04-07,0.1863,
2010-04-08,0.1863,
2010-04-09,0.1863,
2010-04-12,0.1863,
2010-04-13,0.1863,
2010-04-14,0.1863,
2010-04-15,0.1863,
2010-04-16,0.1863,
2010-04-19,0.1863,
2010-04-20,0.1863,
2010-04-21,0.1863,
2010-04-22,0.1863,
2010-04-23,0.1863,
2010-04-27,0.1863,
2010-04-28,0.1863,
2010-04-29,0.1863,
2010-04-30,0.1863,
2010-05-03,0.1863,
2010-05-04,0.1863,
2010-05-05,0.1863,
2010-05-06,0.1863,
2010-05-07,0.1863,
2010-05-10,0.1863,
2010-05-11,0.1863,
2010-05-12,0.1863,
2010-05-13,0.1863,
2010-05-14,0.1863,
2010-05-17,0.1863,
2010-05-18,0.1863,
2010-05-19,0.1863,
2010-05-20,0.1863,
2010-05-21,0.1863,
2010-05-24,0.1863,
2010-05-25,0.1863,
2010-05-26,0.1863,
2010-05-27,0.1863,
2010-05-28,0.1863,
2010-05-31,0.1863,
2010-06-01,0.1863,
2010-06-02,0.1863,
2010-06-03,0.1863,
2010-06-04,0.1863,
2010-06-07,0.1863,
2010-06-08,0.1863,
2010-06-09,0.1863,
2010-06-10,0.1863,
2010-06-11,0.1863,
2010-06-15,0.1863,
2010-06-16,0.1537,2379014
2010-06-17,0.1351,163166
2010-06-18,0.1304,137403
2010-06-21,0.1211,80065
2010-06-22,0.0932,291317
2010-06-23,0.1118,10734
2010-06-24,0.0932,42846
2010-06-25,0.1025,42938
2010-06-28,0.0978,64407
2010-06-29,0.0932,880242
2010-06-30,0.0745,11609
2010-07-01,0.0745,
2010-07-02,0.0745,
2010-07-05,0.1164,423384
2010-07-06,0.0932,44601
2010-07-07,0.0932,89581
2010-07-08,0.0838,64173
2010-07-09,0.0838,
2010-07-12,0.0838,32203
2010-07-13,0.0745,13847
2010-07-14,0.0745,
2010-07-15,0.0745,2146
2010-07-16,0.0745,
2010-07-19,0.0745,
2010-07-20,0.0745,
2010-07-21,0.0745,
2010-07-22,0.0745,
2010-07-23,0.0745,
2010-07-26,0.0745,2146
2010-07-27,0.0745,
2010-07-28,0.0745,517844
2010-07-29,0.0745,
2010-07-30,0.0792,200893
2010-08-02,0.0792,
2010-08-03,0.0792,
2010-08-04,0.0792,
2010-08-05,0.0792,
2010-08-06,0.0792,
2010-08-09,0.0792,
2010-08-10,0.0792,
2010-08-11,0.0792,
2010-08-12,0.0792,
2010-08-13,0.0792,
2010-08-16,0.0652,2683
2010-08-17,0.0652,
2010-08-18,0.0652,
2010-08-19,0.0652,
2010-08-20,0.0652,
2010-08-23,0.0652,
2010-08-24,0.0652,
2010-08-25,0.0652,
2010-08-26,0.0783,10734
2010-08-27,0.0783,
2010-08-30,0.0783,
2010-08-31,0.0783,
2010-09-01,0.0783,
2010-09-02,0.0783,
2010-09-03,0.0783,
2010-09-06,0.0783,
2010-09-07,0.0783,
2010-09-08,0.0783,
2010-09-09,0.0559,778262
2010-09-10,0.0559,133367
2010-09-13,0.0559,1100302
2010-09-14,0.0559,
2010-09-15,0.0559,
2010-09-16,0.0587,134183
2010-09-17,0.0587,
2010-09-20,0.0699,26836
2010-09-21,0.0792,440121
2010-09-22,0.0792,
2010-09-23,0.0932,105951
2010-09-24,0.0792,5367
2010-09-27,0.0885,21469
2010-09-28,0.1118,32203
2010-09-29,0.1025,230795
2010-09-30,0.1025,
2010-10-01,0.1025,34350
2010-10-04,0.1025,
2010-10-05,0.1025,
2010-10-06,0.1025,
2010-10-07,0.1025,
2010-10-08,0.0885,107346
2010-10-11,0.0838,27911
2010-10-12,0.1025,435515
2010-10-13,0.1025,43836
2010-10-14,0.0885,199721
2010-10-15,0.0838,37571
2010-10-18,0.0978,147893
2010-10-19,0.1071,402549
2010-10-20,0.0932,201811
2010-10-21,0.0894,313519
2010-10-22,0.0932,616638
2010-10-25,0.0932,241529
2010-10-26,0.0876,21469
2010-10-27,0.0978,435643
2010-10-28,0.0932,95155
2010-10-29,0.0932,
2010-11-01,0.0932,91023
2010-11-02,0.0932,
2010-11-03,0.0885,121838
2010-11-04,0.0885,
2010-11-05,0.0978,178732
2010-11-08,0.0978,
2010-11-09,0.0978,
2010-11-10,0.0838,154042
2010-11-11,0.0838,107346
2010-11-12,0.0838,
2010-11-15,0.0932,91244
2010-11-16,0.0978,85877
2010-11-17,0.0978,
2010-11-18,0.0978,
2010-11-19,0.0932,26299
2010-11-22,0.0932,16101
2010-11-23,0.0838,127303
2010-11-24,0.0838,
2010-11-25,0.0838,
2010-11-26,0.0838,
2010-11-29,0.0838,
2010-11-30,0.0838,
2010-12-01,0.0838,
2010-12-02,0.0885,10734
2010-12-03,0.0885,
2010-12-06,0.0764,128815
2010-12-07,0.0764,
2010-12-08,0.0764,
2010-12-09,0.0792,363688
2010-12-10,0.0792,
2010-12-13,0.0699,29031
2010-12-14,0.0699,10734
2010-12-15,0.0699,
2010-12-16,0.0699,
2010-12-17,0.0699,
2010-12-20,0.0699,
2010-12-21,0.0773,263036
2010-12-22,0.0652,620415
2010-12-23,0.0792,214693
2010-12-24,0.0717,372589
2010-12-29,0.0671,225427
2010-12-30,0.0699,167460
2010-12-31,0.0671,111640
2011-01-04,0.0661,217640
2011-01-05,0.0652,375713
2011-01-06,0.0652,
2011-01-07,0.0745,53673
2011-01-10,0.0745,2146
2011-01-11,0.068,8587
2011-01-12,0.068,28983
2011-01-13,0.068,
2011-01-14,0.068,
2011-01-17,0.0615,536733
2011-01-18,0.0633,120228
2011-01-19,0.0652,140909
2011-01-20,0.0587,536733
2011-01-21,0.0606,276685
2011-01-24,0.0606,
2011-01-25,0.0606,69775
2011-01-27,0.0606,
2011-01-28,0.0606,
2011-01-31,0.0587,154579
2011-02-01,0.0606,24689
2011-02-02,0.0606,33562
2011-02-03,0.0606,
2011-02-04,0.0587,66554
2011-02-07,0.0615,12022
2011-02-08,0.0615,37571
2011-02-09,0.0615,
2011-02-10,0.0615,
2011-02-11,0.0699,141327
2011-02-14,0.0699,2302
2011-02-15,0.0699,
2011-02-16,0.0606,95538
2011-02-17,0.0606,141697
2011-02-18,0.0578,456223
2011-02-21,0.0578,
2011-02-22,0.0587,21469
2011-02-23,0.0587,
2011-02-24,0.0615,108098
2011-02-25,0.0606,49916
2011-02-28,0.0606,
2011-03-01,0.0578,205837
2011-03-02,0.0568,115397
2011-03-03,0.0568,
2011-03-04,0.0568,
2011-03-07,0.0568,99510
2011-03-08,0.0568,
2011-03-09,0.0559,182489
2011-03-10,0.0559,60038
2011-03-11,0.0559,
2011-03-15,0.0466,319431
2011-03-16,0.0466,
2011-03-17,0.0466,
2011-03-18,0.0466,
2011-03-21,0.0559,10734
2011-03-22,0.0559,
2011-03-23,0.0559,
2011-03-24,0.0522,6440
2011-03-25,0.0522,
2011-03-28,0.0522,
2011-03-29,0.0522,
2011-03-30,0.0522,
2011-03-31,0.0522,
2011-04-01,0.0522,
2011-04-04,0.0522,10734
2011-04-05,0.0522,
2011-04-06,0.0522,
2011-04-07,0.0522,4293
2011-04-08,0.0522,
2011-04-11,0.0522,
2011-04-12,0.0494,10734
2011-04-13,0.0494,
2011-04-14,0.0494,
2011-04-15,0.0494,
2011-04-18,0.0494,
2011-04-19,0.0494,
2011-04-20,0.0494,
2011-04-21,0.0494,
2011-04-27,0.0512,16101
2011-04-28,0.0512,
2011-04-29,0.0512,
2011-05-02,0.0512,3115198
2011-05-03,0.0503,96611
2011-05-04,0.0503,10734
2011-05-05,0.0503,68701
2011-05-06,0.0522,165689
2011-05-09,0.0522,
2011-05-10,0.0522,
2011-05-11,0.0522,1771
2011-05-12,0.0522,
2011-05-13,0.0522,
2011-05-16,0.0484,80511
2011-05-17,0.0484,
2011-05-18,0.0484,
2011-05-19,0.0475,148670
2011-05-20,0.0475,69775
2011-05-23,0.0475,26836
2011-05-24,0.0475,
2011-05-25,0.0475,10734
2011-05-26,0.0475,
2011-05-27,0.0475,
2011-05-30,0.0475,
2011-05-31,0.0475,
2011-06-01,0.0475,
2011-06-02,0.0475,
2011-06-03,0.0429,434753
2011-06-06,0.0429,
2011-06-07,0.0429,
2011-06-08,0.0429,
2011-06-09,0.0429,
2011-06-10,0.0382,45687
2011-06-14,0.0382,
2011-06-15,0.0382,
2011-06-16,0.0382,
2011-06-17,0.0373,32203
2011-06-20,0.0373,13740
2011-06-21,0.0373,
2011-06-22,0.0373,
2011-06-23,0.0373,
2011-06-24,0.0345,53673
2011-06-27,0.0326,53673
2011-06-28,0.0279,375713
2011-06-29,0.0279,53673
2011-06-30,0.0289,287366
2011-07-01,0.0289,
2011-07-04,0.0373,49379
2011-07-05,0.0373,
2011-07-06,0.0373,
2011-07-07,0.0382,4628
2011-07-08,0.0419,4293
2011-07-11,0.0419,
2011-07-12,0.0419,
2011-07-13,0.0419,
2011-07-14,0.0382,98052
2011-07-15,0.0382,
2011-07-18,0.0382,4665
2011-07-19,0.0382,
2011-07-20,0.0382,
2011-07-21,0.0382,
2011-07-22,0.0382,
2011-07-25,0.0382,
2011-07-26,0.0382,
2011-07-27,0.0382,
2011-07-28,0.0382,
2011-07-29,0.0382,
2011-08-02,0.0382,
2011-08-03,0.0382,
2011-08-04,0.0382,
2011-08-05,0.0345,21956
2011-08-08,0.0345,10734
2011-08-09,0.0345,
2011-08-10,0.0345,
2011-08-11,0.0345,
2011-08-12,0.0345,
2011-08-15,0.0345,
2011-08-16,0.0345,
2011-08-17,0.0345,
2011-08-18,0.0345,
2011-08-19,0.0345,
2011-08-22,0.0345,53185
2011-08-23,0.0345,
2011-08-24,0.0345,
2011-08-25,0.0345,
2011-08-26,0.0345,
2011-08-29,0.0345,
2011-08-30,0.0345,
2011-08-31,0.0345,
2011-09-01,0.0345,
2011-09-02,0.0345,
2011-09-05,0.0345,
2011-09-06,0.0345,
2011-09-07,0.0345,
2011-09-08,0.0345,
2011-09-09,0.0307,161019
2011-09-12,0.0307,
2011-09-13,0.0307,
2011-09-14,0.0307,
2011-09-15,0.0373,53673
2011-09-16,0.0373,
2011-09-19,0.0373,
2011-09-20,0.0456,32203
2011-09-21,0.0456,
2011-09-22,0.0456,
2011-09-23,0.0456,
2011-09-26,0.0456,
2011-09-27,0.0456,
2011-09-28,0.0456,
2011-09-29,0.0456,
2011-09-30,0.0456,
2011-10-04,0.0456,
2011-10-05,0.0456,
2011-10-06,0.0456,
2011-10-07,0.0456,
2011-10-10,0.0456,
2011-10-11,0.0456,
2011-10-12,0.0456,
2011-10-13,0.0456,
2011-10-14,0.0456,
2011-10-17,0.0456,
2011-10-18,0.0317,10734
2011-10-19,0.0382,53673
2011-10-20,0.0382,53673
2011-10-21,0.0382,107346
2011-10-24,0.0382,
2011-10-25,0.0382,
2011-10-26,0.0382,
2011-10-27,0.0373,49379
2011-10-28,0.0373,49379
2011-10-31,0.0373,
2011-11-02,0.0373,
2011-11-03,0.0317,260852
2011-11-04,0.0317,
2011-11-07,0.0317,
2011-11-08,0.0317,
2011-11-09,0.0317,
2011-11-10,0.0279,26836
2011-11-11,0.0279,
2011-11-14,0.0326,26836
2011-11-15,0.0326,
2011-11-16,0.0326,
2011-11-17,0.0326,
2011-11-18,0.0326,
2011-11-21,0.0279,10734
2011-11-22,0.0279,
2011-11-23,0.0279,42938
2011-11-24,0.0279,
2011-11-25,0.0279,
2011-11-28,0.0298,53673
2011-11-29,0.0279,53673
2011-11-30,0.0279,
2011-12-01,0.0279,
2011-12-02,0.0279,
2011-12-05,0.0279,
2011-12-06,0.0279,
2011-12-07,0.0279,
2011-12-08,0.0279,
2011-12-09,0.0279,
2011-12-12,0.0233,35800
2011-12-13,0.0233,
2011-12-14,0.0233,
2011-12-15,0.0233,
2011-12-16,0.0233,
2011-12-19,0.0233,10734
2011-12-20,0.0233,
2011-12-21,0.0233,
2011-12-22,0.0233,
2011-12-23,0.0233,
2011-12-28,0.0233,53673
2011-12-29,0.0233,
2011-12-30,0.0233,48305
2012-01-03,0.0233,
2012-01-04,0.0233,
2012-01-05,0.0233,
2012-01-06,0.0233,
2012-01-09,0.0233,
2012-01-10,0.0233,
2012-01-11,0.0233,
2012-01-12,0.0233,
2012-01-13,0.0233,
2012-01-16,0.0233,
2012-01-17,0.0233,
2012-01-18,0.0233,
2012-01-19,0.0233,
2012-01-20,0.0233,
2012-01-23,0.0233,
2012-01-24,0.0233,
2012-01-25,0.0233,
2012-01-27,0.0233,
2012-01-30,0.0233,
2012-01-31,0.0233,
2012-02-01,0.0233,
2012-02-02,0.0233,
2012-02-03,0.0233,
2012-02-06,0.0233,
2012-02-07,0.0233,
2012-02-08,0.0233,
2012-02-09,0.0233,
2012-02-10,0.0233,
2012-02-13,0.0233,
2012-02-14,0.0205,375713
2012-02-15,0.0205,
2012-02-16,0.0205,
2012-02-17,0.0205,
2012-02-20,0.0205,40254
2012-02-21,0.0205,
2012-02-22,0.0205,
2012-02-23,0.0186,50987
2012-02-24,0.0233,402549
2012-02-27,0.0233,147601
2012-02-28,0.0261,107346
2012-02-29,0.0261,
2012-03-01,0.0261,
2012-03-02,0.0261,
2012-03-05,0.0261,
2012-03-06,0.0261,
2012-03-07,0.0261,214693
2012-03-08,0.0261,
2012-03-09,0.0261,
2012-03-12,0.0261,
2012-03-13,0.0261,
2012-03-14,0.0261,
2012-03-15,0.0261,
2012-03-16,0.0261,107346
2012-03-19,0.0261,
2012-03-20,0.0261,
2012-03-21,0.0261,
2012-03-22,0.0279,165313
2012-03-23,0.0279,
2012-03-26,0.0279,
2012-03-27,0.0279,
2012-03-28,0.0279,
2012-03-29,0.0279,
2012-03-30,0.0279,
2012-04-02,0.0279,
2012-04-03,0.0279,
2012-04-04,0.0279,
2012-04-05,0.0279,
2012-04-10,0.0279,
2012-04-11,0.0279,
2012-04-12,0.0279,
2012-04-13,0.0279,
2012-04-16,0.0279,
2012-04-17,0.0279,
2012-04-18,0.0279,
2012-04-19,0.0279,
2012-04-20,0.0205,10734
2012-04-23,0.0205,
2012-04-24,0.0205,64407
2012-04-26,0.0205,
2012-04-27,0.0205,1
2012-04-30,0.0205,22327
2012-05-01,0.0205,
2012-05-02,0.0205,
2012-05-03,0.0205,
2012-05-04,0.0233,4293
2012-05-07,0.0233,
2012-05-08,0.0233,
2012-05-09,0.0233,
2012-05-10,0.0233,
2012-05-11,0.0233,
2012-05-14,0.0233,
2012-05-15,0.0233,
2012-05-16,0.0233,
2012-05-17,0.0233,
2012-05-18,0.0205,10450
2012-05-21,0.0205,
2012-05-22,0.0205,
2012-05-23,0.0205,
2012-05-24,0.0205,53673
2012-05-25,0.0205,
2012-05-28,0.0205,
2012-05-29,0.0205,
2012-05-30,0.0205,
2012-05-31,0.0205,
2012-06-01,0.0205,
2012-06-04,0.0205,
2012-06-05,0.0205,
2012-06-06,0.0205,
2012-06-07,0.0205,
2012-06-08,0.0205,
2012-06-12,0.0205,
2012-06-13,0.0205,
2012-06-14,0.0205,
2012-06-15,0.0205,
2012-06-18,0.0205,
2012-06-19,0.0205,
2012-06-20,0.014,185795
2012-06-21,0.014,37131
2012-06-22,0.014,161019
2012-06-25,0.0121,49819
2012-06-26,0.013,123448
2012-06-27,0.013,4293
2012-06-28,0.013,
2012-06-29,0.013,79436
2012-07-02,0.013,11871
2012-07-03,0.013,42938
2012-07-04,0.013,
2012-07-05,0.013,
2012-07-06,0.013,
2012-07-09,0.013,
2012-07-10,0.013,
2012-07-11,0.013,
2012-07-12,0.013,
2012-07-13,0.013,
2012-07-16,0.013,
2012-07-17,0.013,
2012-07-18,0.013,
2012-07-19,0.013,
2012-07-20,0.013,
2012-07-23,0.013,
2012-07-24,0.013,
2012-07-25,0.013,
2012-07-26,0.013,
2012-07-27,0.013,
2012-07-30,0.014,107346
2012-07-31,0.014,
2012-08-01,0.0158,214693
2012-08-02,0.0158,
2012-08-03,0.0158,
2012-08-06,0.0158,
2012-08-07,0.0158,
2012-08-08,0.0158,
2012-08-09,0.0158,
2012-08-10,0.0158,
2012-08-13,0.0158,
2012-08-14,0.0158,
2012-08-15,0.0158,
2012-08-16,0.0158,
2012-08-17,0.0158,
2012-08-20,0.0158,
2012-08-21,0.0158,
2012-08-22,0.0158,
2012-08-23,0.0158,
2012-08-24,0.0158,
2012-08-27,0.0121,10734
2012-08-28,0.0121,
2012-08-29,0.0121,
2012-08-30,0.0121,55109
2012-08-31,0.0121,
2012-09-03,0.0121,
2012-09-04,0.0121,
2012-09-05,0.0121,
2012-09-06,0.0121,
2012-09-07,0.0121,
2012-09-10,0.0121,
2012-09-11,0.0158,10734
2012-09-12,0.0177,268366
2012-09-13,0.0177,
2012-09-14,0.0177,
2012-09-17,0.0177,
2012-09-18,0.0177,
2012-09-19,0.0177,
2012-09-20,0.0177,
2012-09-21,0.0177,
2012-09-24,0.0177,
2012-09-25,0.0177,
2012-09-26,0.0177,
2012-09-27,0.0177,
2012-09-28,0.0177,
2012-10-01,0.0177,
2012-10-02,0.0177,
2012-10-03,0.0177,
2012-10-04,0.0177,
2012-10-05,0.0177,
2012-10-08,0.0233,240851
2012-10-09,0.0233,
2012-10-10,0.0233,
2012-10-11,0.0233,
2012-10-12,0.0233,
2012-10-15,0.0233,48305
2012-10-16,0.0233,
2012-10-17,0.0233,
2012-10-18,0.0233,
2012-10-19,0.0233,5367
2012-10-22,0.0233,48305
2012-10-23,0.0233,
2012-10-24,0.0233,
2012-10-25,0.0233,
2012-10-26,0.0233,
2012-10-29,0.0233,
2012-10-30,0.0233,
2012-10-31,0.0279,53673
2012-11-01,0.0279,
2012-11-02,0.0335,74799
2012-11-05,0.0335,
2012-11-06,0.0326,17057
2012-11-07,0.0345,26836
2012-11-08,0.0345,
2012-11-09,0.0345,
2012-11-12,0.0345,
2012-11-13,0.0345,136136
2012-11-14,0.0345,
2012-11-15,0.0345,
2012-11-16,0.0345,
2012-11-19,0.0345,
2012-11-20,0.0345,
2012-11-21,0.0345,
2012-11-22,0.0345,
2012-11-23,0.0345,
2012-11-26,0.0345,
2012-11-27,0.0345,
2012-11-28,0.0345,
2012-11-29,0.0345,
2012-11-30,0.0345,
2012-12-03,0.0345,
2012-12-04,0.0345,
2012-12-05,0.0345,
2012-12-06,0.0345,
2012-12-07,0.0345,
2012-12-10,0.0298,53673
2012-12-11,0.027,113495
2012-12-12,0.027,
2012-12-13,0.027,
2012-12-14,0.027,
2012-12-17,0.027,
2012-12-18,0.027,
2012-12-19,0.027,
2012-12-20,0.027,
2012-12-21,0.027,
2012-12-24,0.027,
2012-12-27,0.027,
2012-12-28,0.027,
2012-12-31,0.027,
2013-01-02,0.027,
2013-01-03,0.027,
2013-01-04,0.027,
2013-01-07,0.027,
2013-01-08,0.027,
2013-01-09,0.027,
2013-01-10,0.027,
2013-01-11,0.027,
2013-01-14,0.027,
2013-01-15,0.027,107346
2013-01-16,0.027,
2013-01-17,0.027,
2013-01-18,0.027,
2013-01-21,0.027,
2013-01-22,0.027,
2013-01-23,0.027,
2013-01-24,0.027,
2013-01-25,0.027,
2013-01-29,0.027,
2013-01-30,0.027,
2013-01-31,0.027,
2013-02-01,0.027,
2013-02-04,0.027,
2013-02-05,0.0233,10734
2013-02-06,0.0233,
2013-02-07,0.0205,17057
2013-02-08,0.0205,
2013-02-11,0.0205,
2013-02-12,0.0205,
2013-02-13,0.0205,
2013-02-14,0.0205,
2013-02-15,0.0205,
2013-02-18,0.0205,10734
2013-02-19,0.0205,
2013-02-20,0.0205,
2013-02-21,0.0205,
2013-02-22,0.0205,
2013-02-25,0.0205,
2013-02-26,0.0205,
2013-02-27,0.0205,
2013-02-28,0.0205,
2013-03-01,0.0233,190246
2013-03-04,0.0233,
2013-03-05,0.0233,
2013-03-06,0.0233,
2013-03-07,0.0233,
2013-03-08,0.0233,
2013-03-11,0.0233,
2013-03-12,0.0233,
2013-03-13,0.0233,
2013-03-14,0.0233,
2013-03-15,0.0233,
2013-03-18,0.0233,
2013-03-19,0.0233,
2013-03-20,0.0261,110030
2013-03-21,0.0261,
2013-03-22,0.0261,
2013-03-25,0.0261,
2013-03-26,0.0261,
2013-03-27,0.0205,32203
2013-03-28,0.0205,67385
2013-04-02,0.0205,898733
2013-04-03,0.0205,
2013-04-04,0.0205,
2013-04-05,0.0205,
2013-04-08,0.0205,
2013-04-09,0.0205,
2013-04-10,0.014,42938
2013-04-11,0.014,332774
2013-04-12,0.014,536733
2013-04-15,0.014,
2013-04-16,0.014,
2013-04-17,0.014,
2013-04-18,0.014,
2013-04-19,0.014,10734
2013-04-22,0.014,
2013-04-23,0.014,
2013-04-24,0.0214,32203
2013-04-26,0.0214,
2013-04-29,0.0214,
2013-04-30,0.0214,
2013-05-01,0.0214,
2013-05-02,0.0168,107346
2013-05-03,0.0168,
2013-05-06,0.0168,
2013-05-07,0.0224,198591
2013-05-08,0.0224,
2013-05-09,0.0224,
2013-05-10,0.0224,21469
2013-05-13,0.0224,21469
2013-05-14,0.0224,
2013-05-15,0.0224,
2013-05-16,0.0224,
2013-05-17,0.0224,
2013-05-20,0.0224,
2013-05-21,0.0224,
2013-05-22,0.0224,
2013-05-23,0.0224,
2013-05-24,0.0224,
2013-05-27,0.0224,
2013-05-28,0.0224,
2013-05-29,0.0224,
2013-05-30,0.0224,
2013-05-31,0.0224,
2013-06-03,0.0224,
2013-06-04,0.0224,
2013-06-05,0.0224,
2013-06-06,0.0224,
2013-06-07,0.0224,
2013-06-11,0.0224,
2013-06-12,0.0149,10734
2013-06-13,0.0149,311305
2013-06-14,0.0112,26836
2013-06-17,0.0112,
2013-06-18,0.0112,68701
2013-06-19,0.0112,
2013-06-20,0.0112,
2013-06-21,0.0112,
2013-06-24,0.0112,32203
2013-06-25,0.0112,32102
2013-06-26,0.0112,
2013-06-27,0.0112,
2013-06-28,0.0112,
2013-07-01,0.0112,
2013-07-02,0.0112,
2013-07-03,0.0112,280276
2013-07-04,0.0112,42938
2013-07-05,0.0112,
2013-07-08,0.0112,
2013-07-09,0.0112,
2013-07-10,0.0112,
2013-07-11,0.0112,
2013-07-12,0.0112,
2013-07-15,0.0112,
2013-07-16,0.0112,
2013-07-17,0.0112,
2013-07-18,0.0112,
2013-07-19,0.0112,
2013-07-22,0.0102,32193
2013-07-23,0.0102,
2013-07-24,0.0102,
2013-07-25,0.0093,750250
2013-07-26,0.0093,
2013-07-29,0.0112,107346
2013-07-30,0.0112,
2013-07-31,0.0112,
2013-08-01,0.0112,9661
2013-08-02,0.0112,
2013-08-05,0.0112,
2013-08-06,0.0112,
2013-08-07,0.0112,
2013-08-08,0.0112,
2013-08-09,0.014,97685
2013-08-12,0.014,
2013-08-13,0.013,29226
2013-08-14,0.013,
2013-08-15,0.013,
2013-08-16,0.013,
2013-08-19,0.013,
2013-08-20,0.013,
2013-08-21,0.013,
2013-08-22,0.013,
2013-08-23,0.013,
2013-08-26,0.013,
2013-08-27,0.013,
2013-08-28,0.013,
2013-08-29,0.013,
2013-08-30,0.013,
2013-09-02,0.013,
2013-09-03,0.013,
2013-09-04,0.013,
2013-09-05,0.013,
2013-09-06,0.013,
2013-09-09,0.013,
2013-09-10,0.013,
2013-09-11,0.013,
2013-09-12,0.013,
2013-09-13,0.013,
2013-09-16,0.013,
2013-09-17,0.013,
2013-09-18,0.013,
2013-09-19,0.013,
2013-09-20,0.013,
2013-09-23,0.013,
2013-09-24,0.013,644079
2013-09-25,0.013,429386
2013-09-26,0.013,
2013-09-27,0.013,
2013-09-30,0.013,
2013-10-01,0.013,1288159
2013-10-02,0.013,107346
2013-10-03,0.0093,751426
2013-10-04,0.0093,1073466
2013-10-07,0.0093,858772
2013-10-08,0.0093,
2013-10-09,0.0093,
2013-10-10,0.0093,
2013-10-11,0.0093,
2013-10-14,0.0075,2146
2013-10-15,0.0075,
2013-10-16,0.0075,
2013-10-17,0.0075,
2013-10-18,0.0075,
2013-10-21,0.0075,
2013-10-22,0.0075,641932
2013-10-23,0.0075,
2013-10-24,0.0158,3582156
2013-10-25,0.0149,1218383
2013-10-28,0.0121,708487
2013-10-29,0.013,1282791
2013-10-30,0.0121,161019
2013-10-31,0.0121,
2013-11-01,0.0112,2361625
2013-11-04,0.013,2331568
2013-11-05,0.013,
2013-11-06,0.013,
2013-11-07,0.0112,1073466
2013-11-08,0.0112,
2013-11-11,0.0112,
2013-11-12,0.014,71564
2013-11-13,0.013,38402
2013-11-14,0.013,
2013-11-15,0.013,644079
2013-11-18,0.0121,107346
2013-11-19,0.0121,617242
2013-11-20,0.013,203958
2013-11-21,0.0112,654814
2013-11-22,0.0112,
2013-11-25,0.0112,
2013-11-26,0.0112,
2013-11-27,0.0112,53673
2013-11-28,0.0102,219817
2013-11-29,0.0102,
2013-12-02,0.0112,1827039
2013-12-03,0.0112,
2013-12-04,0.0112,
2013-12-05,0.0112,
2013-12-06,0.0112,
2013-12-09,0.0112,
2013-12-10,0.0112,23616
2013-12-11,0.0112,
2013-12-12,0.0149,590406
2013-12-13,0.0149,
2013-12-16,0.0112,402549
2013-12-17,0.0093,695605
2013-12-18,0.0112,128815
2013-12-19,0.0112,
2013-12-20,0.0112,
2013-12-23,0.0112,
2013-12-24,0.0112,
2013-12-27,0.0112,
2013-12-30,0.0112,
2013-12-31,0.0112,
2014-01-02,0.0112,
2014-01-03,0.0112,
2014-01-06,0.0112,663401
2014-01-07,0.0112,
2014-01-08,0.0112,40791
2014-01-09,0.0112,
2014-01-10,0.0112,
2014-01-13,0.0112,
2014-01-14,0.0112,
2014-01-15,0.0112,
2014-01-16,0.0112,
2014-01-17,0.0112,
2014-01-20,0.0112,
2014-01-21,0.0112,
2014-01-22,0.0112,118797
2014-01-23,0.0112,
2014-01-24,0.0112,
2014-01-28,0.0112,
2014-01-29,0.0112,
2014-01-30,0.0112,
2014-01-31,0.0112,
2014-02-03,0.0112,2513674
2014-02-04,0.0112,
2014-02-05,0.0112,724589
2014-02-06,0.0112,536733
2014-02-07,0.013,16101
2014-02-10,0.013,
2014-02-11,0.013,
2014-02-12,0.013,
2014-02-13,0.013,
2014-02-14,0.0112,499161
2014-02-17,0.0112,
2014-02-18,0.0149,757407
2014-02-19,0.013,558202
2014-02-20,0.0149,483059
2014-02-21,0.0149,
2014-02-24,0.013,34607
2014-02-25,0.013,
2014-02-26,0.013,
2014-02-27,0.013,
2014-02-28,0.0102,547467
2014-03-03,0.0102,
2014-03-04,0.0102,
2014-03-05,0.0102,
2014-03-06,0.0102,
2014-03-07,0.0149,145991
2014-03-10,0.0149,
2014-03-11,0.0149,
2014-03-12,0.013,40258
2014-03-13,0.013,
2014-03-14,0.0121,343793
2014-03-17,0.0121,72638
2014-03-18,0.0121,
2014-03-19,0.0121,
2014-03-20,0.0121,33359
2014-03-21,0.0121,
2014-03-24,0.0121,
2014-03-25,0.0121,
2014-03-26,0.0121,
2014-03-27,0.0121,
2014-03-28,0.013,446561
2014-03-31,0.013,
2014-04-01,0.013,107346
2014-04-02,0.0186,1237706
2014-04-03,0.0186,273733
2014-04-04,0.0186,826568
2014-04-07,0.0186,106273
2014-04-08,0.0186,
2014-04-09,0.0186,155652
2014-04-10,0.0186,
2014-04-11,0.0186,
2014-04-14,0.0186,
2014-04-15,0.0168,216284
2014-04-16,0.0177,536733
2014-04-17,0.0177,
2014-04-22,0.0158,107346
2014-04-23,0.0158,
2014-04-24,0.0158,348876
2014-04-28,0.0158,
2014-04-29,0.0186,159153
2014-04-30,0.0205,209325
2014-05-01,0.0205,
2014-05-02,0.0214,134183
2014-05-05,0.0186,270513
2014-05-06,0.0186,214693
2014-05-07,0.0186,
2014-05-08,0.0177,541820
2014-05-09,0.0158,28190
2014-05-12,0.0158,
2014-05-13,0.0158,
2014-05-14,0.0158,191076
2014-05-15,0.0158,
2014-05-16,0.0158,
2014-05-19,0.0158,
2014-05-20,0.0158,
2014-05-21,0.0158,
2014-05-22,0.0158,10734
2014-05-23,0.014,344302
2014-05-26,0.014,
2014-05-27,0.0121,42938
2014-05-28,0.0121,
2014-05-29,0.0121,
2014-05-30,0.0102,1938018
2014-06-02,0.0093,1497072
2014-06-03,0.0093,805099
2014-06-04,0.0093,2142643
2014-06-05,0.0093,1127139
2014-06-06,0.0093,4293864
2014-06-10,0.0093,294022
2014-06-11,0.0093,1434252
2014-06-12,0.0093,
2014-06-13,0.0093,
2014-06-16,0.0093,
2014-06-17,0.0186,3479404
2014-06-18,0.0177,4018647
2014-06-19,0.0177,2815799
2014-06-20,0.0205,600331
2014-06-23,0.0205,133453
2014-06-24,0.0233,2835447
2014-06-25,0.0233,3034817
2014-06-26,0.0233,
2014-06-27,0.0233,
2014-06-30,0.0186,3227067
2014-07-01,0.0177,1283865
2014-07-02,0.0158,494867
2014-07-03,0.013,4000622
2014-07-04,0.014,2683665
2014-07-07,0.0158,2657803
2014-07-08,0.0158,2629381
2014-07-09,0.0168,394558
2014-07-10,0.0158,147726
2014-07-11,0.0177,674128
2014-07-14,0.0196,7896033
2014-07-15,0.0205,1843473
2014-07-16,0.0186,1344720
2014-07-17,0.0186,443341
2014-07-18,0.0186,2705206
2014-07-21,0.0196,1159343
2014-07-22,0.0186,2294998
2014-07-23,0.0186,
2014-07-24,0.0205,658889
2014-07-25,0.0205,2255948
2014-07-28,0.0233,1893623
2014-07-29,0.0279,4583686
2014-07-30,0.0252,8163763
2014-07-31,0.0224,7788518
2014-08-01,0.0233,3093750
2014-08-04,0.0261,2325325
2014-08-05,0.027,3499316
2014-08-06,0.0242,3368818
2014-08-07,0.0242,2400642
2014-08-08,0.0233,2750012
2014-08-11,0.0214,3281585
2014-08-12,0.0233,1946345
2014-08-13,0.0233,1418457
2014-08-14,0.0214,4938774
2014-08-15,0.0224,5549823
2014-08-18,0.0214,1346405
2014-08-19,0.0214,181602
2014-08-20,0.0224,459800
2014-08-21,0.0224,322039
2014-08-22,0.0224,954848
2014-08-25,0.0205,3143108
2014-08-26,0.0224,2439129
2014-08-27,0.0252,5090912
2014-08-28,0.0224,2112581
2014-08-29,0.0242,115934
2014-09-01,0.0233,928011
2014-09-02,0.0233,2122242
2014-09-03,0.0233,
2014-09-04,0.0214,836068
2014-09-05,0.0233,2490441
2014-09-08,0.0233,883462
2014-09-09,0.0233,2996902
2014-09-10,0.0233,620153
2014-09-11,0.0233,1660293
2014-09-12,0.0224,1166500
2014-09-15,0.0224,3116073
2014-09-16,0.0224,375713
2014-09-17,0.0224,1564900
2014-09-18,0.0242,810466
2014-09-19,0.0261,701936
2014-09-22,0.0279,3333330
2014-09-23,0.0298,14677566
2014-09-24,0.0317,13217816
2014-09-25,0.0307,4201995
2014-09-26,0.0298,3257196
2014-09-29,0.0456,19448347
2014-09-30,0.0373,20611814
2014-10-01,0.0335,4097885
2014-10-02,0.0326,3857952
2014-10-03,0.0363,6704525
2014-10-06,0.0354,4324096
2014-10-07,0.041,11352668
2014-10-08,0.0466,19682927
2014-10-09,0.0456,17913385
2014-10-10,0.0447,7653855
2014-10-13,0.0559,23055685
2014-10-14,0.0494,31785099
2014-10-15,0.0456,10898277
2014-10-16,0.0512,9208754
2014-10-17,0.0512,19740120
2014-10-20,0.0503,2729368
2014-10-21,0.0512,6735900
2014-10-22,0.0503,5113818
2014-10-23,0.0456,7960106
2014-10-24,0.0456,
2014-10-27,0.0475,12502910
2014-10-28,0.041,6677844
2014-10-29,0.0466,8197328
2014-10-30,0.0484,2408022
2014-10-31,0.0456,3489740
2014-11-03,0.0466,1503646
2014-11-04,0.0447,2506462
2014-11-05,0.0438,2056644
2014-11-06,0.0429,1712264
2014-11-07,0.041,3350592
2014-11-10,0.041,1773269
2014-11-11,0.0401,1254604
2014-11-12,0.041,1341644
2014-11-13,0.041,1541647
2014-11-14,0.0382,2760657
2014-11-17,0.0382,844942
2014-11-18,0.0382,2471952
2014-11-19,0.0345,3205308
2014-11-20,0.0373,4924115
2014-11-21,0.0373,10456184
2014-11-24,0.0401,2621770
2014-11-25,0.0401,821776
2014-11-26,0.041,1958003
2014-11-27,0.0391,1398189
2014-11-28,0.041,1229219
2014-12-01,0.0419,7391910
2014-12-02,0.0391,2387208
2014-12-03,0.0382,2028910
2014-12-04,0.0391,1643798
2014-12-05,0.0401,3064730
2014-12-08,0.0391,1091551
2014-12-09,0.0373,2649213
2014-12-10,0.0382,688283
2014-12-11,0.0382,1032110
2014-12-12,0.0382,1795981
2014-12-15,0.0363,1067862
2014-12-16,0.0363,785815
2014-12-17,0.0354,668467
2014-12-18,0.0363,615087
2014-12-19,0.0373,499200
2014-12-22,0.0363,716324
2014-12-23,0.0363,318246
2014-12-24,0.0373,1121774
2014-12-29,0.0373,102693
2014-12-30,0.0382,165313
2014-12-31,0.0391,303274
2015-01-02,0.041,1212519
2015-01-05,0.041,2190793
2015-01-06,0.041,183861
2015-01-07,0.0447,3113646
2015-01-08,0.0456,4248914
2015-01-09,0.0438,964897
2015-01-12,0.0447,1297093
2015-01-13,0.0447,1310202
2015-01-14,0.0419,1209441
2015-01-15,0.0447,1601116
2015-01-16,0.0447,1021970
2015-01-19,0.0401,2584959
2015-01-20,0.041,1887723
2015-01-21,0.0401,1084077
2015-01-22,0.0373,1938941
2015-01-23,0.0373,1921567
2015-01-27,0.0373,874063
2015-01-28,0.0354,382800
2015-01-29,0.0363,819317
2015-01-30,0.0345,1519379
2015-02-02,0.0363,979601
2015-02-03,0.0363,569925
2015-02-04,0.0373,1635728
2015-02-05,0.0401,1494412
2015-02-06,0.041,1927254
2015-02-09,0.0401,2607646
2015-02-10,0.0419,756806
2015-02-11,0.0391,322491
2015-02-12,0.041,362831
2015-02-13,0.041,1411568
2015-02-16,0.0391,2294911
2015-02-17,0.0373,2330068
2015-02-18,0.0373,1888521
2015-02-19,0.0363,1449153
2015-02-20,0.0363,445618
2015-02-23,0.0373,485149
2015-02-24,0.0363,865705
2015-02-25,0.0373,911019
2015-02-26,0.0363,974199
2015-02-27,0.0382,2721783
2015-03-02,0.0382,758285
2015-03-03,0.0373,810270
2015-03-04,0.0391,1810959
2015-03-05,0.041,895323
2015-03-06,0.0401,1008950
2015-03-09,0.0419,2605705
2015-03-10,0.041,3374649
2015-03-11,0.0373,1869108
2015-03-12,0.0382,2266058
2015-03-13,0.0382,538495
2015-03-16,0.0363,883521
2015-03-17,0.0373,1621940
2015-03-18,0.0382,151895
2015-03-19,0.0373,379237
2015-03-20,0.0373,933744
2015-03-23,0.0363,454009
2015-03-24,0.0354,1449810
2015-03-25,0.0345,2120700
2015-03-26,0.0373,708176
2015-03-27,0.0373,402453
2015-03-30,0.0373,2718282
2015-03-31,0.0373,348700
2015-04-01,0.0363,126447
2015-04-02,0.0363,2007748
2015-04-07,0.0354,1981326
2015-04-08,0.0354,606975
2015-04-09,0.0373,726054
2015-04-10,0.0354,2659944
2015-04-13,0.0382,853405
2015-04-14,0.0363,454960
2015-04-15,0.0373,4169070
2015-04-16,0.0363,693689
2015-04-17,0.0354,409751
2015-04-20,0.0335,1553644
2015-04-21,0.0335,962096
2015-04-22,0.0326,1052222
2015-04-23,0.0335,955519
2015-04-24,0.0326,2768877
2015-04-27,0.0326,2440252
2015-04-28,0.0354,2530065
2015-04-29,0.0363,1045315
2015-04-30,0.0438,6444664
2015-05-01,0.0475,5105869
2015-05-04,0.0503,6474077
2015-05-05,0.0494,3992878
2015-05-06,0.0494,2070052
2015-05-07,0.0475,6160872
2015-05-08,0.0466,5487952
2015-05-11,0.0484,3270788
2015-05-12,0.0484,3654119
2015-05-13,0.0494,119499
2015-05-14,0.0484,3212549
2015-05-15,0.0484,1262942
2015-05-18,0.0466,1620491
2015-05-19,0.0475,1034992
2015-05-20,0.0475,1019903
2015-05-21,0.0475,1083832
2015-05-22,0.0494,1950463
2015-05-25,0.0484,3468806
2015-05-26,0.0503,4366179
2015-05-27,0.0494,1401690
2015-05-28,0.0494,
2015-05-29,0.0494,
2015-06-01,0.0447,8410855
2015-06-02,0.0512,6010257
2015-06-03,0.0522,8155145
2015-06-04,0.055,5089630
2015-06-05,0.0671,21333686
2015-06-09,0.081,30960460
2015-06-10,0.0736,11635281
2015-06-11,0.0773,4083424
2015-06-12,0.0829,11078364
2015-06-15,0.0932,22436200
2015-06-16,0.0932,10833681
2015-06-17,0.1304,18276207
2015-06-18,0.1211,20260603
2015-06-19,0.1351,13024490
2015-06-22,0.1211,6332253
2015-06-23,0.1258,3116887
2015-06-24,0.1071,10094370
2015-06-25,0.1118,6373675
2015-06-26,0.1071,3370930
2015-06-29,0.1118,6085290
2015-06-30,0.0978,8197397
2015-07-01,0.1118,5906442
2015-07-02,0.1118,3699461
2015-07-03,0.1164,3340670
2015-07-06,0.1118,3208130
2015-07-07,0.1025,2739015
2015-07-08,0.1071,2578345
2015-07-09,0.1118,2143218
2015-07-10,0.1211,3724268
2015-07-13,0.1211,8272468
2015-07-14,0.1258,4904718
2015-07-15,0.1164,1196728
2015-07-16,0.1164,1420508
2015-07-17,0.1258,1583090
2015-07-20,0.1304,1689077
2015-07-21,0.1304,1492416
2015-07-22,0.1258,5934182
2015-07-23,0.1118,7844788
2015-07-24,0.1118,2884277
2015-07-27,0.1118,2274221
2015-07-28,0.1118,13962368
2015-07-29,0.1258,5094617
2015-07-30,0.1211,5757201
2015-07-31,0.1164,565943
2015-08-03,0.1071,6865779
2015-08-04,0.1025,2602521
2015-08-05,0.0978,1987929
2015-08-06,0.0978,1781223
2015-08-07,0.1071,6291409
2015-08-10,0.1071,1254613
2015-08-11,0.1071,1424667
2015-08-12,0.1071,1742125
2015-08-13,0.1071,1633055
2015-08-14,0.1164,1463680
2015-08-17,0.1118,4179955
2015-08-18,0.1071,387518
2015-08-19,0.1118,897550
2015-08-20,0.1071,4545929
2015-08-21,0.1164,3795578
2015-08-24,0.1071,2508505
2015-08-25,0.1025,4218412
2015-08-26,0.0978,3238966
2015-08-27,0.0978,938328
2015-08-28,0.1025,1967030
2015-08-31,0.1118,2536785
2015-09-01,0.1118,5446225
2015-09-02,0.1351,11885300
2015-09-03,0.1537,9117755
2015-09-04,0.163,14325917
2015-09-07,0.163,8375051
2015-09-08,0.177,2952177
2015-09-09,0.1677,8005755
2015-09-10,0.1677,2207753
2015-09-11,0.163,2023684
2015-09-14,0.1584,1688712
2015-09-15,0.163,1357171
2015-09-16,0.177,7474154
2015-09-17,0.1817,2782061
2015-09-18,0.2003,12207907
2015-09-21,0.2469,16626033
2015-09-22,0.2469,
2015-09-23,0.2469,
2015-09-24,0.2375,22310000
2015-09-25,0.2422,5584777
2015-09-28,0.2282,2727483
2015-09-29,0.2329,8357561
2015-09-30,0.2236,5826287
2015-10-01,0.2236,5148032
2015-10-02,0.2329,1045759
2015-10-05,0.2282,3018182
2015-10-06,0.2282,1681585
2015-10-07,0.2655,17207301
2015-10-08,0.2702,4970709
2015-10-09,0.3028,11529810
2015-10-12,0.354,16072289
2015-10-13,0.354,15640874
2015-10-14,0.3167,8419710
2015-10-15,0.326,3647933
2015-10-16,0.34,2359613
2015-10-19,0.34,1940959
2015-10-20,0.34,5084694
2015-10-21,0.34,1448618
2015-10-22,0.34,2379830
2015-10-23,0.34,8321407
2015-10-26,0.3214,5739085
2015-10-27,0.3074,6606781
2015-10-28,0.2608,8827833
2015-10-29,0.2702,10843562
2015-10-30,0.2748,4714048
2015-11-02,0.3074,7860010
2015-11-03,0.2981,1945537
2015-11-04,0.2934,1306031
2015-11-05,0.2795,2094675
2015-11-06,0.2841,2149420
2015-11-09,0.2608,5275348
2015-11-10,0.2655,4437206
2015-11-11,0.2515,1742218
2015-11-12,0.2422,3924986
2015-11-13,0.2608,3899372
2015-11-16,0.2655,3275799
2015-11-17,0.2655,2028252
2015-11-18,0.2608,894126
2015-11-19,0.2608,1454538
2015-11-20,0.2608,
2015-11-23,0.2608,
2015-11-24,0.2422,3419023
2015-11-25,0.2375,5118790
2015-11-26,0.2329,2113961
2015-11-27,0.2282,3736521
2015-11-30,0.2189,8206323
2015-12-01,0.2422,2721279
2015-12-02,0.2608,4950683
2015-12-03,0.2841,14003973
2015-12-04,0.2841,6776063
2015-12-07,0.2515,4187923
2015-12-08,0.2375,4118278
2015-12-09,0.2329,3989345
2015-12-10,0.2236,4261681
2015-12-11,0.2375,3571866
2015-12-14,0.2236,3548005
2015-12-15,0.2236,2410130
2015-12-16,0.2189,2627388
2015-12-17,0.2189,6133185
2015-12-18,0.2143,4390011
2015-12-21,0.2049,2368142
2015-12-22,0.2329,4037350
2015-12-23,0.2422,1860924
2015-12-24,0.2375,6254877
2015-12-28,0.2375,
2015-12-29,0.2608,3368553
2015-12-30,0.2888,4349074
2015-12-31,0.2981,2827542
2016-01-04,0.2795,3296713
2016-01-05,0.2795,1847343
2016-01-06,0.2748,3176921
2016-01-07,0.2469,2893855
2016-01-08,0.2469,3539656
2016-01-11,0.2515,5592671
2016-01-12,0.2422,2543111
2016-01-13,0.2655,4929317
2016-01-14,0.2422,4568700
2016-01-15,0.2562,3201011
2016-01-18,0.2608,5259335
2016-01-19,0.2562,3094153
2016-01-20,0.2562,1981175
2016-01-21,0.2562,2280433
2016-01-22,0.2888,3830954
2016-01-25,0.2841,6851375
2016-01-27,0.3028,4332128
2016-01-28,0.3214,8675698
2016-01-29,0.3354,10923695
2016-02-01,0.3167,17373841
2016-02-02,0.2981,4080701
2016-02-03,0.3121,3777755
2016-02-04,0.3726,11830948
2016-02-05,0.34,10201994
2016-02-08,0.354,5196157
2016-02-09,0.3354,5113233
2016-02-10,0.326,5413542
2016-02-11,0.3307,2639208
2016-02-12,0.3214,1823128
2016-02-15,0.3447,4827451
2016-02-16,0.3354,2244809
2016-02-17,0.326,3159804
2016-02-18,0.326,3067838
2016-02-19,0.3447,5594710
2016-02-22,0.3633,7833246
2016-02-23,0.3493,16938808
2016-02-24,0.34,4261331
2016-02-25,0.3447,1546559
2016-02-26,0.3587,2945002
2016-02-29,0.3447,2816386
2016-03-01,0.34,2264762
2016-03-02,0.3447,6447214
2016-03-03,0.34,3198023
2016-03-04,0.3493,3592552
2016-03-07,0.3633,7002028
2016-03-08,0.3493,4221856
2016-03-09,0.3493,
2016-03-10,0.3214,22859185
2016-03-11,0.34,9323064
2016-03-14,0.354,6068230
2016-03-15,0.354,4616344
2016-03-16,0.3354,5171937
2016-03-17,0.3307,4436113
2016-03-18,0.354,18548078
2016-03-21,0.3493,3992854
2016-03-22,0.3726,17596365
2016-03-23,0.3493,7748086
2016-03-24,0.3587,3606611
2016-03-29,0.3587,2551058
2016-03-30,0.4006,17529463
2016-03-31,0.4052,16206664
2016-04-01,0.4145,6295099
2016-04-04,0.4658,12787869
2016-04-05,0.4658,
2016-04-06,0.4658,
2016-04-07,0.4611,28369464
2016-04-08,0.5636,35122032
2016-04-11,0.5356,23047835
2016-04-12,0.5589,10308310
2016-04-13,0.5124,12369100
2016-04-14,0.5589,10148400
2016-04-15,0.5589,8596682
2016-04-18,0.5356,8642656
2016-04-19,0.5962,12182043
2016-04-20,0.6055,11199026
2016-04-21,0.6148,5684226
2016-04-22,0.6241,10835845
2016-04-26,0.5822,9355446
2016-04-27,0.5356,9266402
2016-04-28,0.5403,8770734
2016-04-29,0.545,5131845
2016-05-02,0.6055,12630305
2016-05-03,0.6148,7437581
2016-05-04,0.5869,5765114
2016-05-05,0.6288,8101350
2016-05-06,0.6521,15240333
2016-05-09,0.694,15135839
2016-05-10,0.6987,8707600
2016-05-11,0.8105,14074179
2016-05-12,0.7499,12487496
2016-05-13,0.7452,11182928
2016-05-16,0.722,5432102
2016-05-17,0.6987,14557970
2016-05-18,0.68,10113069
2016-05-19,0.6288,15445622
2016-05-20,0.6614,9578722
2016-05-23,0.6568,5198455
2016-05-24,0.6102,11948606
2016-05-25,0.5915,7588004
2016-05-26,0.5776,12771345
2016-05-27,0.6521,14116844
2016-05-30,0.6102,15957676
2016-05-31,0.6055,28355109
2016-06-01,0.6148,5717612
2016-06-02,0.6009,4960347
2016-06-03,0.5962,3217967
2016-06-06,0.6009,6640194
2016-06-07,0.6661,13910340
2016-06-08,0.6474,12432977
2016-06-09,0.6335,9821120
2016-06-10,0.6335,6109886
2016-06-14,0.6009,6892598
2016-06-15,0.5915,9116569
2016-06-16,0.5729,5482712
2016-06-17,0.5356,24038946
2016-06-20,0.5217,21082614
2016-06-21,0.5356,12257731
2016-06-22,0.5263,10273217
2016-06-23,0.5124,3784790
2016-06-24,0.4565,24285645
2016-06-27,0.4844,16843060
2016-06-28,0.5124,9380637
2016-06-29,0.5543,9886027
2016-06-30,0.5729,14476994
2016-07-01,0.5729,
2016-07-04,0.6661,20689417
2016-07-05,0.6241,12869439
2016-07-06,0.5915,9706096
2016-07-07,0.5822,12050616
2016-07-08,0.6195,8081976
2016-07-11,0.6241,19696535
2016-07-12,0.5776,10799759
2016-07-13,0.5776,5876378
2016-07-14,0.6055,5146158
2016-07-15,0.5776,7018442
2016-07-18,0.5636,5574102
2016-07-19,0.5356,7758209
2016-07-20,0.5124,10673211
2016-07-21,0.4984,11434988
2016-07-22,0.5077,5022117
2016-07-25,0.4565,19858585
2016-07-26,0.4518,26425305
2016-07-27,0.4565,8815112
2016-07-28,0.517,15509977
2016-07-29,0.5077,6956187
2016-08-01,0.5403,10664620
2016-08-02,0.4984,8943994
2016-08-03,0.503,5883101
2016-08-04,0.503,4497015
2016-08-05,0.503,2925028
2016-08-08,0.4984,3488777
2016-08-09,0.5077,6313722
2016-08-10,0.4844,13573305
2016-08-11,0.4565,12131347
2016-08-12,0.4611,5279585
2016-08-15,0.4378,6638790
2016-08-16,0.4937,18212488
2016-08-17,0.5124,11077681
2016-08-18,0.4937,5003821
2016-08-19,0.4984,5904921
2016-08-22,0.503,12571220
2016-08-23,0.4891,7258497
2016-08-24,0.4984,4969332
2016-08-25,0.4844,5858723
2016-08-26,0.4844,3001147
2016-08-29,0.4844,4194856
2016-08-30,0.4844,3669225
2016-08-31,0.4937,3496349
2016-09-01,0.517,7618125
2016-09-02,0.5217,8812469
2016-09-05,0.517,5617812
2016-09-06,0.503,5320409
2016-09-07,0.4937,5140872
2016-09-08,0.4937,3994836
2016-09-09,0.4891,5039925
2016-09-12,0.4704,6586925
2016-09-13,0.4891,5522036
2016-09-14,0.5124,6624802
2016-09-15,0.5124,5910208
2016-09-16,0.503,24228490
2016-09-19,0.503,
2016-09-20,0.5077,20606299
2016-09-21,0.4704,14882220
2016-09-22,0.4425,14556876
2016-09-23,0.4378,9394118
2016-09-26,0.4285,6845150
2016-09-27,0.4192,7443679
2016-09-28,0.4425,10077773
2016-09-29,0.4565,6234618
2016-09-30,0.4518,10449448
2016-10-03,0.4332,4713680
2016-10-04,0.4471,4802787
2016-10-05,0.4285,5008199
2016-10-06,0.4471,4925723
2016-10-07,0.4332,3484904
2016-10-10,0.4332,2547034
2016-10-11,0.4285,5065506
2016-10-12,0.4239,8011130
2016-10-13,0.4099,7173354
2016-10-14,0.4099,4990591
2016-10-17,0.3773,15091469
2016-10-18,0.4239,10211095
2016-10-19,0.4332,4456923
2016-10-20,0.4378,4376207
2016-10-21,0.4565,3429002
2016-10-24,0.4611,4868907
2016-10-25,0.4611,
2016-10-26,0.4891,22914937
2016-10-27,0.4844,8190291
2016-10-28,0.4844,4157675
2016-10-31,0.4844,3994003
2016-11-01,0.503,3717733
2016-11-02,0.5077,6997163
2016-11-03,0.4844,5468557
2016-11-04,0.4518,13149908
2016-11-07,0.4332,2995484
2016-11-08,0.4751,5630178
2016-11-09,0.4425,15208795
2016-11-10,0.4984,8103276
2016-11-11,0.5124,9589655
2016-11-14,0.5124,5656883
2016-11-15,0.517,3442424
2016-11-16,0.5124,2694788
2016-11-17,0.5077,1853920
2016-11-18,0.5124,1720324
2016-11-21,0.4984,2368670
2016-11-22,0.4984,2408915
2016-11-23,0.4891,7505999
2016-11-24,0.503,6366631
2016-11-25,0.503,2490601
2016-11-28,0.503,2632361
2016-11-29,0.4937,2793863
2016-11-30,0.5077,5478814
2016-12-01,0.5496,12554868
2016-12-02,0.5589,12804750
2016-12-05,0.5263,7605636
2016-12-06,0.517,2701970
2016-12-07,0.531,3358021
2016-12-08,0.5356,9079517
2016-12-09,0.5217,6267538
2016-12-12,0.4844,9948689
2016-12-13,0.4937,4727625
2016-12-14,0.503,5856729
2016-12-15,0.4844,6997171
2016-12-16,0.4891,4726339
2016-12-19,0.4798,1952722
2016-12-20,0.4751,6031164
2016-12-21,0.4704,4834294
2016-12-22,0.4518,8110985
2016-12-23,0.4285,7357811
2016-12-28,0.4518,5270519
2016-12-29,0.4611,3084147
2016-12-30,0.4658,1395281
2017-01-03,0.4658,3822914
2017-01-04,0.4844,7458305
2017-01-05,0.4984,3735865
2017-01-06,0.4984,3841934
2017-01-09,0.503,2103572
2017-01-10,0.5077,3260827
2017-01-11,0.503,3286458
2017-01-12,0.5077,2991824
2017-01-13,0.545,10657403
2017-01-16,0.5263,8633292
2017-01-17,0.5077,7024798
2017-01-18,0.517,4495000
2017-01-19,0.4844,7953818
2017-01-20,0.5217,10987570
2017-01-23,0.5077,2369779
2017-01-24,0.503,4645957
2017-01-25,0.5263,10452184
2017-01-27,0.531,3442236
2017-01-30,0.5124,2402559
2017-01-31,0.4984,6040306
2017-02-01,0.503,4297871
2017-02-02,0.5077,3924048
2017-02-03,0.503,3598994
2017-02-06,0.4844,7348556
2017-02-07,0.4751,3326179
2017-02-08,0.4798,2024751
2017-02-09,0.4751,2535315
2017-02-10,0.4658,5164096
2017-02-13,0.4704,6405053
2017-02-14,0.4565,3656676
2017-02-15,0.4471,7301291
2017-02-16,0.4378,8385461
2017-02-17,0.4471,8660276
2017-02-20,0.4471,5887237
2017-02-21,0.4378,2346512
2017-02-22,0.4471,4089120
2017-02-23,0.4471,2410354
2017-02-24,0.4332,2632598
2017-02-27,0.4332,4549095
2017-02-28,0.4239,2905800
2017-03-01,0.4192,3690303
2017-03-02,0.4471,4044610
2017-03-03,0.4518,4505999
2017-03-06,0.4565,4149766
2017-03-07,0.4471,3072615
2017-03-08,0.4378,3270657
2017-03-09,0.4332,3267084
2017-03-10,0.4239,2843935
2017-03-13,0.4192,3400854
2017-03-14,0.4239,3354246
2017-03-15,0.4285,2168058
2017-03-16,0.4285,1850003
2017-03-17,0.4658,6102922
2017-03-20,0.4425,3582175
2017-03-21,0.4471,2578269
2017-03-22,0.4239,7148884
2017-03-23,0.4285,3252595
2017-03-24,0.4239,3660976
2017-03-27,0.4192,5389775
2017-03-28,0.4006,6679144
2017-03-29,0.4145,8704771
2017-03-30,0.3913,4850744
2017-03-31,0.3959,3728038
2017-04-03,0.3773,7702769
2017-04-04,0.3959,8007637
2017-04-05,0.4052,3631865
2017-04-06,0.4192,6281597
2017-04-07,0.4006,6650230
2017-04-10,0.3866,5142339
2017-04-11,0.3913,2909122
2017-04-12,0.3726,7335623
2017-04-13,0.3493,23524654
2017-04-18,0.3121,21996640
2017-04-19,0.2981,15247810
2017-04-20,0.34,17157360
2017-04-21,0.34,11053804
2017-04-24,0.3167,7072054
2017-04-26,0.3121,4734887
2017-04-27,0.3167,2287860
2017-04-28,0.3167,
2017-05-01,0.3167,
2017-05-02,0.3819,26987970
2017-05-03,0.3726,14967487
2017-05-04,0.3493,7732608
2017-05-05,0.3354,6075978
2017-05-08,0.3307,5434688
2017-05-09,0.3819,8854661
2017-05-10,0.3726,13867291
2017-05-11,0.3773,5663776
2017-05-12,0.3959,7362294
2017-05-15,0.4145,10717021
2017-05-16,0.3913,7531369
2017-05-17,0.368,10501116
2017-05-18,0.3913,11409372
2017-05-19,0.3959,10067879
2017-05-22,0.3726,7531475
2017-05-23,0.3726,4498205
2017-05-24,0.3633,3406531
2017-05-25,0.3866,3901821
2017-05-26,0.3913,3419130
2017-05-29,0.3866,2643027
2017-05-30,0.3819,1899312
2017-05-31,0.3773,5568542
2017-06-01,0.3773,3706860
2017-06-02,0.3819,3446647
2017-06-05,0.3773,1744673
2017-06-06,0.3633,7875048
2017-06-07,0.3773,3204210
2017-06-08,0.368,1605783
2017-06-09,0.3587,3489927
2017-06-13,0.368,6791829
2017-06-14,0.3493,7386846
2017-06-15,0.3493,
2017-06-16,0.3493,
2017-06-19,0.3447,14586414
2017-06-20,0.34,6962194
2017-06-21,0.3354,2547711
2017-06-22,0.34,3699959
2017-06-23,0.34,3084879
2017-06-26,0.3354,3144432
2017-06-27,0.3354,3038664
2017-06-28,0.3493,6208667
2017-06-29,0.3587,4662939
2017-06-30,0.354,7695287
2017-07-03,0.3447,5975483
2017-07-04,0.3493,2079871
2017-07-05,0.3773,7060431
2017-07-06,0.3819,4872070
2017-07-07,0.3959,7798722
2017-07-10,0.3773,7751182
2017-07-11,0.3866,2930854
2017-07-12,0.368,3676628
2017-07-13,0.3726,3537817
2017-07-14,0.3773,5172231
2017-07-17,0.368,2808988
2017-07-18,0.3633,3281917
2017-07-19,0.368,1683456
2017-07-20,0.3726,2813991
2017-07-21,0.368,1525807
2017-07-24,0.3633,3131592
2017-07-25,0.3633,1318453
2017-07-26,0.3726,3794206
2017-07-27,0.3633,3528417
2017-07-28,0.3493,5606847
2017-07-31,0.3633,3171334
2017-08-01,0.3493,5998602
2017-08-02,0.3587,1935142
2017-08-03,0.3493,6097554
2017-08-04,0.3633,5249439
2017-08-07,0.3633,8571782
2017-08-08,0.368,4031879
2017-08-09,0.3726,8163869
2017-08-10,0.3633,3834351
2017-08-11,0.3587,5592821
2017-08-14,0.3633,1789035
2017-08-15,0.3587,4047619
2017-08-16,0.3493,7207548
2017-08-17,0.354,1980733
2017-08-18,0.3587,3224719
2017-08-21,0.354,4278281
2017-08-22,0.3587,3145379
2017-08-23,0.354,4014131
2017-08-24,0.3493,2008527
2017-08-25,0.3493,3035648
2017-08-28,0.3354,7208692
2017-08-29,0.326,6638355
2017-08-30,0.3354,6707617
2017-08-31,0.3307,5942188
2017-09-01,0.3587,10684243
2017-09-04,0.368,6425902
2017-09-05,0.3587,6788317
2017-09-06,0.3633,5684606
2017-09-07,0.3726,10188991
2017-09-08,0.4052,16931175
2017-09-11,0.4518,25522950
2017-09-12,0.4611,16794491
2017-09-13,0.4658,16305246
2017-09-14,0.5217,25989696
2017-09-15,0.517,22321860
2017-09-18,0.545,16535419
2017-09-19,0.531,13155917
2017-09-20,0.5124,18733272
2017-09-21,0.4984,12999655
2017-09-22,0.4891,6010820
2017-09-25,0.5077,6411828
2017-09-26,0.503,9677704
2017-09-27,0.503,4729447
2017-09-28,0.51,2966648
2017-09-29,0.5915,39008998
2017-10-02,0.6148,16687261
2017-10-03,0.6009,14682365
2017-10-04,0.6102,11304845
2017-10-05,0.6661,17450541
2017-10-06,0.7313,33696383
2017-10-09,0.7126,23942014
2017-10-10,0.7033,17308067
2017-10-11,0.7126,7781722
2017-10-12,0.7266,10203709
2017-10-13,0.7499,21067241
2017-10-16,0.7965,17950437
2017-10-17,0.7732,23446122
2017-10-18,0.7452,18335562
2017-10-19,0.7173,13991114
2017-10-20,0.6987,12187387
2017-10-23,0.708,6968719
2017-10-24,0.7406,10740882
2017-10-25,0.7499,12590123
2017-10-26,0.708,12022848
2017-10-27,0.7266,8782585
2017-10-30,0.7499,13154105
2017-10-31,0.7546,10445868
2017-11-01,0.7918,18049683
2017-11-02,0.7872,16976690
2017-11-03,0.7872,14623153
2017-11-06,0.8198,16712788
2017-11-07,0.8291,13577124
2017-11-08,0.8664,16680014
2017-11-09,0.9129,15405206
2017-11-10,0.9549,26708466
2017-11-13,0.9362,18854131
2017-11-14,0.9362,11879303
2017-11-15,0.8477,19934512
2017-11-16,0.885,17615288
2017-11-17,0.8617,14411089
2017-11-20,0.8617,6054925
2017-11-21,0.8757,6094174
2017-11-22,0.9222,12374761
2017-11-23,0.899,7351500
2017-11-24,0.9083,3344859
2017-11-27,0.9409,10565300
2017-11-28,0.9176,7904412
2017-11-29,0.9642,11263111
2017-11-30,0.9828,12580138
2017-12-01,0.9595,7591987
2017-12-04,0.9502,7003256
2017-12-05,0.885,12640424
2017-12-06,0.8617,14807195
2017-12-07,0.8244,16658747
2017-12-08,0.885,13072613
2017-12-11,0.871,8779038
2017-12-12,0.8757,6240549
2017-12-13,0.8943,9416005
2017-12-14,0.9316,19350869
2017-12-15,0.9549,77757605
2017-12-18,1.0713,32816642
2017-12-19,1.1132,24559537
2017-12-20,1.1086,25729710
2017-12-21,1.062,21329797
2017-12-22,1.0433,12857579
2017-12-27,1.0853,9179366
2017-12-28,1.062,11495502
2017-12-29,1.0387,7967633
2018-01-02,1.0992,10684209
2018-01-03,1.0992,11348141
2018-01-04,1.1039,9994296
2018-01-05,1.1132,9191978
2018-01-08,1.1039,12088207
2018-01-09,1.1365,10215736
2018-01-10,1.1365,14043701
2018-01-11,1.062,14811342
2018-01-12,1.0946,10746030
2018-01-15,1.0853,12322905
2018-01-16,1.048,13222501
2018-01-17,0.9921,22554180
2018-01-18,0.9362,25027126
2018-01-19,0.9222,42326047
2018-01-22,0.8757,14816492
2018-01-23,0.9409,13335147
2018-01-24,0.9455,15247724
2018-01-25,0.9409,7890669
2018-01-29,0.9595,8226528
2018-01-30,0.9129,9989752
2018-01-31,0.8803,16777620
2018-02-01,0.8803,10009945
2018-02-02,0.8524,13615480
2018-02-05,0.8011,24395006
2018-02-06,0.7452,36359636
2018-02-07,0.7918,21981836
2018-02-08,0.7639,12355405
2018-02-09,0.7592,17847825
2018-02-12,0.7406,20561495
2018-02-13,0.8105,26395574
2018-02-14,0.7779,15498852
2018-02-15,0.7872,15324599
2018-02-16,0.7732,8371934
2018-02-19,0.7825,7135048
2018-02-20,0.7732,8969236
2018-02-21,0.7499,8145712
2018-02-22,0.7779,10528833
2018-02-23,0.7965,10217073
2018-02-26,0.7918,11458308
2018-02-27,0.7732,12082220
2018-02-28,0.857,26511781
2018-03-01,0.8524,17015040
2018-03-02,0.8198,10814149
2018-03-05,0.7732,11101570
2018-03-06,0.7872,8980982
2018-03-07,0.7685,5509398
2018-03-08,0.8058,7151422
2018-03-09,0.8105,4821323
2018-03-12,0.8337,6802987
2018-03-13,0.8477,8643907
2018-03-14,0.8617,15539427
2018-03-15,0.9036,19127054
2018-03-16,0.8664,11833281
2018-03-19,0.857,6720905
2018-03-20,0.8431,5942873
2018-03-21,0.8431,6895742
2018-03-22,0.8431,6278360
2018-03-23,0.8151,8230626
2018-03-26,0.7965,5952595
2018-03-27,0.8198,5160203
2018-03-28,0.7872,5968073
2018-03-29,0.7685,6651447
2018-04-03,0.7825,7679834
2018-04-04,0.7639,4591929
2018-04-05,0.7546,5112823
2018-04-06,0.7499,4987166
2018-04-09,0.7406,9147081
2018-04-10,0.7825,6862644
2018-04-11,0.7499,5081348
2018-04-12,0.7452,4412331
2018-04-13,0.7546,4131307
2018-04-16,0.7546,4732359
2018-04-17,0.7406,6798080
2018-04-18,0.7732,8436907
2018-04-19,0.8105,10562966
2018-04-20,0.8337,17048239
2018-04-23,0.8291,4540207
2018-04-24,0.8244,4787291
2018-04-26,0.8198,3992895
2018-04-27,0.8291,3425208
2018-04-30,0.857,10787277
2018-05-01,0.8664,6401790
2018-05-02,0.8664,7616655
2018-05-03,0.8617,5669656
2018-05-04,0.8524,4957225
2018-05-07,0.8617,1747467
2018-05-08,0.8524,3969738
2018-05-09,0.8477,4228308
2018-05-10,0.8431,3173724
2018-05-11,0.8477,2545611
2018-05-14,0.8477,2927839
2018-05-15,0.8664,6047635
2018-05-16,0.857,4569595
2018-05-17,0.885,7794944
2018-05-18,0.871,5542301
2018-05-21,0.8757,5114381
2018-05-22,0.8431,7545433
2018-05-23,0.8337,6246508
2018-05-24,0.8198,5799273
2018-05-25,0.8058,7011517
2018-05-28,0.8244,3686139
2018-05-29,0.8384,6009012
2018-05-30,0.8337,6728759
2018-05-31,0.857,5225416
2018-06-01,0.8384,2103861
2018-06-04,0.8431,2346220
2018-06-05,0.8524,3334577
2018-06-06,0.8524,4018201
2018-06-07,0.8384,2720174
2018-06-08,0.8244,4143340
2018-06-12,0.8198,8214220
2018-06-13,0.8105,5289176
2018-06-14,0.8244,4945378
2018-06-15,0.8291,8822368
2018-06-18,0.8384,3195774
2018-06-19,0.8244,4138384
2018-06-20,0.8384,2935667
2018-06-21,0.8431,7237702
2018-06-22,0.8337,2478357
2018-06-25,0.8337,3651376
2018-06-26,0.8198,5080473
2018-06-27,0.8105,5103460
2018-06-28,0.8058,3832201
2018-06-29,0.8058,3716986
2018-07-02,0.8058,3541042
2018-07-03,0.8244,7070199
2018-07-04,0.8477,6374430
2018-07-05,0.8431,3713009
2018-07-06,0.871,9338324
2018-07-09,0.9222,11693022
2018-07-10,0.9781,14241894
2018-07-11,0.9875,14042604
2018-07-12,1.0294,17576859
2018-07-13,0.9968,11632234
2018-07-16,0.9549,10106120
2018-07-17,0.9549,7274801
2018-07-18,0.9409,4766918
2018-07-19,0.9176,8089682
2018-07-20,0.9595,4907511
2018-07-23,0.9409,4557480
2018-07-24,0.9269,5547897
2018-07-25,0.899,5682854
2018-07-26,0.885,9482674
2018-07-27,0.8664,15487286
2018-07-30,0.8431,4910398
2018-07-31,0.8198,6460810
2018-08-01,0.8244,8424071
2018-08-02,0.7872,9524959
2018-08-03,0.8384,11821746
2018-08-06,0.8431,7305918
2018-08-07,0.8198,6333347
2018-08-08,0.8105,5770630
2018-08-09,0.8244,4963091
2018-08-10,0.8198,2166098
2018-08-13,0.8058,3090350
2018-08-14,0.7965,5644799
2018-08-15,0.8011,3684738
2018-08-16,0.7779,6676076
2018-08-17,0.8011,3707949
2018-08-20,0.7918,5056732
2018-08-21,0.7685,6000512
2018-08-22,0.7685,2888402
2018-08-23,0.7685,4366094
2018-08-24,0.7592,5319172
2018-08-27,0.7918,6389975
2018-08-28,0.8011,9319568
2018-08-29,0.7825,4926499
2018-08-30,0.7639,3773376
2018-08-31,0.7499,7061558
2018-09-03,0.7452,4906683
2018-09-04,0.7499,5277897
2018-09-05,0.722,7077215
2018-09-06,0.6568,15894495
2018-09-07,0.7173,15495747
2018-09-10,0.708,7080722
2018-09-11,0.7126,3250503
2018-09-12,0.7173,9608001
2018-09-13,0.7173,3479408
2018-09-14,0.7126,9813825
2018-09-17,0.7359,14304096
2018-09-18,0.7359,10009968
2018-09-19,0.7452,6267529
2018-09-20,0.7965,13497837
2018-09-21,0.8198,11954715
2018-09-24,0.8617,7320419
2018-09-25,0.8151,6518982
2018-09-26,0.8198,3927223
2018-09-27,0.8244,2180833
2018-09-28,0.8384,3458049
2018-10-01,0.8524,3737623
2018-10-02,0.8384,4470525
2018-10-03,0.8058,8138324
2018-10-04,0.8011,6576764
2018-10-05,0.7918,4766498
2018-10-08,0.7685,4868819
2018-10-09,0.7779,5046482
2018-10-10,0.7639,6757838
2018-10-11,0.7359,10702594
2018-10-12,0.7359,5349231
2018-10-15,0.7359,4222466
2018-10-16,0.7406,3838224
2018-10-17,0.7406,4150909
2018-10-18,0.7266,4608317
2018-10-19,0.7313,3668065
2018-10-22,0.7685,5487583
2018-10-23,0.7452,3549973
2018-10-24,0.7359,4163947
2018-10-25,0.708,7050785
2018-10-26,0.708,6841065
2018-10-29,0.6894,4374219
2018-10-30,0.7173,6427035
2018-10-31,0.7313,5309295
2018-11-01,0.7406,7947744
2018-11-02,0.8011,15169186
2018-11-05,0.7732,6284271
2018-11-06,0.7918,3057743
2018-11-07,0.7965,5559691
2018-11-08,0.7965,3711536
2018-11-09,0.7779,3494700
2018-11-12,0.7965,3936948
2018-11-13,0.7685,3217576
2018-11-14,0.7639,3559212
2018-11-15,0.7732,4131405
2018-11-16,0.7779,4147619
2018-11-19,0.7918,3361457
2018-11-20,0.7685,4420675
2018-11-21,0.7359,3518184
2018-11-22,0.7918,11037777
2018-11-23,0.7779,4000300
2018-11-26,0.7592,5480308
2018-11-27,0.7732,3422818
2018-11-28,0.7825,3459545
2018-11-29,0.7825,3505316
2018-11-30,0.7825,8397256
2018-12-03,0.7825,11481578
2018-12-04,0.7592,8829807
2018-12-05,0.7313,9073273
2018-12-06,0.7266,7569923
2018-12-07,0.722,4215644
2018-12-10,0.708,4615814
2018-12-11,0.708,12964919
2018-12-12,0.694,11880826
2018-12-13,0.708,12866418
2018-12-14,0.694,6297584
2018-12-17,0.7033,5494924
2018-12-18,0.6707,7170413
2018-12-19,0.6381,22614737
2018-12-20,0.5915,16064195
2018-12-21,0.5403,23258064
2018-12-24,0.5776,11357610
2018-12-27,0.5776,9087614
2018-12-28,0.5822,6606614
2018-12-31,0.5822,6606614
2019-01-02,0.5822,
2019-01-03,0.6754,18050336
2019-01-04,0.6568,7597249
2019-01-07,0.68,7095495
2019-01-08,0.6707,8670634
2019-01-09,0.6614,7448063
2019-01-10,0.6568,3826241
2019-01-11,0.6521,2880956
2019-01-14,0.6568,2758394
2019-01-15,0.6521,5472895
2019-01-16,0.6474,3011556
2019-01-17,0.6614,3824663
2019-01-18,0.6614,4699277
2019-01-21,0.6568,4980913
2019-01-22,0.6474,3497151
2019-01-23,0.6335,5791339
2019-01-24,0.6288,6336288
2019-01-25,0.6195,6522098
2019-01-29,0.5915,9141538
2019-01-30,0.6241,13482872
2019-01-31,0.6055,8399725
2019-02-01,0.6428,12116903
2019-02-04,0.6241,5493053
2019-02-05,0.6195,6070875
2019-02-06,0.6195,7467944
2019-02-07,0.6102,6423244
2019-02-08,0.5962,7863462
2019-02-11,0.6009,4761650
2019-02-12,0.6055,4573848
2019-02-13,0.5962,4451850
2019-02-14,0.6055,5292574
2019-02-15,0.6148,6387195
2019-02-18,0.6241,2768240
2019-02-19,0.6195,6345766
2019-02-20,0.6288,4954074
2019-02-21,0.6428,10282298
2019-02-22,0.6847,12621955
2019-02-25,0.6894,11555953
2019-02-26,0.708,9888444
2019-02-27,0.6987,3640348
2019-02-28,0.694,4305468
2019-03-01,0.6568,10949010
2019-03-04,0.6568,2902784
2019-03-05,0.6521,5500122
2019-03-06,0.6894,10815455
2019-03-07,0.6894,3530998
2019-03-08,0.6661,5045650
2019-03-11,0.6847,4933389
2019-03-12,0.6661,5631797
2019-03-13,0.6707,7505457
2019-03-14,0.68,3248010
2019-03-15,0.6661,3748152
2019-03-18,0.6661,3177625
2019-03-19,0.6661,3624803
2019-03-20,0.6707,6797426
2019-03-21,0.6661,6220539
2019-03-22,0.6614,2426232
2019-03-25,0.6288,9021695
2019-03-26,0.6428,6258760
2019-03-27,0.6521,7339634
2019-03-28,0.7499,29483315
2019-03-29,0.7359,39235187
2019-04-01,0.6894,25360161
2019-04-02,0.7173,20587008
2019-04-03,0.7173,11623350
2019-04-04,0.6894,11309256
2019-04-05,0.68,11134651
2019-04-08,0.6847,7758865
2019-04-09,0.6521,15829322
2019-04-10,0.6521,8622120
2019-04-11,0.6521,6289369
2019-04-12,0.6661,5085340
2019-04-15,0.6568,4576494
2019-04-16,0.6521,7317990
2019-04-17,0.6428,5734418
2019-04-18,0.6148,14700501
2019-04-23,0.6195,8837925
2019-04-24,0.6055,8318103
2019-04-26,0.6102,8214881
2019-04-29,0.5729,18482294
2019-04-30,0.5683,9724530
2019-05-01,0.5636,6726809
2019-05-02,0.6148,19743108
2019-05-03,0.6707,23891833
2019-05-06,0.68,16414410
2019-05-07,0.708,15990934
2019-05-08,0.7033,13102107
2019-05-09,0.7266,20326383
2019-05-10,0.7126,11995045
2019-05-13,0.7173,7443706
2019-05-14,0.708,6689524
2019-05-15,0.7126,4518779
2019-05-16,0.722,3360193
2019-05-17,0.7313,4575843
2019-05-20,0.7313,6765144
2019-05-21,0.7266,5812456
2019-05-22,0.7779,15201335
2019-05-23,0.7406,10724878
2019-05-24,0.6987,12145215
2019-05-27,0.68,6134506
2019-05-28,0.6707,6765755
2019-05-29,0.6754,11225280
2019-05-30,0.6847,8273219
2019-05-31,0.6707,4582120
2019-06-03,0.6521,5454326
2019-06-04,0.6335,11256033
2019-06-05,0.6335,5476477
2019-06-06,0.6195,6649701
2019-06-07,0.6381,6714290
2019-06-11,0.6335,9082559
2019-06-12,0.6335,8410081
2019-06-13,0.6335,3268282
2019-06-14,0.6568,5696042
2019-06-17,0.5915,31001706
2019-06-18,0.5543,33823057
2019-06-19,0.5077,27422429
2019-06-20,0.5263,24075809
2019-06-21,0.545,13662329
2019-06-24,0.5263,19301870
2019-06-25,0.5217,13116036
2019-06-26,0.5077,13292124
2019-06-27,0.503,10954725
2019-06-28,0.5077,11498432
2019-07-01,0.517,7657675
2019-07-02,0.517,8756835
2019-07-03,0.4844,13369131
2019-07-04,0.4565,23721482
2019-07-05,0.4658,14010367
2019-07-08,0.4565,11273916
2019-07-09,0.4798,47040176
2019-07-10,0.4565,19726661
2019-07-11,0.4658,10990216
2019-07-12,0.4518,8596215
2019-07-15,0.4518,8595858
2019-07-16,0.4565,9056117
2019-07-17,0.4565,11107512
2019-07-18,0.4378,13191564
2019-07-19,0.4378,9578648
2019-07-22,0.4518,7899152
2019-07-23,0.4565,8185371
2019-07-24,0.4611,5392718
2019-07-25,0.4565,10373226
2019-07-26,0.4425,8360817
2019-07-29,0.4332,8641376
2019-07-30,0.4239,9491073
2019-07-31,0.4378,7967285
2019-08-01,0.4518,10669984
2019-08-02,0.4425,6112337
2019-08-05,0.4308,11009399
2019-08-06,0.3959,19178141
2019-08-07,0.3959,6067323
2019-08-08,0.4285,10850232
2019-08-09,0.4565,14342741
2019-08-12,0.4425,8770308
2019-08-13,0.4518,9274242
2019-08-14,0.4798,11575563
2019-08-15,0.4378,11400234
2019-08-16,0.4285,6368946
2019-08-19,0.4145,4228487
2019-08-20,0.4145,6065316
2019-08-21,0.3959,7747961
2019-08-22,0.3866,10176720
2019-08-23,0.3587,22471838
2019-08-26,0.3354,34049159
2019-08-27,0.326,29578855
2019-08-28,0.326,15968963
2019-08-29,0.326,
2019-08-30,0.326,
2019-09-02,0.326,
2019-09-03,0.326,
2019-09-04,0.326,
2019-09-05,0.3028,26133386
2019-09-06,0.3074,16831834
2019-09-09,0.3167,12544187
2019-09-10,0.3167,11880362
2019-09-11,0.326,17734487
2019-09-12,0.3167,8341541
2019-09-13,0.3121,10740231
2019-09-16,0.3214,12405754
2019-09-17,0.3167,26496236
2019-09-18,0.3167,14756047
2019-09-19,0.3214,9203684
2019-09-20,0.3214,33353983
2019-09-23,0.3167,6106332
2019-09-24,0.3167,6261858
2019-09-25,0.3074,12070678
2019-09-26,0.3028,9075892
2019-09-27,0.3028,6436714
2019-09-30,0.2981,6575629
2019-10-01,0.2888,9352150
2019-10-02,0.2748,14679575
2019-10-03,0.2702,8438747
2019-10-04,0.2702,7760466
2019-10-07,0.2748,4828935
2019-10-08,0.2841,11244471
2019-10-09,0.2841,10471231
2019-10-10,0.2795,5508189
2019-10-11,0.2888,4242147
2019-10-14,0.2981,6035962
2019-10-15,0.2934,10078097
2019-10-16,0.2795,12299214
2019-10-17,0.2748,6832205
2019-10-18,0.2655,15035389
2019-10-21,0.2655,6350518
2019-10-22,0.2748,6537614
2019-10-23,0.2655,11478985
2019-10-24,0.2608,10189005
2019-10-25,0.2608,4346680
2019-10-28,0.2888,11551209
2019-10-29,0.2795,15685854
2019-10-30,0.2795,10852535
2019-10-31,0.3028,23630786
2019-11-01,0.3214,23765060
2019-11-04,0.354,23355259
2019-11-05,0.326,18400747
2019-11-06,0.3121,9125543
2019-11-07,0.3121,8918409
2019-11-08,0.3121,9855859
2019-11-11,0.3028,1253872
2019-11-12,0.2981,10245360
2019-11-13,0.2841,9845860
2019-11-14,0.2841,10258683
2019-11-15,0.2841,4682245
2019-11-18,0.2748,5150770
2019-11-19,0.2888,6509376
2019-11-20,0.2748,5945524
2019-11-21,0.2748,4788870
2019-11-22,0.2888,4553459
2019-11-25,0.2888,6978890
2019-11-26,0.2841,5977069
2019-11-27,0.2795,3130831
2019-11-28,0.2795,5710166
2019-11-29,0.2795,5342537
2019-12-02,0.2702,5009958
2019-12-03,0.2655,10817265
2019-12-04,0.2562,11591513
2019-12-05,0.2608,7309524
2019-12-06,0.2562,7897259
2019-12-09,0.2469,9328403
2019-12-10,0.2422,13244126
2019-12-11,0.2422,11106862
2019-12-12,0.2375,6992815
2019-12-13,0.2515,11896341
2019-12-16,0.2515,9881354
2019-12-17,0.2422,18262677
2019-12-18,0.2375,14197151
2019-12-19,0.2422,8119799
2019-12-20,0.2469,17096331
2019-12-23,0.2375,7133908
2019-12-24,0.2422,5039848
2019-12-27,0.2469,12159877
2019-12-30,0.2702,14790790
2019-12-31,0.2608,5484906
2020-01-02,0.2841,14743541
2020-01-03,0.2888,11142304
2020-01-06,0.2748,7354843
2020-01-07,0.2934,12995347
2020-01-08,0.2795,11772348
2020-01-09,0.3074,22514434
2020-01-10,0.3167,17427168
2020-01-13,0.326,13205525
2020-01-14,0.3633,27882384
2020-01-15,0.3354,39693571
2020-01-16,0.326,18734311
2020-01-17,0.354,23666086
2020-01-20,0.3587,19977712
2020-01-21,0.34,13986399
2020-01-22,0.3493,14296909
2020-01-23,0.34,6259205
2020-01-24,0.3354,7225341
2020-01-28,0.3121,27697855
2020-01-29,0.3121,9721377
2020-01-30,0.2748,27735883
2020-01-31,0.2748,17829695
2020-02-03,0.2655,12035787
2020-02-04,0.2888,15471788
2020-02-05,0.3214,28101181
2020-02-06,0.3028,14678185
2020-02-07,0.3028,13123168
2020-02-10,0.3028,11839255
2020-02-11,0.2981,15856403
2020-02-12,0.2981,11107156
2020-02-13,0.2888,15413308
2020-02-14,0.2841,10260388
2020-02-17,0.2795,10577234
2020-02-18,0.2795,8960260
2020-02-19,0.2981,11455335
2020-02-20,0.2841,15481833
2020-02-21,0.2888,14987885
2020-02-24,0.2702,15311032
2020-02-25,0.2655,16933131
2020-02-26,0.2562,10856226
2020-02-27,0.2469,12278717
2020-02-28,0.2329,28119904
2020-03-02,0.2422,19245053
2020-03-03,0.2329,11711020
2020-03-04,0.2329,10773943
2020-03-05,0.2282,8636059
2020-03-06,0.2236,9242492
2020-03-09,0.191,19013274
2020-03-10,0.2143,27775086
2020-03-11,0.1863,17672566
2020-03-12,0.149,36518559
2020-03-13,0.163,33152878
2020-03-16,0.149,17988914
2020-03-17,0.1723,30860873
2020-03-18,0.1537,18206830
2020-03-19,0.1537,22269482
2020-03-20,0.1537,28799659
2020-03-23,0.1304,21753254
2020-03-24,0.1351,20932226
2020-03-25,0.1537,22296209
2020-03-26,0.1584,12862316
2020-03-27,0.1537,13262457
2020-03-30,0.1584,10810807
2020-03-31,0.1584,12535069
2020-04-01,0.1817,21634854
2020-04-02,0.191,20763815
2020-04-03,0.1956,18319038
2020-04-06,0.2282,24457617
2020-04-07,0.2143,22172605
2020-04-08,0.2282,13041924
2020-04-09,0.2236,6818972
2020-04-14,0.2189,9043173
2020-04-15,0.2096,9145847
2020-04-16,0.2143,10838340
2020-04-17,0.2143,7353221
2020-04-20,0.2049,6148715
2020-04-21,0.191,14470506
2020-04-22,0.1863,13517753
2020-04-23,0.1863,6077643
2020-04-24,0.1817,7338737
2020-04-27,0.191,7247713
2020-04-28,0.191,6703096
2020-04-29,0.1956,12173087
2020-04-30,0.2049,16494241
2020-05-01,0.191,11108010
2020-05-04,0.1863,6349226
2020-05-05,0.191,2654795
2020-05-06,0.191,5709239
2020-05-07,0.1863,4960852
2020-05-08,0.191,16110313
2020-05-11,0.2049,10229029
2020-05-12,0.1956,6438440
2020-05-13,0.2189,20063235
2020-05-14,0.2189,11165338
2020-05-15,0.2282,23597121
2020-05-18,0.2282,11295039
2020-05-19,0.2236,10019773
2020-05-20,0.2469,15576436
2020-05-21,0.2469,16798475
2020-05-22,0.2329,15300749
2020-05-25,0.2422,5394792
2020-05-26,0.2422,10793988
2020-05-27,0.2422,10577936
2020-05-28,0.2375,12819672
2020-05-29,0.2422,12359677
2020-06-01,0.2469,6861437
2020-06-02,0.2422,6587381
2020-06-03,0.2748,48273053
2020-06-04,0.2702,25389881
2020-06-05,0.3307,40661141
2020-06-09,0.3447,31583149
2020-06-10,0.3354,10643914
2020-06-11,0.3121,20167739
2020-06-12,0.2888,35929665
2020-06-15,0.2469,57105113
2020-06-16,0.2608,29721304
2020-06-17,0.2469,19041734
2020-06-18,0.2469,20852320
2020-06-19,0.2469,59153857
2020-06-22,0.2562,19284538
2020-06-23,0.2469,14214677
2020-06-24,0.2469,11938830
2020-06-25,0.2469,9880072
2020-06-26,0.2422,6069756
2020-06-29,0.2375,12208646
2020-06-30,0.2329,10512085
2020-07-01,0.2515,13278144
2020-07-02,0.2562,6639891
2020-07-03,0.2515,10012764
2020-07-06,0.2795,15975710
2020-07-07,0.2841,13256552
2020-07-08,0.2841,15059109
2020-07-09,0.2748,12195578
2020-07-10,0.2888,14827880
2020-07-13,0.2841,8148670
2020-07-14,0.2702,9428166
2020-07-15,0.2795,8211005
2020-07-16,0.2934,11846615
2020-07-17,0.2888,4609500
2020-07-20,0.3167,20632452
2020-07-21,0.3354,24918578
2020-07-22,0.3214,9624644
2020-07-23,0.3307,10806882
2020-07-24,0.326,6959099
2020-07-27,0.326,7523016
2020-07-28,0.34,22389433
2020-07-29,0.3214,8123466
2020-07-30,0.3447,13527823
2020-07-31,0.326,9685354
2020-08-03,0.326,8135365
2020-08-04,0.354,20189288
2020-08-05,0.3493,14887289
2020-08-06,0.3866,32063509
2020-08-07,0.3819,19372467
2020-08-10,0.3773,10392712
2020-08-11,0.3587,18623971
2020-08-12,0.3307,27294577
2020-08-13,0.326,11105054
2020-08-14,0.3307,10458763
2020-08-17,0.3307,11211976
2020-08-18,0.326,18259253
2020-08-19,0.3167,12174495
2020-08-20,0.3074,9638751
2020-08-21,0.326,7537884
2020-08-24,0.3307,8135627
2020-08-25,0.326,8079735
2020-08-26,0.3214,8541636
2020-08-27,0.3307,10320284
2020-08-28,0.3214,10268351
2020-08-31,0.3214,7006149
2020-09-01,0.3167,5771109
2020-09-02,0.3307,16093327
2020-09-03,0.34,12772156
2020-09-04,0.3167,11477077
2020-09-07,0.3167,5552361
2020-09-08,0.3214,6392795
2020-09-09,0.3167,7383140
2020-09-10,0.3167,5765582
2020-09-11,0.3121,6577857
2020-09-14,0.3167,4226247
2020-09-15,0.3167,7563287
2020-09-16,0.34,14438184
2020-09-17,0.34,15813537
2020-09-18,0.3633,19972099
2020-09-21,0.3587,12399172
2020-09-22,0.3447,12599769
2020-09-23,0.3214,21968919
2020-09-24,0.2981,25488853
2020-09-25,0.2981,12421779
2020-09-28,0.2934,11583384
2020-09-29,0.2934,10590934
2020-09-30,0.3028,14793270
2020-10-01,0.3028,15315414
2020-10-02,0.2981,9295371
2020-10-05,0.3028,3539539
2020-10-06,0.3354,22577368
2020-10-07,0.3307,9935771
2020-10-08,0.3447,10104502
2020-10-09,0.3493,8735937
2020-10-12,0.3493,12151325
2020-10-13,0.3307,9131501
2020-10-14,0.3447,7474951
2020-10-15,0.3587,15802339
2020-10-16,0.3493,9041286
2020-10-19,0.354,3945941
2020-10-20,0.354,5585693
2020-10-21,0.3819,32844158
2020-10-22,0.3773,9771204
2020-10-23,0.3726,6478169
2020-10-26,0.3913,14374907
2020-10-27,0.3633,17927714
2020-10-28,0.3633,
2020-10-29,0.4006,22228324
2020-10-30,0.3913,27000683
2020-11-02,0.3726,10589760
2020-11-03,0.3866,6344988
2020-11-04,0.3959,17243842
2020-11-05,0.3959,8871552
2020-11-06,0.4099,18356652
2020-11-09,0.4565,29783403
2020-11-10,0.4565,20984129
2020-11-11,0.4658,13834590
2020-11-12,0.4751,8710634
2020-11-13,0.4611,11053098
2020-11-16,0.4798,1958287
2020-11-17,0.5636,47471161
2020-11-18,0.5403,31187367
2020-11-19,0.5589,37261857
2020-11-20,0.5729,18843041
2020-11-23,0.6381,26525175
2020-11-24,0.6614,42837254
2020-11-25,0.6428,22968720
2020-11-26,0.68,20564408
2020-11-27,0.68,23458253
2020-11-30,0.6614,18770013
2020-12-01,0.6987,20141048
2020-12-02,0.68,19563676
2020-12-03,0.7173,16849743
2020-12-04,0.7126,12712606
2020-12-07,0.7406,18754581
2020-12-08,0.7965,31821875
2020-12-09,0.8011,27840952
2020-12-10,0.7825,11336534
2020-12-11,0.8151,15861449
2020-12-14,0.8151,
2020-12-15,0.8151,
2020-12-16,0.745,43756079
2020-12-17,0.755,26018993
2020-12-18,0.815,42833371
2020-12-21,0.88,25008555
2020-12-22,0.85,41797115
2020-12-23,0.885,25545850
2020-12-24,0.88,8663693
2020-12-29,0.895,15573663
2020-12-30,0.91,14673606
2020-12-31,0.87,13785224
2021-01-04,0.865,18155509
2021-01-05,0.935,35986911
2021-01-06,1.0,34616977
2021-01-07,1.07,26860632
2021-01-08,1.095,23557358
2021-01-11,1.11,17926327
2021-01-12,1.04,22299052
2021-01-13,1.15,28408269
2021-01-14,1.18,24484467
2021-01-15,1.175,22504513
2021-01-18,1.18,19367318
2021-01-19,1.16,15936570
2021-01-20,1.25,31515731
2021-01-21,1.365,45225006
2021-01-22,1.15,80320044
2021-01-25,1.18,27093616
2021-01-27,1.15,32945872
2021-01-28,1.07,37484253
2021-01-29,0.93,76017816
2021-02-01,1.04,49090233
2021-02-02,0.995,27723844
2021-02-03,1.005,16549226
2021-02-04,1.015,16304525
2021-02-05,0.985,14750139
2021-02-08,1.0,29720640
2021-02-09,1.005,28572717
2021-02-10,0.96,25068787
2021-02-11,0.945,15634913
2021-02-12,0.965,14867996
2021-02-15,1.08,29786427
2021-02-16,1.075,15971271
2021-02-17,1.13,17699640
2021-02-18,1.08,22356634
2021-02-19,1.06,14944066
2021-02-22,1.125,20818678
2021-02-23,1.13,12960904
2021-02-24,1.1,20057826
2021-02-25,1.09,13922387
2021-02-26,1.04,27195680
2021-03-01,1.01,37458967
2021-03-02,1.03,21787797
2021-03-03,1.1,17054745
2021-03-04,1.01,17721643
2021-03-05,0.975,43174780
2021-03-08,0.93,21855315
2021-03-09,0.95,10814404
2021-03-10,0.955,9508650
2021-03-11,0.995,11938053
2021-03-12,1.04,15318342
2021-03-15,1.08,24242567
2021-03-16,1.1,22982067
2021-03-17,1.075,10609022
2021-03-18,1.09,18138090
2021-03-19,1.065,108665403
2021-03-22,1.02,15131454
2021-03-23,0.98,13677458
2021-03-24,0.975,13063216
2021-03-25,0.945,11553155
2021-03-26,1.035,16271732
2021-03-29,1.04,15410547
2021-03-30,1.02,9439706
2021-03-31,1.045,13667287
2021-04-01,1.085,17666391
2021-04-06,1.1,16026651
2021-04-07,1.17,27782223
2021-04-08,1.17,11286281
2021-04-09,1.16,16385228
2021-04-12,1.155,18141202
2021-04-13,1.175,14444052
2021-04-14,1.24,19580703
2021-04-15,1.265,28583465
2021-04-16,1.3,19346598
2021-04-19,1.325,25762040
2021-04-20,1.3,23917073
2021-04-21,1.25,22889980
2021-04-22,1.115,44518825
2021-04-23,1.145,20949645
2021-04-26,1.145,17549337
2021-04-27,1.175,15255795
2021-04-28,1.145,16513147
2021-04-29,1.19,16433430
2021-04-30,1.14,16788187
2021-05-03,1.125,12623076
2021-05-04,1.165,13375880
2021-05-05,1.175,17319954
2021-05-06,1.18,27570716
2021-05-07,1.18,18279087
2021-05-10,1.305,36796249
2021-05-11,1.265,20756955
2021-05-12,1.195,18394264
2021-05-13,1.155,16817194
2021-05-14,1.095,20691538
2021-05-17,1.075,20469339
2021-05-18,1.16,25154678
2021-05-19,1.11,12811348
2021-05-20,1.1,17134388
2021-05-21,1.08,32892430
2021-05-24,1.075,16452218
2021-05-25,1.13,13276702
2021-05-26,1.135,14311700
2021-05-27,1.205,31986096
2021-05-28,1.225,10789535
2021-05-31,1.235,8336025
2021-06-01,1.255,11879491
2021-06-02,1.295,22195575
2021-06-03,1.3,16931089
2021-06-04,1.325,15676022
2021-06-07,1.335,17475808
2021-06-08,1.325,11624435
2021-06-09,1.365,15409772
2021-06-10,1.385,11346453
2021-06-11,1.42,16767025
2021-06-15,1.38,16099296
2021-06-16,1.35,22651578
2021-06-17,1.33,12811781
2021-06-18,1.395,21212961
2021-06-21,1.35,12691621
2021-06-22,1.45,23883617
2021-06-23,1.49,28884104
2021-06-24,1.545,19563136
2021-06-25,1.485,27624983
2021-06-28,1.44,15810066
2021-06-29,1.425,9649830
2021-06-30,1.45,16331445
2021-07-01,1.455,11907097
2021-07-02,1.455,11356966
2021-07-05,1.45,18697440
2021-07-06,1.475,17829814
2021-07-07,1.49,9279994
2021-07-08,1.53,14823316
2021-07-09,1.49,11217768
2021-07-12,1.53,12145140
2021-07-13,1.555,21593918
2021-07-14,1.555,10320382
2021-07-15,1.57,10720167
2021-07-16,1.585,12956006
2021-07-19,1.495,12974052
2021-07-20,1.455,15900563
2021-07-21,1.535,12131043
2021-07-22,1.69,30175886
2021-07-23,1.72,14793101
2021-07-26,1.77,14273355
2021-07-27,1.77,
2021-07-28,1.77,
2021-07-29,1.77,
2021-07-30,1.77,
2021-08-02,1.905,43977929
2021-08-03,1.97,28570253
2021-08-04,2.06,35766832
2021-08-05,2.02,20886581
2021-08-06,2.09,18725655
2021-08-09,2.1,15023678
2021-08-10,2.33,33765426
2021-08-11,2.45,34085079
2021-08-12,2.38,35963779
2021-08-13,2.33,29190249
2021-08-16,2.33,21350593
2021-08-17,2.2,22631023
2021-08-18,2.13,38761416
2021-08-19,2.14,35380354
2021-08-20,2.02,31661223
2021-08-23,2.25,31022875
2021-08-24,2.25,25777428
2021-08-25,2.31,21315111
2021-08-26,2.215,12031350
2021-08-27,2.07,25790451
2021-08-30,2.2,18728887
2021-08-31,2.23,14372761
2021-09-01,2.22,12716870
2021-09-02,2.21,11148265
2021-09-03,2.26,30940466
2021-09-06,2.14,205456785
2021-09-07,2.15,19220980
2021-09-08,2.17,14428114
2021-09-09,2.05,35069019
2021-09-10,2.05,20841926
2021-09-13,2.2,27693890
2021-09-14,2.26,31047048
2021-09-15,2.45,49761396
2021-09-16,2.33,26071091
2021-09-17,2.29,26642586
2021-09-20,2.07,33145191
2021-09-21,2.09,25714945
2021-09-22,2.15,18646648
2021-09-23,2.14,19523214
2021-09-24,2.14,23704083
2021-09-27,2.09,24237741
2021-09-28,2.06,22947500
2021-09-29,1.98,32800879
2021-09-30,2.05,23268478
2021-10-01,1.94,22801564
2021-10-04,1.895,30952845
2021-10-05,1.875,39636233
2021-10-06,1.87,30183748
2021-10-07,1.995,31874351
2021-10-08,1.965,32150609
2021-10-11,1.965,20256455
2021-10-12,1.96,30340846
2021-10-13,1.96,34407171
2021-10-14,2.06,27388238
2021-10-15,2.08,16388289
2021-10-18,2.12,22307563
2021-10-19,2.11,17442919
2021-10-20,2.13,17410708
2021-10-21,2.14,16796057
2021-10-22,2.09,12521289
2021-10-25,2.09,
2021-10-26,2.26,29836494
2021-10-27,2.21,15991916
2021-10-28,2.12,17902993
2021-10-29,2.2,26969967
2021-11-01,2.27,15748530
2021-11-02,2.21,13623581
2021-11-03,2.33,23771663
2021-11-04,2.35,12341740
2021-11-05,2.36,12582549
2021-11-08,2.29,14866753
2021-11-09,2.39,19035339
2021-11-10,2.3,13497401
2021-11-11,2.34,15578784
2021-11-12,2.44,19934066
2021-11-15,2.45,18192161
2021-11-16,2.4,16692193
2021-11-17,2.4,12368629
2021-11-18,2.43,15111074
2021-11-19,2.36,26560951
2021-11-22,2.48,26712760
2021-11-23,2.52,44641423
2021-11-24,2.53,17837633
2021-11-25,2.61,17669987
2021-11-26,2.48,27779983
2021-11-29,2.5,56495855
2021-11-30,2.6,35368048
2021-12-01,2.6,15695855
2021-12-02,2.54,19058151
2021-12-03,2.45,17075256
2021-12-06,2.35,20647719
2021-12-07,2.36,14081139
2021-12-08,2.49,16728553
2021-12-09,2.51,10420203
2021-12-10,2.6,18119265
2021-12-13,2.7,23330122
2021-12-14,2.75,18601710
2021-12-15,2.7,15974636
2021-12-16,2.73,21055847
2021-12-17,2.75,35490440
2021-12-20,2.76,12293454
2021-12-21,2.51,50443826
2021-12-22,2.73,28603642
2021-12-23,2.81,19860980
2021-12-24,2.96,18262864
2021-12-29,3.17,25369866
2021-12-30,3.23,19673935
2021-12-31,3.2,13629388
2022-01-04,3.52,39581781
2022-01-05,3.58,24000619
2022-01-06,3.4,30079312
2022-01-07,3.5,15849425
2022-01-10,3.57,17227008
2022-01-11,3.52,20936430
2022-01-12,3.58,24116691
2022-01-13,3.73,24757678
2022-01-14,3.72,23481535
2022-01-17,3.76,23025575
2022-01-18,3.86,18084949
2022-01-19,3.71,25547672
2022-01-20,3.79,15922963
2022-01-21,3.56,28248754
2022-01-24,3.47,30153008
2022-01-25,3.25,39624861
2022-01-27,3.16,41483436
2022-01-28,3.22,38269976
2022-01-31,3.2,37404130
2022-02-01,3.26,21692681
2022-02-02,3.41,18124661
2022-02-03,3.29,17231394
2022-02-04,3.31,17185077
2022-02-07,3.35,14020682
2022-02-08,3.26,16523641
2022-02-09,3.32,14531027
2022-02-10,3.36,23327070
2022-02-11,3.22,17895255
2022-02-14,3.04,35678426
2022-02-15,2.98,27858489
2022-02-16,3.09,22288325
2022-02-17,2.92,21133623
2022-02-18,2.97,25164582
2022-02-21,2.93,13738402
2022-02-22,2.79,26940274
2022-02-23,2.85,41902793
2022-02-24,2.62,43985602
2022-02-25,2.74,32798697
2022-02-28,2.71,29179707
2022-03-01,2.8,22153411
2022-03-02,2.81,22563964
2022-03-03,2.96,24536554
2022-03-04,2.82,24102980
2022-03-07,2.82,18014957
2022-03-08,2.68,19543102
2022-03-09,2.84,19953805
2022-03-10,2.84,18548193
2022-03-11,2.87,21161268
2022-03-14,2.78,14454400
2022-03-15,2.57,26358433
2022-03-16,2.6,20948534
2022-03-17,2.7,19557104
2022-03-18,2.8,58486328
2022-03-21,2.87,16013169
2022-03-22,3.0,16569360
2022-03-23,3.11,21806172
2022-03-24,3.11,18150929
2022-03-25,3.21,18701603
2022-03-28,3.2,19369125
2022-03-29,3.25,10933295
2022-03-30,3.21,18192432
2022-03-31,3.2,17027323
2022-04-01,3.43,26563778
2022-04-04,3.62,21966612
2022-04-05,3.55,36686040
2022-04-06,3.35,28827490
2022-04-07,3.23,16942578
2022-04-08,3.2,14884941
2022-04-11,3.08,18220850
2022-04-12,2.9,27766705
2022-04-13,2.96,21300514
2022-04-14,2.96,26142372
2022-04-19,2.91,19895569
2022-04-20,2.84,19697603
2022-04-21,2.86,12695972
2022-04-22,2.77,21636849
2022-04-26,2.66,36160468
2022-04-27,2.6,34059323
2022-04-28,2.69,27338020
2022-04-29,2.85,25311353
2022-05-02,2.66,20358187
2022-05-03,2.65,20704004
2022-05-04,2.63,15988210
2022-05-05,2.83,45782553
2022-05-06,2.73,51202237
2022-05-09,2.56,25621814
2022-05-10,2.53,42436173
2022-05-11,2.62,17987801
2022-05-12,2.45,25069039
2022-05-13,2.47,23006521
2022-05-16,2.6,20555978
2022-05-17,2.73,19247019
2022-05-18,2.8,23999947
2022-05-19,2.73,25660802
2022-05-20,2.85,36315954
2022-05-23,2.81,17660339
2022-05-24,2.9,22938881
2022-05-25,2.77,20796889
2022-05-26,2.81,25188686
2022-05-27,2.91,20079201
2022-05-30,2.98,30680025
2022-05-31,2.95,23498347
2022-06-01,2.3,128998192
2022-06-02,2.28,63766253
2022-06-03,2.45,48486741
2022-06-06,2.43,22646060
2022-06-07,2.43,25712037
2022-06-08,2.42,23934972
2022-06-09,2.29,19728925
2022-06-10,2.25,41394037
2022-06-14,2.16,49013226
2022-06-15,2.05,31828342
2022-06-16,2.13,27177003
2022-06-17,2.1,24580788
2022-06-20,2.04,31633360
2022-06-21,2.12,21518979
2022-06-22,2.06,18238453
2022-06-23,2.05,48180817
2022-06-24,2.23,27606346
2022-06-27,2.32,29404363
2022-06-28,2.39,20670963
2022-06-29,2.3,26718713
2022-06-30,2.29,22103517
2022-07-01,2.24,18770094
2022-07-04,2.26,12396105
2022-07-05,2.26,8624347
2022-07-06,2.17,17315535
2022-07-07,2.2,10162416
2022-07-08,2.35,23598457
2022-07-11,2.29,15532961
2022-07-12,2.24,21369633
2022-07-13,2.36,24520940
2022-07-14,2.45,21772901
2022-07-15,2.38,10949437
2022-07-18,2.44,14555079
2022-07-19,2.36,19561023
2022-07-20,2.48,26467062
2022-07-21,2.56,23506992
2022-07-22,2.51,15798355
2022-07-25,2.54,9801095
2022-07-26,2.58,19182838
2022-07-27,2.57,11240860
2022-07-28,2.73,21333465
2022-07-29,2.77,22465277
2022-08-01,2.8,21351324
2022-08-02,2.74,19577658
2022-08-03,2.8,26746048
2022-08-04,2.77,23835570
2022-08-05,2.87,22110122
2022-08-08,2.97,22845916
2022-08-09,3.0,26855558
2022-08-10,2.98,20422349
2022-08-11,3.11,27332986
2022-08-12,3.12,15935427
2022-08-15,3.23,17879118
2022-08-16,3.17,19289227
2022-08-17,3.12,49099202
2022-08-18,3.06,22657459
2022-08-19,3.05,16848991
2022-08-22,3.17,24270489
2022-08-23,3.27,41542792
2022-08-24,3.47,44726566
2022-08-25,3.41,43894050
2022-08-26,3.55,37300020
2022-08-29,3.49,30978850
2022-08-30,3.58,27024051
2022-08-31,3.65,29572888
2022-09-01,3.63,45570826
2022-09-02,3.55,27579158
2022-09-05,3.7,23307276
2022-09-06,3.96,33163153
2022-09-07,3.95,33907030
2022-09-08,4.25,38665382
2022-09-09,4.5,41803007
2022-09-12,4.57,24179991
2022-09-13,4.74,25640754
2022-09-14,4.59,34346927
2022-09-15,4.69,30647892
2022-09-16,4.59,47633859
2022-09-19,4.75,29519874
2022-09-20,4.89,26962674
2022-09-21,4.94,33387515
2022-09-23,4.85,35019575
2022-09-26,4.41,39085274
2022-09-27,4.68,31353101
2022-09-28,4.55,28390641
2022-09-29,4.62,20154467
2022-09-30,4.56,21819983
2022-10-03,4.55,22888302
2022-10-04,5.11,39505699
2022-10-05,5.11,47191695
2022-10-06,5.4,45460887
2022-10-07,5.42,30122993
2022-10-10,5.21,20290069
2022-10-11,5.24,25791207
2022-10-12,5.17,22774793
2022-10-13,4.94,33380380
2022-10-14,4.69,54440123
2022-10-17,4.79,37126451
2022-10-18,4.8,26317152
2022-10-19,5.08,29669990
2022-10-20,4.97,21813238
2022-10-21,5.07,32458510
2022-10-24,5.38,28195680
2022-10-25,5.36,36907008
2022-10-26,4.98,27306747
2022-10-27,5.11,23934820
2022-10-28,4.87,25123179
2022-10-31,5.09,42054734
2022-11-01,5.31,28211374
2022-11-02,5.1,22513559
2022-11-03,5.03,21551028
2022-11-04,5.15,18111558
2022-11-07,5.2,14156421
2022-11-08,5.43,30749631
2022-11-09,5.5,23040545
2022-11-10,5.32,17677791
2022-11-11,5.37,29796413
2022-11-14,5.29,25666689
2022-11-15,4.83,60661790
2022-11-16,4.92,40054231
2022-11-17,4.9,23968903
2022-11-18,4.76,44808935
2022-11-21,4.77,20079195
2022-11-22,4.93,21805612
2022-11-23,4.92,16208883
2022-11-24,4.78,18059880
2022-11-25,4.46,46309195
2022-11-28,4.42,35339170
2022-11-29,4.49,36650068
2022-11-30,4.66,331505037
2022-12-01,4.76,37672711
2022-12-02,4.86,26808695
2022-12-05,4.61,33807140
2022-12-06,4.61,34023381
2022-12-07,4.71,26450060
2022-12-08,4.48,34846770
2022-12-09,4.47,30751010
2022-12-12,4.53,22785961
2022-12-13,4.52,27117958
2022-12-14,4.55,17962286
2022-12-15,4.03,76885693
2022-12-16,4.1,83088263
2022-12-19,4.03,29254780
2022-12-20,3.86,27693005
2022-12-21,3.84,49626757
2022-12-22,3.87,46832349
2022-12-23,3.8,15398261
2022-12-28,3.66,28975639
2022-12-29,3.68,20260409
2022-12-30,3.75,18914597
2023-01-03,3.62,24798545
2023-01-04,3.7,26479937
2023-01-05,3.72,25744691
2023-01-06,3.96,34680174
2023-01-09,3.93,23956030
2023-01-10,3.87,32621860
2023-01-11,3.98,25384163
2023-01-12,4.16,28470008
2023-01-13,3.99,22012630
2023-01-16,4.04,19780493
2023-01-17,4.07,23311410
2023-01-18,4.01,41725812
2023-01-19,4.02,20239290
2023-01-20,4.55,48812495
2023-01-23,4.83,36358043
2023-01-24,5.08,28263598
2023-01-25,5.11,31417067
2023-01-27,4.9,31866980
2023-01-30,5.0,14371112
2023-01-31,4.75,35479547
2023-02-01,4.77,18775597
2023-02-02,4.8,15617083
2023-02-03,4.89,19227328
2023-02-06,4.77,14675248
2023-02-07,4.76,15002484
2023-02-08,4.94,15352608
2023-02-09,4.78,20532119
2023-02-10,4.78,11216885
2023-02-13,4.85,11633011
2023-02-14,4.85,17494686
2023-02-15,4.72,14131988
2023-02-16,4.69,19666047
2023-02-17,4.44,46098601
2023-02-20,4.2,34531438
2023-02-21,4.39,21046085
2023-02-22,4.26,27885560
2023-02-23,4.48,26765298
2023-02-24,4.53,46894183
2023-02-27,4.2,54214769
2023-02-28,4.17,48257225
2023-03-01,4.21,47134167
2023-03-02,4.08,207998931
2023-03-03,4.18,32820219
2023-03-06,4.1,21862850
2023-03-07,4.16,23824696
2023-03-08,4.1,21348080
2023-03-09,4.28,30124494
2023-03-10,3.98,36544655
2023-03-13,3.89,34330090
2023-03-14,3.66,42137559
2023-03-15,3.68,33662677
2023-03-16,3.57,55803736
2023-03-17,3.67,37436520
2023-03-20,3.48,22721980
2023-03-21,3.52,28114476
2023-03-22,3.6,32403700
2023-03-23,3.43,38176567
2023-03-24,3.56,21427497
2023-03-27,3.44,19967497
2023-03-28,3.85,62876496
2023-03-29,3.94,42991853
2023-03-30,3.99,45424998
2023-03-31,3.94,29315010
2023-04-03,3.8,29234971
2023-04-04,3.69,31914285
2023-04-05,3.73,24617841
2023-04-06,3.61,26931323
2023-04-11,3.69,26465708
2023-04-12,3.54,29878451
2023-04-13,3.57,24507106
2023-04-14,3.75,38937447
2023-04-17,3.8,25282272
2023-04-18,3.96,54297863
2023-04-19,4.09,32653870
2023-04-20,3.89,36367959
2023-04-21,4.02,35870655
2023-04-24,4.23,46283618
2023-04-26,3.98,43650111
2023-04-27,3.96,20066490
2023-04-28,4.24,52387493
2023-05-01,4.1,27086622
2023-05-02,4.1,26233880
2023-05-03,4.2,27577640
2023-05-04,4.23,20115987
2023-05-05,4.4,31344312
2023-05-08,4.6,44287709
2023-05-09,4.69,35828855
2023-05-10,4.55,21330830
2023-05-11,4.78,51744104
2023-05-12,4.78,24094979
2023-05-15,4.73,26334553
2023-05-16,4.79,37027867
2023-05-17,4.74,31432551
2023-05-18,4.92,37734172
2023-05-19,4.99,33356512
2023-05-22,4.81,21033208
2023-05-23,4.77,25030561
2023-05-24,4.69,15682854
2023-05-25,4.63,22349906
2023-05-26,4.54,18142218
2023-05-29,4.54,23016347
2023-05-30,4.47,21120343
2023-05-31,4.41,65380123
2023-06-01,4.34,26381224
2023-06-02,4.47,20492592
2023-06-05,4.56,16377900
2023-06-06,4.65,19939816
2023-06-07,4.64,14745896
2023-06-08,4.72,14048553
2023-06-09,4.75,20876763
2023-06-13,4.74,21140454
2023-06-14,4.88,42224116
2023-06-15,4.66,30787915
2023-06-16,4.89,64258733
2023-06-19,4.82,12467362
2023-06-20,4.94,22613581
2023-06-21,5.05,30703403
2023-06-22,4.96,17854814
2023-06-23,4.9,17007474
2023-06-26,4.83,14383672
2023-06-27,4.83,19251382
2023-06-28,4.83,25313658
2023-06-29,4.83,20007038
2023-06-30,4.89,18253347
2023-07-03,5.06,27647293
2023-07-04,5.17,34419863
2023-07-05,5.18,13339011
2023-07-06,5.07,21511267
2023-07-07,4.88,19725451
2023-07-10,4.92,16047904
2023-07-11,5.03,16279025
2023-07-12,4.92,13990787
2023-07-13,5.09,16427759
2023-07-14,5.08,13723254
2023-07-17,5.12,13088876
2023-07-18,5.18,21868009
2023-07-19,5.13,19958412
2023-07-20,5.1,12767087
2023-07-21,4.87,36530149
2023-07-24,4.59,46154957
2023-07-25,4.83,33753489
2023-07-26,5.05,28587423
2023-07-27,5.01,15699849
2023-07-28,4.95,21452519
2023-07-31,4.84,21173425
2023-08-01,4.85,12782356
2023-08-02,4.87,15660567
2023-08-03,4.94,26704845
2023-08-04,4.99,33903266
2023-08-07,5.18,26468214
2023-08-08,5.32,31115602
2023-08-09,5.29,16821143
2023-08-10,5.37,15186873
2023-08-11,5.31,14856952
2023-08-14,4.99,31330677
2023-08-15,4.82,25728437
2023-08-16,4.75,29571792
2023-08-17,4.7,34407499
2023-08-18,4.73,17994219
2023-08-21,4.85,26745730
2023-08-22,4.94,18303391
2023-08-23,4.99,17242576
2023-08-24,5.11,19657672
2023-08-25,4.7,56318100
2023-08-28,4.51,59315719
2023-08-29,4.74,34673588
2023-08-30,4.64,35922554
2023-08-31,4.67,28651434
2023-09-01,4.7,26751758
2023-09-04,4.77,22229716
2023-09-05,4.7,16047098
2023-09-06,4.7,13538216
2023-09-07,4.62,17735042
2023-09-08,4.51,20074567
2023-09-11,4.41,21577420
2023-09-12,4.6,19425681
2023-09-13,4.4,18903835
2023-09-14,4.39,22933446
2023-09-15,4.49,51481291
2023-09-18,4.35,16634983
2023-09-19,4.26,28141290
2023-09-20,4.14,28206748
2023-09-21,3.98,51619457
2023-09-22,4.25,60273368
2023-09-25,4.16,26506726
2023-09-26,4.1,23665083
2023-09-27,4.1,22882600
2023-09-28,4.22,36979225
2023-09-29,4.3,29634670
2023-10-02,4.21,14307541
2023-10-03,4.09,23492216
2023-10-04,4.05,25328996
2023-10-05,3.94,30717785
2023-10-06,3.91,34994161
2023-10-09,3.73,31985171
2023-10-10,3.96,26221315
2023-10-11,4.04,32662957
2023-10-12,4.21,32502908
2023-10-13,4.15,39982710
2023-10-16,4.11,28620863
2023-10-17,4.07,24143356
2023-10-18,4.08,24631272
2023-10-19,3.86,39892029
2023-10-20,3.86,31440826
2023-10-23,3.58,49328262
2023-10-24,3.79,38695522
2023-10-25,3.88,31406528
2023-10-26,3.86,51758018
2023-10-27,3.93,27766999
2023-10-30,3.82,18242043
2023-10-31,3.67,36462081
2023-11-01,3.62,19645308
2023-11-02,3.64,25068538
2023-11-03,3.75,32842788
2023-11-06,3.8,31368616
2023-11-07,3.66,17403922
2023-11-08,3.69,27133685
2023-11-09,3.73,23559991
2023-11-10,3.51,25560736
2023-11-13,3.48,22494239
2023-11-14,3.51,24911340
2023-11-15,3.67,45928263
2023-11-16,3.57,17661158
2023-11-17,3.56,33889216
2023-11-20,3.56,15062274
2023-11-21,3.68,22973884
2023-11-22,3.54,31883936
2023-11-23,3.62,29987365
2023-11-24,3.64,19891192
2023-11-27,3.55,28855664
2023-11-28,3.58,34174701
2023-11-29,3.56,32845165
2023-11-30,3.64,75119114
2023-12-01,3.61,30002791
2023-12-04,3.53,37356787
2023-12-05,3.23,71147300
2023-12-06,3.41,59873542
2023-12-07,3.58,43386608
2023-12-08,3.71,57595832
2023-12-11,3.6,41759491
2023-12-12,3.5,31926149
2023-12-13,3.49,24726169
2023-12-14,3.79,53237490
2023-12-15,3.92,83443284
2023-12-18,3.97,20119074
2023-12-19,3.85,22786358
2023-12-20,3.85,24997559
2023-12-21,3.72,31969002
2023-12-22,3.83,23613705
2023-12-27,3.93,22374805
2023-12-28,3.95,13507976
2023-12-29,3.95,12937235
2024-01-02,3.98,10911480
2024-01-03,3.93,11204959
2024-01-04,3.86,12605101
2024-01-05,3.91,10436235
2024-01-08,3.8,28210460
2024-01-09,3.86,17302318
2024-01-10,3.69,26352694
2024-01-11,3.78,25419834
2024-01-12,3.74,20987404
2024-01-15,3.64,10885743
2024-01-16,3.6,19118436
2024-01-17,3.53,21793659
2024-01-18,3.46,24553126
2024-01-19,3.47,15857597
2024-01-22,3.33,34800110
2024-01-23,3.27,28638610
2024-01-24,3.46,40866641
2024-01-25,3.53,30394439
2024-01-29,3.6,29277761
2024-01-30,3.6,15896685
2024-01-31,3.55,17506540
2024-02-01,3.46,17654618
2024-02-02,3.55,16178150
2024-02-05,3.43,11936914
2024-02-06,3.38,23962117
2024-02-07,3.57,28684847
2024-02-08,3.62,18905906
2024-02-09,3.63,18418349
2024-02-12,3.54,9165911
2024-02-13,3.53,16273575
2024-02-14,3.5,14861369
2024-02-15,3.46,16195198
2024-02-16,3.71,40211104
2024-02-19,3.62,36149129
2024-02-20,3.56,18877547
2024-02-21,3.66,29271785
2024-02-22,3.66,18079376
2024-02-23,3.67,18363618
2024-02-26,3.88,36054819
2024-02-27,3.88,16643971
2024-02-28,4.17,47251978
2024-02-29,4.2,37182550
2024-03-01,4.38,43165136
2024-03-04,4.41,43305556
2024-03-05,4.1,54423140
2024-03-06,4.09,33738585
2024-03-07,4.05,19611804
2024-03-08,4.02,17340475
2024-03-11,4.0,15412670
2024-03-12,4.17,27020894
2024-03-13,4.18,17595239
2024-03-14,4.17,21385774
2024-03-15,3.91,48501115
2024-03-18,3.92,21510722
2024-03-19,3.92,20431822
2024-03-20,3.9,15280621
2024-03-21,3.95,24038216
2024-03-22,3.91,15167661
2024-03-25,3.88,13531459
2024-03-26,3.74,21440777
2024-03-27,3.75,16749640
2024-03-28,3.83,24266361
2024-04-02,3.85,10843998
2024-04-03,3.77,17929644
2024-04-04,3.82,16328018
2024-04-05,3.77,9167947
2024-04-08,3.81,11432856
2024-04-09,3.87,16449664
2024-04-10,3.92,17208393
2024-04-11,4.02,20993368
2024-04-12,4.05,19904474
2024-04-15,3.9,17007560
2024-04-16,3.85,16234815
2024-04-17,3.84,9347961
2024-04-18,3.92,16050375
2024-04-19,3.83,28076984
2024-04-22,3.86,14154712
2024-04-23,3.81,14407169
2024-04-24,3.86,14309835
2024-04-26,3.8,15043224
2024-04-29,3.96,22216705
2024-04-30,4.06,27016619
2024-05-01,4.07,13994803
2024-05-02,4.06,15965354
2024-05-03,4.18,20816629
2024-05-06,4.19,10788042
2024-05-07,4.17,17336749
2024-05-08,4.18,8320836
2024-05-09,4.17,15007083
2024-05-10,4.14,15631518
2024-05-13,4.08,14982958
2024-05-14,3.97,19833970
2024-05-15,3.98,12606869
2024-05-16,4.01,17443657
2024-05-17,4.1,22427328
2024-05-20,4.2,15207602
2024-05-21,4.15,19695424
2024-05-22,4.06,21374529
2024-05-23,4.0,12312049
2024-05-24,3.94,11560324
2024-05-27,3.9,14940549
2024-05-28,3.89,9413462
2024-05-29,3.88,13968164
2024-05-30,3.8,26697412
2024-05-31,3.79,49028800
2024-06-03,3.82,13533886
2024-06-04,3.75,15926755
2024-06-05,3.71,17867952
2024-06-06,3.76,13398793
2024-06-07,3.65,13717284
2024-06-11,3.51,21497177
2024-06-12,3.41,40552604
2024-06-13,3.32,26728799
2024-06-14,3.24,25688149
2024-06-17,3.14,32046497
2024-06-18,3.26,43774343
2024-06-19,3.22,17914650
2024-06-20,3.2,24540704
2024-06-21,3.11,67840798
2024-06-24,3.11,28544528
2024-06-25,3.15,23309754
2024-06-26,3.23,43526261
2024-06-27,3.26,28806083
2024-06-28,3.07,30855994
2024-07-01,3.08,20405055
2024-07-02,2.97,38558794
2024-07-03,3.0,25224989
2024-07-04,3.05,14884033
2024-07-05,3.0,13590457
2024-07-08,2.96,12569163
2024-07-09,3.01,16230752
2024-07-10,2.94,22024194
2024-07-11,3.02,19701686
2024-07-12,3.06,15587444
2024-07-15,3.02,18224800
2024-07-16,3.0,13336680
2024-07-17,3.02,17368020
2024-07-18,2.98,17481880
2024-07-19,2.99,35320116
2024-07-22,2.89,15515285
2024-07-23,2.89,21993312
2024-07-24,2.89,44925376
2024-07-25,2.87,29666647
2024-07-26,2.98,32900127
2024-07-29,2.92,23320893
2024-07-30,2.79,19773238
2024-07-31,2.93,22814826
2024-08-01,3.06,32326162
2024-08-02,2.86,21189313
2024-08-05,2.83,20754871
2024-08-06,2.8,18659825
2024-08-07,2.98,24628195
2024-08-08,2.98,23310688
2024-08-09,3.07,24468826
2024-08-12,2.98,22775298
2024-08-13,2.85,23928247
2024-08-14,2.85,16740422
2024-08-15,2.74,67826686
2024-08-16,2.9,37064265
2024-08-19,2.88,17656221
2024-08-20,2.84,15708067
2024-08-21,2.94,27238029
2024-08-22,3.0,24082430
2024-08-23,2.98,13169495
2024-08-26,3.02,17398351
2024-08-27,3.08,20918527
2024-08-28,3.0,18463657
2024-08-29,2.91,23587952
2024-08-30,2.97,33994514
2024-09-02,2.84,15110566
2024-09-03,2.75,19771174
2024-09-04,2.58,28441693
2024-09-05,2.58,30753458
2024-09-06,2.41,25992930
2024-09-09,2.41,29703588
2024-09-10,2.36,28280347
2024-09-11,2.67,64893671
2024-09-12,2.88,53487536
2024-09-13,2.9,35617899
2024-09-16,2.88,16858817
2024-09-17,2.85,18091357
2024-09-18,2.82,13495349
2024-09-19,2.88,20497275
2024-09-20,2.79,36008374
2024-09-23,2.78,13497335
2024-09-24,2.91,22526743
2024-09-25,2.95,22010794
2024-09-26,2.99,23957616
2024-09-27,3.16,37501139
2024-09-30,3.27,28681775
2024-10-01,3.29,16321036
2024-10-02,3.31,18169259
2024-10-03,3.15,121384073
2024-10-04,3.05,24496580
2024-10-07,3.1,27655391
2024-10-08,3.0,31263714
2024-10-09,2.85,32378888
2024-10-10,2.92,34450039
2024-10-11,2.88,17474714
2024-10-14,2.87,20309885
2024-10-15,2.79,19492527
2024-10-16,2.69,42879263
2024-10-17,2.68,26539993
2024-10-18,2.67,18829944
2024-10-21,2.76,18837243
2024-10-22,2.78,14438506
2024-10-23,2.72,10821847
2024-10-24,2.63,17764140
2024-10-25,2.74,24834236
2024-10-28,2.83,14219348
2024-10-29,2.85,14713720
2024-10-30,2.88,28521613
2024-10-31,2.85,17065874
2024-11-01,2.89,10561709
2024-11-04,2.95,12938182
2024-11-05,3.0,15237810
2024-11-06,2.91,14796945
2024-11-07,3.01,30487685
2024-11-08,2.98,27122792
2024-11-11,2.96,17836987
2024-11-12,3.13,26134006
2024-11-13,3.11,15717664
2024-11-14,3.19,25114218
2024-11-15,3.16,16003854
2024-11-18,3.09,13952396
2024-11-19,2.93,23578927
2024-11-20,2.89,19709961
2024-11-21,2.8,34560420
2024-11-22,2.61,55051528
2024-11-25,2.51,356961758
2024-11-26,2.47,42428331
2024-11-27,2.43,46478020
2024-11-28,2.39,37285797
2024-11-29,2.39,37504712
2024-12-02,2.43,26090390
2024-12-03,2.5,38145961
2024-12-04,2.4,26832399
2024-12-05,2.31,32624380
2024-12-06,2.25,27558020
2024-12-09,2.15,58019402
2024-12-10,2.29,38952663
2024-12-11,2.27,29456946
2024-12-12,2.36,24250623
2024-12-13,2.26,17159547
2024-12-16,2.19,16997432
2024-12-17,2.17,21624428
2024-12-18,2.17,20012476
2024-12-19,2.13,30048384
2024-12-20,2.07,29161241
2024-12-23,2.15,16001442
2024-12-24,2.18,8372320
2024-12-27,2.19,13837349
2024-12-30,2.2,13457816
2024-12-31,2.19,9382975
2025-01-02,2.21,15766800
2025-01-03,2.18,18770636
2025-01-06,2.24,26755260
2025-01-07,2.27,17569979
2025-01-08,2.29,15014992
2025-01-09,2.24,17716057
2025-01-10,2.19,25593232
2025-01-13,2.2,19786514
2025-01-14,2.2,26474550
2025-01-15,2.29,24259482
2025-01-16,2.34,14403400
2025-01-17,2.39,21339250
2025-01-20,2.45,21642965
2025-01-21,2.44,23380065
2025-01-22,2.41,45162486
2025-01-23,2.32,14843826
2025-01-24,2.31,12448124
2025-01-28,2.28,16875973
2025-01-29,2.36,23143174
2025-01-30,2.33,17487835
2025-01-31,2.3,23195039
2025-02-03,2.23,27785169
2025-02-04,2.29,19388243
2025-02-05,2.33,23389731
2025-02-06,2.33,34442910
2025-02-07,2.23,23604384
2025-02-10,2.2,25734527
2025-02-11,2.12,27785495
2025-02-12,2.13,25012915
2025-02-13,2.23,27020223
2025-02-14,2.21,31084218
2025-02-17,2.22,17946588
2025-02-18,2.1,25048732
2025-02-19,2.0,25355618
2025-02-20,2.12,27336901
2025-02-21,2.08,21787848
2025-02-24,2.01,34238519
2025-02-25,2.0,36673170
2025-02-26,2.01,17416912
2025-02-27,2.02,27163874
2025-02-28,1.9,42634308
2025-03-03,1.965,31601079
2025-03-04,1.89,25077829
2025-03-05,1.895,29047717
2025-03-06,1.86,28331164
2025-03-07,1.81,24198462
2025-03-10,1.83,29336467
2025-03-11,1.765,39376986
2025-03-12,1.715,35215934
2025-03-13,1.745,29868438
2025-03-14,1.82,28326581
2025-03-17,1.95,26165784
2025-03-18,1.975,32322809
2025-03-19,2.0,23185234
2025-03-20,1.95,20596819
2025-03-21,1.85,64880482
2025-03-24,1.88,12606164
2025-03-25,1.835,17624117
2025-03-26,1.84,19837346
2025-03-27,1.85,17999825
2025-03-28,1.835,11921569
2025-03-31,1.685,34901640
2025-04-01,1.59,36889401
2025-04-02,1.54,35934579
2025-04-03,1.435,35561645
2025-04-04,1.365,37732203
2025-04-07,1.305,57266237
2025-04-08,1.375,42203382
2025-04-09,1.26,41171008
2025-04-10,1.42,57217282
2025-04-11,1.37,26899691
2025-04-14,1.415,23869078
2025-04-15,1.405,26557663
2025-04-16,1.37,21530156
2025-04-17,1.43,36708660
2025-04-22,1.4,24374182
2025-04-23,1.46,19733786
2025-04-24,1.485,20713363
2025-04-28,1.45,16949103
2025-04-29,1.54,26146168
2025-04-30,1.505,30861215
2025-05-01,1.46,28719288
2025-05-02,1.48,28974166
2025-05-05,1.48,19434194
2025-05-06,1.47,12004922
2025-05-07,1.54,33784927
2025-05-08,1.48,33367619
2025-05-09,1.47,35315881
2025-05-12,1.545,33301736
2025-05-13,1.585,39062966
2025-05-14,1.64,31283180
2025-05-15,1.61,31012618
2025-05-16,1.56,40630647
2025-05-19,1.405,33891147
2025-05-20,1.38,37163403
2025-05-21,1.365,25847679
2025-05-22,1.355,25129199
2025-05-23,1.38,19387922
2025-05-26,1.385,19585972
2025-05-27,1.34,21399203
2025-05-28,1.32,18875290
2025-05-29,1.315,29168305
2025-05-30,1.24,43679672
2025-06-02,1.14,46247423
2025-06-03,1.135,58657292
2025-06-04,1.2,50248136
2025-06-05,1.35,50957028
2025-06-06,1.28,38128643
2025-06-10,1.35,46026855
2025-06-11,1.425,54808232
2025-06-12,1.34,39839892
2025-06-13,1.345,31490736
2025-06-16,1.31,39015573
2025-06-17,1.35,37922999
2025-06-18,1.3,32803276
2025-06-19,1.295,27151967
2025-06-20,1.23,102507207
2025-06-23,1.205,33056574
2025-06-24,1.285,37388039
2025-06-25,1.245,33065873
2025-06-26,1.315,59748127
2025-06-27,1.375,65760884
2025-06-30,1.335,36161374
2025-07-01,1.355,28883672
2025-07-02,1.37,26249733
2025-07-03,1.525,94550166
2025-07-04,1.515,38669203
2025-07-07,1.45,30788942
2025-07-08,1.48,37401705
2025-07-09,1.505,49432804
2025-07-10,1.525,42589265
2025-07-11,1.55,53226087
2025-07-14,1.65,57154497
2025-07-15,1.575,54523789
2025-07-16,1.545,36389693
2025-07-17,1.575,89592071
2025-07-18,1.71,86898766
2025-07-21,1.78,50216587
2025-07-22,1.875,60116169
2025-07-23,1.83,79176399
2025-07-24,1.895,108466591
2025-07-25,1.925,64833104
2025-07-28,1.7,104138747
2025-07-29,1.675,84086640
2025-07-30,1.725,82485650
2025-07-31,1.605,78132652
2025-08-01,1.67,38258667
2025-08-04,1.685,31503590
2025-08-05,1.705,43501913
2025-08-06,1.705,29616697
2025-08-07,1.77,53754014
2025-08-08,1.93,76369043
2025-08-11,2.31,113222648
2025-08-12,2.29,71150120
2025-08-13,2.14,75323032
2025-08-14,2.16,47361811
2025-08-15,2.2,32629994
2025-08-18,2.27,40919142
2025-08-19,2.28,27990111
2025-08-20,2.1,49410808
2025-08-21,2.21,36395051
2025-08-22,2.11,37996178
2025-08-25,2.16,39508543
2025-08-26,2.15,56217458
2025-08-27,2.34,61196699
2025-08-28,2.3,45737979
2025-08-29,2.45,46898312
2025-09-01,2.43,25581417
2025-09-02,2.33,24528834
2025-09-03,2.28,34265956
2025-09-04,2.31,26167244
2025-09-05,2.39,29083540
2025-09-08,2.48,31201253
2025-09-09,2.4,29036362
2025-09-10,1.985,123964742
2025-09-11,1.97,54429202
2025-09-12,1.98,40517197
2025-09-15,2.16,39994838
2025-09-16,2.17,40414400
2025-09-17,2.26,24846567
2025-09-18,2.29,22736459
2025-09-19,2.31,50518199
2025-09-22,2.29,17956951
2025-09-23,2.29,17567458
2025-09-24,2.41,28878789
2025-09-25,2.4,26111426
2025-09-26,2.4,22601715
2025-09-29,2.42,23727900
2025-09-30,2.52,38228424
2025-10-01,2.36,41314848
2025-10-02,2.48,32653340
2025-10-03,2.54,19771065
2025-10-06,2.59,20440309
2025-10-07,2.6,21087318
2025-10-08,2.7,22608858
2025-10-09,2.68,26200466
2025-10-10,2.64,36933629
2025-10-13,2.6,25776899
2025-10-14,2.67,43796850
2025-10-15,2.72,26558444
2025-10-16,2.65,16945614
2025-10-17,2.68,30308004
2025-10-20,2.74,17301006
2025-10-21,2.81,26624125
2025-10-22,2.81,19503340
2025-10-23,2.96,20746004
2025-10-24,3.23,64558419
2025-10-27,3.28,32942088
2025-10-28,3.08,36739370
2025-10-29,3.13,19990493
2025-10-30,3.3,33520588
2025-10-31,3.3,48013533
2025-11-03,3.13,28499327
2025-11-04,3.08,22965885
2025-11-05,2.98,34129354
2025-11-06,2.95,19446946
2025-11-07,2.93,13564937
2025-11-10,3.2,23768510
2025-11-11,3.44,38867352
2025-11-12,3.43,38807523
2025-11-13,3.78,46116708
2025-11-14,3.82,39782578
2025-11-17,3.96,36347096
2025-11-18,4.09,49994909
2025-11-19,3.98,54794416
2025-11-20,4.19,27245589
2025-11-21,3.9,43472556
2025-11-24,3.76,36962116
2025-11-25,3.77,27027925
2025-11-26,4.04,33365463
2025-11-27,3.95,21463418
2025-11-28,4.05,14728824
2025-12-01,3.92,20160574
2025-12-02,3.95,18956930
2025-12-03,3.89,21330955
2025-12-04,3.73,25739096
2025-12-05,3.8,24159213
2025-12-08,4.03,19653042
2025-12-09,4.07,17583928
2025-12-10,4.2,21859960
2025-12-11,4.12,22349082
2025-12-12,4.1,21762948
2025-12-15,3.94,19348341
2025-12-16,3.88,16377634
2025-12-17,4.06,29803474
2025-12-18,3.94,20911210
2025-12-19,3.93,99217850
2025-12-22,4.01,27752350
2025-12-23,4.12,31496595
2025-12-24,4.38,21732861
2025-12-29,4.31,24065557
2025-12-30,4.18,21831064
2025-12-31,4.22,12905702
2026-01-02,4.31,12569062
2026-01-05,4.42,16545167
2026-01-06,4.84,37521042
2026-01-07,4.83,26396477
2026-01-08,4.8,21960271
2026-01-09,4.65,24429408
2026-01-12,4.77,27090882
2026-01-13,4.86,24847041
2026-01-14,4.87,22152481
2026-01-15,4.83,31448370
2026-01-16,4.68,36009014
2026-01-19,4.68,20190446
2026-01-20,4.74,27229596
2026-01-21,4.95,24301489
2026-01-22,5.04,28475687
2026-01-23,5.08,38959043
2026-01-27,4.96,61513915
2026-01-28,4.81,30809472
2026-01-29,4.59,35024257
2026-01-30,4.29,44544886
2026-02-02,4.39,54777877
2026-02-03,4.41,31225605
2026-02-04,4.33,23396315
2026-02-05,4.17,25768353
2026-02-06,4.12,37454449
2026-02-09,4.17,21091401
2026-02-10,4.21,30185099
2026-02-11,4.27,30650516
2026-02-12,4.43,25716493
2026-02-13,4.23,24420274
2026-02-16,4.31,17776279
2026-02-17,4.32,8987257
2026-02-18,4.42,14009206
2026-02-19,4.38,20670697
2026-02-20,4.18,17073872
2026-02-23,4.37,12811599
2026-02-24,4.72,28407065
2026-02-25,4.85,22872289
2026-02-26,5.25,56032789
2026-02-27,5.19,50379583
2026-03-02,5.15,33414915
2026-03-03,4.8,26179365
2026-03-04,4.74,21504220
2026-03-05,4.81,19751427
2026-03-06,4.76,14280620
2026-03-09,4.44,31328994
2026-03-10,4.67,17926379
2026-03-11,4.9,22384727
2026-03-12,4.78,18710101
2026-03-13,4.89,16047278
2026-03-16,4.76,20232799
2026-03-17,4.67,20172645
2026-03-18,4.59,18269282
2026-03-19,4.13,28107748
2026-03-20,4.23,59840569
2026-03-23,4.26,32057661
2026-03-24,4.54,27461761
2026-03-25,4.92,52269151
2026-03-26,4.97,27907213
2026-03-27,5.15,28594728
2026-03-30,5.27,33283538
2026-03-31,5.12,29590326
2026-04-01,5.3,27115365
2026-04-02,5.09,23727097
2026-04-07,5.19,12421768
2026-04-08,5.28,18058376
2026-04-09,5.3,16127317
2026-04-10,5.36,15702965
2026-04-13,5.34,26494992
2026-04-14,5.4,17004281
2026-04-15,5.39,16538223
2026-04-16,5.71,28347163
2026-04-17,6.04,32754337
2026-04-20,6.04,26514915
2026-04-21,5.89,22018017
2026-04-22,5.92,16428894
2026-04-23,5.68,21852156
2026-04-24,5.77,21807821
2026-04-27,5.93,15991329
2026-04-28,6.11,24718110
2026-04-29,5.98,48401058
2026-04-30,6.02,24564409
2026-05-01,6.14,21146248
2026-05-04,6.05,11380086
2026-05-05,6.04,8308470
2026-05-06,6.24,28414877
2026-05-07,6.37,22313941
2026-05-08,6.26,17561982
2026-05-11,6.28,17616744
2026-05-12,6.5,32139982
2026-05-13,6.44,21988910
2026-05-14,6.38,13732940
2026-05-15,6.01,30109513
2026-05-18,6.0,14285849
2026-05-19,5.92,15964907
2026-05-20,6.03,23352279
2026-05-21,6.16,18879249
2026-05-22,6.34,22384169
2026-05-25,6.43,14296272
2026-05-26,6.4,20252004
2026-05-27,6.28,25570105
2026-05-28,6.3,29399882
2026-05-29,6.46,401573042
2026-06-01,6.74,22666863
2026-06-02,6.55,27393955
2026-06-03,6.43,32558009
2026-06-04,6.14,32056025
2026-06-05,5.91,38369444
2026-06-09,5.86,29953465
2026-06-10,5.76,20716783
2026-06-11,5.94,27551148
2026-06-12,6.52,24476261
2026-06-15,6.48,28219800
2026-06-16,6.19,50528511
2026-06-17,6.36,17204569
2026-06-18,6.17,19258036
2026-06-19,5.88,39063143
2026-06-22,5.53,27506438
2026-06-23,5.47,25342330
2026-06-24,5.66,21664942
2026-06-25,5.38,16207867
2026-06-26,5.04,21737163
2026-06-29,5.08,17122467
2026-06-30,5.02,34499054
2026-07-01,5.11,21687549
2026-07-02,5.13,17303004
2026-07-03,5.23,15968628
2026-07-06,5.14,13383818
2026-07-07,4.86,18599573
2026-07-08,4.7,22606491
2026-07-09,4.61,20676365
2026-07-10,4.63,17569286
2026-07-13,4.48,22702628
2026-07-14,4.53,13540334
2026-07-15,4.64,20489235
2026-07-16,4.47,20997795
2026-07-17,4.33,22877843
2026-07-20,4.19,19769609
2026-07-21,4.12,34641259
2026-07-22,4.15,21027914
2026-07-23,4.23,26535416
2026-07-24,4.14,17643517
2026-07-27,4.25,14085298
2026-07-28,4.04,20691379
2026-07-29,4.1,29445110
2026-07-30,4.21,35094600
2026-07-31,4.15,31082990
2026-08-03,4.08,19218113
2026-08-04,4.28,24060462
2026-08-05,4.33,23991217
2026-08-06,4.3,25394913
2026-08-07,4.58,27665064
2026-08-10,4.72,20433944
2026-08-11,4.68,16619280
2026-08-12,4.88,19541609
2026-08-13,4.86,17545420
2026-08-14,4.87,18594006
2026-08-17,5.09,23603776
2026-08-18,4.93,26638062
2026-08-19,4.76,20296639
2026-08-20,4.83,18348126
2026-08-21,5.07,34025683
2026-08-24,5.47,33392178
2026-08-25,5.14,31057841
2026-08-26,5.29,27699223
2026-08-27,5.15,25598467
2026-08-28,5.36,21318353
2026-08-31,5.4,38999864
2026-09-01,5.48,15604624
2026-09-02,5.19,26497640
2026-09-03,5.2,19628476
2026-09-04,5.09,22024463
2026-09-07,4.93,23112239
2026-09-08,4.93,16961508
2026-09-09,5.01,18333727
2026-09-10,4.88,19552590
2026-09-11,4.52,25921998
2026-09-14,4.41,20543044
2026-09-15,4.26,28510801
2026-09-16,4.25,24382380
2026-09-17,4.22,27494627
2026-09-18,4.17,53904198
2026-09-21,4.13,20268019
2026-09-22,4.13,18903100
2026-09-23,4.18,17213506
2026-09-24,3.94,25695350
2026-09-25,3.84,39922741
2026-09-28,3.84,29322872
2026-09-29,3.87,24428896
2026-09-30,3.86,27865761
2026-10-01,3.65,23414215
2026-10-02,3.7,20760880
2026-10-05,3.72,8071876
2026-10-06,3.81,18340145
2026-10-07,3.88,19362204
2026-10-08,3.7,32237605
2026-10-09,3.5,39975237
