datum,schluss,volumen
2008-01-02,16.7945,714792
2008-01-03,17.1685,714792
2008-01-04,16.2327,810303
2008-01-07,16.0935,365612
2008-01-08,15.9912,605930
2008-01-09,15.5404,714792
2008-01-10,16.4567,1147159
2008-01-11,16.4839,1646281
2008-01-14,17.0331,471393
2008-01-15,16.1246,451880
2008-01-16,15.9124,1356667
2008-01-17,14.9124,1485042
2008-01-18,14.7945,448799
2008-01-22,14.3788,652145
2008-01-23,14.6056,732251
2008-01-24,15.4684,717873
2008-01-25,15.6972,700414
2008-01-28,16.0886,360477
2008-01-29,16.4547,694252
2008-01-30,16.7098,797979
2008-01-31,17.2571,1009541
2008-02-01,17.2347,923273
2008-02-04,17.2765,306046
2008-02-05,16.3944,399503
2008-02-06,16.0954,275236
2008-02-07,15.7546,916084
2008-02-08,15.9357,242372
2008-02-11,16.3096,381017
2008-02-12,16.9182,651118
2008-02-13,17.2668,610038
2008-02-14,16.5219,464204
2008-02-15,16.5044,592579
2008-02-19,16.8793,890409
2008-02-20,17.2717,413881
2008-02-21,17.075,470366
2008-02-22,17.2016,347126
2008-02-25,18.4518,832897
2008-02-26,18.9873,780520
2008-02-27,19.518,1055756
2008-02-28,19.1042,621335
2008-02-29,18.9922,1112241
2008-03-03,19.3311,666523
2008-03-04,19.3768,520689
2008-03-05,19.8647,416962
2008-03-06,19.6602,407719
2008-03-07,19.0964,828789
2008-03-10,18.4791,834951
2008-03-11,20.0584,576147
2008-03-12,20.4927,835978
2008-03-13,21.1967,474474
2008-03-14,20.9328,739440
2008-03-17,20.4479,734305
2008-03-18,21.7712,709657
2008-03-19,21.2113,1717144
2008-03-20,20.7663,498095
2008-03-24,21.332,514527
2008-03-25,22.4703,576147
2008-03-26,22.3574,396422
2008-03-27,23.6095,644956
2008-03-28,22.6378,543283
2008-03-31,22.7653,350618
2008-04-01,23.3496,635610
2008-04-02,24.557,794487
2008-04-03,24.557,1161845
2008-04-04,26.0273,1340749
2008-04-07,27.5949,1095193
2008-04-08,28.0526,1020427
2008-04-09,27.1081,1055243
2008-04-10,26.4654,899447
2008-04-11,27.9163,1175299
2008-04-14,28.4713,975034
2008-04-15,28.851,875517
2008-04-16,29.7079,903555
2008-04-17,30.0292,974931
2008-04-18,29.9903,884042
2008-04-21,30.0876,1128160
2008-04-22,29.4839,656869
2008-04-23,28.5005,481663
2008-04-24,27.1957,1004919
2008-04-25,28.7731,533013
2008-04-28,29.2795,714278
2008-04-29,27.5755,756283
2008-04-30,27.7605,1015087
2008-05-01,26.7965,760185
2008-05-02,26.3291,715511
2008-05-05,26.7478,399298
2008-05-06,26.6407,520484
2008-05-07,26.5336,496452
2008-05-08,26.631,509289
2008-05-09,27.1373,376498
2008-05-12,28.4031,1109776
2008-05-13,27.5073,718695
2008-05-14,28.0623,441405
2008-05-15,28.6952,449826
2008-05-16,29.9026,685214
2008-05-19,31.2853,1135040
2008-05-20,33.3788,1236405
2008-05-21,32.259,1253248
2008-05-22,32.8335,704727
2008-05-23,32.7069,674842
2008-05-27,31.8111,940321
2008-05-28,33.593,457631
2008-05-29,35.9396,1410995
2008-05-30,33.1451,2020109
2008-06-02,34.8588,2263405
2008-06-03,36.5044,1935895
2008-06-04,38.8608,1488842
2008-06-05,43.7098,2163273
2008-06-06,41.6066,1436978
2008-06-09,45.628,1857843
2008-06-10,46.0565,2062729
2008-06-11,44.187,2927566
2008-06-12,43.3496,2482054
2008-06-13,44.2551,1143667
2008-06-16,45.9202,1741278
2008-06-17,50.224,3670806
2008-06-18,53.3009,3354593
2008-06-19,51.5774,5903812
2008-06-20,50.3505,3711989
2008-06-23,52.1227,1968554
2008-06-24,49.8929,2717134
2008-06-25,46.5239,3238336
2008-06-26,45.7546,2532582
2008-06-27,46.0078,3951793
2008-06-30,45.3749,1998953
2008-07-01,42.2882,3039304
2008-07-02,38.7342,2999970
2008-07-03,37.0594,4123816
2008-07-07,38.1986,1712831
2008-07-08,39.7079,2671124
2008-07-09,40.5063,2414066
2008-07-10,41.1392,1165234
2008-07-11,40.3116,1116041
2008-07-14,42.444,1569461
2008-07-15,40.6037,1418800
2008-07-16,43.5346,1763872
2008-07-17,41.5287,2081215
2008-07-18,40.3408,1734911
2008-07-21,42.0643,1608487
2008-07-22,40.2045,1269577
2008-07-23,37.2347,2110999
2008-07-24,37.6534,1587126
2008-07-25,37.4197,968050
2008-07-28,36.6894,2279529
2008-07-29,37.332,1105360
2008-07-30,40.9153,1551489
2008-07-31,39.8539,1087388
2008-08-01,39.0166,509700
2008-08-04,35.1996,1408120
2008-08-05,33.9727,1368683
2008-08-06,35.443,795309
2008-08-07,36.5239,1389736
2008-08-08,33.408,1388401
2008-08-11,31.2171,1697734
2008-08-12,31.6066,777850
2008-08-13,33.9727,1920798
2008-08-14,34.4985,1401033
2008-08-15,32.4732,907149
2008-08-18,33.0477,833102
2008-08-19,33.8267,1224081
2008-08-20,34.703,1010260
2008-08-21,36.6602,1230860
2008-08-22,36.9912,1548819
2008-08-25,37.2152,840908
2008-08-26,37.2834,623594
2008-08-27,38.5394,695587
2008-08-28,38.3057,853232
2008-08-29,37.3126,941040
2008-09-02,34.3525,1038400
2008-09-03,33.8462,1727311
2008-09-04,32.444,1474464
2008-09-05,31.9864,2297194
2008-09-08,30.0,1759456
2008-09-09,26.9718,2962998
2008-09-10,27.7507,1471177
2008-09-11,28.2473,1122306
2008-09-12,31.1782,1778559
2008-09-15,27.2055,1799201
2008-09-16,26.6602,2248103
2008-09-17,25.0341,1749186
2008-09-18,24.5862,2534225
2008-09-19,29.0166,1754116
2008-09-22,28.2376,1860410
2008-09-23,26.6115,841524
2008-09-24,26.4654,499327
2008-09-25,28.3544,1553543
2008-09-26,26.6018,1517084
2008-09-29,22.9406,1442832
2008-09-30,24.5472,905814
2008-10-01,23.8267,1452897
2008-10-02,19.6689,2692999
2008-10-03,19.2405,1570180
2008-10-06,17.5268,1686334
2008-10-07,16.2804,1344343
2008-10-08,16.2415,2326669
2008-10-09,15.5891,1651929
2008-10-10,14.8491,2104528
2008-10-13,21.1782,1948219
2008-10-14,19.3281,2454119
2008-10-15,16.4654,1815325
2008-10-16,18.2278,1836276
2008-10-17,18.4615,1550975
2008-10-20,21.1295,1342289
2008-10-21,19.6884,653994
2008-10-22,18.1889,1152397
2008-10-23,17.371,1094371
2008-10-24,15.6183,1557856
2008-10-27,16.261,1402368
2008-10-28,19.6495,1451973
2008-10-29,19.0068,1741689
2008-10-30,22.2882,2773208
2008-10-31,22.298,1360980
2008-11-03,21.1977,1327911
2008-11-04,25.3651,2030687
2008-11-05,21.8987,1624611
2008-11-06,20.594,1606536
2008-11-07,22.2298,1349170
2008-11-10,23.6125,1665999
2008-11-11,22.444,1131959
2008-11-12,20.4479,1306344
2008-11-13,23.3398,1494285
2008-11-14,22.0643,1501987
2008-11-17,20.5063,1229216
2008-11-18,21.2269,928100
2008-11-19,19.1042,1331814
2008-11-20,17.6728,1800844
2008-11-21,19.2405,1817071
2008-11-24,20.1655,1821898
2008-11-25,20.6134,1578704
2008-11-26,21.9085,1700404
2008-11-28,21.8987,718386
2008-12-01,19.6884,1038708
2008-12-02,19.9903,1220281
2008-12-03,20.0682,880858
2008-12-04,19.591,685420
2008-12-05,20.74,1421573
2008-12-08,23.0769,1887626
2008-12-09,21.2366,2131847
2008-12-10,22.2882,1085847
2008-12-11,21.8793,1666821
2008-12-12,23.0282,914133
2008-12-15,23.5638,1386245
2008-12-16,25.2191,1525711
2008-12-17,25.2872,1368888
2008-12-18,24.0214,751148
2008-12-19,23.1353,1022995
2008-12-22,22.5414,1047848
2008-12-23,23.2425,567931
2008-12-24,23.223,276468
2008-12-26,23.3788,341580
2008-12-29,23.9338,895544
2008-12-30,22.7751,1375256
2008-12-31,23.7488,624724
2009-01-02,24.9562,1173039
2009-01-05,24.6349,1199228
2009-01-06,26.5823,1778764
2009-01-07,25.2191,996190
2009-01-08,25.8909,774358
2009-01-09,26.5044,938370
2009-01-12,25.5209,1490690
2009-01-13,25.7741,650605
2009-01-14,24.5862,1075783
2009-01-15,25.1899,1037270
2009-01-16,26.0565,877366
2009-01-20,25.0049,860934
2009-01-21,25.8033,919473
2009-01-22,25.5696,691376
2009-01-23,26.0954,1251091
2009-01-26,26.222,686241
2009-01-27,26.7089,818416
2009-01-28,27.5365,831973
2009-01-29,26.9912,431545
2009-01-30,26.3875,763472
2009-02-02,26.6602,728451
2009-02-03,27.7215,908792
2009-02-04,27.8286,680696
2009-02-05,28.5297,1165645
2009-02-06,30.4187,1760997
2009-02-09,30.5161,1295150
2009-02-10,29.3476,1019297
2009-02-11,29.1431,1098993
2009-02-12,30.4187,962504
2009-02-13,30.8958,624313
2009-02-17,28.2571,1577061
2009-02-18,29.0263,1085950
2009-02-19,28.9776,766245
2009-02-20,28.4129,982120
2009-02-23,26.9815,1341878
2009-02-24,29.1431,1193374
2009-02-25,28.0331,1527457
2009-02-26,28.7147,1434103
2009-02-27,28.0623,796644
2009-03-02,26.0565,1499625
2009-03-03,25.5891,916187
2009-03-04,25.2678,1924803
2009-03-05,23.8851,1562991
2009-03-06,23.5151,1337257
2009-03-09,23.2132,1282107
2009-03-10,24.6738,1273685
2009-03-11,25.5307,1080404
2009-03-12,24.9951,1097863
2009-03-13,24.7809,749505
2009-03-16,25.0925,1066231
2009-03-17,25.8715,722392
2009-03-18,26.3096,946483
2009-03-19,26.6796,1153526
2009-03-20,26.4167,563207
2009-03-23,27.8189,1290015
2009-03-24,27.3223,1013135
2009-03-25,28.1402,1428043
2009-03-26,28.3252,1168829
2009-03-27,27.5852,582720
2009-03-30,25.8715,1202720
2009-03-31,25.8617,1118095
2009-04-01,27.0204,914954
2009-04-02,27.5949,1232914
2009-04-03,28.3739,832178
2009-04-06,28.1207,662312
2009-04-07,27.2931,531678
2009-04-08,28.1597,1185672
2009-04-09,29.7663,943197
2009-04-13,30.4382,959423
2009-04-14,30.8471,1341776
2009-04-15,30.8861,971953
2009-04-16,32.0058,1040967
2009-04-17,31.1295,672685
2009-04-20,29.4839,1071469
2009-04-21,29.9903,775590
2009-04-22,29.4158,725884
2009-04-23,29.63,1093550
2009-04-24,29.9903,1396309
2009-04-27,29.036,860626
2009-04-28,28.9387,788531
2009-04-29,30.0389,1391174
2009-04-30,30.6816,1252529
2009-05-01,30.0779,873463
2009-05-04,31.4898,1552310
2009-05-05,30.7692,1429173
2009-05-06,31.9182,1877664
2009-05-07,32.2298,1548716
2009-05-08,32.4732,1021557
2009-05-11,32.0156,871718
2009-05-12,32.9309,1176839
2009-05-13,32.0837,1268140
2009-05-14,33.5346,1531565
2009-05-15,33.9338,1521706
2009-05-18,34.5472,995266
2009-05-19,35.2678,1513798
2009-05-20,35.6962,1285804
2009-05-21,33.2132,2086453
2009-05-22,34.3038,720030
2009-05-26,35.0243,958396
2009-05-27,33.924,765731
2009-05-28,34.8588,614762
2009-05-29,35.4041,1249551
2009-06-01,36.2804,1046102
2009-06-02,35.9299,765628
2009-06-03,35.1022,845016
2009-06-04,35.8812,575428
2009-06-05,35.6865,577277
2009-06-08,35.2483,719413
2009-06-09,36.8452,1068080
2009-06-10,37.5073,876955
2009-06-11,37.8578,608908
2009-06-12,37.5073,821189
2009-06-15,35.8812,984379
2009-06-16,36.0273,1030800
2009-06-17,34.4304,2085734
2009-06-18,35.2775,1073626
2009-06-19,35.7157,858983
2009-06-22,33.963,1240205
2009-06-23,34.1091,600076
2009-06-24,33.8169,954288
2009-06-25,34.7712,783293
2009-06-26,34.927,708527
2009-06-29,35.7741,709246
2009-06-30,35.2386,627600
2009-07-01,34.927,472728
2009-07-02,35.2386,692095
2009-07-06,35.2678,735024
2009-07-07,34.8588,784012
2009-07-08,34.7809,785655
2009-07-09,35.3067,770558
2009-07-10,34.2746,2021341
2009-07-13,35.5988,2013125
2009-07-14,34.8783,1609309
2009-07-15,34.8199,2615769
2009-07-16,35.443,1630260
2009-07-17,35.3944,628113
2009-07-20,35.2678,576147
2009-07-21,35.0146,1166569
2009-07-22,34.6056,729581
2009-07-23,35.4333,1766953
2009-07-24,35.4917,815027
2009-07-27,35.1022,536094
2009-07-28,34.7614,527775
2009-07-29,34.4693,401454
2009-07-30,35.1509,858880
2009-07-31,34.8491,483512
2009-08-03,35.7351,925943
2009-08-04,35.7059,446642
2009-08-05,35.4041,1132268
2009-08-06,35.1801,709760
2009-08-07,35.3554,627497
2009-08-10,35.0438,465539
2009-08-11,34.3817,713560
2009-08-12,35.1801,1142538
2009-08-13,35.5696,662723
2009-08-14,35.1022,641978
2009-08-17,33.9922,619178
2009-08-18,34.5667,441405
2009-08-19,34.5472,468825
2009-08-20,34.9172,372801
2009-08-21,35.4138,440994
2009-08-24,35.5794,649475
2009-08-25,35.1801,513705
2009-08-26,35.482,573990
2009-08-27,35.2288,592271
2009-08-28,34.8004,404843
2009-08-31,33.9143,996498
2009-09-01,32.6095,1866778
2009-09-02,32.7264,719311
2009-09-03,32.814,591552
2009-09-04,33.3496,381017
2009-09-08,34.3525,1260745
2009-09-09,34.5667,991260
2009-09-10,34.7809,539586
2009-09-11,35.3165,1464399
2009-09-14,35.4138,930257
2009-09-15,36.222,1276766
2009-09-16,36.8939,1424962
2009-09-17,37.3418,1446427
2009-09-18,39.0945,3520556
2009-09-21,38.0721,1514311
2009-09-22,38.4129,1047129
2009-09-23,38.1889,953467
2009-09-24,37.2639,900165
2009-09-25,37.6047,877058
2009-09-28,38.335,889382
2009-09-29,38.0623,850869
2009-09-30,38.1013,1105463
2009-10-01,36.222,1661378
2009-10-02,35.9883,1370223
2009-10-05,36.7283,818519
2009-10-06,37.3223,820059
2009-10-07,37.0594,773434
2009-10-08,37.0886,1340954
2009-10-09,36.7575,756694
2009-10-12,37.2444,628319
2009-10-13,37.3418,633248
2009-10-14,37.147,1453616
2009-10-15,36.3194,1437903
2009-10-16,37.2834,1306549
2009-10-19,38.4031,1112138
2009-10-20,37.9455,848815
2009-10-21,37.7215,1153629
2009-10-22,37.7702,774871
2009-10-23,37.5949,1027205
2009-10-26,37.332,843475
2009-10-27,35.9007,1579731
2009-10-28,35.4041,1526122
2009-10-29,36.2512,1178893
2009-10-30,35.7838,1474977
2009-11-02,35.5404,841524
2009-11-03,36.2123,766245
2009-11-04,36.3096,652556
2009-11-05,36.9036,468004
2009-11-06,37.1373,508570
2009-11-09,38.0234,644340
2009-11-10,38.1597,548521
2009-11-11,37.8189,594941
2009-11-12,37.6241,549959
2009-11-13,37.8481,346510
2009-11-16,38.3642,851383
2009-11-17,38.1694,1230757
2009-11-18,39.1237,2183710
2009-11-19,38.3252,760288
2009-11-20,38.2571,602952
2009-11-23,38.52,756899
2009-11-24,37.8189,695484
2009-11-25,37.9552,762650
2009-11-27,37.0691,352569
2009-11-30,36.7868,778774
2009-12-01,37.0886,745499
2009-12-02,37.4197,1075680
2009-12-03,36.8744,837518
2009-12-04,37.1081,1271940
2009-12-07,37.4586,951618
2009-12-08,37.147,584774
2009-12-09,37.2834,494192
2009-12-10,37.6923,798390
2009-12-11,38.4421,741391
2009-12-14,38.3642,658512
2009-12-15,38.4713,429902
2009-12-16,38.9679,721981
2009-12-17,37.7702,671453
2009-12-18,37.3807,974109
2009-12-21,37.3905,887123
2009-12-22,37.3418,601617
2009-12-23,37.0302,393238
2009-12-24,36.9328,112251
2009-12-28,37.0886,290230
2009-12-29,37.0789,656253
2009-12-30,36.9815,362942
2009-12-31,36.5823,342196
2010-01-04,37.5949,545234
2010-01-05,38.0234,1077015
2010-01-06,38.9581,784217
2010-01-07,41.0711,1888756
2010-01-08,42.1129,2002753
2010-01-11,42.6972,1546046
2010-01-12,41.3145,1157429
2010-01-13,40.8179,1139354
2010-01-14,41.6748,1191012
2010-01-15,41.0224,534862
2010-01-19,41.8695,962607
2010-01-20,40.9445,1058426
2010-01-21,39.6397,918138
2010-01-22,38.5979,964764
2010-01-25,38.8218,628216
2010-01-26,37.8189,943916
2010-01-27,37.2152,730402
2010-01-28,36.3389,1345062
2010-01-29,35.4236,1233119
2010-02-01,36.3291,1022173
2010-02-02,36.6796,671145
2010-02-03,36.3291,778979
2010-02-04,34.7225,1409249
2010-02-05,34.9464,1465529
2010-02-08,33.4956,2441076
2010-02-09,34.6056,1592877
2010-02-10,35.0049,934981
2010-02-11,36.2025,933954
2010-02-12,36.2415,459069
2010-02-16,37.3515,719927
2010-02-17,37.1957,537326
2010-02-18,37.2834,435653
2010-02-19,37.0983,271025
2010-02-22,36.9036,524078
2010-02-23,35.6378,1040864
2010-02-24,35.3651,1001017
2010-02-25,35.5112,961477
2010-02-26,35.5891,850048
2010-03-01,35.6086,714792
2010-03-02,36.592,1000914
2010-03-03,36.3681,792125
2010-03-04,36.5044,799930
2010-03-05,36.7965,1150754
2010-03-08,36.592,486695
2010-03-09,36.5336,400838
2010-03-10,36.5141,701954
2010-03-11,36.3389,635200
2010-03-12,37.0107,1847984
2010-03-15,36.8549,648140
2010-03-16,37.6047,994033
2010-03-17,37.2931,393238
2010-03-18,37.0399,392725
2010-03-19,36.3291,773331
2010-03-22,36.4167,824476
2010-03-23,36.8647,432162
2010-03-24,36.6018,430416
2010-03-25,36.2999,645675
2010-03-26,35.9202,419221
2010-03-29,36.2123,435140
2010-03-30,36.4265,380093
2010-03-31,36.407,380812
2010-04-01,36.9523,416962
2010-04-05,37.2541,353801
2010-04-06,36.8841,535991
2010-04-07,37.2347,533218
2010-04-08,37.0302,547494
2010-04-09,37.1081,1589591
2010-04-12,37.186,311900
2010-04-13,36.5823,513808
2010-04-14,35.9981,1346192
2010-04-15,35.9396,663339
2010-04-16,35.3749,739851
2010-04-19,34.888,814308
2010-04-20,35.3749,544413
2010-04-21,35.4138,780931
2010-04-22,35.7936,508262
2010-04-23,35.9688,406076
2010-04-26,35.6865,311181
2010-04-27,34.8296,450853
2010-04-28,35.1412,603979
2010-04-29,35.3067,654815
2010-04-30,35.0536,756385
2010-05-03,35.3651,431340
2010-05-04,34.2551,747451
2010-05-05,33.7001,1026486
2010-05-06,32.7945,1067464
2010-05-07,32.7751,1521911
2010-05-10,34.4693,888458
2010-05-11,33.8364,627394
2010-05-12,34.6154,661080
2010-05-13,34.518,451880
2010-05-14,33.7001,588266
2010-05-17,33.3885,623492
2010-05-18,32.8919,537018
2010-05-19,32.5511,898111
2010-05-20,31.3729,1627076
2010-05-21,31.9766,832178
2010-05-24,31.9474,615789
2010-05-25,31.7624,834951
2010-05-26,31.7137,762137
2010-05-27,33.4469,720851
2010-05-28,32.668,766964
2010-06-01,31.8987,738721
2010-06-02,33.0769,538045
2010-06-03,32.4538,619384
2010-06-04,31.6748,581898
2010-06-07,31.0711,399503
2010-06-08,31.6261,631913
2010-06-09,31.6456,780520
2010-06-10,32.7653,550575
2010-06-11,33.0088,274825
2010-06-14,32.8724,469955
2010-06-15,34.1772,600692
2010-06-16,34.5083,485771
2010-06-17,34.0312,376909
2010-06-18,34.0506,673712
2010-06-21,33.3009,3281162
2010-06-22,33.3982,525311
2010-06-23,33.3788,396935
2010-06-24,33.2717,519765
2010-06-25,33.6319,432880
2010-06-28,33.0088,839367
2010-06-29,32.0156,701749
2010-06-30,31.7527,528186
2010-07-01,32.1616,742521
2010-07-02,32.2882,183936
2010-07-06,32.2395,355034
2010-07-07,33.0769,326791
2010-07-08,33.3788,479404
2010-07-09,34.0409,583336
2010-07-12,33.6806,207557
2010-07-13,33.7098,275441
2010-07-14,33.8267,299884
2010-07-15,34.2064,314057
2010-07-16,33.7196,426821
2010-07-19,33.7877,409876
2010-07-20,34.5375,340348
2010-07-21,34.5764,423946
2010-07-22,35.2288,468517
2010-07-23,36.1246,630578
2010-07-26,36.3389,668166
2010-07-27,35.9591,546878
2010-07-28,35.8617,330694
2010-07-29,36.8744,580050
2010-07-30,36.9912,642902
2010-08-02,37.6826,397757
2010-08-03,37.9649,434113
2010-08-04,38.335,684187
2010-08-05,39.2502,1183515
2010-08-06,39.5521,559304
2010-08-09,39.4547,336240
2010-08-10,39.0555,402789
2010-08-11,38.0039,446848
2010-08-12,38.6173,291565
2010-08-13,38.3934,163909
2010-08-16,38.6465,228302
2010-08-17,41.4508,2192748
2010-08-18,42.0643,954083
2010-08-19,41.8306,467696
2010-08-20,41.9864,415935
2010-08-23,42.2687,553142
2010-08-24,41.8014,634481
2010-08-25,41.4703,529829
2010-08-26,41.3535,363147
2010-08-27,41.9182,416551
2010-08-30,41.5969,301425
2010-08-31,41.5287,489879
2010-09-01,42.7166,694457
2010-09-02,43.9533,996087
2010-09-03,44.3914,667653
2010-09-07,44.2746,484128
2010-09-08,45.1217,383276
2010-09-09,45.3359,338499
2010-09-10,45.1412,606238
2010-09-13,46.076,489263
2010-09-14,46.9523,655842
2010-09-15,47.0107,557764
2010-09-16,47.4878,690452
2010-09-17,46.8647,396730
2010-09-20,47.5073,414805
2010-09-21,46.9523,569985
2010-09-22,47.0399,528905
2010-09-23,46.7673,464615
2010-09-24,47.0886,419427
2010-09-27,47.926,589703
2010-09-28,48.6368,746834
2010-09-29,46.9328,1523760
2010-09-30,46.9718,1199741
2010-10-01,46.816,678847
2010-10-04,45.6573,897495
2010-10-05,46.777,572861
2010-10-06,46.777,428772
2010-10-07,46.407,379990
2010-10-08,47.7605,925122
2010-10-11,48.2473,907765
2010-10-12,48.1986,606752
2010-10-13,49.3768,523975
2010-10-14,49.5424,599665
2010-10-15,49.6592,448902
2010-10-18,49.445,326073
2010-10-19,48.7926,396833
2010-10-20,49.776,446231
2010-10-21,49.6982,423740
2010-10-22,48.9971,192665
2010-10-25,49.6884,333056
2010-10-26,50.5161,307278
2010-10-27,50.1071,343737
2010-10-28,50.0974,261680
2010-10-29,50.4382,225221
2010-11-01,50.6524,288176
2010-11-02,50.4771,303479
2010-11-03,50.1071,442637
2010-11-04,51.1685,565980
2010-11-05,51.3242,301322
2010-11-08,51.0516,249253
2010-11-09,50.1558,528597
2010-11-10,50.4869,298241
2010-11-11,50.409,303992
2010-11-12,49.3379,382352
2010-11-15,48.5297,549753
2010-11-16,48.0039,504462
2010-11-17,48.4226,796028
2010-11-18,49.3866,665599
2010-11-19,49.4352,328537
2010-11-22,49.4742,448594
2010-11-23,49.1042,347434
2010-11-24,49.7176,388822
2010-11-26,50.0487,242372
2010-11-29,50.5453,414908
2010-11-30,49.3866,1004919
2010-12-01,50.1071,547699
2010-12-02,51.1587,409054
2010-12-03,52.5024,444794
2010-12-06,52.6777,329564
2010-12-07,52.9211,635713
2010-12-08,52.5024,600590
2010-12-09,52.3953,316727
2010-12-10,52.5316,351542
2010-12-13,51.4606,423740
2010-12-14,51.1392,497273
2010-12-15,52.1324,576044
2010-12-16,51.7819,586006
2010-12-17,51.9961,996601
2010-12-20,51.9474,451572
2010-12-21,52.9698,724857
2010-12-22,52.6388,450853
2010-12-23,53.369,322478
2010-12-27,53.2327,289819
2010-12-28,53.0282,241858
2010-12-29,54.7128,465950
2010-12-30,54.8491,362017
2010-12-31,56.8841,1166877
2011-01-03,57.5949,825297
2011-01-04,56.0662,973082
2011-01-05,56.1344,558175
2011-01-06,55.8812,623081
2011-01-07,54.8685,650913
2011-01-10,54.5083,819649
2011-01-11,54.6543,668988
2011-01-12,55.852,615276
2011-01-13,55.8228,525002
2011-01-14,55.6865,452085
2011-01-18,55.3262,651529
2011-01-19,53.6222,777542
2011-01-20,51.8598,1840487
2011-01-21,52.0351,841524
2011-01-24,52.2785,703187
2011-01-25,51.8987,625957
2011-01-26,52.629,706371
2011-01-27,52.483,968256
2011-01-28,51.334,1254070
2011-01-31,52.074,649475
2011-02-01,52.9698,943402
2011-02-02,52.7945,721365
2011-02-03,52.6388,520689
2011-02-04,52.6193,534554
2011-02-07,52.8627,440275
2011-02-08,53.6125,576352
2011-02-09,53.1256,716435
2011-02-10,53.924,580255
2011-02-11,55.1607,468517
2011-02-14,55.3262,572655
2011-02-15,53.7585,377217
2011-02-16,54.8491,433497
2011-02-17,54.7322,380606
2011-02-18,53.2132,492755
2011-02-22,50.3018,832281
2011-02-23,50.3311,920500
2011-02-24,50.1947,458555
2011-02-25,51.4606,385536
2011-02-28,51.5969,342299
2011-03-01,51.0613,454242
2011-03-02,51.2658,363969
2011-03-03,54.8101,860934
2011-03-04,54.6641,583952
2011-03-07,52.9211,343326
2011-03-08,53.3398,438940
2011-03-09,52.9893,348050
2011-03-10,50.7595,648653
2011-03-11,51.2074,513192
2011-03-14,50.5161,498198
2011-03-15,50.3603,909922
2011-03-16,49.1626,890409
2011-03-17,50.3311,777850
2011-03-18,50.4966,680696
2011-03-21,52.5122,474269
2011-03-22,51.85,363044
2011-03-23,52.2395,250999
2011-03-24,52.6582,262090
2011-03-25,53.2814,434626
2011-03-28,52.4635,304300
2011-03-29,52.2006,356061
2011-03-30,53.038,457323
2011-03-31,53.8072,549856
2011-04-01,55.6475,647215
2011-04-04,56.1928,400941
2011-04-05,57.5268,748991
2011-04-06,57.3612,781547
2011-04-07,57.1762,299165
2011-04-08,57.7507,386871
2011-04-11,56.6407,415216
2011-04-12,55.0049,476939
2011-04-13,55.9007,321759
2011-04-14,56.2123,286430
2011-04-15,55.6962,334083
2011-04-18,54.7809,406897
2011-04-19,55.5696,312824
2011-04-20,56.7381,396011
2011-04-21,57.3807,178184
2011-04-25,56.9912,146758
2011-04-26,57.3515,229945
2011-04-27,56.5336,504154
2011-04-28,56.3583,318575
2011-04-29,59.4255,612092
2011-05-02,58.6758,669707
2011-05-03,57.3223,417784
2011-05-04,55.3749,546159
2011-05-05,55.112,364174
2011-05-06,56.6602,486387
2011-05-09,57.4391,364996
2011-05-10,57.7605,352877
2011-05-11,55.9299,523359
2011-05-12,55.6865,698360
2011-05-13,55.482,486182
2011-05-16,54.8685,560229
2011-05-17,54.8783,700722
2011-05-18,55.8617,751764
2011-05-19,55.5696,1036346
2011-05-20,55.9883,1319284
2011-05-23,56.0175,545645
2011-05-24,57.1276,775590
2011-05-25,57.5755,502408
2011-05-26,58.4615,611579
2011-05-27,59.075,458966
2011-05-31,60.925,1323803
2011-06-01,59.4742,764910
2011-06-02,61.0127,658821
2011-06-03,59.8832,828275
2011-06-06,58.8218,348358
2011-06-07,60.0,576044
2011-06-08,59.2016,519867
2011-06-09,60.4284,643724
2011-06-10,59.9221,484128
2011-06-13,59.9513,681106
2011-06-14,60.555,754537
2011-06-15,59.2697,994547
2011-06-16,57.4586,677101
2011-06-17,57.926,863912
2011-06-20,58.8997,611887
2011-06-21,60.3797,389233
2011-06-22,59.0847,734408
2011-06-23,59.9124,567315
2011-06-24,59.9513,319089
2011-06-27,59.9513,214746
2011-06-28,60.9737,289511
2011-06-29,62.853,594633
2011-06-30,63.0185,609935
2011-07-01,63.3106,496863
2011-07-05,64.0117,443253
2011-07-06,64.2356,388925
2011-07-07,64.0701,536608
2011-07-08,63.9046,776412
2011-07-11,62.5316,420043
2011-07-12,62.0448,394984
2011-07-13,63.8169,608395
2011-07-14,63.0088,298960
2011-07-15,63.3593,324737
2011-07-18,63.4469,451469
2011-07-19,64.4693,479712
2011-07-20,64.1383,257366
2011-07-21,64.7322,595968
2011-07-22,64.8491,666523
2011-07-25,64.6835,379785
2011-07-26,63.7196,691068
2011-07-27,62.1519,766039
2011-07-28,62.444,452393
2011-07-29,62.629,442945
2011-08-01,63.7488,433599
2011-08-02,61.4606,423227
2011-08-03,60.925,699592
2011-08-04,56.4265,1081020
2011-08-05,55.5209,994752
2011-08-08,50.37,1468713
2011-08-09,56.777,1161948
2011-08-10,54.5862,825708
2011-08-11,57.5073,901090
2011-08-12,58.8413,442637
2011-08-15,59.9124,330694
2011-08-16,59.4352,430826
2011-08-17,59.8442,331618
2011-08-18,57.556,1019195
2011-08-19,56.9426,734408
2011-08-22,57.6436,498814
2011-08-23,58.8121,747759
2011-08-24,58.52,553245
2011-08-25,56.9036,865761
2011-08-26,57.4002,849226
2011-08-29,60.0,499635
2011-08-30,60.9153,509803
2011-08-31,62.5901,1025973
2011-09-01,62.2687,517711
2011-09-02,60.3311,713457
2011-09-06,58.9094,657177
2011-09-07,60.2142,339321
2011-09-08,59.3768,323402
2011-09-09,57.0497,588060
2011-09-12,53.8072,1505068
2011-09-13,54.518,850664
2011-09-14,53.7975,1148597
2011-09-15,53.0964,1575007
2011-09-16,53.0867,1974921
2011-09-19,52.8919,579742
2011-09-20,52.259,543797
2011-09-21,49.7955,1131549
2011-09-22,45.4917,1245854
2011-09-23,45.7059,856004
2011-09-26,47.9844,1115322
2011-09-27,50.0389,1303366
2011-09-28,48.5297,1501474
2011-09-29,49.1723,1060788
2011-09-30,46.5531,1051032
2011-10-03,45.1704,1072291
2011-10-04,44.6543,1437800
2011-10-05,46.1149,1001838
2011-10-06,49.1334,878804
2011-10-07,48.1792,993622
2011-10-10,50.2824,462458
2011-10-11,50.5648,649578
2011-10-12,51.519,454858
2011-10-13,51.6943,350412
2011-10-14,53.3204,533424
2011-10-17,53.6319,1005125
2011-10-18,53.8948,678231
2011-10-19,53.0574,592476
2011-10-20,53.0477,587341
2011-10-21,55.0243,1186082
2011-10-24,56.4849,567418
2011-10-25,54.6349,1097555
2011-10-26,56.1052,463793
2011-10-27,59.075,732148
2011-10-28,58.705,985612
2011-10-31,56.962,732559
2011-11-01,55.2872,865761
2011-11-02,56.3973,409362
2011-11-03,56.6699,853848
2011-11-04,56.9036,467490
2011-11-07,57.2152,731121
2011-11-08,58.3836,365920
2011-11-09,55.8715,788222
2011-11-10,56.1246,586212
2011-11-11,57.2541,428464
2011-11-14,56.9133,440891
2011-11-15,56.1344,812768
2011-11-16,55.628,545132
2011-11-17,54.6154,773742
2011-11-18,55.0633,634686
2011-11-21,54.3817,748786
2011-11-22,54.3914,682750
2011-11-23,52.8724,981709
2011-11-25,51.9864,348358
2011-11-28,53.1548,989309
2011-11-29,53.4956,402070
2011-11-30,55.8325,811433
2011-12-01,55.7936,354418
2011-12-02,54.9172,299165
2011-12-05,54.9757,345483
2011-12-06,54.6251,372390
2011-12-07,55.0925,620205
2011-12-08,53.3788,368179
2011-12-09,53.0867,633864
2011-12-12,51.6943,671145
2011-12-13,50.9932,415113
2011-12-14,49.5131,709246
2011-12-15,49.6203,759672
2011-12-16,49.8637,907046
2011-12-19,50.6719,1087696
2011-12-20,51.7527,504154
2011-12-21,52.0837,613324
2011-12-22,52.1811,439248
2011-12-23,52.7653,211151
2011-12-27,52.3661,633248
2011-12-28,51.334,325867
2011-12-29,51.7429,317548
2011-12-30,52.4343,279652
2012-01-03,53.0574,596687
2012-01-04,53.4567,424767
2012-01-05,53.9338,1080301
2012-01-06,53.7585,558175
2012-01-09,53.0574,750532
2012-01-10,53.7196,468312
2012-01-11,53.5735,268561
2012-01-12,53.8656,336137
2012-01-13,53.6125,298754
2012-01-17,53.9533,373109
2012-01-18,54.9757,485463
2012-01-19,55.852,326278
2012-01-20,55.9688,229534
2012-01-23,56.2512,294133
2012-01-24,56.1538,247712
2012-01-25,56.6115,300500
2012-01-26,56.4946,537737
2012-01-27,57.2347,329667
2012-01-30,56.3778,234978
2012-01-31,57.1957,370644
2012-02-01,58.2765,545440
2012-02-02,58.9094,423329
2012-02-03,58.4713,570909
2012-02-06,57.741,295776
2012-02-07,57.2444,426924
2012-02-08,57.7507,388514
2012-02-09,58.4323,307689
2012-02-10,57.7507,257777
2012-02-13,57.741,372082
2012-02-14,56.6894,450956
2012-02-15,56.8744,429697
2012-02-16,57.2347,418400
2012-02-17,58.111,166066
2012-02-21,57.9163,234361
2012-02-22,58.1207,355342
2012-02-23,58.0039,253258
2012-02-24,58.0721,165861
2012-02-27,58.1694,219264
2012-02-28,58.1986,207043
2012-02-29,57.6241,273387
2012-03-01,58.0623,377217
2012-03-02,57.3807,321965
2012-03-05,56.4849,392211
2012-03-06,54.8101,504052
2012-03-07,54.9464,360990
2012-03-08,56.5336,412443
2012-03-09,56.1441,129915
2012-03-12,55.5209,196362
2012-03-13,56.1733,512884
2012-03-14,55.4236,413470
2012-03-15,56.0857,546159
2012-03-16,57.517,344148
2012-03-19,57.6047,318370
2012-03-20,57.3905,390157
2012-03-21,57.6631,221627
2012-03-22,56.2999,223475
2012-03-23,56.446,277187
2012-03-26,57.7215,329256
2012-03-27,57.3223,306662
2012-03-28,57.0399,357704
2012-03-29,56.962,414703
2012-03-30,57.1276,500765
2012-04-02,58.1694,486182
2012-04-03,57.9844,298754
2012-04-04,57.8286,206735
2012-04-05,57.3126,342915
2012-04-09,56.8257,251512
2012-04-10,55.8909,699798
2012-04-11,56.3389,357704
2012-04-12,56.6602,267636
2012-04-13,55.8812,137002
2012-04-16,55.5404,180341
2012-04-17,55.9883,225324
2012-04-18,55.8909,188146
2012-04-19,56.1344,277906
2012-04-20,55.7157,324840
2012-04-23,55.6183,218956
2012-04-24,55.3944,254799
2012-04-25,56.1733,417475
2012-04-26,56.4849,285301
2012-04-27,56.7965,289614
2012-04-30,56.7575,227994
2012-05-01,57.147,265993
2012-05-02,57.1276,200265
2012-05-03,56.7575,211254
2012-05-04,56.4557,268252
2012-05-07,56.1831,175617
2012-05-08,55.9299,399914
2012-05-09,54.9854,466977
2012-05-10,55.5015,303376
2012-05-11,55.0049,269074
2012-05-14,54.4596,387076
2012-05-15,53.5346,517608
2012-05-16,52.5609,363866
2012-05-17,51.5774,598946
2012-05-18,51.3242,436783
2012-05-21,52.4538,256750
2012-05-22,51.2756,713560
2012-05-23,51.4703,384098
2012-05-24,52.5998,536813
2012-05-25,52.6582,301835
2012-05-29,52.7751,356574
2012-05-30,52.1032,470366
2012-05-31,50.6037,1253351
2012-06-01,50.0974,475809
2012-06-04,49.776,643313
2012-06-05,50.2337,204373
2012-06-06,51.2756,283041
2012-06-07,51.9279,396217
2012-06-08,52.3174,288998
2012-06-11,51.334,238161
2012-06-12,51.6456,212281
2012-06-13,51.4216,371671
2012-06-14,51.6845,390876
2012-06-15,51.6943,391800
2012-06-18,52.5803,405665
2012-06-19,53.6709,732559
2012-06-20,54.0409,449210
2012-06-21,52.298,560947
2012-06-22,52.0643,428156
2012-06-25,51.1879,206632
2012-06-26,51.8111,465539
2012-06-27,52.7556,429081
2012-06-28,52.7264,226248
2012-06-29,54.2064,596790
2012-07-02,54.7128,212692
2012-07-03,54.9854,543591
2012-07-05,55.1996,367666
2012-07-06,54.8783,190919
2012-07-09,54.8004,219367
2012-07-10,54.6154,215773
2012-07-11,55.9396,658512
2012-07-12,56.0078,456399
2012-07-13,56.7283,390568
2012-07-16,56.4362,169866
2012-07-17,57.4489,980374
2012-07-18,57.7897,475501
2012-07-19,57.4684,425281
2012-07-20,57.7897,472831
2012-07-23,57.7215,524283
2012-07-24,57.6436,567931
2012-07-25,57.4781,436475
2012-07-26,57.7313,397038
2012-07-27,58.705,615173
2012-07-30,58.8802,325148
2012-07-31,58.3544,366434
2012-08-01,57.4878,223167
2012-08-02,56.6115,273285
2012-08-03,58.3544,336343
2012-08-06,57.9357,123035
2012-08-07,57.8384,248637
2012-08-08,57.9942,198519
2012-08-09,57.8871,198519
2012-08-10,58.5492,249664
2012-08-13,58.1986,229226
2012-08-14,58.1013,316521
2012-08-15,58.7537,184449
2012-08-16,58.666,641567
2012-08-17,59.6982,362428
2012-08-20,59.5229,211357
2012-08-21,59.2795,309846
2012-08-22,59.5326,313646
2012-08-23,58.4713,459377
2012-08-24,57.8578,490084
2012-08-27,58.2571,343634
2012-08-28,58.4129,335829
2012-08-29,59.6884,617432
2012-08-30,59.5716,394984
2012-08-31,60.0195,641156
2012-09-04,59.4645,476117
2012-09-05,59.9026,310873
2012-09-06,60.7498,419119
2012-09-07,61.0029,434729
2012-09-10,60.6816,145834
2012-09-11,60.6329,224605
2012-09-12,60.555,340040
2012-09-13,60.6913,528494
2012-09-14,60.7595,247815
2012-09-17,63.0867,1440470
2012-09-18,62.3661,744370
2012-09-19,62.5609,1211860
2012-09-20,63.3788,898728
2012-09-21,61.9085,2022676
2012-09-24,60.964,431135
2012-09-25,59.8734,368385
2012-09-26,59.6884,362428
2012-09-27,60.185,382147
2012-09-28,60.0195,470366
2012-10-01,60.4187,385536
2012-10-02,59.5326,379990
2012-10-03,58.7244,402584
2012-10-04,58.8802,189584
2012-10-05,58.5589,221832
2012-10-08,58.2181,453112
2012-10-09,58.2473,396422
2012-10-10,58.0331,257263
2012-10-11,57.9357,240113
2012-10-12,57.6923,170585
2012-10-15,57.8384,175309
2012-10-16,57.9844,186914
2012-10-17,57.8676,422200
2012-10-18,57.4391,255518
2012-10-19,56.7089,277495
2012-10-22,56.6602,259728
2012-10-23,55.9396,212178
2012-10-24,55.7157,159904
2012-10-25,56.3291,340553
2012-10-26,56.4752,218648
2012-10-31,56.3291,335726
2012-11-01,56.3486,195643
2012-11-02,56.2415,337780
2012-11-05,56.592,145731
2012-11-06,56.631,234156
2012-11-07,56.592,395190
2012-11-08,56.3875,298754
2012-11-09,56.1344,185271
2012-11-12,55.9786,280885
2012-11-13,56.1052,215465
2012-11-14,55.9104,246069
2012-11-15,55.852,293209
2012-11-16,56.5044,328640
2012-11-19,57.6047,348153
2012-11-20,58.0818,266917
2012-11-21,55.1996,1935073
2012-11-23,54.888,320321
2012-11-26,54.372,386974
2012-11-27,54.3233,399298
2012-11-28,54.2454,406897
2012-11-29,54.4206,278831
2012-11-30,55.112,593093
2012-12-03,54.5764,407411
2012-12-04,54.0993,303787
2012-12-05,54.9075,583336
2012-12-06,54.2941,278728
2012-12-07,53.8948,188352
2012-12-10,53.6514,432059
2012-12-11,54.8783,645572
2012-12-12,56.3096,487722
2012-12-13,55.8423,316419
2012-12-14,55.9591,274106
2012-12-17,56.1052,311592
2012-12-18,55.7546,414292
2012-12-19,55.7644,325559
2012-12-20,56.2025,249150
2012-12-21,56.0565,392006
2012-12-24,56.222,109478
2012-12-26,55.9202,185271
2012-12-27,55.5988,500457
2012-12-28,55.4333,521100
2012-12-31,56.1246,284684
2013-01-02,56.9523,515143
2013-01-03,56.5531,579639
2013-01-04,56.5044,657075
2013-01-07,56.0954,633967
2013-01-08,56.1441,553245
2013-01-09,56.5336,347126
2013-01-10,56.9815,266507
2013-01-11,57.2152,475912
2013-01-14,56.6602,524078
2013-01-15,55.6767,736051
2013-01-16,55.482,541743
2013-01-17,56.0175,216492
2013-01-18,57.0204,360682
2013-01-22,56.7673,528700
2013-01-23,56.4265,386049
2013-01-24,56.1636,455269
2013-01-25,55.6378,835773
2013-01-28,55.0341,538456
2013-01-29,55.2483,401454
2013-01-30,55.258,227789
2013-01-31,55.3457,279755
2013-02-01,54.9659,398476
2013-02-04,54.7322,311797
2013-02-05,54.9464,339321
2013-02-06,55.0536,325867
2013-02-07,56.2512,369001
2013-02-08,56.3096,480533
2013-02-11,56.0954,264144
2013-02-12,55.6183,185990
2013-02-13,56.1052,328229
2013-02-14,55.3554,351542
2013-02-15,55.1412,327818
2013-02-19,55.0828,371466
2013-02-20,53.593,579433
2013-02-21,52.9017,327202
2013-02-22,53.3398,270923
2013-02-25,52.8043,404433
2013-02-26,53.5054,365715
2013-02-27,53.554,560023
2013-02-28,53.963,714587
2013-03-01,53.9435,220600
2013-03-04,53.4469,252437
2013-03-05,54.2941,336343
2013-03-06,52.7751,1020427
2013-03-07,53.5054,517711
2013-03-08,53.8267,345688
2013-03-11,54.7614,557250
2013-03-12,55.1704,335932
2013-03-13,55.1801,493884
2013-03-14,55.2093,445102
2013-03-15,54.6641,847275
2013-03-18,53.7001,406692
2013-03-19,53.4177,371466
2013-03-20,53.3885,346715
2013-03-21,53.3009,398989
2013-03-22,53.9338,661388
2013-03-25,54.0409,579742
2013-03-26,53.8948,416140
2013-03-27,53.8559,391800
2013-03-28,53.9922,272566
2013-04-01,53.4956,321862
2013-04-02,53.1451,238264
2013-04-03,52.668,282939
2013-04-04,52.4732,231486
2013-04-05,51.7819,427437
2013-04-08,52.0253,199957
2013-04-09,52.5024,210021
2013-04-10,50.8277,611579
2013-04-11,50.594,413984
2013-04-12,50.5453,917214
2013-04-15,48.851,444794
2013-04-16,48.9679,356266
2013-04-17,48.0234,1177969
2013-04-18,48.3739,562899
2013-04-19,48.4615,592066
2013-04-22,48.0915,879215
2013-04-23,48.0623,730094
2013-04-24,48.4226,725781
2013-04-25,48.6465,1173553
2013-04-26,48.1402,673712
2013-04-29,47.9552,494398
2013-04-30,48.1889,566699
2013-05-01,47.4002,541229
2013-05-02,47.6144,1025870
2013-05-03,48.0623,510111
2013-05-06,48.0818,413984
2013-05-07,48.0526,317754
2013-05-08,48.7147,391184
2013-05-09,48.4518,382968
2013-05-10,47.9942,342299
2013-05-13,47.0204,512576
2013-05-14,47.0204,363558
2013-05-15,46.7381,616714
2013-05-16,46.7381,416448
2013-05-17,46.8647,583336
2013-05-20,46.9718,341272
2013-05-21,46.816,440275
2013-05-22,46.6991,505079
2013-05-23,46.6212,408746
2013-05-24,46.4167,513500
2013-05-28,46.1831,456193
2013-05-29,45.7644,720749
2013-05-30,45.2872,629756
2013-05-31,45.2093,693533
2013-06-03,45.1217,482690
2013-06-04,45.1801,360169
2013-06-05,44.4012,308100
2013-06-06,44.187,502306
2013-06-07,43.1159,932311
2013-06-10,42.5998,725165
2013-06-11,42.1227,519046
2013-06-12,41.8695,496760
2013-06-13,43.2035,541332
2013-06-14,42.668,299371
2013-06-17,41.6066,1054524
2013-06-18,41.3437,574915
2013-06-19,40.9834,564850
2013-06-20,38.8997,1197482
2013-06-21,38.8997,1757916
2013-06-24,38.0818,602336
2013-06-25,38.0136,1499625
2013-06-26,38.4323,435243
2013-06-27,38.9971,888560
2013-06-28,39.3379,2072281
2013-07-01,39.2405,832178
2013-07-02,38.8121,1107620
2013-07-03,39.0166,555196
2013-07-05,38.7829,545851
2013-07-08,39.3671,899447
2013-07-09,38.8997,856826
2013-07-10,37.8189,669912
2013-07-11,37.8773,974212
2013-07-12,37.3612,473036
2013-07-15,37.5852,249766
2013-07-16,37.5268,247199
2013-07-17,37.1957,972569
2013-07-18,37.2834,471701
2013-07-19,37.1957,371055
2013-07-22,37.4878,460199
2013-07-23,37.3905,602336
2013-07-24,37.1665,496554
2013-07-25,36.6212,770353
2013-07-26,36.3875,836491
2013-07-29,36.1344,892874
2013-07-30,29.9513,6343368
2013-07-31,28.1986,4154934
2013-08-01,28.5979,2368057
2013-08-02,28.0623,1864108
2013-08-05,27.702,1267318
2013-08-06,27.6339,2760679
2013-08-07,27.1762,924711
2013-08-08,27.7313,911052
2013-08-09,28.15,1907344
2013-08-12,28.2376,1233427
2013-08-13,27.5657,898214
2013-08-14,27.5268,930565
2013-08-15,27.3612,487722
2013-08-16,26.7283,797979
2013-08-19,26.3389,752072
2013-08-20,26.222,1087182
2013-08-21,24.8393,1691982
2013-08-22,25.1022,1273994
2013-08-23,25.2483,897187
2013-08-26,25.3554,1413255
2013-08-27,24.6738,1271426
2013-08-28,24.3233,905198
2013-08-29,24.8296,847994
2013-08-30,25.2288,1705231
2013-09-03,25.6183,1742922
2013-09-04,26.2512,1014573
2013-09-05,27.9357,1840897
2013-09-06,27.926,1033265
2013-09-09,30.4771,1576137
2013-09-10,30.8763,3553728
2013-09-11,31.2366,1434616
2013-09-12,30.1168,841626
2013-09-13,30.6719,1284674
2013-09-16,30.8471,717668
2013-09-17,30.4284,489879
2013-09-18,31.3437,671453
2013-09-19,31.0613,684496
2013-09-20,30.8277,606341
2013-09-23,31.0613,705652
2013-09-24,30.7595,818519
2013-09-25,30.4382,929435
2013-09-26,30.4382,712533
2013-09-27,30.1947,511343
2013-09-30,29.7468,748683
2013-10-01,29.7176,653275
2013-10-02,29.6203,1178072
2013-10-03,29.6008,1044048
2013-10-04,29.2892,451777
2013-10-07,28.6368,719311
2013-10-08,28.1402,444588
2013-10-09,27.6047,661696
2013-10-10,27.556,558996
2013-10-11,27.0691,850253
2013-10-14,27.0302,516273
2013-10-15,26.6504,762445
2013-10-16,26.962,813487
2013-10-17,26.7381,738002
2013-10-18,26.407,880961
2013-10-21,26.5239,778569
2013-10-22,27.0302,720440
2013-10-23,27.186,494603
2013-10-24,27.1665,797774
2013-10-25,27.1178,428156
2013-10-28,28.1986,714176
2013-10-29,27.5268,356780
2013-10-30,27.6144,249458
2013-10-31,26.8841,345277
2013-11-01,26.5628,803422
2013-11-04,27.9942,822832
2013-11-05,27.4099,389644
2013-11-06,27.2639,390876
2013-11-07,26.9815,468928
2013-11-08,26.7673,363558
2013-11-11,26.6018,454447
2013-11-12,26.407,362120
2013-11-13,26.2707,574196
2013-11-14,26.1831,563310
2013-11-15,26.5725,1785439
2013-11-18,26.8549,1245340
2013-11-19,27.4684,911257
2013-11-20,25.1412,2154030
2013-11-21,24.5862,1938668
2013-11-22,24.1285,1382137
2013-11-25,23.7098,650810
2013-11-26,23.9533,1195942
2013-11-27,24.3135,410492
2013-11-29,24.3525,284787
2013-12-02,24.2551,358115
2013-12-03,24.2259,583644
2013-12-04,23.9825,634070
2013-12-05,23.1159,1127030
2013-12-06,23.6125,865042
2013-12-09,23.1256,1356359
2013-12-10,23.1256,826427
2013-12-11,22.5219,684290
2013-12-12,22.2201,660772
2013-12-13,22.5511,687987
2013-12-16,22.8822,1194812
2013-12-17,23.2717,723521
2013-12-18,22.7361,554991
2013-12-19,22.7848,769531
2013-12-20,23.5151,1062123
2013-12-23,24.4109,865247
2013-12-24,24.927,437194
2013-12-26,24.8491,478787
2013-12-27,24.9854,295160
2013-12-30,24.8199,684187
2013-12-31,25.1996,331413
2014-01-02,24.6933,569061
2014-01-03,24.5667,268971
2014-01-06,24.6738,331516
2014-01-07,24.518,410903
2014-01-08,25.073,682750
2014-01-09,24.703,556326
2014-01-10,25.0925,520894
2014-01-13,25.112,579228
2014-01-14,25.7936,1086977
2014-01-15,27.7118,1710468
2014-01-16,27.4002,1057707
2014-01-17,27.7605,753099
2014-01-21,26.8257,1212476
2014-01-22,27.0594,812768
2014-01-23,26.5823,616919
2014-01-24,25.7059,1014573
2014-01-27,25.5209,790174
2014-01-28,25.4625,480020
2014-01-29,24.9075,647318
2014-01-30,24.703,671658
2014-01-31,24.2551,685112
2014-02-03,23.8754,1031416
2014-02-04,24.0604,567007
2014-02-05,24.8296,698976
2014-02-06,25.0438,713046
2014-02-07,25.2386,802190
2014-02-10,25.9883,1176839
2014-02-11,25.852,1206314
2014-02-12,25.9981,376909
2014-02-13,26.2902,485771
2014-02-14,26.3194,647626
2014-02-18,26.4849,567726
2014-02-19,26.1441,618768
2014-02-20,26.2123,464204
2014-02-21,26.2512,375471
2014-02-24,26.1149,464101
2014-02-25,25.9396,430929
2014-02-26,27.9844,3005413
2014-02-27,29.6495,4430581
2014-02-28,29.9903,2597488
2014-03-03,29.63,1434103
2014-03-04,30.7108,1743230
2014-03-05,32.1324,3501967
2014-03-06,32.2298,1581169
2014-03-07,31.6261,1213606
2014-03-10,31.149,762650
2014-03-11,30.7887,1019811
2014-03-12,30.0195,1566791
2014-03-13,29.6397,1055551
2014-03-14,29.591,1266599
2014-03-17,30.1461,785963
2014-03-18,29.8832,1005946
2014-03-19,29.2113,1044664
2014-03-20,29.3768,1137608
2014-03-21,29.3281,1057707
2014-03-24,29.1139,554067
2014-03-25,29.4742,735948
2014-03-26,29.1334,964764
2014-03-27,29.9221,782369
2014-03-28,30.1168,683777
2014-03-31,30.9056,1198406
2014-04-01,30.594,822011
2014-04-02,30.0292,1437286
2014-04-03,30.1558,571936
2014-04-04,29.7663,584979
2014-04-07,29.1042,727835
2014-04-08,29.6008,1098993
2014-04-09,30.2045,1557651
2014-04-10,29.8929,1326473
2014-04-11,30.5063,1013546
2014-04-14,30.37,409670
2014-04-15,30.2142,1072496
2014-04-16,30.8958,604390
2014-04-17,31.4703,485874
2014-04-21,31.6748,684804
2014-04-22,31.2756,606033
2014-04-23,30.9542,377525
2014-04-24,30.9445,457528
2014-04-25,30.6719,301527
2014-04-28,30.1071,876442
2014-04-29,30.185,342505
2014-04-30,31.0613,477247
2014-05-01,31.0321,240215
2014-05-02,30.7303,292592
2014-05-05,29.6592,687166
2014-05-06,29.0847,491317
2014-05-07,30.0195,467593
2014-05-08,29.7371,300808
2014-05-09,29.3281,284787
2014-05-12,29.7274,278214
2014-05-13,29.7955,331208
2014-05-14,28.1694,1833708
2014-05-15,26.8062,2176727
2014-05-16,27.7799,1086361
2014-05-19,28.3739,519251
2014-05-20,27.9065,462972
2014-05-21,28.481,436167
2014-05-22,28.7634,588060
2014-05-23,29.0847,293311
2014-05-27,29.5326,413367
2014-05-28,29.8345,396833
2014-05-29,29.9611,383893
2014-05-30,29.445,349180
2014-06-02,29.445,242475
2014-06-03,29.5229,221935
2014-06-04,29.9513,363250
2014-06-05,29.7079,224399
2014-06-06,29.591,171714
2014-06-09,29.9708,203551
2014-06-10,30.2629,347023
2014-06-11,30.1558,271025
2014-06-12,29.6592,266198
2014-06-13,29.4839,225529
2014-06-16,29.3866,329154
2014-06-17,29.2989,329051
2014-06-18,30.0195,322067
2014-06-19,30.5258,515759
2014-06-20,30.3311,442740
2014-06-23,29.7079,283247
2014-06-24,29.3087,408130
2014-06-25,29.2989,561769
2014-06-26,29.0555,508981
2014-06-27,28.4323,453010
2014-06-30,28.5394,454242
2014-07-01,28.7829,310462
2014-07-02,29.2989,430518
2014-07-03,29.4937,89246
2014-07-07,28.8997,398065
2014-07-08,29.2016,759261
2014-07-09,28.2571,299576
2014-07-10,27.5463,612297
2014-07-11,27.5852,212794
2014-07-14,27.6923,332337
2014-07-15,28.7147,750429
2014-07-16,29.2405,401043
2014-07-17,28.6563,371055
2014-07-18,27.3223,593298
2014-07-21,27.6047,625340
2014-07-22,27.9163,694765
2014-07-23,27.7507,365201
2014-07-24,28.0721,383893
2014-07-25,28.0234,149223
2014-07-28,28.3934,253155
2014-07-29,28.0331,221216
2014-07-30,27.1665,301630
2014-07-31,27.001,378141
2014-08-01,26.7965,325046
2014-08-04,26.9912,236929
2014-08-05,26.9912,345585
2014-08-06,27.0594,161855
2014-08-07,26.6212,164423
2014-08-08,27.0302,127759
2014-08-11,27.8676,356882
2014-08-12,27.926,275441
2014-08-13,27.9844,326689
2014-08-14,27.0399,917933
2014-08-15,26.8841,883323
2014-08-18,27.1957,289306
2014-08-19,27.2639,302349
2014-08-20,27.6144,329975
2014-08-21,27.6436,219264
2014-08-22,27.2833,124575
2014-08-25,27.2833,141315
2014-08-26,27.4002,251820
2014-08-27,26.9815,411313
2014-08-28,26.4849,810611
2014-08-29,26.6602,657280
2014-09-02,26.9815,416551
2014-09-03,27.0399,436680
2014-09-04,27.1762,485566
2014-09-05,27.1762,348358
2014-09-08,27.1762,399195
2014-09-09,26.4265,453010
2014-09-10,26.6212,267636
2014-09-11,26.2512,483306
2014-09-12,26.6115,304095
2014-09-15,26.407,285403
2014-09-16,26.5531,359347
2014-09-17,26.4167,646702
2014-09-18,26.6699,247404
2014-09-19,26.6699,292079
2014-09-22,26.6504,337472
2014-09-23,26.2902,243810
2014-09-24,25.8228,382044
2014-09-25,25.7157,290025
2014-09-26,25.8325,212589
2014-09-29,25.3457,454037
2014-09-30,25.4528,431853
2014-10-01,24.6056,338191
2014-10-02,24.703,447669
2014-10-03,24.1577,262604
2014-10-06,23.9922,534759
2014-10-07,23.5638,412443
2014-10-08,24.0701,538970
2014-10-09,24.0214,469955
2014-10-10,22.9406,427232
2014-10-13,22.0837,407924
2014-10-14,22.2201,311386
2014-10-15,22.0058,571936
2014-10-16,22.668,539483
2014-10-17,22.2687,309846
2014-10-20,22.444,225735
2014-10-21,22.7167,304608
2014-10-22,22.1324,265480
2014-10-23,22.5316,352364
2014-10-24,22.999,205195
2014-10-27,22.2006,349385
2014-10-28,22.4635,169969
2014-10-29,22.483,244015
2014-10-30,22.7361,287971
2014-10-31,23.1061,179930
2014-11-03,23.2522,344250
2014-11-04,22.6777,160417
2014-11-05,22.9211,127451
2014-11-06,23.0088,144910
2014-11-07,23.2327,206940
2014-11-10,22.9211,175309
2014-11-11,23.0964,166169
2014-11-12,23.3398,175412
2014-11-13,23.7877,531164
2014-11-14,24.0701,343326
2014-11-17,23.778,196054
2014-11-18,24.4888,491111
2014-11-19,26.1052,734921
2014-11-20,26.9328,580666
2014-11-21,27.2152,781650
2014-11-24,26.1636,571628
2014-11-25,25.6183,486079
2014-11-26,25.3165,595865
2014-11-28,24.5375,465539
2014-12-01,24.2454,464409
2014-12-02,23.9046,596584
2014-12-03,24.0409,567520
2014-12-04,23.5151,346818
2014-12-05,23.8754,280474
2014-12-08,23.1646,358834
2014-12-09,23.1548,595865
2014-12-10,22.0058,706576
2014-12-11,22.2201,448285
2014-12-12,21.665,266198
2014-12-15,21.3242,826838
2014-12-16,20.9737,752277
2014-12-17,22.2882,567623
2014-12-18,22.9601,428567
2014-12-19,23.0867,892258
2014-12-22,22.8627,258188
2014-12-23,23.0769,272052
2014-12-24,23.1353,98387
2014-12-26,23.2425,95716
2014-12-29,23.2619,479404
2014-12-30,23.4177,256545
2014-12-31,23.2522,198416
2015-01-02,23.7683,321246
2015-01-05,23.2425,237956
2015-01-06,22.9114,305430
2015-01-07,22.9017,195233
2015-01-08,22.8335,400633
2015-01-09,23.3009,229226
2015-01-12,22.9114,447258
2015-01-13,22.7653,394881
2015-01-14,22.2493,801573
2015-01-15,22.1227,427335
2015-01-16,22.2882,330694
2015-01-20,22.3856,648859
2015-01-21,23.3106,345791
2015-01-22,23.8559,218751
2015-01-23,23.7683,267225
2015-01-26,24.1675,213411
2015-01-27,24.4985,313030
2015-01-28,23.8462,541229
2015-01-29,23.5346,542461
2015-01-30,23.2327,706062
2015-02-02,23.4372,791509
2015-02-03,23.8364,505900
2015-02-04,23.3593,497890
2015-02-05,23.8462,602952
2015-02-06,23.7098,258907
2015-02-09,23.9825,624313
2015-02-10,23.8754,356882
2015-02-11,23.8754,287355
2015-02-12,24.2551,379168
2015-02-13,24.9464,456604
2015-02-17,25.3262,384714
2015-02-18,25.2775,247712
2015-02-19,25.5988,232821
2015-02-20,25.297,143985
2015-02-23,25.0925,285095
2015-02-24,25.1315,165655
2015-02-25,25.482,181882
2015-02-26,25.1607,212178
2015-02-27,25.0243,152201
2015-03-02,24.9659,236723
2015-03-03,24.9562,178287
2015-03-04,25.0146,309435
2015-03-05,24.742,364380
2015-03-06,23.9825,512370
2015-03-09,23.554,405562
2015-03-10,23.2522,550780
2015-03-11,22.7459,481868
2015-03-12,22.4732,637972
2015-03-13,21.8306,646907
2015-03-16,21.9182,992801
2015-03-17,21.519,631605
2015-03-18,18.1597,11700816
2015-03-19,17.4002,1717555
2015-03-20,18.3642,2950263
2015-03-23,18.7926,1546765
2015-03-24,19.26,1492847
2015-03-25,18.7244,634583
2015-03-26,18.1792,628319
2015-03-27,17.4781,821395
2015-03-30,17.7605,942478
2015-03-31,17.7702,521100
2015-04-01,17.9455,879523
2015-04-02,18.3252,886096
2015-04-06,18.3934,644134
2015-04-07,18.5005,262501
2015-04-08,18.6952,780109
2015-04-09,18.6465,604081
2015-04-10,18.5102,488236
2015-04-13,19.3379,873772
2015-04-14,18.6952,923581
2015-04-15,19.6689,815746
2015-04-16,20.5842,1342905
2015-04-17,20.0195,728965
2015-04-20,19.1529,926559
2015-04-21,19.2308,697025
2015-04-22,19.3768,730608
2015-04-23,21.1685,4677780
2015-04-24,21.3632,774050
2015-04-27,21.0224,879009
2015-04-28,21.0613,671453
2015-04-29,21.2366,406487
2015-04-30,21.2658,729889
2015-05-01,21.9085,451983
2015-05-04,21.1392,880242
2015-05-05,21.0808,255209
2015-05-06,21.0321,297111
2015-05-07,20.8179,482382
2015-05-08,20.8861,354110
2015-05-11,20.8277,260036
2015-05-12,20.7108,189790
2015-05-13,20.8374,252950
2015-05-14,20.779,293209
2015-05-15,20.925,214027
2015-05-18,20.6232,396422
2015-05-19,20.74,433497
2015-05-20,19.9318,1120252
2015-05-21,19.9805,402481
2015-05-22,19.9708,375882
2015-05-26,19.5813,373314
2015-05-27,19.4255,300500
2015-05-28,18.9873,300706
2015-05-29,19.0166,548726
2015-06-01,18.481,462150
2015-06-02,18.5686,340964
2015-06-03,18.7537,327305
2015-06-04,18.52,491009
2015-06-05,18.5686,440069
2015-06-08,18.5005,388001
2015-06-09,18.481,227789
2015-06-10,18.6465,231383
2015-06-11,18.5492,765628
2015-06-12,18.5102,612708
2015-06-15,18.4129,177671
2015-06-16,18.5005,156104
2015-06-17,18.3934,849432
2015-06-18,15.9591,3191300
2015-06-19,15.9981,970515
2015-06-22,16.3681,897598
2015-06-23,16.261,821086
2015-06-24,15.852,759569
2015-06-25,16.1344,931900
2015-06-26,15.9299,783190
2015-06-29,15.1412,540099
2015-06-30,15.5988,922657
2015-07-01,15.3165,406178
2015-07-02,15.7157,671966
2015-07-06,14.888,393136
2015-07-07,14.187,633556
2015-07-08,13.8267,766964
2015-07-09,13.6806,897495
2015-07-10,13.9727,477350
2015-07-13,13.9727,566082
2015-07-14,14.0506,578406
2015-07-15,13.9143,392519
2015-07-16,13.9825,347126
2015-07-17,13.9143,536094
2015-07-20,13.6611,445307
2015-07-21,13.7585,354623
2015-07-22,13.1646,551602
2015-07-23,13.1159,446745
2015-07-24,12.7167,617741
2015-07-27,12.6777,720646
2015-07-28,13.0574,1191936
2015-07-29,13.0282,904068
2015-07-30,12.9893,853026
2015-07-31,13.1548,552834
2015-08-03,13.223,490598
2015-08-04,13.3106,412032
2015-08-05,13.4664,882296
2015-08-06,13.4372,373314
2015-08-07,13.3398,1033778
2015-08-10,14.1577,410595
2015-08-11,13.6611,465847
2015-08-12,13.7488,172433
2015-08-13,13.5833,845529
2015-08-14,13.6319,366844
2015-08-17,13.8267,266917
2015-08-18,13.8559,343942
2015-08-19,13.7975,514835
2015-08-20,13.7098,568650
2015-08-21,13.6417,803114
2015-08-24,13.593,2433168
2015-08-25,13.8754,634173
2015-08-26,14.4206,899652
2015-08-27,15.0438,837210
2015-08-28,15.0828,420865
2015-08-31,15.2678,1304393
2015-09-01,15.0146,649988
2015-09-02,15.1509,552013
2015-09-03,15.8715,785963
2015-09-04,16.1052,940424
2015-09-08,16.0662,549240
2015-09-09,16.2902,638897
2015-09-10,16.3389,768709
2015-09-11,16.2123,439761
2015-09-14,16.2804,451880
2015-09-15,16.3778,370131
2015-09-16,16.9523,858675
2015-09-17,16.8549,393238
2015-09-18,15.9688,475809
2015-09-21,15.7254,633043
2015-09-22,15.297,513397
2015-09-23,14.8491,542153
2015-09-24,15.2483,689733
2015-09-25,15.1899,490598
2015-09-28,14.2162,699182
2015-09-29,14.1577,965996
2015-09-30,14.1577,793152
2015-10-01,14.5862,610860
2015-10-02,15.3944,413265
2015-10-05,16.0078,632427
2015-10-06,16.1928,485668
2015-10-07,16.2123,649783
2015-10-08,16.5531,1075680
2015-10-09,17.0886,537532
2015-10-12,16.9328,385638
2015-10-13,16.5725,541126
2015-10-14,17.1568,668782
2015-10-15,17.1178,412238
2015-10-16,16.4752,532705
2015-10-19,16.4167,439145
2015-10-20,16.5531,555196
2015-10-21,16.446,503025
2015-10-22,17.4586,1753705
2015-10-23,18.3739,522127
2015-10-26,19.1237,1019297
2015-10-27,18.6368,820778
2015-10-28,18.7439,675971
2015-10-29,18.5005,689117
2015-10-30,18.8705,583131
2015-11-02,19.0555,940937
2015-11-03,18.6368,595557
2015-11-04,18.666,438324
2015-11-05,18.7926,386974
2015-11-06,18.7731,260755
2015-11-09,18.4518,387487
2015-11-10,18.3057,286225
2015-11-11,18.1792,362326
2015-11-12,18.1986,707911
2015-11-13,19.2113,1073934
2015-11-16,19.0652,677307
2015-11-17,18.0039,1372996
2015-11-18,17.3612,815951
2015-11-19,17.4976,491009
2015-11-20,17.3905,307689
2015-11-23,17.3515,445307
2015-11-24,17.2249,376395
2015-11-25,17.1957,349899
2015-11-27,16.9133,317240
2015-11-30,16.3486,730916
2015-12-01,15.667,586417
2015-12-02,15.4722,531370
2015-12-03,16.0175,423946
2015-12-04,16.1538,496246
2015-12-07,15.4236,204476
2015-12-08,15.112,280474
2015-12-09,15.4138,204168
2015-12-10,14.9854,457631
2015-12-11,14.7225,224502
2015-12-14,14.4304,255107
2015-12-15,14.7517,236929
2015-12-16,16.037,443459
2015-12-17,15.4625,678231
2015-12-18,16.6894,1672983
2015-12-21,17.0107,467490
2015-12-22,17.4781,708527
2015-12-23,18.3447,601925
2015-12-24,18.3447,207659
2015-12-28,18.6076,538867
2015-12-29,18.5297,1537316
2015-12-30,18.6855,492755
2015-12-31,18.5102,485257
2016-01-04,18.2473,615687
2016-01-05,17.8286,503333
2016-01-06,17.4781,443869
2016-01-07,16.6504,584774
2016-01-08,16.2415,307484
2016-01-11,15.5891,383379
2016-01-12,16.0175,644751
2016-01-13,15.9299,274414
2016-01-14,15.9494,535786
2016-01-15,15.9981,508673
2016-01-19,16.0857,579125
2016-01-20,15.8423,491830
2016-01-21,15.0438,1058632
2016-01-22,15.9786,782882
2016-01-25,14.8296,403406
2016-01-26,14.7809,542667
2016-01-27,14.8199,236723
2016-01-28,15.1509,311386
2016-01-29,15.8033,267328
2016-02-01,15.7838,257263
2016-02-02,14.9172,397449
2016-02-03,15.5696,392622
2016-02-04,15.8812,784114
2016-02-05,15.5794,304095
2016-02-08,15.2678,368898
2016-02-09,14.888,375266
2016-02-10,14.8978,271333
2016-02-11,14.9659,188352
2016-02-12,15.3359,185887
2016-02-16,15.6865,235799
2016-02-17,16.8257,500354
2016-02-18,16.6504,427437
2016-02-19,16.6991,425178
2016-02-22,17.2639,504154
2016-02-23,16.8744,263528
2016-02-24,17.1568,340040
2016-02-25,17.2833,253053
2016-02-26,17.4781,262193
2016-02-29,17.2249,457426
2016-03-01,18.0428,443972
2016-03-02,17.8578,597919
2016-03-03,17.8189,516581
2016-03-04,18.1013,947613
2016-03-07,18.6952,667447
2016-03-08,17.9844,856621
2016-03-09,18.3739,502306
2016-03-10,19.0458,719927
2016-03-11,19.2795,741494
2016-03-14,19.3866,608087
2016-03-15,19.2795,317857
2016-03-16,19.5229,398168
2016-03-17,20.0,633146
2016-03-18,20.0487,1106593
2016-03-21,20.5648,984688
2016-03-22,20.6426,827454
2016-03-23,20.3992,1026076
2016-03-24,19.9318,367974
2016-03-28,19.9318,307997
2016-03-29,20.224,749813
2016-03-30,20.3213,416962
2016-03-31,20.0097,391287
2016-04-01,19.9805,482793
2016-04-04,19.4742,353288
2016-04-05,19.4645,347537
2016-04-06,19.3574,390979
2016-04-07,19.3087,311078
2016-04-08,19.26,341169
2016-04-11,19.7663,536402
2016-04-12,20.8179,1328733
2016-04-13,20.6329,662107
2016-04-14,20.5453,567007
2016-04-15,20.3895,514116
2016-04-18,21.0127,777439
2016-04-19,22.5901,1068902
2016-04-20,22.7459,816773
2016-04-21,21.8306,829919
2016-04-22,21.1392,1367451
2016-04-25,20.409,1069312
2016-04-26,20.5745,652659
2016-04-27,20.91,588700
2016-04-28,20.74,660900
2016-04-29,20.83,472400
2016-05-02,20.86,367100
2016-05-03,20.81,582300
2016-05-04,20.81,313300
2016-05-05,21.06,643900
2016-05-06,21.2,518800
2016-05-09,20.04,540800
2016-05-10,20.51,540200
2016-05-11,21.31,987400
2016-05-12,21.29,732700
2016-05-13,21.02,616000
2016-05-16,21.36,925000
2016-05-17,21.15,665800
2016-05-18,20.12,624800
2016-05-19,21.09,953700
2016-05-20,22.76,1942800
2016-05-23,22.91,1084400
2016-05-24,22.06,1492500
2016-05-25,22.27,706300
2016-05-26,22.12,582400
2016-05-27,22.05,496600
2016-05-31,21.96,855800
2016-06-01,21.72,1941300
2016-06-02,22.41,894800
2016-06-03,22.79,595600
2016-06-06,24.24,1327400
2016-06-07,24.47,779300
2016-06-08,24.36,765000
2016-06-09,23.88,288000
2016-06-10,23.85,295600
2016-06-13,23.29,709900
2016-06-14,23.57,597500
2016-06-15,23.91,653000
2016-06-16,23.84,377900
2016-06-17,24.0,720600
2016-06-20,23.99,633100
2016-06-21,24.08,685100
2016-06-22,23.88,429000
2016-06-23,24.88,767800
2016-06-24,24.0,656300
2016-06-27,23.19,989500
2016-06-28,24.23,475500
2016-06-29,24.8,706200
2016-06-30,24.72,906300
2016-07-01,25.28,688400
2016-07-05,25.66,1168400
2016-07-06,25.24,656000
2016-07-07,25.48,749500
2016-07-08,25.54,579200
2016-07-11,25.6,450700
2016-07-12,26.2,561900
2016-07-13,25.46,1197000
2016-07-14,25.72,685000
2016-07-15,25.62,402600
2016-07-18,25.25,303900
2016-07-19,24.79,342400
2016-07-20,25.06,345400
2016-07-21,24.74,548900
2016-07-22,24.93,374400
2016-07-25,24.87,282300
2016-07-26,24.69,363700
2016-07-27,24.83,399800
2016-07-28,24.94,711000
2016-07-29,24.78,384200
2016-08-01,24.57,292400
2016-08-02,24.5,542000
2016-08-03,24.44,195800
2016-08-04,24.49,253200
2016-08-05,24.47,497400
2016-08-08,24.53,544300
2016-08-09,24.54,444100
2016-08-10,24.55,704500
2016-08-11,24.6,503100
2016-08-12,24.52,438600
2016-08-15,25.18,418200
2016-08-16,24.89,331800
2016-08-17,24.35,327000
2016-08-18,24.64,521300
2016-08-19,24.82,520300
2016-08-22,25.14,373200
2016-08-23,25.12,331800
2016-08-24,24.93,309700
2016-08-25,26.16,2127600
2016-08-26,26.07,698700
2016-08-29,25.57,448400
2016-08-30,26.23,857400
2016-08-31,25.5,855000
2016-09-01,26.43,754700
2016-09-02,27.74,930000
2016-09-06,27.4,490400
2016-09-07,27.64,597700
2016-09-08,27.4,745800
2016-09-09,26.49,910800
2016-09-12,26.54,312600
2016-09-13,26.13,379400
2016-09-14,25.79,495300
2016-09-15,25.59,441200
2016-09-16,25.25,339300
2016-09-19,25.28,154300
2016-09-20,24.78,388000
2016-09-21,25.67,674800
2016-09-22,25.51,413900
2016-09-23,25.12,310200
2016-09-26,26.0,663600
2016-09-27,26.03,502700
2016-09-28,27.1,608000
2016-09-29,26.38,462400
2016-09-30,26.9,803400
2016-10-03,27.79,712200
2016-10-04,27.4,892400
2016-10-05,27.75,365300
2016-10-06,27.62,184100
2016-10-07,27.33,270200
2016-10-10,27.76,229500
2016-10-11,27.49,197500
2016-10-12,27.38,226200
2016-10-13,26.84,421000
2016-10-14,26.91,204800
2016-10-17,26.76,225100
2016-10-18,27.54,450200
2016-10-19,28.61,902600
2016-10-20,29.1,501900
2016-10-21,29.36,515700
2016-10-24,29.39,331100
2016-10-25,29.43,551700
2016-10-26,29.27,597500
2016-10-27,29.57,489100
2016-10-28,29.7,732400
2016-10-31,29.26,6349000
2016-11-01,29.22,491300
2016-11-02,29.04,584600
2016-11-03,29.16,381300
2016-11-04,28.76,288000
2016-11-07,29.07,322200
2016-11-08,29.15,526600
2016-11-09,28.78,671400
2016-11-10,27.38,1038100
2016-11-11,27.4,993200
2016-11-14,26.51,484000
2016-11-15,27.23,671900
2016-11-16,26.73,434400
2016-11-17,26.85,438500
2016-11-18,27.31,431400
2016-11-21,27.97,478900
2016-11-22,27.85,984900
2016-11-23,27.83,526400
2016-11-25,28.01,582400
2016-11-28,28.01,465000
2016-11-29,27.48,340900
2016-11-30,28.62,992100
2016-12-01,28.06,473800
2016-12-02,28.4,380300
2016-12-05,29.46,433300
2016-12-06,30.48,950700
2016-12-07,31.31,853300
2016-12-08,31.98,841300
2016-12-09,31.69,560000
2016-12-12,30.26,787600
2016-12-13,29.45,836200
2016-12-14,28.47,711300
2016-12-15,27.65,2558000
2016-12-16,27.76,1678000
2016-12-19,28.38,976400
2016-12-20,28.49,850500
2016-12-21,28.33,528100
2016-12-22,28.39,321800
2016-12-23,28.37,358800
2016-12-27,28.44,390100
2016-12-28,28.26,423300
2016-12-29,28.5,245100
2016-12-30,28.65,344000
2017-01-03,28.86,292600
2017-01-04,29.4,653300
2017-01-05,30.01,670400
2017-01-06,29.62,459200
2017-01-09,29.79,398100
2017-01-10,30.39,767400
2017-01-11,30.73,506900
2017-01-12,30.57,617300
2017-01-13,30.87,295100
2017-01-17,30.82,590800
2017-01-18,31.77,1267700
2017-01-19,32.46,792800
2017-01-20,32.4,573400
2017-01-23,32.82,445800
2017-01-24,33.59,627600
2017-01-25,33.67,1005000
2017-01-26,32.99,908800
2017-01-27,32.64,792700
2017-01-30,32.31,474500
2017-01-31,32.32,485200
2017-02-01,32.98,466800
2017-02-02,34.01,667600
2017-02-03,33.15,553900
2017-02-06,33.33,259200
2017-02-07,32.82,392900
2017-02-08,32.94,335300
2017-02-09,32.74,353900
2017-02-10,32.95,372700
2017-02-13,34.05,1009100
2017-02-14,34.51,713600
2017-02-15,33.59,490700
2017-02-16,33.03,660800
2017-02-17,32.0,893000
2017-02-21,32.67,513100
2017-02-22,32.14,693000
2017-02-23,32.15,536500
2017-02-24,31.42,371700
2017-02-27,30.96,545000
2017-02-28,31.5,806400
2017-03-01,31.97,914900
2017-03-02,33.1,1692800
2017-03-03,32.8,964100
2017-03-06,33.07,592800
2017-03-07,33.17,816400
2017-03-08,32.88,753600
2017-03-09,33.27,805700
2017-03-10,32.99,527200
2017-03-13,33.4,532000
2017-03-14,32.89,523000
2017-03-15,33.4,314500
2017-03-16,33.32,449500
2017-03-17,33.8,917900
2017-03-20,33.98,529400
2017-03-21,33.19,733900
2017-03-22,33.7,652000
2017-03-23,33.42,578200
2017-03-24,33.59,259000
2017-03-27,32.96,647900
2017-03-28,33.34,553400
2017-03-29,33.85,422800
2017-03-30,34.27,584600
2017-03-31,34.37,518500
2017-04-03,34.15,429700
2017-04-04,34.2,330000
2017-04-05,34.24,916800
2017-04-06,36.5,1012300
2017-04-07,36.31,765300
2017-04-10,37.06,877300
2017-04-11,36.92,664600
2017-04-12,36.5,1022800
2017-04-13,36.99,521300
2017-04-17,36.2,620900
2017-04-18,36.09,1111800
2017-04-19,35.71,728700
2017-04-20,35.98,556600
2017-04-21,35.62,560400
2017-04-24,36.5,1319000
2017-04-25,36.53,1291600
2017-04-26,36.15,679200
2017-04-27,35.05,1347000
2017-04-28,35.55,743500
2017-05-01,35.13,545900
2017-05-02,35.05,601700
2017-05-03,34.56,1057000
2017-05-04,33.3,874000
2017-05-05,34.35,1252300
2017-05-08,33.94,868900
2017-05-09,33.93,927500
2017-05-10,34.25,631100
2017-05-11,34.47,528000
2017-05-12,34.34,516400
2017-05-15,34.46,934800
2017-05-16,35.2,1135200
2017-05-17,33.97,1079900
2017-05-18,34.55,1081900
2017-05-19,35.81,1344400
2017-05-22,35.31,844600
2017-05-23,35.48,832300
2017-05-24,36.26,1441800
2017-05-25,37.28,1972900
2017-05-26,37.31,1204100
2017-05-30,36.87,1245100
2017-05-31,36.03,1476900
2017-06-01,36.27,997500
2017-06-02,36.15,996600
2017-06-05,36.11,753500
2017-06-06,36.2,1503700
2017-06-07,35.25,1430700
2017-06-08,35.31,944700
2017-06-09,35.43,1000600
2017-06-12,35.21,735000
2017-06-13,36.21,952700
2017-06-14,35.78,1142100
2017-06-15,34.46,1364200
2017-06-16,34.44,780900
2017-06-19,33.94,954600
2017-06-20,33.53,731600
2017-06-21,32.52,1183500
2017-06-22,32.66,997200
2017-06-23,33.32,1146600
2017-06-26,33.46,883400
2017-06-27,33.33,669600
2017-06-28,33.54,551000
2017-06-29,33.23,529300
2017-06-30,33.02,514700
2017-07-03,33.58,309100
2017-07-05,34.56,1321100
2017-07-06,34.21,917100
2017-07-07,35.13,894200
2017-07-10,35.58,858000
2017-07-11,35.36,845300
2017-07-12,36.37,1073900
2017-07-13,36.27,636200
2017-07-14,36.67,525600
2017-07-17,37.1,545300
2017-07-18,37.53,508500
2017-07-19,37.92,388000
2017-07-20,38.38,581100
2017-07-21,38.63,526700
2017-07-24,38.41,806000
2017-07-25,39.04,460100
2017-07-26,39.43,622700
2017-07-27,39.97,839600
2017-07-28,40.81,785100
2017-07-31,41.11,756100
2017-08-01,41.09,683800
2017-08-02,41.37,795300
2017-08-03,42.01,1023200
2017-08-04,42.89,821500
2017-08-07,42.79,841000
2017-08-08,42.27,1090200
2017-08-09,42.21,579000
2017-08-10,41.14,711600
2017-08-11,41.09,582500
2017-08-14,41.8,492900
2017-08-15,42.1,429800
2017-08-16,43.27,785300
2017-08-17,42.98,547100
2017-08-18,42.91,376300
2017-08-21,43.72,666400
2017-08-22,44.3,688500
2017-08-23,44.39,494800
2017-08-24,46.06,1854100
2017-08-25,47.71,1245000
2017-08-28,47.2,754100
2017-08-29,47.0,717200
2017-08-30,46.15,801200
2017-08-31,46.93,1322100
2017-09-01,48.04,1176200
2017-09-05,48.0,851400
2017-09-06,48.7,775600
2017-09-07,49.6,1154600
2017-09-08,48.44,969700
2017-09-11,51.81,1401900
2017-09-12,52.2,1967300
2017-09-13,54.32,2174600
2017-09-14,55.36,1824500
2017-09-15,58.06,2406300
2017-09-18,58.97,2353500
2017-09-19,61.95,2547500
2017-09-20,57.43,5380400
2017-09-21,58.7,1673700
2017-09-22,56.48,2616500
2017-09-25,52.97,3233100
2017-09-26,52.66,1871600
2017-09-27,55.17,1438400
2017-09-28,55.29,1469200
2017-09-29,55.66,1344800
2017-10-02,55.8,1444800
2017-10-03,57.5,1737800
2017-10-04,59.44,1854500
2017-10-05,59.18,1701900
2017-10-06,58.94,1548900
2017-10-09,58.54,596400
2017-10-10,58.84,672500
2017-10-11,57.81,1550900
2017-10-12,57.99,712300
2017-10-13,59.9,1195200
2017-10-16,61.45,1944500
2017-10-17,59.96,1936700
2017-10-18,60.6,874800
2017-10-19,59.29,1145300
2017-10-20,59.3,633700
2017-10-23,59.4,545000
2017-10-24,60.99,2120400
2017-10-25,59.84,1712600
2017-10-26,60.11,1228700
2017-10-27,59.7,556400
2017-10-30,59.79,860600
2017-10-31,59.74,2050900
2017-11-01,61.28,1570200
2017-11-02,58.05,2831100
2017-11-03,58.85,1366600
2017-11-06,58.94,904800
2017-11-07,59.83,959100
2017-11-08,59.82,916100
2017-11-09,57.96,1423100
2017-11-10,57.76,920000
2017-11-13,59.23,818500
2017-11-14,57.93,871100
2017-11-15,56.58,1426800
2017-11-16,57.26,1054500
2017-11-17,59.8,1633300
2017-11-20,54.54,2786200
2017-11-21,57.33,1439600
2017-11-22,56.52,1331800
2017-11-24,56.42,694800
2017-11-27,54.26,1236900
2017-11-28,54.5,1016400
2017-11-29,52.42,1550900
2017-11-30,54.32,1327200
2017-12-01,54.41,764800
2017-12-04,52.57,1173200
2017-12-05,52.16,782500
2017-12-06,50.2,1255300
2017-12-07,51.94,1417600
2017-12-08,50.95,720900
2017-12-11,51.92,1077600
2017-12-12,51.96,910500
2017-12-13,53.7,983800
2017-12-14,52.26,862700
2017-12-15,52.67,1034500
2017-12-18,56.85,3315200
2017-12-19,58.43,2222300
2017-12-20,59.53,1351200
2017-12-21,58.99,1292000
2017-12-22,59.64,535300
2017-12-26,59.12,631500
2017-12-27,58.81,532600
2017-12-28,59.06,634300
2017-12-29,59.37,409300
2018-01-02,61.5,837900
2018-01-03,61.42,706000
2018-01-04,61.72,903300
2018-01-05,63.07,722100
2018-01-08,62.92,1084100
2018-01-09,62.36,785900
2018-01-10,61.81,634300
2018-01-11,63.9,841500
2018-01-12,62.73,784600
2018-01-16,58.59,2316300
2018-01-17,59.55,2813300
2018-01-18,59.02,4226200
2018-01-19,56.93,2533900
2018-01-22,57.84,1422300
2018-01-23,56.36,2232700
2018-01-24,55.47,1783200
2018-01-25,57.0,2289800
2018-01-26,55.9,1395500
2018-01-29,54.98,1626500
2018-01-30,56.0,1342800
2018-01-31,56.38,1288800
2018-02-01,55.77,1240400
2018-02-02,53.06,1644300
2018-02-05,51.15,1700300
2018-02-06,53.56,1853800
2018-02-07,54.84,1678000
2018-02-08,53.57,1417800
2018-02-09,54.16,1103300
2018-02-12,55.09,955000
2018-02-13,54.3,1158900
2018-02-14,55.76,1119100
2018-02-15,55.93,1182400
2018-02-16,54.56,616900
2018-02-20,55.23,776100
2018-02-21,55.18,883400
2018-02-22,56.47,1087600
2018-02-23,58.39,1088400
2018-02-26,53.71,4036900
2018-02-27,52.56,2176100
2018-02-28,49.9,3202400
2018-03-01,46.73,4058300
2018-03-02,47.85,2987400
2018-03-05,46.75,1769500
2018-03-06,48.4,1739100
2018-03-07,49.8,1984000
2018-03-08,50.26,2649100
2018-03-09,51.7,1461500
2018-03-12,51.24,721800
2018-03-13,50.81,982900
2018-03-14,50.66,886600
2018-03-15,48.81,1205600
2018-03-16,48.66,1366400
2018-03-19,47.62,928200
2018-03-20,47.42,923100
2018-03-21,47.7,1611700
2018-03-22,46.82,1447600
2018-03-23,47.43,1652200
2018-03-26,47.8,767700
2018-03-27,47.45,1240200
2018-03-28,46.9,1435100
2018-03-29,49.15,964200
2018-04-02,48.0,713200
2018-04-03,49.09,747400
2018-04-04,50.09,771000
2018-04-05,51.66,1216400
2018-04-06,51.37,1239800
2018-04-09,51.8,988100
2018-04-10,52.75,1017300
2018-04-11,52.79,890100
2018-04-12,53.25,821700
2018-04-13,53.0,843700
2018-04-16,52.46,551600
2018-04-17,53.41,839200
2018-04-18,54.57,838800
2018-04-19,56.51,1650900
2018-04-20,56.59,1211400
2018-04-23,55.95,769400
2018-04-24,56.05,1351400
2018-04-25,54.53,1476300
2018-04-26,55.1,669100
2018-04-27,55.26,369300
2018-04-30,54.89,361000
2018-05-01,55.09,467700
2018-05-02,54.51,1126600
2018-05-03,53.85,573400
2018-05-04,54.15,559800
2018-05-07,53.3,741800
2018-05-08,52.85,763800
2018-05-09,53.51,914600
2018-05-10,56.52,1741000
2018-05-11,57.05,1309300
2018-05-14,56.0,870800
2018-05-15,57.16,2753300
2018-05-16,58.16,1078800
2018-05-17,54.96,3220400
2018-05-18,54.94,1029600
2018-05-21,55.14,717800
2018-05-22,53.87,1210700
2018-05-23,53.5,596900
2018-05-24,50.29,3359700
2018-05-25,51.33,1444000
2018-05-29,50.71,1098100
2018-05-30,51.48,916200
2018-05-31,52.13,824500
2018-06-01,51.45,1689500
2018-06-04,53.35,1349200
2018-06-05,52.44,1586200
2018-06-06,52.24,1221400
2018-06-07,51.67,722500
2018-06-08,51.6,575800
2018-06-11,51.48,457600
2018-06-12,50.6,992600
2018-06-13,50.28,706000
2018-06-14,50.3,614400
2018-06-15,49.95,1009600
2018-06-18,49.57,474300
2018-06-19,48.07,995500
2018-06-20,47.41,1014700
2018-06-21,47.78,832100
2018-06-22,49.18,624200
2018-06-25,48.16,520900
2018-06-26,48.76,407200
2018-06-27,47.57,672300
2018-06-28,47.89,647900
2018-06-29,48.05,720900
2018-07-02,46.98,612300
2018-07-03,47.51,502200
2018-07-05,47.92,879000
2018-07-06,48.47,549300
2018-07-09,48.83,813800
2018-07-10,48.77,329300
2018-07-11,48.16,461500
2018-07-12,48.69,448900
2018-07-13,48.57,430200
2018-07-16,47.8,567200
2018-07-17,48.41,476400
2018-07-18,47.83,648900
2018-07-19,46.99,894200
2018-07-20,47.3,910700
2018-07-23,46.15,1229400
2018-07-24,46.7,991100
2018-07-25,47.23,757000
2018-07-26,46.75,522900
2018-07-27,46.88,972900
2018-07-30,46.62,1165800
2018-07-31,48.27,770600
2018-08-01,47.5,1412800
2018-08-02,48.18,847900
2018-08-03,48.85,567300
2018-08-06,46.87,1250900
2018-08-07,47.25,838600
2018-08-08,48.09,700500
2018-08-09,47.91,1091400
2018-08-10,46.8,1244100
2018-08-13,45.68,930000
2018-08-14,45.14,817200
2018-08-15,43.76,1204000
2018-08-16,44.63,1038200
2018-08-17,44.78,672000
2018-08-20,44.44,754600
2018-08-21,44.82,669600
2018-08-22,45.1,587400
2018-08-23,42.86,2182600
2018-08-24,43.59,789600
2018-08-27,43.18,1901500
2018-08-28,42.54,1518000
2018-08-29,42.77,911900
2018-08-30,41.96,949600
2018-08-31,42.61,1697400
2018-09-04,42.2,1020500
2018-09-05,41.47,824600
2018-09-06,42.18,911400
2018-09-07,43.57,1932200
2018-09-10,43.05,1354300
2018-09-11,43.21,1336300
2018-09-12,44.51,1096500
2018-09-13,45.51,949900
2018-09-14,45.9,772200
2018-09-17,47.05,784900
2018-09-18,46.7,776900
2018-09-19,48.02,743300
2018-09-20,48.4,891700
2018-09-21,48.45,1048800
2018-09-24,47.58,476200
2018-09-25,46.76,777400
2018-09-26,46.74,588500
2018-09-27,46.14,475100
2018-09-28,45.72,504400
2018-10-01,46.25,323800
2018-10-02,46.77,451300
2018-10-03,47.07,513000
2018-10-04,45.94,441700
2018-10-05,45.02,558100
2018-10-08,45.3,417900
2018-10-09,44.72,907500
2018-10-10,42.83,1723900
2018-10-11,42.75,933700
2018-10-12,43.09,798100
2018-10-15,42.92,440000
2018-10-16,43.28,416200
2018-10-17,42.18,399300
2018-10-18,41.21,621800
2018-10-19,41.54,526400
2018-10-22,40.89,910800
2018-10-23,40.77,842200
2018-10-24,40.91,1085300
2018-10-25,41.67,983800
2018-10-26,42.26,854800
2018-10-29,41.11,760900
2018-10-30,42.21,1026100
2018-10-31,43.81,2175100
2018-11-01,47.14,1315200
2018-11-02,47.4,1139900
2018-11-05,46.72,773800
2018-11-06,46.53,691500
2018-11-07,46.28,402000
2018-11-08,45.47,615200
2018-11-09,45.0,505600
2018-11-12,44.03,489300
2018-11-13,43.27,412600
2018-11-14,43.88,356700
2018-11-15,44.87,484800
2018-11-16,44.57,538400
2018-11-19,43.62,454800
2018-11-20,41.9,1683100
2018-11-21,42.95,969600
2018-11-23,42.72,496500
2018-11-26,42.53,407400
2018-11-27,41.79,849800
2018-11-28,43.12,900100
2018-11-29,44.02,543600
2018-11-30,44.0,658900
2018-12-03,46.43,1397100
2018-12-04,45.25,733400
2018-12-06,44.76,757200
2018-12-07,43.96,342000
2018-12-10,43.55,444900
2018-12-11,43.18,576000
2018-12-12,43.51,630600
2018-12-13,43.34,593600
2018-12-14,42.68,457100
2018-12-17,41.28,913200
2018-12-18,40.89,1004900
2018-12-19,40.96,1039400
2018-12-20,38.47,5278900
2018-12-21,38.34,1544600
2018-12-24,36.94,564100
2018-12-26,39.04,501900
2018-12-27,38.92,552700
2018-12-28,38.16,489900
2018-12-31,38.3,426700
2019-01-02,38.52,692800
2019-01-03,37.24,1490100
2019-01-04,39.04,831600
2019-01-07,39.48,602400
2019-01-08,40.9,1123000
2019-01-09,41.25,833700
2019-01-10,42.19,483400
2019-01-11,41.97,508900
2019-01-14,42.71,421600
2019-01-15,42.06,756900
2019-01-16,42.42,501200
2019-01-17,43.16,474700
2019-01-18,42.5,505200
2019-01-22,42.36,663900
2019-01-23,42.35,539600
2019-01-24,42.25,572400
2019-01-25,42.4,541400
2019-01-28,41.9,619600
2019-01-29,42.1,546600
2019-01-30,42.15,529700
2019-01-31,42.66,545600
2019-02-01,42.49,366300
2019-02-04,42.89,300600
2019-02-05,42.73,310400
2019-02-06,42.6,900400
2019-02-07,42.61,675400
2019-02-08,41.55,529600
2019-02-11,40.71,492800
2019-02-12,40.16,2253400
2019-02-13,40.42,778100
2019-02-14,41.03,911500
2019-02-15,41.34,518700
2019-02-19,41.27,655600
2019-02-20,41.95,853200
2019-02-21,43.55,1452300
2019-02-22,44.37,698200
2019-02-25,44.67,956500
2019-02-26,44.16,529800
2019-02-27,45.0,795400
2019-02-28,41.22,3308900
2019-03-01,39.33,2426100
2019-03-04,38.99,1174200
2019-03-05,39.36,877200
2019-03-06,38.53,664800
2019-03-07,37.64,920600
2019-03-08,37.7,880300
2019-03-11,38.68,870300
2019-03-12,39.27,583500
2019-03-13,40.25,1282100
2019-03-14,40.28,1454000
2019-03-15,40.81,1124700
2019-03-18,40.29,733300
2019-03-19,39.68,605300
2019-03-20,38.98,583100
2019-03-21,39.34,289600
2019-03-22,38.16,503800
2019-03-25,38.11,407800
2019-03-26,37.72,676200
2019-03-27,37.43,539900
2019-03-28,37.98,477200
2019-03-29,38.44,691700
2019-04-01,38.74,618600
2019-04-02,38.09,677400
2019-04-03,38.01,815500
2019-04-04,38.61,656400
2019-04-05,38.86,451400
2019-04-08,38.66,531700
2019-04-09,38.51,267100
2019-04-10,38.57,228500
2019-04-11,37.9,631100
2019-04-12,37.77,775800
2019-04-15,37.27,520600
2019-04-16,37.43,244400
2019-04-17,38.58,735700
2019-04-18,38.08,631300
2019-04-22,37.08,669200
2019-04-23,36.49,898600
2019-04-24,35.86,828700
2019-04-25,35.53,1923800
2019-04-26,36.47,1048800
2019-04-29,36.0,927700
2019-04-30,35.64,789200
2019-05-01,35.14,366600
2019-05-02,36.05,936100
2019-05-03,36.29,785900
2019-05-06,36.44,1010800
2019-05-07,35.35,687300
2019-05-08,34.5,1253200
2019-05-09,34.56,1294400
2019-05-10,34.99,660200
2019-05-13,34.32,738000
2019-05-14,34.38,488500
2019-05-15,34.25,462100
2019-05-16,33.69,877600
2019-05-17,32.9,540900
2019-05-20,32.7,501900
2019-05-21,33.17,568400
2019-05-22,32.69,638800
2019-05-23,30.8,1897900
2019-05-24,30.36,1449000
2019-05-28,29.28,1528400
2019-05-29,29.38,1083400
2019-05-30,29.77,635000
2019-05-31,30.33,609900
2019-06-03,31.26,787200
2019-06-04,32.41,644800
2019-06-05,31.69,356000
2019-06-06,31.22,335600
2019-06-07,31.42,345800
2019-06-10,31.86,315200
2019-06-11,32.99,668300
2019-06-12,31.78,527100
2019-06-13,32.27,506100
2019-06-14,31.22,427100
2019-06-17,31.43,322900
2019-06-18,31.37,589600
2019-06-19,31.27,347900
2019-06-20,31.53,506200
2019-06-21,31.26,441200
2019-06-24,30.79,911500
2019-06-25,30.37,942300
2019-06-26,30.93,635100
2019-06-27,31.55,445200
2019-06-28,31.11,810500
2019-07-01,30.55,538600
2019-07-02,29.85,1161200
2019-07-03,29.79,629500
2019-07-05,30.12,808700
2019-07-08,29.12,1098700
2019-07-09,28.79,1245500
2019-07-10,29.01,1100700
2019-07-11,29.55,1111900
2019-07-12,30.14,994300
2019-07-15,30.55,511300
2019-07-16,30.23,516400
2019-07-17,29.82,614500
2019-07-18,30.0,293000
2019-07-19,30.8,1156700
2019-07-22,30.85,520900
2019-07-23,30.79,864500
2019-07-24,30.5,432000
2019-07-25,30.12,505100
2019-07-26,30.25,433200
2019-07-29,29.72,459800
2019-07-30,30.04,737500
2019-07-31,29.49,653000
2019-08-01,27.82,1114400
2019-08-02,27.09,795800
2019-08-05,26.52,777900
2019-08-06,26.21,678000
2019-08-07,26.76,1717500
2019-08-08,28.81,1621500
2019-08-09,28.59,975500
2019-08-12,27.18,1150900
2019-08-13,27.62,553000
2019-08-14,26.34,542200
2019-08-15,26.01,516000
2019-08-16,26.85,538200
2019-08-19,26.57,541300
2019-08-20,26.26,1385600
2019-08-21,25.43,1668200
2019-08-22,23.71,1933700
2019-08-23,22.98,1183000
2019-08-26,23.06,615000
2019-08-27,23.15,754400
2019-08-28,23.38,591000
2019-08-29,23.89,650800
2019-08-30,24.64,635300
2019-09-03,23.8,657600
2019-09-04,23.98,704900
2019-09-05,24.73,605400
2019-09-06,24.83,709500
2019-09-09,25.25,529200
2019-09-10,26.26,958100
2019-09-11,27.48,1253700
2019-09-12,27.73,1040100
2019-09-13,27.61,543600
2019-09-16,28.04,551700
2019-09-17,27.61,740900
2019-09-18,27.64,205500
2019-09-19,27.98,295100
2019-09-20,27.85,482200
2019-09-23,27.9,558800
2019-09-24,27.12,500400
2019-09-25,27.46,445800
2019-09-26,27.91,476800
2019-09-27,27.89,568000
2019-09-30,27.79,568100
2019-10-01,27.55,533800
2019-10-02,27.09,494200
2019-10-03,27.09,265600
2019-10-04,27.0,261100
2019-10-07,26.59,326500
2019-10-08,26.1,662100
2019-10-09,26.17,254400
2019-10-10,27.02,537800
2019-10-11,28.17,706100
2019-10-14,27.58,355000
2019-10-15,27.87,414400
2019-10-16,27.92,454200
2019-10-17,28.46,394500
2019-10-18,28.37,297000
2019-10-21,27.54,1275300
2019-10-22,27.55,945400
2019-10-23,27.57,507400
2019-10-24,27.8,406700
2019-10-25,27.31,994300
2019-10-28,28.19,937300
2019-10-29,27.88,630900
2019-10-30,27.21,936100
2019-10-31,27.18,920000
2019-11-01,28.68,901000
2019-11-04,28.73,1620300
2019-11-05,28.09,1606900
2019-11-06,27.43,793500
2019-11-07,28.1,890100
2019-11-08,26.65,782500
2019-11-11,27.07,1400200
2019-11-12,24.92,2049900
2019-11-13,24.09,2083800
2019-11-14,23.67,1049300
2019-11-15,24.57,875400
2019-11-18,24.04,493100
2019-11-19,23.75,676800
2019-11-20,23.41,887200
2019-11-21,23.26,968500
2019-11-22,23.3,1123000
2019-11-25,23.41,733300
2019-11-26,23.19,1195700
2019-11-27,24.16,1570700
2019-11-29,23.83,879400
2019-12-02,23.72,685000
2019-12-03,23.7,687800
2019-12-04,24.14,880400
2019-12-05,24.37,796500
2019-12-06,24.86,639800
2019-12-09,24.94,438100
2019-12-10,24.99,708300
2019-12-11,25.76,935600
2019-12-12,26.62,966000
2019-12-13,26.72,960500
2019-12-16,27.07,720400
2019-12-17,27.9,914200
2019-12-18,27.56,1280900
2019-12-19,27.32,1077800
2019-12-20,27.35,740300
2019-12-23,27.76,715800
2019-12-24,27.72,315300
2019-12-26,28.14,420300
2019-12-27,26.85,1041200
2019-12-30,26.34,627100
2019-12-31,26.69,766600
2020-01-02,26.93,741500
2020-01-03,26.72,680700
2020-01-06,27.13,569400
2020-01-07,27.86,862800
2020-01-08,27.91,713900
2020-01-09,27.3,616000
2020-01-10,27.73,504000
2020-01-13,30.15,2126900
2020-01-14,31.22,2333000
2020-01-15,30.98,2357700
2020-01-16,31.67,1062000
2020-01-17,30.7,992600
2020-01-21,29.84,1056200
2020-01-22,29.19,971300
2020-01-23,29.8,780200
2020-01-24,29.38,645800
2020-01-27,28.11,737600
2020-01-28,28.76,498100
2020-01-29,28.58,418100
2020-01-30,28.4,717200
2020-01-31,28.1,679500
2020-02-03,28.63,752000
2020-02-04,31.15,2739000
2020-02-05,30.27,1291300
2020-02-06,30.3,1084000
2020-02-07,29.47,651500
2020-02-10,29.14,500500
2020-02-11,30.26,688500
2020-02-12,31.32,1066700
2020-02-13,30.75,1058500
2020-02-14,30.57,865500
2020-02-18,30.27,631700
2020-02-19,30.83,871100
2020-02-20,32.99,3678100
2020-02-21,31.85,1524400
2020-02-24,30.54,1871600
2020-02-25,29.76,1032500
2020-02-26,29.14,969900
2020-02-27,27.68,1366600
2020-02-28,27.38,1725400
2020-03-02,28.43,1286400
2020-03-03,28.9,1740800
2020-03-04,29.26,850200
2020-03-05,28.41,953400
2020-03-06,27.3,915500
2020-03-09,24.69,1279100
2020-03-10,25.4,920800
2020-03-11,23.94,906400
2020-03-12,21.45,1781100
2020-03-13,22.43,1723200
2020-03-16,19.11,1551100
2020-03-17,19.02,2647600
2020-03-18,15.87,2316000
2020-03-19,17.11,1185200
2020-03-20,16.04,1310000
2020-03-23,16.39,1172200
2020-03-24,19.78,1817700
2020-03-25,22.03,2289100
2020-03-26,22.6,1908500
2020-03-27,21.34,1468400
2020-03-30,22.35,1459100
2020-03-31,22.55,1293700
2020-04-01,20.83,1141700
2020-04-02,22.0,1189400
2020-04-03,21.1,916500
2020-04-06,22.14,833000
2020-04-07,22.04,795000
2020-04-08,22.71,689800
2020-04-09,22.84,647600
2020-04-13,22.57,787300
2020-04-14,22.92,509100
2020-04-15,22.08,655000
2020-04-16,21.71,541700
2020-04-17,22.57,573600
2020-04-20,21.7,541500
2020-04-21,20.84,660900
2020-04-22,21.98,938000
2020-04-23,21.46,688100
2020-04-24,21.41,425000
2020-04-27,22.22,1021500
2020-04-28,23.32,1099000
2020-04-29,23.33,567300
2020-04-30,22.8,710200
2020-05-01,21.6,404900
2020-05-04,22.14,1023800
2020-05-05,22.32,480400
2020-05-06,22.04,383500
2020-05-07,22.65,655600
2020-05-08,23.15,516700
2020-05-11,23.2,647500
2020-05-12,22.3,1119400
2020-05-13,21.91,764900
2020-05-14,22.29,912600
2020-05-15,21.88,541100
2020-05-18,23.48,672900
2020-05-19,23.57,931700
2020-05-20,23.57,1022000
2020-05-21,23.88,1080700
2020-05-22,23.22,664000
2020-05-26,24.63,1193000
2020-05-27,25.03,887500
2020-05-28,25.27,1112300
2020-05-29,24.37,767500
2020-06-01,24.96,752500
2020-06-02,26.25,750300
2020-06-03,26.57,807000
2020-06-04,27.15,687800
2020-06-05,28.25,830100
2020-06-08,29.92,913300
2020-06-09,29.4,942700
2020-06-10,28.81,1030300
2020-06-11,25.87,985100
2020-06-12,26.38,1017400
2020-06-15,25.37,2505900
2020-06-16,27.25,1519400
2020-06-17,26.61,695700
2020-06-18,26.21,534700
2020-06-19,26.54,1070600
2020-06-22,25.89,519200
2020-06-23,25.77,460100
2020-06-24,25.59,754100
2020-06-25,26.36,908800
2020-06-26,25.85,557800
2020-06-29,26.27,349200
2020-06-30,26.07,508700
2020-07-01,26.26,566100
2020-07-02,27.6,708600
2020-07-06,28.35,1098100
2020-07-07,28.01,694100
2020-07-08,28.2,716700
2020-07-09,27.23,686900
2020-07-10,27.66,985600
2020-07-13,29.04,1687100
2020-07-14,30.09,1647800
2020-07-15,29.56,1061700
2020-07-16,29.5,489300
2020-07-17,29.84,560900
2020-07-20,29.42,391100
2020-07-21,29.58,524600
2020-07-22,30.5,595700
2020-07-23,30.48,660000
2020-07-24,30.26,615400
2020-07-27,30.97,760900
2020-07-28,30.8,406500
2020-07-29,30.89,396100
2020-07-30,30.38,737800
2020-07-31,30.55,488900
2020-08-03,30.28,646200
2020-08-04,30.55,559600
2020-08-05,31.23,741700
2020-08-06,31.54,617900
2020-08-07,31.29,344100
2020-08-10,31.53,661900
2020-08-11,32.3,1015000
2020-08-12,32.78,732600
2020-08-13,32.06,776300
2020-08-14,32.31,468500
2020-08-17,32.15,348700
2020-08-18,32.53,369500
2020-08-19,32.21,446900
2020-08-20,32.24,519100
2020-08-21,32.02,444300
2020-08-24,32.61,455200
2020-08-25,32.26,561600
2020-08-26,32.63,727000
2020-08-27,31.8,318700
2020-08-28,32.3,401400
2020-08-31,31.36,669800
2020-09-01,33.31,863000
2020-09-02,34.05,738500
2020-09-03,32.39,800700
2020-09-04,32.46,665400
2020-09-08,32.04,507300
2020-09-09,32.63,469600
2020-09-10,31.5,1043500
2020-09-11,31.85,396000
2020-09-14,33.39,670100
2020-09-15,33.79,889400
2020-09-16,33.93,873800
2020-09-17,34.37,824500
2020-09-18,34.42,585900
2020-09-21,32.9,723200
2020-09-22,32.86,563900
2020-09-23,28.97,3283300
2020-09-24,29.47,1326800
2020-09-25,30.12,991300
2020-09-28,30.9,1635900
2020-09-29,31.35,935800
2020-09-30,32.42,1046700
2020-10-01,31.57,1507000
2020-10-02,32.51,705100
2020-10-05,35.46,1986600
2020-10-06,34.56,1379400
2020-10-07,35.42,1837800
2020-10-08,35.43,1710400
2020-10-09,35.54,837800
2020-10-12,35.38,557700
2020-10-13,34.68,888100
2020-10-14,34.53,967200
2020-10-15,34.3,595100
2020-10-16,34.6,883700
2020-10-19,34.65,890700
2020-10-20,35.0,803300
2020-10-21,36.64,1445700
2020-10-22,37.17,794300
2020-10-23,37.28,941000
2020-10-26,36.43,1456300
2020-10-27,37.32,1167200
2020-10-28,35.75,814800
2020-10-29,37.08,809500
2020-10-30,37.01,1045600
2020-11-02,37.91,1250300
2020-11-03,38.0,854800
2020-11-04,37.2,1654900
2020-11-05,40.98,1845700
2020-11-06,41.19,1542500
2020-11-09,41.83,1295700
2020-11-10,42.18,845000
2020-11-11,42.07,1042200
2020-11-12,42.15,1335500
2020-11-13,43.62,854300
2020-11-16,45.59,1393900
2020-11-17,45.39,1319600
2020-11-18,45.34,1565100
2020-11-19,44.65,1646200
2020-11-20,45.1,995800
2020-11-23,47.31,2091600
2020-11-24,48.1,1213200
2020-11-25,48.34,1099900
2020-11-27,48.15,806700
2020-11-30,47.07,1248500
2020-12-01,46.78,699000
2020-12-02,45.91,1005300
2020-12-03,45.09,962400
2020-12-04,47.31,1109900
2020-12-07,47.15,720400
2020-12-08,47.82,785500
2020-12-09,46.97,1049900
2020-12-10,47.1,689600
2020-12-11,46.2,679400
2020-12-14,45.71,543200
2020-12-15,46.75,1007000
2020-12-16,46.8,1013000
2020-12-17,47.6,1132000
2020-12-18,47.25,676200
2020-12-21,47.68,914600
2020-12-22,49.74,1654500
2020-12-23,49.51,1096700
2020-12-24,47.88,859800
2020-12-28,49.2,1032700
2020-12-29,48.27,956800
2020-12-30,49.21,1196900
2020-12-31,49.09,510100
2021-01-04,51.1,1715400
2021-01-05,55.01,2441200
2021-01-06,57.39,3378100
2021-01-07,59.45,1931000
2021-01-08,57.1,1892900
2021-01-11,57.33,1677000
2021-01-12,60.06,1592200
2021-01-13,58.88,1406000
2021-01-14,57.86,1087300
2021-01-15,56.5,1012600
2021-01-19,58.1,1315100
2021-01-20,57.98,1620500
2021-01-21,57.18,980000
2021-01-22,56.76,906500
2021-01-25,56.13,1319900
2021-01-26,54.77,1152300
2021-01-27,53.03,1597000
2021-01-28,53.54,1243200
2021-01-29,50.94,1351300
2021-02-01,52.03,981700
2021-02-02,53.24,1157000
2021-02-03,52.37,769100
2021-02-04,50.86,1938500
2021-02-05,52.46,957200
2021-02-08,55.04,1660600
2021-02-09,53.57,1315100
2021-02-10,53.51,815600
2021-02-11,54.28,751300
2021-02-12,56.67,1577900
2021-02-16,57.46,1824000
2021-02-17,55.63,1288400
2021-02-18,53.01,1226300
2021-02-19,56.23,1382300
2021-02-22,58.01,1925600
2021-02-23,56.74,3231500
2021-02-24,57.96,1133100
2021-02-25,54.83,1378800
2021-02-26,53.6,1207500
2021-03-01,54.83,858300
2021-03-02,56.07,857600
2021-03-03,54.46,957300
2021-03-04,50.46,2969000
2021-03-05,51.04,2123800
2021-03-08,49.79,935900
2021-03-09,52.38,910800
2021-03-10,54.9,1201800
2021-03-11,57.71,1906400
2021-03-12,57.0,793100
2021-03-15,57.11,736100
2021-03-16,55.38,876600
2021-03-17,55.98,497400
2021-03-18,53.79,807600
2021-03-19,54.54,1020400
2021-03-22,54.08,688300
2021-03-23,52.08,739100
2021-03-24,51.96,678500
2021-03-25,52.59,1229200
2021-03-26,52.46,480600
2021-03-29,51.13,768200
2021-03-30,53.38,1320700
2021-03-31,53.07,1113400
2021-04-01,54.28,883900
2021-04-05,53.82,478300
2021-04-06,53.84,826300
2021-04-07,52.75,1081800
2021-04-08,53.5,746200
2021-04-09,53.54,553300
2021-04-12,52.51,1115800
2021-04-13,51.83,1752100
2021-04-14,53.68,1986200
2021-04-15,54.1,962600
2021-04-16,55.1,1577500
2021-04-19,55.66,1145100
2021-04-20,53.92,1594300
2021-04-21,53.31,935700
2021-04-22,52.78,1321200
2021-04-23,53.52,885900
2021-04-26,55.69,1343600
2021-04-27,54.66,886200
2021-04-28,54.15,1285300
2021-04-29,52.8,886800
2021-04-30,52.74,744100
2021-05-03,52.57,579000
2021-05-04,52.68,823600
2021-05-05,54.57,1084900
2021-05-06,53.14,1459400
2021-05-07,55.02,1193600
2021-05-10,55.36,1641600
2021-05-11,53.3,1312000
2021-05-12,51.48,860600
2021-05-13,51.07,961900
2021-05-14,52.31,1508400
2021-05-17,46.96,4114100
2021-05-18,46.2,2284000
2021-05-19,42.43,3413700
2021-05-20,41.45,3848600
2021-05-21,42.09,2414900
2021-05-24,42.25,1178500
2021-05-25,41.61,1507300
2021-05-26,41.82,1347500
2021-05-27,42.65,1626800
2021-05-28,43.37,1716400
2021-06-01,44.51,1096200
2021-06-02,46.09,1889700
2021-06-03,45.07,1449000
2021-06-04,45.74,762800
2021-06-07,45.65,874300
2021-06-08,46.79,929600
2021-06-09,47.57,1054500
2021-06-10,47.25,1539500
2021-06-11,47.87,645500
2021-06-14,47.19,577600
2021-06-15,46.8,1415300
2021-06-16,45.84,1071000
2021-06-17,44.21,1779800
2021-06-18,42.48,2721900
2021-06-21,43.57,1137000
2021-06-22,44.98,1331800
2021-06-23,46.12,1036200
2021-06-24,46.66,821600
2021-06-25,47.19,898200
2021-06-28,47.09,710200
2021-06-29,47.36,931700
2021-06-30,47.33,661000
2021-07-01,47.4,553800
2021-07-02,48.23,665800
2021-07-06,45.8,1353100
2021-07-07,45.44,929000
2021-07-08,45.71,963500
2021-07-09,47.91,966100
2021-07-12,50.53,2276800
2021-07-13,50.1,1180200
2021-07-14,49.01,584100
2021-07-15,49.42,1038900
2021-07-16,47.47,1105500
2021-07-19,47.26,1059800
2021-07-20,47.75,1010600
2021-07-21,49.0,924000
2021-07-22,50.05,1269900
2021-07-23,47.36,1729500
2021-07-26,47.79,689700
2021-07-27,46.59,698800
2021-07-28,47.53,616500
2021-07-29,48.98,990400
2021-07-30,47.5,1200100
2021-08-02,47.41,746000
2021-08-03,48.32,1005400
2021-08-04,48.28,1011600
2021-08-05,49.4,1690300
2021-08-06,50.15,1245200
2021-08-09,51.02,904700
2021-08-10,53.85,2941200
2021-08-11,53.03,1923900
2021-08-12,53.26,1043900
2021-08-13,54.28,1616100
2021-08-16,51.31,1468800
2021-08-17,48.97,2129700
2021-08-18,48.51,1459200
2021-08-19,47.93,2014500
2021-08-20,49.66,1787100
2021-08-23,50.97,1699600
2021-08-24,50.54,1690600
2021-08-25,52.21,1848900
2021-08-26,51.19,1265800
2021-08-27,51.58,1122800
2021-08-30,52.04,1013800
2021-08-31,52.15,1069400
2021-09-01,52.45,706500
2021-09-02,54.13,1817700
2021-09-03,53.82,1139100
2021-09-07,52.81,813500
2021-09-08,52.27,1282300
2021-09-09,54.04,1780900
2021-09-10,55.78,1792600
2021-09-13,54.3,2073200
2021-09-14,55.4,1232000
2021-09-15,57.28,1060400
2021-09-16,56.26,1465400
2021-09-17,55.36,838000
2021-09-20,53.88,1929000
2021-09-21,54.03,1130500
2021-09-22,54.56,717600
2021-09-23,55.87,724000
2021-09-24,55.32,548400
2021-09-27,53.63,943500
2021-09-28,52.89,752300
2021-09-29,53.75,1219400
2021-09-30,53.72,1182700
2021-10-01,54.02,689900
2021-10-04,52.8,670300
2021-10-05,54.01,939300
2021-10-06,51.77,1251700
2021-10-07,51.62,1034700
2021-10-08,51.58,779200
2021-10-11,52.87,865300
2021-10-12,53.54,1197900
2021-10-13,53.31,737000
2021-10-14,54.25,782600
2021-10-15,54.23,1611300
2021-10-18,55.22,1243100
2021-10-19,54.69,1252200
2021-10-20,54.78,709900
2021-10-21,53.42,1417100
2021-10-22,52.41,1483000
2021-10-25,52.64,1017300
2021-10-26,56.18,2138900
2021-10-27,53.78,1208100
2021-10-28,53.95,1238900
2021-10-29,54.89,2775000
2021-11-01,56.88,1466800
2021-11-02,61.24,4130500
2021-11-03,61.26,2925900
2021-11-04,66.22,4266300
2021-11-05,64.66,1659600
2021-11-08,66.35,1323400
2021-11-09,65.77,1192700
2021-11-10,64.31,989800
2021-11-11,66.06,634300
2021-11-12,66.01,892800
2021-11-15,65.46,1106500
2021-11-16,63.92,1078500
2021-11-17,64.11,1451000
2021-11-18,63.02,2172000
2021-11-19,62.67,1470400
2021-11-22,67.12,2998800
2021-11-23,66.59,1486000
2021-11-24,65.68,1218300
2021-11-26,64.47,817300
2021-11-29,64.04,1429000
2021-11-30,62.26,1473700
2021-12-01,60.77,1167400
2021-12-02,60.25,1046500
2021-12-03,57.57,2065800
2021-12-06,56.38,1242400
2021-12-07,58.26,1148800
2021-12-08,58.79,716500
2021-12-09,57.36,939200
2021-12-10,57.51,956400
2021-12-13,55.73,886000
2021-12-14,54.15,2028500
2021-12-15,55.26,1914800
2021-12-16,56.4,1964800
2021-12-17,55.91,1489700
2021-12-20,47.38,8174500
2021-12-21,49.15,2728100
2021-12-22,49.41,988900
2021-12-23,50.13,1164600
2021-12-27,51.31,1241400
2021-12-28,51.28,1906800
2021-12-29,51.23,516400
2021-12-30,51.8,827600
2021-12-31,50.43,546400
2022-01-03,50.73,620700
2022-01-04,49.1,1896400
2022-01-05,47.66,1183700
2022-01-06,49.06,1799000
2022-01-07,49.96,1391200
2022-01-10,48.36,1503400
2022-01-11,51.87,1865900
2022-01-12,55.63,2753600
2022-01-13,55.55,1734200
2022-01-14,56.55,1070800
2022-01-18,56.43,1223800
2022-01-19,57.47,1443400
2022-01-20,55.97,1204400
2022-01-21,54.61,1955200
2022-01-24,53.29,2654500
2022-01-25,53.49,1390700
2022-01-26,52.09,1196200
2022-01-27,51.58,1086500
2022-01-28,51.19,1068400
2022-01-31,54.15,1225700
2022-02-01,56.71,1246300
2022-02-02,54.71,929500
2022-02-03,52.73,677300
2022-02-04,53.27,770800
2022-02-07,55.6,996800
2022-02-08,56.63,1182400
2022-02-09,58.82,1726300
2022-02-10,62.64,3064800
2022-02-11,64.45,2111100
2022-02-14,64.34,1413700
2022-02-15,65.6,1977000
2022-02-16,66.15,1061400
2022-02-17,62.96,1242200
2022-02-18,61.46,1238300
2022-02-22,60.42,1227800
2022-02-23,59.81,1196100
2022-02-24,60.86,1608600
2022-02-25,64.4,1901600
2022-02-28,66.18,1420400
2022-03-01,63.99,1386200
2022-03-02,65.86,1571700
2022-03-03,73.6,4284100
2022-03-04,78.15,3137700
2022-03-07,72.07,2500800
2022-03-08,72.98,2577200
2022-03-09,75.03,1829700
2022-03-10,77.53,1506300
2022-03-11,74.85,1218200
2022-03-14,70.36,1565400
2022-03-15,70.81,1267900
2022-03-16,73.03,1690200
2022-03-17,75.21,1260200
2022-03-18,77.18,1384400
2022-03-21,80.39,1835800
2022-03-22,80.16,1415100
2022-03-23,80.05,1498600
2022-03-24,83.84,1491600
2022-03-25,84.73,1257900
2022-03-28,82.45,1468400
2022-03-29,83.31,1696200
2022-03-30,85.54,2583400
2022-03-31,85.6,1833800
2022-04-01,88.75,1716800
2022-04-04,89.13,2203200
2022-04-05,85.88,2435500
2022-04-06,85.0,2719700
2022-04-07,85.65,1438300
2022-04-08,85.52,1033600
2022-04-11,81.55,1843700
2022-04-12,82.56,1724400
2022-04-13,84.67,1666100
2022-04-14,82.6,940600
2022-04-18,83.57,952000
2022-04-19,85.21,1479600
2022-04-20,86.25,1331500
2022-04-21,78.82,3350900
2022-04-22,77.71,1774300
2022-04-25,74.54,2312400
2022-04-26,71.4,1676500
2022-04-27,73.47,1535500
2022-04-28,74.41,1942200
2022-04-29,73.8,1266200
2022-05-02,73.04,848400
2022-05-03,74.9,1453600
2022-05-04,80.29,2202100
2022-05-05,80.27,3065600
2022-05-06,78.87,1588300
2022-05-09,74.6,2546900
2022-05-10,74.48,2153000
2022-05-11,75.56,1810200
2022-05-12,76.42,1532600
2022-05-13,83.61,1688300
2022-05-16,83.39,1787900
2022-05-17,89.84,1963900
2022-05-18,90.21,2758300
2022-05-19,95.23,3780800
2022-05-20,95.46,3471300
2022-05-23,101.49,2384300
2022-05-24,100.29,2482300
2022-05-25,101.09,2331100
2022-05-26,107.14,1983300
2022-05-27,113.33,2673100
2022-05-31,106.17,6425500
2022-06-01,100.74,5441000
2022-06-02,103.83,2651700
2022-06-03,103.04,1548900
2022-06-06,103.52,1058300
2022-06-07,101.39,1717000
2022-06-08,98.38,2758000
2022-06-09,95.88,2133800
2022-06-10,96.04,1670000
2022-06-13,92.63,1732200
2022-06-14,93.26,1729700
2022-06-15,93.94,1118100
2022-06-16,88.4,1816100
2022-06-17,90.29,1910500
2022-06-21,93.59,840500
2022-06-22,90.46,1391900
2022-06-23,86.57,1458300
2022-06-24,89.28,1554200
2022-06-27,92.58,1413100
2022-06-28,87.09,2129400
2022-06-29,84.3,1969700
2022-06-30,83.53,1468000
2022-07-01,84.67,1213500
2022-07-05,84.67,1766700
2022-07-06,83.35,1645300
2022-07-07,89.16,1849000
2022-07-08,86.49,942100
2022-07-11,82.68,741000
2022-07-12,81.33,1472800
2022-07-13,83.12,1058500
2022-07-14,81.35,1084800
2022-07-15,85.06,1322300
2022-07-18,85.85,1062100
2022-07-19,89.24,854200
2022-07-20,88.76,1096500
2022-07-21,92.0,1054700
2022-07-22,90.62,1329300
2022-07-25,95.41,940100
2022-07-26,93.64,1100200
2022-07-27,97.01,1097200
2022-07-28,97.26,1273400
2022-07-29,98.37,1752500
2022-08-01,98.04,1437200
2022-08-02,98.1,935800
2022-08-03,94.95,1408100
2022-08-04,94.74,1344400
2022-08-05,92.79,1646400
2022-08-08,96.08,1600400
2022-08-09,97.45,817600
2022-08-10,101.12,1270700
2022-08-11,101.78,1082300
2022-08-12,108.7,1702400
2022-08-15,111.41,2096800
2022-08-16,105.7,3268400
2022-08-17,104.42,1888400
2022-08-18,94.02,5481800
2022-08-19,90.07,2940200
2022-08-22,93.73,2538000
2022-08-23,99.12,2087000
2022-08-24,101.94,1980800
2022-08-25,105.89,1942600
2022-08-26,104.83,1487000
2022-08-29,105.01,1456600
2022-08-30,102.35,2060500
2022-08-31,99.68,2568800
2022-09-01,97.64,1566000
2022-09-02,101.29,1523300
2022-09-06,103.71,2202500
2022-09-07,105.54,1130000
2022-09-08,111.27,2204800
2022-09-09,111.12,1809700
2022-09-12,108.75,1728300
2022-09-13,108.49,1532500
2022-09-14,113.52,1577700
2022-09-15,104.52,1924100
2022-09-16,104.15,1703100
2022-09-19,107.03,1239800
2022-09-20,104.66,1229700
2022-09-21,103.61,1186100
2022-09-22,98.27,1803100
2022-09-23,93.95,1543200
2022-09-26,91.81,1163300
2022-09-27,94.22,1395500
2022-09-28,95.33,1477900
2022-09-29,90.79,1516000
2022-09-30,90.75,1035500
2022-10-03,92.51,1215500
2022-10-04,97.49,1221300
2022-10-05,93.24,1113800
2022-10-06,94.04,1199500
2022-10-07,90.05,1568000
2022-10-10,91.88,890600
2022-10-11,90.74,1009000
2022-10-12,83.12,2687500
2022-10-13,86.37,3811600
2022-10-14,82.64,1626300
2022-10-17,87.58,1401200
2022-10-18,89.35,1600800
2022-10-19,90.15,1232100
2022-10-20,89.02,1173000
2022-10-21,94.08,1181700
2022-10-24,91.78,1242000
2022-10-25,96.71,1376900
2022-10-26,97.34,1843800
2022-10-27,96.8,1199700
2022-10-28,95.16,1385100
2022-10-31,93.68,2464100
2022-11-01,93.76,1090300
2022-11-02,91.51,1555100
2022-11-03,94.38,1605800
2022-11-04,96.7,1104100
2022-11-07,98.02,1500800
2022-11-08,107.12,2016100
2022-11-09,103.23,1380300
2022-11-10,107.75,1403600
2022-11-11,111.03,1404900
2022-11-14,104.98,2001900
2022-11-15,102.5,2810400
2022-11-16,99.82,1860800
2022-11-17,90.62,4472700
2022-11-18,90.23,1739800
2022-11-21,98.81,2855600
2022-11-22,97.14,2539300
2022-11-23,99.38,1139800
2022-11-25,92.62,2448200
2022-11-28,91.0,1642900
2022-11-29,94.57,1767500
2022-11-30,99.16,2363900
2022-12-01,97.12,1689200
2022-12-02,99.85,1859200
2022-12-05,95.14,1857600
2022-12-06,94.03,2270700
2022-12-07,95.45,1174700
2022-12-08,91.55,859600
2022-12-09,91.45,838000
2022-12-12,92.93,1081300
2022-12-13,93.85,1086700
2022-12-14,89.97,1864200
2022-12-15,84.85,2875400
2022-12-16,85.25,1695900
2022-12-19,83.88,1591300
2022-12-20,85.25,1047900
2022-12-21,84.34,1244700
2022-12-22,82.25,1820600
2022-12-23,82.15,859700
2022-12-27,77.77,2270300
2022-12-28,76.66,2180400
2022-12-29,78.88,1702300
2022-12-30,79.84,843700
2023-01-03,76.77,1669000
2023-01-04,78.19,1648400
2023-01-05,78.5,1037200
2023-01-06,79.68,913400
2023-01-09,81.91,1463300
2023-01-10,79.92,1391200
2023-01-11,84.41,1453900
2023-01-12,85.06,1403600
2023-01-13,83.67,1319600
2023-01-17,84.54,1595800
2023-01-18,84.8,1440300
2023-01-19,84.11,1036900
2023-01-20,85.98,1536700
2023-01-23,90.31,2157600
2023-01-24,92.91,938000
2023-01-25,92.49,1001000
2023-01-26,93.9,1030900
2023-01-27,94.61,886400
2023-01-30,95.65,1135100
2023-01-31,97.54,1232600
2023-02-01,96.6,1120200
2023-02-02,97.74,1322700
2023-02-03,97.09,1546200
2023-02-06,95.06,1283300
2023-02-07,95.29,1006400
2023-02-08,93.2,1056100
2023-02-09,91.88,788500
2023-02-10,93.04,873300
2023-02-13,94.34,835100
2023-02-14,94.67,976000
2023-02-15,94.23,1158400
2023-02-16,95.69,1792000
2023-02-17,86.24,4479000
2023-02-21,84.13,2315500
2023-02-22,83.12,1857300
2023-02-23,87.5,1937500
2023-02-24,86.74,1453400
2023-02-27,89.33,1406800
2023-02-28,88.75,1439900
2023-03-01,88.16,2426000
2023-03-02,86.05,2876300
2023-03-03,89.86,1941400
2023-03-06,86.64,1307300
2023-03-07,84.18,1259900
2023-03-08,84.41,1646400
2023-03-09,80.51,1645500
2023-03-10,78.98,1847100
2023-03-13,77.75,1402300
2023-03-14,78.85,2934200
2023-03-15,72.62,2824800
2023-03-16,73.46,2666500
2023-03-17,74.84,3730700
2023-03-20,77.5,1694800
2023-03-21,81.92,2366100
2023-03-22,81.07,2524800
2023-03-23,81.06,1918900
2023-03-24,80.96,1216500
2023-03-27,81.07,862400
2023-03-28,82.51,1328100
2023-03-29,83.35,999700
2023-03-30,81.4,1754300
2023-03-31,81.06,1164700
2023-04-03,78.11,1324600
2023-04-04,75.13,2236500
2023-04-05,73.81,1771300
2023-04-06,73.36,1471400
2023-04-10,74.14,944800
2023-04-11,76.2,2488000
2023-04-12,76.59,1490300
2023-04-13,76.58,1367600
2023-04-14,79.2,2083300
2023-04-17,82.34,2268600
2023-04-18,83.01,1391900
2023-04-19,79.99,1866800
2023-04-20,77.91,2172700
2023-04-21,63.44,17526100
2023-04-24,67.33,6644300
2023-04-25,66.36,2392400
2023-04-26,64.55,2299200
2023-04-27,67.02,2728500
2023-04-28,67.48,1915800
2023-05-01,64.84,1617800
2023-05-02,64.74,1767900
2023-05-03,65.16,1970700
2023-05-04,63.62,2077900
2023-05-05,67.7,1855800
2023-05-08,69.0,2345100
2023-05-09,70.43,1730600
2023-05-10,71.34,1839500
2023-05-11,71.3,2454000
2023-05-12,71.68,1308100
2023-05-15,73.37,1717500
2023-05-16,73.53,1543000
2023-05-17,72.65,1797400
2023-05-18,72.79,2163400
2023-05-19,71.08,2040200
2023-05-22,71.15,1603800
2023-05-23,71.72,1209100
2023-05-24,69.07,1352700
2023-05-25,66.09,2575700
2023-05-26,66.29,1154600
2023-05-30,66.87,1373900
2023-05-31,64.17,1746500
2023-06-01,66.17,1171300
2023-06-02,68.31,1108700
2023-06-05,68.45,703800
2023-06-06,70.89,1116100
2023-06-07,71.26,1142500
2023-06-08,71.15,889100
2023-06-09,70.58,836200
2023-06-12,69.28,1289300
2023-06-13,71.99,979600
2023-06-14,70.8,1252700
2023-06-15,72.0,924000
2023-06-16,72.16,1647500
2023-06-20,71.98,1083000
2023-06-21,72.58,711500
2023-06-22,70.84,958700
2023-06-23,69.65,665200
2023-06-26,71.3,690500
2023-06-27,72.21,1008500
2023-06-28,70.46,1785800
2023-06-29,71.47,793400
2023-06-30,72.62,1185400
2023-07-03,76.56,1479800
2023-07-05,76.27,1632700
2023-07-06,74.51,1820400
2023-07-07,79.24,2037400
2023-07-10,79.37,1196700
2023-07-11,79.43,990000
2023-07-12,80.17,1413400
2023-07-13,78.43,1094700
2023-07-14,78.18,1250800
2023-07-17,79.0,1099300
2023-07-18,79.4,830000
2023-07-19,79.81,1160000
2023-07-20,78.09,1351200
2023-07-21,74.48,1998800
2023-07-24,72.21,1921400
2023-07-25,75.04,1263500
2023-07-26,74.53,735600
2023-07-27,72.01,1266700
2023-07-28,74.61,933100
2023-07-31,73.69,1959200
2023-08-01,72.07,1363700
2023-08-02,70.51,1391700
2023-08-03,70.31,1229000
2023-08-04,71.05,1028300
2023-08-07,69.9,814800
2023-08-08,69.77,977400
2023-08-09,69.67,781400
2023-08-10,68.81,829800
2023-08-11,67.39,953800
2023-08-14,66.23,1128800
2023-08-15,65.2,1129600
2023-08-16,64.69,1228300
2023-08-17,63.68,2403700
2023-08-18,63.45,1364600
2023-08-21,64.94,1633100
2023-08-22,65.09,1381000
2023-08-23,66.06,1409400
2023-08-24,65.16,1152100
2023-08-25,63.56,1615400
2023-08-28,61.72,1426100
2023-08-29,63.0,2061600
2023-08-30,62.37,1380100
2023-08-31,62.59,3980200
2023-09-01,63.2,1610000
2023-09-05,63.14,1361200
2023-09-06,62.18,1512600
2023-09-07,60.89,1000600
2023-09-08,59.29,1213100
2023-09-11,59.59,1102900
2023-09-12,58.15,854900
2023-09-13,59.73,1562900
2023-09-14,61.03,1044500
2023-09-15,61.45,2031300
2023-09-18,60.05,975900
2023-09-19,59.97,749900
2023-09-20,58.8,1139100
2023-09-21,57.51,1190300
2023-09-22,56.78,1122200
2023-09-25,56.38,1380700
2023-09-26,55.61,1281400
2023-09-27,54.84,1262300
2023-09-28,58.24,1852800
2023-09-29,59.67,1373300
2023-10-02,56.24,1131600
2023-10-03,54.56,967500
2023-10-04,55.04,1076200
2023-10-05,53.07,1319500
2023-10-06,54.48,806400
2023-10-09,53.04,802600
2023-10-10,56.8,1571100
2023-10-11,56.95,1417900
2023-10-12,58.68,1794700
2023-10-13,57.44,1488300
2023-10-16,57.12,1105500
2023-10-17,59.45,1415100
2023-10-18,55.44,2062300
2023-10-19,52.68,1653400
2023-10-20,51.69,1092800
2023-10-23,50.51,1229700
2023-10-24,51.73,982900
2023-10-25,50.9,1132900
2023-10-26,51.12,1590900
2023-10-27,51.09,640100
2023-10-30,48.73,1676500
2023-10-31,48.4,2268200
2023-11-01,47.47,1434500
2023-11-02,47.99,2271100
2023-11-03,49.78,1999600
2023-11-06,47.96,1865700
2023-11-07,48.5,1148200
2023-11-08,48.2,1083300
2023-11-09,47.29,1120500
2023-11-10,46.87,1795900
2023-11-13,48.11,6830800
2023-11-14,51.87,2038800
2023-11-15,51.5,1912900
2023-11-16,47.38,2743800
2023-11-17,50.66,1601900
2023-11-20,52.54,2052700
2023-11-21,51.33,1292500
2023-11-22,50.73,1083800
2023-11-24,50.85,851300
2023-11-27,49.72,1237400
2023-11-28,50.09,1046800
2023-11-29,50.58,1726600
2023-11-30,50.24,2215700
2023-12-01,54.0,1920800
2023-12-04,49.68,2610500
2023-12-05,48.99,1874200
2023-12-06,49.61,2174500
2023-12-07,52.0,2067700
2023-12-08,51.43,2136200
2023-12-11,50.25,2169000
2023-12-12,49.45,2016200
2023-12-13,54.43,2731500
2023-12-14,57.01,3329000
2023-12-15,57.23,2578600
2023-12-18,56.46,1319500
2023-12-19,57.98,1417800
2023-12-20,56.1,1228300
2023-12-21,58.51,1191600
2023-12-22,60.14,946700
2023-12-26,61.29,793500
2023-12-27,60.97,945300
2023-12-28,61.91,2388600
2023-12-29,60.22,2093700
2024-01-02,59.44,1132500
2024-01-03,57.68,1720900
2024-01-04,55.2,1697900
2024-01-05,54.65,1325800
2024-01-08,54.06,1201800
2024-01-09,52.59,1530000
2024-01-10,50.4,3127800
2024-01-11,50.01,1846900
2024-01-12,48.65,1510800
2024-01-16,49.3,1879700
2024-01-17,48.62,1730900
2024-01-18,47.95,1198900
2024-01-19,47.88,1667100
2024-01-22,47.86,1360000
2024-01-23,48.42,1412200
2024-01-24,48.76,1268800
2024-01-25,47.28,1600700
2024-01-26,46.96,912300
2024-01-29,46.02,1952700
2024-01-30,45.13,1522100
2024-01-31,42.07,3182200
2024-02-01,42.16,1945400
2024-02-02,40.64,1996900
2024-02-05,39.35,1719200
2024-02-06,40.52,2007700
2024-02-07,40.47,1282400
2024-02-08,40.45,1182000
2024-02-09,40.24,792100
2024-02-12,41.75,1635300
2024-02-13,39.6,2056200
2024-02-14,40.4,951500
2024-02-15,41.32,1601200
2024-02-16,43.37,1806500
2024-02-20,42.41,2019200
2024-02-21,42.92,1481100
2024-02-22,43.14,1604800
2024-02-23,43.67,1780400
2024-02-26,44.12,1045000
2024-02-27,45.65,2473800
2024-02-28,46.02,2203200
2024-02-29,49.72,3305300
2024-03-01,51.43,1858500
2024-03-04,48.13,1900500
2024-03-05,44.57,2049300
2024-03-06,46.43,1779700
2024-03-07,46.8,846100
2024-03-08,46.03,976500
2024-03-11,48.98,1318400
2024-03-12,49.92,1583600
2024-03-13,50.47,847700
2024-03-14,49.03,1127600
2024-03-15,50.32,1052000
2024-03-18,50.17,1008900
2024-03-19,48.07,930900
2024-03-20,50.51,1034500
2024-03-21,49.53,856600
2024-03-22,47.97,878100
2024-03-25,46.35,928200
2024-03-26,45.86,960600
2024-03-27,48.49,1348900
2024-03-28,49.16,844300
2024-04-01,48.99,649100
2024-04-02,48.12,815100
2024-04-03,49.67,1048400
2024-04-04,47.83,1190800
2024-04-05,47.61,782500
2024-04-08,49.81,1358200
2024-04-09,51.57,1045800
2024-04-10,51.15,1206800
2024-04-11,51.16,905700
2024-04-12,47.94,990800
2024-04-15,46.95,784700
2024-04-16,45.53,827800
2024-04-17,46.02,1107400
2024-04-18,45.81,1144500
2024-04-19,44.99,1463900
2024-04-22,43.99,1241300
2024-04-23,44.79,1257800
2024-04-24,43.27,2556300
2024-04-25,43.51,1212300
2024-04-26,44.14,859200
2024-04-29,47.21,1503600
2024-04-30,45.69,1615900
2024-05-01,45.83,681200
2024-05-02,46.7,723700
2024-05-03,47.68,835400
2024-05-06,47.96,622400
2024-05-07,48.01,803100
2024-05-08,47.7,1192400
2024-05-09,48.3,1365200
2024-05-10,46.79,1139400
2024-05-13,48.1,725900
2024-05-14,49.51,1106700
2024-05-15,47.98,1142900
2024-05-16,47.97,878900
2024-05-17,47.85,740600
2024-05-20,48.9,700800
2024-05-21,47.31,565500
2024-05-22,47.51,1138900
2024-05-23,48.62,1860000
2024-05-24,49.45,1396700
2024-05-28,49.61,1159800
2024-05-29,47.01,941700
2024-05-30,46.75,982700
2024-05-31,46.7,1126000
2024-06-03,46.42,592500
2024-06-04,45.54,731100
2024-06-05,46.83,795000
2024-06-06,47.07,619700
2024-06-07,45.43,835200
2024-06-10,45.86,547300
2024-06-11,44.83,577600
2024-06-12,44.39,1001500
2024-06-13,43.58,1128500
2024-06-14,42.42,1366400
2024-06-17,42.18,1007900
2024-06-18,41.56,971000
2024-06-20,40.39,1264200
2024-06-21,40.77,1514300
2024-06-24,40.68,1099600
2024-06-25,40.23,1172200
2024-06-26,42.77,1288300
2024-06-27,41.48,929600
2024-06-28,40.75,1554900
2024-07-01,40.37,789300
2024-07-02,40.55,758600
2024-07-03,42.25,695400
2024-07-05,41.39,649700
2024-07-08,41.5,484800
2024-07-09,40.23,1203300
2024-07-10,41.62,950800
2024-07-11,42.56,1181400
2024-07-12,42.82,770000
2024-07-15,41.71,744900
2024-07-16,42.62,703700
2024-07-17,40.94,1473100
2024-07-18,39.64,1533600
2024-07-19,39.65,994600
2024-07-22,39.73,750000
2024-07-23,38.73,703200
2024-07-24,37.81,1619300
2024-07-25,37.45,928600
2024-07-26,38.33,769300
2024-07-29,37.93,789000
2024-07-30,37.73,742200
2024-07-31,38.06,1017000
2024-08-01,36.63,1638700
2024-08-02,35.21,1238900
2024-08-05,33.88,1967300
2024-08-06,34.33,1037900
2024-08-07,34.76,1298900
2024-08-08,35.98,975100
2024-08-09,36.58,1149400
2024-08-12,35.05,1469700
2024-08-13,36.39,1023200
2024-08-14,35.66,1343600
2024-08-15,36.97,730200
2024-08-16,37.09,613200
2024-08-19,37.53,885900
2024-08-20,37.27,875400
2024-08-21,38.45,1534400
2024-08-22,37.51,1321600
2024-08-23,38.64,955900
2024-08-26,38.24,539600
2024-08-27,37.57,822400
2024-08-28,37.2,550400
2024-08-29,38.79,984700
2024-08-30,38.8,1649000
2024-09-03,36.37,1324000
2024-09-04,36.45,798300
2024-09-05,35.82,966000
2024-09-06,34.31,1287300
2024-09-09,34.59,606400
2024-09-10,34.88,771800
2024-09-11,38.37,2615100
2024-09-12,38.26,1121500
2024-09-13,38.23,996000
2024-09-16,38.17,594300
2024-09-17,38.42,933600
2024-09-18,37.63,643400
2024-09-19,38.21,645400
2024-09-20,36.89,854100
2024-09-23,37.88,912300
2024-09-24,39.23,1082100
2024-09-25,38.45,725100
2024-09-26,41.25,1463200
2024-09-27,41.68,1054200
2024-09-30,41.68,948500
2024-10-01,41.42,686200
2024-10-02,41.51,658100
2024-10-03,40.44,1078200
2024-10-04,41.69,1357500
2024-10-07,42.66,1585600
2024-10-08,42.43,1148300
2024-10-09,43.3,1506400
2024-10-10,43.93,858300
2024-10-11,42.43,1589400
2024-10-14,40.25,1421400
2024-10-15,38.89,1315400
2024-10-16,39.17,877700
2024-10-17,38.6,1171900
2024-10-18,39.1,771200
2024-10-21,39.34,674300
2024-10-22,40.61,818300
2024-10-23,39.8,722400
2024-10-24,40.38,550200
2024-10-25,40.83,584500
2024-10-28,42.03,750800
2024-10-29,40.54,694700
2024-10-30,38.68,876900
2024-10-31,38.39,725500
2024-11-01,39.17,426200
2024-11-04,39.75,1180400
2024-11-05,39.62,720500
2024-11-06,37.6,1449100
2024-11-07,37.68,890900
2024-11-08,36.67,934400
2024-11-11,38.19,1492300
2024-11-12,37.03,837000
2024-11-13,38.38,2015600
2024-11-14,37.9,942600
2024-11-15,38.14,1320500
2024-11-18,38.74,1368100
2024-11-19,39.14,1240100
2024-11-20,38.74,1634500
2024-11-21,39.63,1219300
2024-11-22,38.26,1317300
2024-11-25,38.84,1303300
2024-11-26,38.03,824500
2024-11-27,38.56,1156000
2024-11-29,38.46,1013300
2024-12-02,39.84,1186100
2024-12-03,39.15,1240200
2024-12-04,37.62,1549400
2024-12-05,38.01,1141000
2024-12-06,38.06,571800
2024-12-09,40.37,3288700
2024-12-10,40.04,1015800
2024-12-11,40.16,826800
2024-12-12,39.31,736000
2024-12-13,37.77,926700
2024-12-16,37.48,851900
2024-12-17,37.94,885500
2024-12-18,37.32,1481700
2024-12-19,37.64,1328800
2024-12-20,37.28,1284800
2024-12-23,37.3,615700
2024-12-24,37.47,257400
2024-12-26,37.42,684900
2024-12-27,37.34,438900
2024-12-30,36.47,968800
2024-12-31,36.36,577300
2025-01-02,36.05,544700
2025-01-03,36.7,764100
2025-01-06,38.55,1667400
2025-01-07,39.27,1454400
2025-01-08,39.04,1278900
2025-01-10,38.37,940100
2025-01-13,38.9,543900
2025-01-14,40.06,1236500
2025-01-15,40.27,1196700
2025-01-16,40.04,1371400
2025-01-17,40.16,1003100
2025-01-21,39.85,1376400
2025-01-22,38.48,1771700
2025-01-23,39.06,1339100
2025-01-24,39.21,586900
2025-01-27,38.65,657700
2025-01-28,38.95,580800
2025-01-29,40.3,924600
2025-01-30,41.04,1046300
2025-01-31,39.54,959100
2025-02-03,38.86,878100
2025-02-04,40.0,471400
2025-02-05,37.7,1366000
2025-02-06,38.34,1074600
2025-02-07,38.61,888200
2025-02-10,38.37,660900
2025-02-11,37.6,790600
2025-02-12,37.48,836200
2025-02-13,40.17,1473400
2025-02-14,38.63,1146900
2025-02-18,38.7,860300
2025-02-19,38.82,660200
2025-02-20,39.81,723600
2025-02-21,39.67,684100
2025-02-24,39.73,783800
2025-02-25,39.78,891000
2025-02-26,39.65,662600
2025-02-27,40.0,769300
2025-02-28,38.37,1417200
2025-03-03,37.31,1142100
2025-03-04,38.37,1559300
2025-03-05,39.93,1748200
2025-03-06,42.18,1974000
2025-03-07,42.1,2664500
2025-03-10,41.83,2115200
2025-03-11,42.71,2325900
2025-03-12,41.31,1731000
2025-03-13,42.07,930700
2025-03-14,43.07,1146300
2025-03-17,45.5,1656000
2025-03-18,45.61,1058700
2025-03-19,45.4,1219900
2025-03-20,44.24,1250000
2025-03-21,43.85,2089100
2025-03-24,43.15,1039900
2025-03-25,42.71,1041600
2025-03-26,41.62,1132600
2025-03-27,40.58,787000
2025-03-28,40.23,831700
2025-03-31,39.73,783300
2025-04-01,40.05,772600
2025-04-02,39.77,453600
2025-04-03,39.41,1181300
2025-04-04,36.66,1921100
2025-04-07,34.73,1708200
2025-04-08,31.61,3082300
2025-04-09,35.5,3688200
2025-04-10,33.32,1635200
2025-04-11,34.82,1202200
2025-04-14,35.79,1289900
2025-04-15,34.87,1264400
2025-04-16,34.58,978600
2025-04-17,34.92,722100
2025-04-21,34.28,736500
2025-04-22,35.3,966300
2025-04-23,34.93,929000
2025-04-24,35.84,814400
2025-04-25,35.8,488100
2025-04-28,34.72,1304100
2025-04-29,34.96,1132200
2025-04-30,34.2,1414300
2025-05-01,33.96,498900
2025-05-02,34.01,685300
2025-05-05,33.86,593400
2025-05-06,33.85,678000
2025-05-07,33.57,1226200
2025-05-08,34.27,679600
2025-05-09,34.86,706900
2025-05-12,36.03,1078500
2025-05-13,35.88,664500
2025-05-14,35.85,503000
2025-05-15,35.08,571700
2025-05-16,34.83,764700
2025-05-19,34.57,668100
2025-05-20,34.23,574500
2025-05-21,33.5,646600
2025-05-22,33.3,1003700
2025-05-23,32.98,793900
2025-05-27,32.71,1420800
2025-05-28,31.33,1745000
2025-05-29,31.46,1562800
2025-05-30,30.43,1406600
2025-06-02,30.03,1413200
2025-06-03,30.82,1043100
2025-06-04,32.02,1370100
2025-06-05,32.3,1049600
2025-06-06,32.76,633200
2025-06-09,33.54,1162200
2025-06-10,34.08,1229300
2025-06-11,34.0,1082300
2025-06-12,33.35,708500
2025-06-13,32.78,875600
2025-06-16,33.15,711100
2025-06-17,32.16,938200
2025-06-18,33.11,1311300
2025-06-20,32.08,855100
2025-06-23,32.91,1168100
2025-06-24,33.95,1379800
2025-06-25,34.27,1179200
2025-06-26,35.25,2060900
2025-06-27,35.01,1315400
2025-06-30,35.27,951000
2025-07-01,35.21,1111700
2025-07-02,37.44,2080900
2025-07-03,37.15,921200
2025-07-07,35.95,1143300
2025-07-08,37.95,2425300
2025-07-09,38.45,1776900
2025-07-10,39.12,2143500
2025-07-11,37.63,1469500
2025-07-14,37.92,1499400
2025-07-15,36.5,1377000
2025-07-16,36.25,1437800
2025-07-17,38.95,3497700
2025-07-18,38.68,2092800
2025-07-21,38.7,1672000
2025-07-22,41.15,3141700
2025-07-23,39.55,2304700
2025-07-24,41.41,2466400
2025-07-25,41.65,1889300
2025-07-28,39.13,2336700
2025-07-29,38.82,1070800
2025-07-30,37.37,1731900
2025-07-31,36.75,1642000
2025-08-01,35.8,865900
2025-08-04,36.38,618200
2025-08-05,36.13,690600
2025-08-06,36.27,778400
2025-08-07,38.67,1423000
2025-08-08,42.22,3303600
2025-08-11,45.9,4809900
2025-08-12,45.76,2687500
2025-08-13,46.45,1935000
2025-08-14,45.54,1150200
2025-08-15,45.08,732500
2025-08-18,46.13,1308800
2025-08-19,45.05,1271900
2025-08-20,44.36,1752600
2025-08-21,45.25,1166100
2025-08-22,46.37,1452300
2025-08-25,46.65,1261500
2025-08-26,45.67,1434600
2025-08-27,46.94,1538500
2025-08-28,45.68,1192200
2025-08-29,45.51,1313300
2025-09-02,43.39,1561300
2025-09-03,43.68,874900
2025-09-04,44.26,877900
2025-09-05,45.86,1429100
2025-09-08,45.48,1034200
2025-09-09,41.47,2112100
2025-09-10,41.85,1103000
2025-09-11,42.61,1821000
2025-09-12,41.97,842500
2025-09-15,43.47,1153600
2025-09-16,43.65,770200
2025-09-17,43.35,815900
2025-09-18,43.12,662300
2025-09-19,43.47,675400
2025-09-22,43.29,1018500
2025-09-23,43.22,1140300
2025-09-24,43.72,1207800
2025-09-25,44.46,1349000
2025-09-26,44.24,944200
2025-09-29,44.2,1246300
2025-09-30,42.98,1146300
2025-10-01,43.51,899800
2025-10-02,44.62,1284300
2025-10-03,43.11,1326700
2025-10-06,43.17,1027600
2025-10-07,43.39,1142300
2025-10-08,44.54,1383800
2025-10-09,43.22,2767700
2025-10-10,40.77,2447300
2025-10-13,43.35,1444300
2025-10-14,44.64,1372300
2025-10-15,45.92,1291600
2025-10-16,44.44,1003100
2025-10-17,43.68,1066200
2025-10-20,44.19,834600
2025-10-21,42.39,1063800
2025-10-22,42.39,1085700
2025-10-23,44.52,861300
2025-10-24,45.55,1505200
2025-10-27,44.36,1219300
2025-10-28,44.71,806700
2025-10-29,46.07,1306000
2025-10-30,48.23,1853000
2025-10-31,48.99,2652400
2025-11-03,48.59,1834000
2025-11-04,46.1,1945600
2025-11-05,47.59,1034700
2025-11-06,46.27,1062600
2025-11-07,48.83,1515900
2025-11-10,51.88,1602900
2025-11-11,51.7,1098100
2025-11-12,52.79,2123100
2025-11-13,53.2,2798000
2025-11-14,54.55,2108400
2025-11-17,59.47,5753600
2025-11-18,59.4,2328300
2025-11-19,63.1,3173400
2025-11-20,60.52,2640800
2025-11-21,59.54,3015200
2025-11-24,58.51,1615200
2025-11-25,61.78,1770100
2025-11-26,63.2,1363400
2025-11-28,64.32,1001900
2025-12-01,63.93,1513400
2025-12-02,64.37,1366000
2025-12-03,63.06,1714100
2025-12-04,60.67,2090500
2025-12-05,61.26,1381600
2025-12-08,60.44,1037900
2025-12-09,62.9,1066300
2025-12-10,63.96,1210000
2025-12-11,65.02,892700
2025-12-12,65.83,1208700
2025-12-15,64.97,749800
2025-12-16,64.17,1057900
2025-12-17,65.92,2331800
2025-12-18,67.7,1790800
2025-12-19,68.76,1599800
2025-12-22,70.22,888800
2025-12-23,70.89,706400
2025-12-24,70.9,403300
2025-12-26,71.64,674000
2025-12-29,70.07,1097000
2025-12-30,68.98,912900
2025-12-31,68.8,378700
2026-01-02,69.73,746300
2026-01-05,70.14,824800
2026-01-06,74.53,1959300
2026-01-07,75.1,2318600
2026-01-08,74.06,1344700
2026-01-09,74.4,922200
2026-01-12,77.76,1521000
2026-01-13,80.98,2201900
2026-01-14,83.18,2181400
2026-01-15,79.58,2524200
2026-01-16,77.53,1707700
2026-01-20,80.15,1610100
2026-01-21,81.81,1788600
2026-01-22,83.84,1738000
2026-01-23,85.43,1218700
2026-01-26,84.01,1331000
2026-01-27,84.37,1244800
2026-01-28,83.57,1561900
2026-01-29,81.64,1555400
2026-01-30,76.84,2440300
2026-02-02,75.25,1728100
2026-02-03,79.3,1683700
2026-02-04,73.78,2998000
2026-02-05,70.82,2211500
2026-02-06,71.48,1115600
2026-02-09,71.15,983800
2026-02-10,70.28,1280900
2026-02-11,75.24,2344900
2026-02-12,70.11,1843300
2026-02-13,70.91,1414700
2026-02-17,72.4,1006300
2026-02-18,72.78,659000
2026-02-19,72.1,871600
2026-02-20,71.86,580900
2026-02-23,73.07,748300
2026-02-24,76.72,1416200
2026-02-25,79.54,2715300
2026-02-26,77.97,1465100
2026-02-27,76.3,1266300
2026-03-02,75.63,1052600
2026-03-03,68.8,2609500
2026-03-04,72.02,928100
2026-03-05,70.62,1525200
2026-03-06,70.39,1162800
2026-03-09,75.0,1136000
2026-03-10,76.56,911800
2026-03-11,77.84,628500
2026-03-12,75.67,839700
2026-03-13,74.45,777800
2026-03-16,76.35,745200
2026-03-17,77.11,876100
2026-03-18,75.03,480200
2026-03-19,74.66,789800
2026-03-20,71.16,1072400
2026-03-23,75.39,1367800
2026-03-24,76.94,990600
2026-03-25,79.16,1316100
2026-03-26,77.37,710700
2026-03-27,82.7,3911100
2026-03-30,80.92,2410500
2026-03-31,80.94,2297300
2026-04-01,81.82,794300
2026-04-02,83.21,1481000
2026-04-06,80.45,996500
2026-04-07,78.52,1058500
2026-04-08,82.48,1317200
2026-04-09,82.17,1062200
2026-04-10,82.12,1540600
2026-04-13,87.63,2535000
2026-04-14,88.93,1609700
2026-04-15,87.62,1072200
2026-04-16,95.31,2324600
2026-04-17,88.8,2128900
2026-04-20,88.42,1377700
2026-04-21,87.22,963200
2026-04-22,86.95,853700
2026-04-23,85.45,1059700
2026-04-24,88.79,1201600
2026-04-27,91.29,1321300
2026-04-28,89.42,1429100
2026-04-29,91.01,1218100
2026-04-30,92.17,1410100
2026-05-01,92.68,576600
2026-05-04,89.75,1075000
2026-05-05,92.64,1116700
2026-05-06,93.46,1507900
2026-05-07,91.6,1478000
2026-05-08,91.39,989700
2026-05-11,93.42,1355900
2026-05-12,94.63,879600
2026-05-13,91.62,916900
2026-05-14,86.8,1231200
2026-05-15,84.26,1341800
2026-05-18,82.66,1090800
2026-05-19,80.45,1056000
2026-05-20,81.38,932300
2026-05-21,79.29,515800
2026-05-22,80.18,924500
2026-05-26,80.43,1105600
2026-05-27,83.94,2617700
2026-05-28,84.05,1345800
2026-05-29,85.87,1124600
2026-06-01,83.42,817200
2026-06-02,80.84,1907900
2026-06-03,78.58,1868300
2026-06-04,77.69,969000
2026-06-05,75.43,1254100
2026-06-08,72.76,1238700
2026-06-09,75.66,1456400
2026-06-10,74.24,1189800
2026-06-11,80.44,1211200
2026-06-12,84.12,1390900
2026-06-15,83.27,1749400
2026-06-16,83.11,861600
2026-06-17,82.99,1020800
2026-06-18,79.69,1968900
2026-06-22,78.65,888100
2026-06-23,76.5,694500
2026-06-24,75.58,889200
2026-06-25,73.11,1079700
2026-06-26,71.59,1077400
2026-06-29,69.86,671800
2026-06-30,74.04,1242500
2026-07-01,74.22,814200
2026-07-02,72.7,935800
2026-07-06,73.52,513300
2026-07-07,73.4,792800
2026-07-08,74.43,895500
2026-07-09,74.09,687300
2026-07-10,73.19,686500
2026-07-13,71.94,693400
2026-07-14,72.95,926300
2026-07-15,71.52,1814600
2026-07-16,66.33,995700
2026-07-17,69.81,1951900
2026-07-20,67.69,1119600
2026-07-21,68.84,680500
2026-07-22,69.21,836700
2026-07-23,69.32,586800
2026-07-24,68.73,454700
2026-07-27,68.79,708400
2026-07-28,66.87,1346300
2026-07-29,67.55,1084900
2026-07-30,68.43,1855100
2026-07-31,67.06,1091600
2026-08-03,67.03,648500
2026-08-04,68.58,1217800
2026-08-05,70.05,833300
2026-08-06,72.45,1211100
2026-08-07,71.95,894200
2026-08-10,72.84,669500
2026-08-11,72.22,556000
2026-08-12,71.25,560100
2026-08-13,72.16,822200
2026-08-14,74.32,687800
2026-08-17,75.1,811900
2026-08-18,74.47,867600
2026-08-19,75.38,1083100
2026-08-20,78.45,833000
2026-08-21,81.96,1677100
2026-08-24,82.33,1260500
2026-08-25,79.21,1065400
2026-08-26,78.28,856500
2026-08-27,80.43,720600
2026-08-28,78.63,893900
2026-08-31,79.01,885700
2026-09-01,80.51,993400
2026-09-02,81.14,749200
2026-09-03,79.78,1012300
2026-09-04,76.43,1090500
2026-09-08,75.66,939200
2026-09-09,75.46,771800
2026-09-10,72.49,1438200
2026-09-11,69.88,1014300
2026-09-14,69.73,963200
2026-09-15,69.29,1105700
2026-09-16,68.68,890300
2026-09-17,71.8,918800
2026-09-18,67.72,1939900
2026-09-21,69.53,1528900
2026-09-22,70.19,971700
2026-09-23,69.08,736100
2026-09-24,67.12,861500
2026-09-25,66.89,540300
2026-09-28,65.16,915500
2026-09-29,66.08,1070500
2026-09-30,64.87,783900
2026-10-01,64.12,1272400
2026-10-02,64.52,534900
2026-10-05,65.83,653800
2026-10-06,66.17,538700
2026-10-07,64.61,849600
2026-10-08,64.52,710989
