datum,schluss,volumen
2011-05-19,530.0,554948068
2011-05-20,524.0,207140032
2011-05-23,514.0,94740490
2011-05-24,525.0,127564632
2011-05-25,522.2,35254537
2011-05-26,521.5,24024582
2011-05-27,523.7,25700260
2011-05-31,531.1,64817478
2011-06-01,513.9,20835008
2011-06-02,510.9,14135769
2011-06-03,505.0,16160474
2011-06-06,515.0,12717271
2011-06-07,520.2,4487809
2011-06-08,511.5,11826257
2011-06-09,515.0,15543375
2011-06-10,509.4,10524615
2011-06-13,523.4,12358981
2011-06-14,500.0,33105516
2011-06-15,473.0,28388708
2011-06-16,475.8,24314536
2011-06-17,482.0,13716036
2011-06-20,479.15,9030054
2011-06-21,495.15,5173658
2011-06-22,490.0,8438214
2011-06-23,466.65,11705677
2011-06-24,471.0,7536031
2011-06-27,475.55,2701912
2011-06-28,486.35,6654078
2011-06-29,486.55,13126747
2011-06-30,491.0,9360900
2011-07-01,489.0,7697710
2011-07-04,481.05,4003960
2011-07-05,486.0,4653748
2011-07-06,494.2,5939525
2011-07-07,503.0,7384637
2011-07-08,497.2,8827477
2011-07-11,490.5,7708581
2011-07-12,495.85,8505787
2011-07-13,500.4,5473460
2011-07-14,492.0,3315584
2011-07-15,496.9,3072778
2011-07-18,488.0,5641251
2011-07-19,488.3,5009119
2011-07-20,482.0,6363028
2011-07-21,480.0,10137530
2011-07-22,480.35,4834597
2011-07-25,484.35,2678012
2011-07-26,480.0,2898232
2011-07-27,477.65,4684175
2011-07-28,476.45,5108763
2011-07-29,475.7,5347773
2011-08-01,473.05,4508882
2011-08-02,458.45,9777761
2011-08-03,426.35,15038394
2011-08-04,391.0,16691019
2011-08-05,408.4,19564232
2011-08-08,380.45,13988315
2011-08-09,378.95,18646792
2011-08-10,363.0,12955416
2011-08-11,382.7,17418624
2011-08-12,406.7,9947444
2011-08-15,407.1,3599785
2011-08-16,396.0,4871532
2011-08-17,395.0,5750089
2011-08-18,355.45,7245853
2011-08-19,347.95,11521338
2011-08-22,355.0,10321093
2011-08-23,367.45,8521569
2011-08-24,389.6,8545975
2011-08-25,388.5,18335437
2011-08-26,377.15,8904405
2011-08-30,399.55,11438215
2011-08-31,421.45,12125658
2011-09-01,418.25,6871063
2011-09-02,390.35,9349562
2011-09-05,376.45,6492334
2011-09-06,385.2,7780869
2011-09-07,405.75,7328565
2011-09-08,436.5,26579378
2011-09-09,414.0,11619770
2011-09-12,407.7,10915261
2011-09-13,410.75,7980107
2011-09-14,420.6,7575175
2011-09-15,437.25,11316394
2011-09-16,454.7,13927372
2011-09-19,437.0,9815351
2011-09-20,451.55,6271919
2011-09-21,436.25,7803853
2011-09-22,415.0,14424124
2011-09-23,412.4,12834031
2011-09-26,414.6,9885573
2011-09-27,444.8,6830748
2011-09-28,423.0,7194210
2011-09-29,409.25,7863093
2011-09-30,402.9,9595277
2011-10-03,390.1,8564295
2011-10-04,397.0,16264083
2011-10-05,413.0,8498122
2011-10-06,432.15,7376905
2011-10-07,422.0,6438659
2011-10-10,424.65,4036529
2011-10-11,420.0,3642526
2011-10-12,425.45,5375267
2011-10-13,435.7,8101677
2011-10-14,422.5,20445660
2011-10-17,408.0,7551492
2011-10-18,402.0,4995698
2011-10-19,407.5,4110062
2011-10-20,395.55,5182252
2011-10-21,403.5,5187019
2011-10-24,418.9,4274417
2011-10-25,408.0,4857533
2011-10-26,403.75,5703346
2011-10-27,443.9,17385385
2011-10-28,450.0,14737631
2011-10-31,438.0,5786709
2011-11-01,416.5,8761859
2011-11-02,435.6,7282206
2011-11-03,440.05,4392073
2011-11-04,434.6,5215534
2011-11-07,435.7,4252708
2011-11-08,448.0,4501797
2011-11-09,440.5,5590333
2011-11-10,435.5,8977810
2011-11-11,440.0,6709022
2011-11-14,428.5,4183634
2011-11-15,412.65,12836576
2011-11-16,405.1,6064414
2011-11-17,412.9,7619721
2011-11-18,398.7,7852437
2011-11-21,375.1,11698803
2011-11-22,371.0,8731974
2011-11-23,380.0,10589704
2011-11-24,382.15,9756243
2011-11-25,373.8,7084714
2011-11-28,384.4,11102652
2011-11-29,380.1,7253905
2011-11-30,398.5,14639602
2011-12-01,392.25,7548902
2011-12-02,410.95,9698699
2011-12-05,424.95,7511681
2011-12-06,410.15,6684268
2011-12-07,404.9,8818835
2011-12-08,399.05,7354407
2011-12-09,404.7,6404629
2011-12-12,387.5,7946406
2011-12-13,392.65,9906494
2011-12-14,383.55,14078251
2011-12-15,387.0,10889208
2011-12-16,387.05,56916608
2011-12-19,384.95,4740636
2011-12-20,388.25,4726880
2011-12-21,388.9,6918345
2011-12-22,395.8,8418217
2011-12-23,397.0,2213982
2011-12-28,392.2,3308328
2011-12-29,398.5,2458164
2011-12-30,392.0,1239871
2012-01-03,418.15,6625301
2012-01-04,405.0,4544062
2012-01-05,394.25,6533426
2012-01-06,395.25,4790185
2012-01-09,398.65,4655786
2012-01-10,401.7,7179336
2012-01-11,396.65,5116163
2012-01-12,399.9,5487866
2012-01-13,400.0,6331223
2012-01-16,396.8,4487448
2012-01-17,405.45,10012469
2012-01-18,415.4,8428015
2012-01-19,430.0,7570211
2012-01-20,423.05,7208475
2012-01-23,435.85,6956538
2012-01-24,427.1,4618945
2012-01-25,418.45,5120392
2012-01-26,434.3,8192628
2012-01-27,425.35,4082097
2012-01-30,415.0,5981992
2012-01-31,411.2,7528489
2012-02-01,431.75,6330263
2012-02-02,461.7,45484719
2012-02-03,482.55,15675538
2012-02-06,460.75,11927946
2012-02-07,443.25,36079969
2012-02-08,434.45,11910283
2012-02-09,442.95,7193845
2012-02-10,435.2,4580151
2012-02-13,429.25,8826585
2012-02-14,423.55,13132003
2012-02-15,422.0,6666687
2012-02-16,426.6,11904342
2012-02-17,430.0,8891104
2012-02-20,436.45,5072509
2012-02-21,438.35,8373241
2012-02-22,440.35,7488217
2012-02-23,438.1,6728588
2012-02-24,436.3,5196293
2012-02-27,434.15,7297828
2012-02-28,438.35,10328287
2012-02-29,432.0,45726405
2012-03-01,427.15,12774261
2012-03-02,420.0,5544921
2012-03-05,403.35,12266366
2012-03-06,401.3,11543817
2012-03-07,402.25,10303895
2012-03-08,405.1,8563523
2012-03-09,408.7,5604000
2012-03-12,411.35,5134968
2012-03-13,418.2,7545523
2012-03-14,413.35,14089137
2012-03-15,412.2,7579485
2012-03-16,418.25,14758066
2012-03-19,420.45,6527595
2012-03-20,413.8,14426446
2012-03-21,415.75,11455129
2012-03-22,403.5,11513256
2012-03-23,404.95,8608825
2012-03-26,401.7,9499996
2012-03-27,401.5,5342088
2012-03-28,389.25,10327282
2012-03-29,387.3,8592556
2012-03-30,389.4,8999386
2012-04-02,399.15,6726916
2012-04-03,401.4,8936115
2012-04-04,389.4,9264498
2012-04-05,411.8,22849948
2012-04-10,392.9,11396731
2012-04-11,395.0,8181150
2012-04-12,404.9,7301858
2012-04-13,399.8,6614920
2012-04-16,400.7,6967020
2012-04-17,409.75,6203101
2012-04-18,414.95,10323070
2012-04-19,415.9,7634895
2012-04-20,423.4,7528786
2012-04-23,408.55,7501986
2012-04-24,415.75,5976496
2012-04-25,429.2,7591221
2012-04-26,435.0,7951091
2012-04-27,437.25,7864463
2012-04-30,425.6,7491035
2012-05-01,434.6,2853981
2012-05-02,425.65,8851407
2012-05-03,426.4,5694278
2012-05-04,410.25,9701327
2012-05-08,392.0,8820468
2012-05-09,397.95,9641242
2012-05-10,396.5,7057517
2012-05-11,386.1,12865689
2012-05-14,371.9,11513845
2012-05-15,370.15,8719910
2012-05-16,363.15,15590919
2012-05-17,354.3,9794344
2012-05-18,345.4,22049824
2012-05-21,351.5,7917346
2012-05-22,361.6,9858054
2012-05-23,343.65,11564713
2012-05-24,346.0,20274816
2012-05-25,340.65,10530248
2012-05-29,354.1,10369727
2012-05-30,345.0,12646855
2012-05-31,340.5,13762625
2012-06-01,334.35,24965236
2012-06-06,347.75,23927908
2012-06-07,361.2,24089300
2012-06-08,357.8,16532675
2012-06-11,363.55,24214562
2012-06-12,366.85,27442744
2012-06-13,355.0,32054584
2012-06-14,341.7,31520884
2012-06-15,340.45,194406560
2012-06-18,328.4,17367400
2012-06-19,330.0,13990460
2012-06-20,333.25,14052724
2012-06-21,322.65,14677666
2012-06-22,312.65,12608477
2012-06-25,308.15,14148741
2012-06-26,302.7,20167348
2012-06-27,298.3,38102692
2012-06-28,293.55,15229760
2012-06-29,295.55,15955175
2012-07-02,299.0,12345684
2012-07-03,303.75,15937998
2012-07-04,312.05,13247196
2012-07-05,315.6,13058676
2012-07-06,310.35,6322468
2012-07-09,308.75,9094442
2012-07-10,310.55,8576039
2012-07-11,316.3,7149992
2012-07-12,309.65,5343823
2012-07-13,316.65,7093321
2012-07-16,316.5,3975019
2012-07-17,317.0,9287733
2012-07-18,317.1,6211666
2012-07-19,322.0,12827558
2012-07-20,317.45,13407927
2012-07-23,308.85,10013645
2012-07-24,301.65,8585948
2012-07-25,303.5,4552229
2012-07-26,308.35,7509668
2012-07-27,313.2,6627719
2012-07-30,318.4,9286454
2012-07-31,320.15,6481327
2012-08-01,322.5,5216774
2012-08-02,316.55,9736931
2012-08-03,321.0,11042818
2012-08-06,328.85,10573593
2012-08-07,336.6,11651692
2012-08-08,337.9,9142496
2012-08-09,344.8,14400917
2012-08-10,344.5,7624654
2012-08-13,345.1,8657473
2012-08-14,347.9,9889484
2012-08-15,347.6,10991093
2012-08-16,349.85,10571048
2012-08-17,352.15,11495315
2012-08-20,353.75,16020049
2012-08-21,360.0,17096834
2012-08-22,356.6,10862913
2012-08-23,366.0,17697456
2012-08-24,366.85,16347282
2012-08-28,384.0,27310856
2012-08-29,368.5,22445777
2012-08-30,357.45,14626052
2012-08-31,385.05,164004736
2012-09-03,388.15,33140860
2012-09-04,385.1,25191096
2012-09-05,389.5,30630508
2012-09-06,392.35,41162052
2012-09-07,378.05,94664232
2012-09-10,370.0,27646322
2012-09-11,364.35,14908370
2012-09-12,359.6,17960083
2012-09-13,353.3,17811028
2012-09-14,378.85,35845479
2012-09-17,370.85,10984895
2012-09-18,373.2,14571290
2012-09-19,373.3,15640493
2012-09-20,368.15,21830816
2012-09-21,362.0,36139631
2012-09-24,354.15,15838170
2012-09-25,346.7,16378406
2012-09-26,338.45,17381805
2012-09-27,343.2,16524758
2012-09-28,343.1,19441988
2012-10-01,342.0,28201068
2012-10-02,338.0,14509929
2012-10-03,339.15,19587428
2012-10-04,336.5,26253102
2012-10-05,335.6,20256524
2012-10-08,334.55,13019954
2012-10-09,336.5,12938361
2012-10-10,333.9,9269931
2012-10-11,338.0,11652126
2012-10-12,336.6,10980170
2012-10-15,336.8,14912247
2012-10-16,338.65,21223502
2012-10-17,347.6,24080891
2012-10-18,352.55,18419480
2012-10-19,347.75,12686006
2012-10-22,350.25,16068364
2012-10-23,342.9,13764453
2012-10-24,343.4,9563601
2012-10-25,343.1,16044144
2012-10-26,344.5,16161564
2012-10-29,343.1,9433189
2012-10-30,343.9,10097728
2012-10-31,343.05,11380581
2012-11-01,344.35,15000316
2012-11-02,346.8,18979640
2012-11-05,345.25,9056610
2012-11-06,347.3,7193382
2012-11-07,340.35,13441295
2012-11-08,340.0,13112654
2012-11-09,339.45,9282532
2012-11-12,336.25,8331489
2012-11-13,336.9,17308288
2012-11-14,331.2,11835512
2012-11-15,325.7,38916424
2012-11-16,321.55,15024455
2012-11-19,326.6,13692632
2012-11-20,331.75,55826055
2012-11-21,334.1,17395646
2012-11-22,340.7,26888947
2012-11-23,342.85,18904366
2012-11-26,340.0,9600304
2012-11-27,338.8,17128944
2012-11-28,334.75,10720280
2012-11-29,342.25,11029008
2012-11-30,345.5,13410593
2012-12-03,343.45,5897801
2012-12-04,341.3,5975566
2012-12-05,340.5,13427907
2012-12-06,345.7,14301672
2012-12-07,345.2,18446912
2012-12-10,345.75,8306349
2012-12-11,346.85,10233274
2012-12-12,348.6,13649486
2012-12-13,350.15,7867679
2012-12-14,352.15,16803840
2012-12-17,351.8,16754610
2012-12-18,351.9,14158654
2012-12-19,352.65,19140590
2012-12-20,349.65,10306862
2012-12-21,351.55,19698512
2012-12-24,355.0,3081803
2012-12-27,358.1,8653245
2012-12-28,353.65,7431936
2012-12-31,351.3,4859762
2013-01-02,376.5,24401668
2013-01-03,377.5,11179827
2013-01-04,380.8,11297345
2013-01-07,379.75,9513343
2013-01-08,376.95,9256087
2013-01-09,385.15,12377229
2013-01-10,386.9,14534909
2013-01-11,391.5,15799297
2013-01-14,391.75,8896410
2013-01-15,392.7,16341042
2013-01-16,380.25,21817971
2013-01-17,379.85,22419515
2013-01-18,379.85,13492268
2013-01-21,385.0,5534366
2013-01-22,384.35,7816617
2013-01-23,383.8,10867755
2013-01-24,388.7,12169193
2013-01-25,392.6,19127472
2013-01-28,390.8,12214185
2013-01-29,396.0,11774262
2013-01-30,393.5,10265061
2013-01-31,393.45,13420764
2013-02-01,397.85,14947324
2013-02-04,387.2,9803428
2013-02-05,384.2,12571292
2013-02-06,388.9,7713361
2013-02-07,384.05,5905790
2013-02-08,385.0,6180899
2013-02-11,386.4,5372677
2013-02-12,384.45,8063499
2013-02-13,394.45,14529075
2013-02-14,393.9,10111468
2013-02-15,392.05,12463304
2013-02-18,390.35,6500269
2013-02-19,392.05,8619480
2013-02-20,382.35,19006290
2013-02-21,370.7,21872824
2013-02-22,373.6,19974128
2013-02-25,381.95,20437624
2013-02-26,383.05,17758914
2013-02-27,385.5,10439131
2013-02-28,387.5,19132620
2013-03-01,376.95,28600193
2013-03-04,369.95,29620479
2013-03-05,391.2,28449332
2013-03-06,387.5,11077739
2013-03-07,385.1,11914134
2013-03-08,387.2,11448230
2013-03-11,388.75,6996633
2013-03-12,390.1,9661540
2013-03-13,387.75,12828027
2013-03-14,389.05,13041500
2013-03-15,387.85,26524056
2013-03-18,378.65,9740904
2013-03-19,369.05,11891062
2013-03-20,365.15,11749550
2013-03-21,362.15,17152724
2013-03-22,360.7,20786559
2013-03-25,358.05,9953571
2013-03-26,356.9,10543830
2013-03-27,357.4,18915756
2013-03-28,356.1,24031496
2013-04-02,359.8,17692546
2013-04-03,347.0,15422600
2013-04-04,348.7,13635052
2013-04-05,338.9,13190822
2013-04-08,342.65,8968949
2013-04-09,358.5,10759474
2013-04-10,357.5,10784332
2013-04-11,351.7,7996692
2013-04-12,344.2,8563481
2013-04-15,321.1,24425744
2013-04-16,325.1,46683176
2013-04-17,318.2,19245208
2013-04-18,314.0,16912996
2013-04-19,314.7,18993516
2013-04-22,307.4,18082064
2013-04-23,313.95,15859929
2013-04-24,327.4,20371684
2013-04-25,330.75,16542470
2013-04-26,319.35,11597345
2013-04-29,325.0,21433498
2013-04-30,316.95,66037723
2013-05-01,314.3,7806092
2013-05-02,331.15,36333148
2013-05-03,343.95,68066163
2013-05-07,346.95,42285148
2013-05-08,350.15,23414728
2013-05-09,355.05,15386834
2013-05-10,343.9,23595690
2013-05-13,345.3,23863678
2013-05-14,340.35,22061164
2013-05-15,333.8,20433480
2013-05-16,337.0,18320164
2013-05-17,338.75,27176574
2013-05-20,334.95,16076607
2013-05-21,346.0,31459644
2013-05-22,351.0,31349737
2013-05-23,336.9,30564526
2013-05-24,331.85,18720360
2013-05-28,331.95,17411140
2013-05-29,327.75,17473188
2013-05-30,333.35,17670952
2013-05-31,323.1,35974876
2013-06-03,326.55,16249771
2013-06-04,326.4,14237011
2013-06-05,317.45,23174930
2013-06-06,310.95,18892396
2013-06-07,315.05,23722262
2013-06-10,314.3,18865144
2013-06-11,302.5,37866984
2013-06-12,300.55,20396354
2013-06-13,306.1,25234771
2013-06-14,315.9,25387617
2013-06-17,312.05,18859544
2013-06-18,310.2,16272511
2013-06-19,307.3,18282728
2013-06-20,292.7,28375410
2013-06-21,286.95,54963164
2013-06-24,273.45,25965028
2013-06-25,276.4,23985852
2013-06-26,276.0,31201812
2013-06-27,277.3,22638542
2013-06-28,272.15,26953262
2013-07-01,279.7,20639738
2013-07-02,276.0,15684222
2013-07-03,269.0,21772866
2013-07-04,274.75,19562104
2013-07-05,256.85,34245063
2013-07-08,257.65,20132284
2013-07-09,264.25,21592372
2013-07-10,257.65,21417844
2013-07-11,266.3,40335412
2013-07-12,260.45,25891643
2013-07-15,261.85,29028972
2013-07-16,264.55,24886296
2013-07-17,271.95,23391920
2013-07-18,273.3,22540156
2013-07-19,272.4,18068300
2013-07-22,269.0,15758088
2013-07-23,282.7,34985308
2013-07-24,287.25,47107862
2013-07-25,280.8,16602355
2013-07-26,281.0,15849384
2013-07-29,280.8,15361435
2013-07-30,278.6,11807822
2013-07-31,277.5,14467227
2013-08-01,289.55,24545452
2013-08-02,287.85,14562777
2013-08-05,289.6,11594858
2013-08-06,275.65,29292750
2013-08-07,270.45,20503400
2013-08-08,280.4,25697800
2013-08-09,297.5,40775222
2013-08-12,301.4,24479016
2013-08-13,307.45,29894853
2013-08-14,308.2,23197159
2013-08-15,301.8,24469924
2013-08-16,308.35,23890954
2013-08-19,301.95,18724581
2013-08-20,297.15,28573544
2013-08-21,304.75,32687132
2013-08-22,313.85,28718543
2013-08-23,317.0,25469030
2013-08-27,314.2,31033756
2013-08-28,311.35,17308483
2013-08-29,308.05,16126812
2013-08-30,305.2,50680984
2013-09-02,312.05,15702270
2013-09-03,312.2,13708864
2013-09-04,315.35,15477341
2013-09-05,316.05,18308920
2013-09-06,318.35,20200878
2013-09-09,321.3,19337648
2013-09-10,328.75,40241470
2013-09-11,339.0,37968710
2013-09-12,343.65,36865960
2013-09-13,341.5,30436488
2013-09-16,341.9,18479990
2013-09-17,334.2,34333544
2013-09-18,331.2,19099572
2013-09-19,340.3,36696284
2013-09-20,340.45,102061792
2013-09-23,336.65,13765163
2013-09-24,338.1,15356949
2013-09-25,339.45,18171402
2013-09-26,344.75,21560962
2013-09-27,344.0,24055984
2013-09-30,336.7,21007534
2013-10-01,330.5,22657448
2013-10-02,334.15,16786312
2013-10-03,330.0,10992176
2013-10-04,331.0,10306217
2013-10-07,331.45,12750744
2013-10-08,327.3,15050413
2013-10-09,322.55,15752832
2013-10-10,326.65,17704956
2013-10-11,335.9,21701788
2013-10-14,331.2,18923352
2013-10-15,336.0,18587416
2013-10-16,331.2,19579226
2013-10-17,330.5,14088137
2013-10-18,334.9,21181336
2013-10-21,337.95,11309286
2013-10-22,341.55,19136180
2013-10-23,340.2,20017964
2013-10-24,340.2,18185360
2013-10-25,342.5,21390146
2013-10-28,340.95,27858132
2013-10-29,342.25,14085008
2013-10-30,345.05,22274702
2013-10-31,340.0,30754336
2013-11-01,332.25,28108884
2013-11-04,335.4,20245732
2013-11-05,341.8,25151872
2013-11-06,341.9,16846768
2013-11-07,333.0,45944063
2013-11-08,331.3,23510826
2013-11-11,330.75,11652074
2013-11-12,331.5,16588323
2013-11-13,324.9,34173728
2013-11-14,324.2,29243109
2013-11-15,324.05,22632484
2013-11-18,326.9,13780138
2013-11-19,321.0,20683422
2013-11-20,318.8,22936792
2013-11-21,315.25,20270124
2013-11-22,311.8,20399728
2013-11-25,312.05,14432622
2013-11-26,304.8,45014032
2013-11-27,307.15,16992672
2013-11-28,312.25,14824695
2013-11-29,309.85,14497573
2013-12-02,306.0,23409816
2013-12-03,304.3,25740912
2013-12-04,305.1,18072216
2013-12-05,305.6,16282207
2013-12-06,306.55,18905084
2013-12-09,307.9,19326734
2013-12-10,306.2,16915399
2013-12-11,304.95,17885196
2013-12-12,300.2,23122299
2013-12-13,301.05,18887884
2013-12-16,305.4,15737884
2013-12-17,308.0,16779255
2013-12-18,306.75,17938155
2013-12-19,307.85,28658740
2013-12-20,306.4,59070513
2013-12-23,310.05,13072605
2013-12-24,308.05,7784803
2013-12-27,315.7,13510329
2013-12-30,316.35,10535568
2013-12-31,312.7,16451055
2014-01-02,310.5,19010184
2014-01-03,307.5,14695260
2014-01-06,306.3,15701167
2014-01-07,308.85,21325673
2014-01-08,314.8,21049324
2014-01-09,309.65,21725768
2014-01-10,318.75,38988497
2014-01-13,318.95,17541375
2014-01-14,317.4,13849749
2014-01-15,319.45,17555874
2014-01-16,327.2,30173839
2014-01-17,338.15,49449833
2014-01-20,338.0,25886575
2014-01-21,333.7,25144904
2014-01-22,335.0,22087067
2014-01-23,332.1,24339358
2014-01-24,325.4,32590441
2014-01-27,321.3,23133941
2014-01-28,323.8,19459344
2014-01-29,323.8,33807085
2014-01-30,323.65,20506133
2014-01-31,322.5,27394017
2014-02-03,314.9,34117706
2014-02-04,313.25,29452278
2014-02-05,313.0,23891465
2014-02-06,322.5,31500431
2014-02-07,325.4,25688318
2014-02-10,326.05,14062508
2014-02-11,332.85,32098652
2014-02-12,337.15,41268682
2014-02-13,332.05,33461264
2014-02-14,338.1,25877905
2014-02-17,344.05,28364860
2014-02-18,345.4,31792883
2014-02-19,347.85,26874399
2014-02-20,340.45,33156727
2014-02-21,339.05,35102241
2014-02-24,336.5,28271022
2014-02-25,334.0,52771357
2014-02-26,329.85,26373971
2014-02-27,329.7,27654438
2014-02-28,329.2,22978142
2014-03-03,326.25,27223668
2014-03-04,331.85,43519662
2014-03-05,332.2,22609879
2014-03-06,339.95,27683182
2014-03-07,324.85,40645783
2014-03-10,317.0,48670961
2014-03-11,313.2,50544799
2014-03-12,309.5,55353311
2014-03-13,304.7,28198830
2014-03-14,297.0,51900519
2014-03-17,306.6,41471848
2014-03-18,311.45,37811343
2014-03-19,301.3,37374666
2014-03-20,301.35,29492499
2014-03-21,303.6,50992543
2014-03-24,305.75,21326944
2014-03-25,312.0,24206837
2014-03-26,311.1,19491247
2014-03-27,307.1,24275456
2014-03-28,313.25,18919576
2014-03-31,308.8,23972192
2014-04-01,309.4,21543233
2014-04-02,313.3,24698398
2014-04-03,313.25,19619117
2014-04-04,318.7,22063078
2014-04-07,316.65,22850963
2014-04-08,316.0,29137523
2014-04-09,312.75,26572575
2014-04-10,314.3,17765259
2014-04-11,311.6,19000617
2014-04-14,317.9,26938148
2014-04-15,312.4,20558013
2014-04-16,313.95,19029858
2014-04-17,314.15,21223792
2014-04-22,314.85,20354833
2014-04-23,315.05,13838791
2014-04-24,316.0,18143555
2014-04-25,316.0,12809795
2014-04-28,312.55,16915695
2014-04-29,315.55,14411373
2014-04-30,318.5,55779305
2014-05-01,316.05,11042701
2014-05-02,319.25,21762234
2014-05-06,320.75,23041998
2014-05-07,323.4,17291516
2014-05-08,326.6,21785805
2014-05-09,325.5,13346781
2014-05-12,329.55,23521829
2014-05-13,330.65,32914812
2014-05-14,327.4,15484680
2014-05-15,326.4,28451339
2014-05-16,325.6,22789591
2014-05-19,327.6,15880896
2014-05-20,327.5,17376199
2014-05-21,326.45,22220831
2014-05-22,328.8,18608213
2014-05-23,329.63,9708970
2014-05-27,328.6,13484800
2014-05-28,328.0,13040929
2014-05-29,328.25,9597347
2014-05-30,323.35,26895835
2014-06-02,327.85,16966351
2014-06-03,325.1,19648083
2014-06-04,324.8,17909296
2014-06-05,324.5,17456834
2014-06-06,325.0,14991097
2014-06-09,326.3,7661844
2014-06-10,323.2,23752380
2014-06-11,324.2,17178134
2014-06-12,320.0,18052987
2014-06-13,318.0,17038711
2014-06-16,322.5,25615156
2014-06-17,325.3,28942683
2014-06-18,325.65,14871184
2014-06-19,325.4,15631287
2014-06-20,328.0,34578914
2014-06-23,329.45,21223724
2014-06-24,328.05,17175712
2014-06-25,324.15,16681675
2014-06-26,324.55,11440969
2014-06-27,324.1,14139295
2014-06-30,325.55,17601425
2014-07-01,333.2,28030380
2014-07-02,336.0,20888260
2014-07-03,341.5,32778968
2014-07-04,342.2,17007921
2014-07-07,342.5,19619970
2014-07-08,344.1,33021325
2014-07-09,346.1,19760940
2014-07-10,342.7,25848384
2014-07-11,343.3,16573529
2014-07-14,347.0,21421790
2014-07-15,346.4,23897997
2014-07-16,359.0,43866110
2014-07-17,354.0,36907872
2014-07-18,356.9,22675413
2014-07-21,358.35,28003484
2014-07-22,369.5,41324580
2014-07-23,373.0,32947392
2014-07-24,375.9,25372844
2014-07-25,377.5,20678249
2014-07-28,371.95,24982018
2014-07-29,376.05,17921935
2014-07-30,371.5,28988351
2014-07-31,360.05,29857469
2014-08-01,356.15,40572184
2014-08-04,359.75,13915735
2014-08-05,359.35,17471518
2014-08-06,360.05,25993107
2014-08-07,358.3,20381370
2014-08-08,365.0,24798482
2014-08-11,373.6,25411862
2014-08-12,375.0,22355262
2014-08-13,365.5,28564347
2014-08-14,360.65,23496409
2014-08-15,358.8,19491815
2014-08-18,364.1,15877357
2014-08-19,358.95,22216509
2014-08-20,360.5,30387515
2014-08-21,362.0,23133599
2014-08-22,360.1,19521155
2014-08-26,363.25,22385908
2014-08-27,366.75,23372189
2014-08-28,360.5,25505086
2014-08-29,362.4,22874807
2014-09-01,361.85,11110897
2014-09-02,367.55,25064703
2014-09-03,369.8,29824646
2014-09-04,371.45,21949414
2014-09-05,367.0,21684822
2014-09-08,368.8,15478312
2014-09-09,366.0,24339299
2014-09-10,362.45,21354768
2014-09-11,361.1,22778572
2014-09-12,358.75,35007205
2014-09-15,355.5,25127776
2014-09-16,353.05,26874492
2014-09-17,355.2,24520319
2014-09-18,357.8,24484630
2014-09-19,359.45,109268468
2014-09-22,341.9,48622092
2014-09-23,344.25,32458502
2014-09-24,349.3,29586998
2014-09-25,342.1,32286223
2014-09-26,340.25,27761947
2014-09-29,339.5,18077279
2014-09-30,343.2,37524266
2014-10-01,336.45,27824594
2014-10-02,330.25,27644713
2014-10-03,332.6,28190878
2014-10-06,339.35,25824172
2014-10-07,331.05,59566747
2014-10-08,326.65,31802764
2014-10-09,321.75,42705763
2014-10-10,312.25,62683555
2014-10-13,320.6,46885466
2014-10-14,326.15,37089862
2014-10-15,316.25,43064344
2014-10-16,317.4,55564222
2014-10-17,321.4,35355608
2014-10-20,318.2,18145447
2014-10-21,323.3,29162672
2014-10-22,320.7,25771512
2014-10-23,321.4,24673837
2014-10-24,316.95,24147573
2014-10-27,312.65,25212175
2014-10-28,319.45,23262210
2014-10-29,323.7,23386105
2014-10-30,317.1,40167383
2014-10-31,319.9,30775724
2014-11-03,314.95,33771332
2014-11-04,310.6,43545119
2014-11-05,315.0,29608267
2014-11-06,319.0,43649224
2014-11-07,325.3,30981183
2014-11-10,327.05,24793345
2014-11-11,327.05,19830932
2014-11-12,330.05,22587347
2014-11-13,328.95,38553230
2014-11-14,328.35,24637250
2014-11-17,331.75,14558905
2014-11-18,331.65,22712632
2014-11-19,328.65,25584961
2014-11-20,323.45,26820365
2014-11-21,336.25,83777895
2014-11-24,332.5,25393907
2014-11-25,331.3,23711589
2014-11-26,331.1,21194581
2014-11-27,327.2,22501281
2014-11-28,320.4,47363200
2014-12-01,317.0,42129235
2014-12-02,319.8,23573896
2014-12-03,322.6,17365965
2014-12-04,319.7,19644182
2014-12-05,316.5,21176781
2014-12-08,314.15,28187523
2014-12-09,311.95,32597217
2014-12-10,306.3,26986958
2014-12-11,294.85,38356395
2014-12-12,288.0,38048090
2014-12-15,280.0,61021365
2014-12-16,286.45,48756051
2014-12-17,292.45,29508394
2014-12-18,290.0,39807289
2014-12-19,297.9,37021440
2014-12-22,297.2,16757792
2014-12-23,300.95,15160751
2014-12-24,300.4,28284506
2014-12-29,302.0,16333226
2014-12-30,300.0,13738907
2014-12-31,298.8,5412272
2015-01-02,297.1,15960991
2015-01-05,282.5,32667636
2015-01-06,284.1,27900210
2015-01-07,284.8,19080066
2015-01-08,292.45,24402752
2015-01-09,286.2,21976448
2015-01-12,279.45,21287886
2015-01-13,268.95,38672445
2015-01-14,244.0,108529833
2015-01-15,240.6,60610837
2015-01-16,252.55,50166070
2015-01-19,247.7,27248991
2015-01-20,257.45,37921292
2015-01-21,258.0,68163513
2015-01-22,264.8,49183230
2015-01-23,249.4,56609731
2015-01-26,252.7,39043170
2015-01-27,254.15,32130512
2015-01-28,257.95,31929127
2015-01-29,250.4,34969527
2015-01-30,248.9,43383492
2015-02-02,253.1,34289949
2015-02-03,269.35,66285366
2015-02-04,267.0,54855831
2015-02-05,268.85,31885371
2015-02-06,265.4,30284085
2015-02-09,275.6,33934489
2015-02-10,271.05,42682546
2015-02-11,271.7,27996455
2015-02-12,276.9,27199138
2015-02-13,286.6,35303367
2015-02-16,289.75,20771243
2015-02-17,287.45,33912852
2015-02-18,289.45,28862419
2015-02-19,283.55,26327850
2015-02-20,292.1,38818187
2015-02-23,287.1,27291115
2015-02-24,295.4,34748602
2015-02-25,299.1,27293767
2015-02-26,299.7,35300659
2015-02-27,300.25,26100173
2015-03-02,300.55,39872569
2015-03-03,291.2,35604115
2015-03-04,283.25,56963958
2015-03-05,291.85,38466966
2015-03-06,289.5,43414490
2015-03-09,296.9,32061759
2015-03-10,287.4,60155828
2015-03-11,285.65,64084180
2015-03-12,285.75,37220552
2015-03-13,277.35,40434712
2015-03-16,276.9,31605611
2015-03-17,282.35,36351070
2015-03-18,281.3,40542743
2015-03-19,285.75,43013463
2015-03-20,299.3,64727606
2015-03-23,307.1,40129990
2015-03-24,301.35,41121648
2015-03-25,302.05,24141212
2015-03-26,297.2,33118803
2015-03-27,288.15,40050444
2015-03-30,291.85,27679753
2015-03-31,285.9,39252407
2015-04-01,284.1,31431828
2015-04-02,280.75,25864106
2015-04-07,290.65,28358030
2015-04-08,287.0,25047400
2015-04-09,288.85,25683440
2015-04-10,289.65,28578378
2015-04-13,285.15,27760981
2015-04-14,293.35,30962326
2015-04-15,298.9,37929695
2015-04-16,302.1,46007573
2015-04-17,298.55,34727020
2015-04-20,303.0,31728678
2015-04-21,303.0,32089698
2015-04-22,302.25,39683287
2015-04-23,303.3,41001034
2015-04-24,311.2,57555670
2015-04-27,312.2,25791715
2015-04-28,314.9,32583933
2015-04-29,313.8,36901531
2015-04-30,310.25,35637690
2015-05-01,312.65,30763210
2015-05-05,314.35,46547341
2015-05-06,310.45,35651122
2015-05-07,303.35,39378550
2015-05-08,302.6,38354832
2015-05-11,306.0,33874978
2015-05-12,302.0,43435613
2015-05-13,300.9,28814476
2015-05-14,298.7,21923278
2015-05-15,293.3,28971794
2015-05-18,297.0,27544706
2015-05-19,289.65,49579568
2015-05-20,292.5,21093416
2015-05-21,293.5,20301939
2015-05-22,292.4,24610847
2015-05-26,289.75,25528350
2015-05-27,286.75,31051215
2015-05-28,285.75,35868119
2015-05-29,287.95,37889713
2015-06-01,281.75,34588624
2015-06-02,286.35,50053898
2015-06-03,289.0,25797803
2015-06-04,281.4,35571384
2015-06-05,277.4,43680193
2015-06-08,274.8,22183538
2015-06-09,275.3,25661533
2015-06-10,280.3,46748250
2015-06-11,281.25,35657396
2015-06-12,282.6,29605461
2015-06-15,278.25,27033130
2015-06-16,274.2,21888760
2015-06-17,271.85,26103561
2015-06-18,276.35,35955396
2015-06-19,271.55,43682652
2015-06-22,273.6,25908940
2015-06-23,274.9,25632644
2015-06-24,278.0,23982476
2015-06-25,273.55,24784329
2015-06-26,266.55,29600465
2015-06-29,263.05,30549639
2015-06-30,255.3,35531531
2015-07-01,253.0,45098025
2015-07-02,255.75,32327194
2015-07-03,252.65,20245568
2015-07-06,247.6,35608484
2015-07-07,230.6,66904152
2015-07-08,237.9,57486135
2015-07-09,240.95,36096012
2015-07-10,245.05,45273281
2015-07-13,250.4,29202447
2015-07-14,248.55,29721480
2015-07-15,245.2,28076737
2015-07-16,245.35,31973527
2015-07-17,243.1,36972873
2015-07-20,240.55,21024306
2015-07-21,241.05,23307216
2015-07-22,228.0,53433622
2015-07-23,220.05,49811370
2015-07-24,210.15,53210743
2015-07-27,205.6,53291922
2015-07-28,212.55,56082486
2015-07-29,213.0,46545175
2015-07-30,211.0,38535562
2015-07-31,208.0,42224018
2015-08-03,200.35,55886625
2015-08-04,200.15,52143362
2015-08-05,203.3,53434131
2015-08-06,199.3,48597551
2015-08-07,203.2,50802219
2015-08-10,205.95,32918633
2015-08-11,191.0,78937989
2015-08-12,180.2,107528465
2015-08-13,176.8,68373042
2015-08-14,172.85,61756901
2015-08-17,170.0,51493174
2015-08-18,176.1,75283770
2015-08-19,158.95,134660772
2015-08-20,162.85,104482711
2015-08-21,158.55,81131346
2015-08-24,137.9,143568218
2015-08-25,144.3,125789041
2015-08-26,138.9,85772199
2015-08-27,145.35,142382764
2015-08-28,148.3,102443244
2015-09-01,133.5,146921940
2015-09-02,122.8,130834806
2015-09-03,130.95,94084244
2015-09-04,123.15,95394497
2015-09-07,131.8,100913994
2015-09-08,137.6,94400899
2015-09-09,144.2,110509190
2015-09-10,132.9,84372107
2015-09-11,133.8,47433167
2015-09-14,127.9,55276073
2015-09-15,128.05,86916028
2015-09-16,134.7,166786485
2015-09-17,132.15,78390891
2015-09-18,126.0,171283269
2015-09-21,119.0,111806808
2015-09-22,106.35,181407343
2015-09-23,109.1,132721929
2015-09-24,98.61,129125590
2015-09-25,97.22,148740254
2015-09-28,68.62,298628967
2015-09-29,80.25,251299806
2015-09-30,91.55,180386969
2015-10-01,91.02,145350422
2015-10-02,95.0,106577062
2015-10-05,115.0,199431176
2015-10-06,117.85,114117697
2015-10-07,124.0,151838492
2015-10-08,120.65,113140702
2015-10-09,129.1,123996069
2015-10-12,121.15,69051483
2015-10-13,118.05,82852365
2015-10-14,120.0,57381288
2015-10-15,117.75,57882642
2015-10-16,116.0,51336266
2015-10-19,110.0,60340890
2015-10-20,113.5,56907798
2015-10-21,110.55,55972311
2015-10-22,117.1,66269623
2015-10-23,119.15,91183879
2015-10-26,115.95,40325295
2015-10-27,112.05,46890921
2015-10-28,115.45,70605363
2015-10-29,110.8,57417779
2015-10-30,112.5,52665977
2015-11-02,115.6,35804881
2015-11-03,119.45,61691432
2015-11-04,125.85,90052465
2015-11-05,121.5,82656129
2015-11-06,115.85,88939967
2015-11-09,109.7,63962921
2015-11-10,105.05,78504165
2015-11-11,103.85,61003573
2015-11-12,95.92,115080827
2015-11-13,93.11,68509941
2015-11-16,89.54,83202198
2015-11-17,88.83,83957355
2015-11-18,93.31,90747033
2015-11-19,94.05,95029512
2015-11-20,92.33,72137178
2015-11-23,90.42,66640226
2015-11-24,93.98,71059665
2015-11-25,90.58,61662458
2015-11-26,95.88,49127038
2015-11-27,91.88,89490178
2015-11-30,96.71,82881286
2015-12-01,94.48,58939623
2015-12-02,93.5,47172795
2015-12-03,90.22,63075723
2015-12-04,87.29,80379893
2015-12-07,85.36,57743215
2015-12-08,79.45,102754224
2015-12-09,83.08,94715920
2015-12-10,88.9,149976464
2015-12-11,85.37,79674576
2015-12-14,80.0,75486018
2015-12-15,82.37,83204162
2015-12-16,84.35,67257373
2015-12-17,80.86,75561777
2015-12-18,80.86,112565941
2015-12-21,83.05,58853107
2015-12-22,85.84,54587208
2015-12-23,93.09,74460247
2015-12-24,92.4,19615189
2015-12-29,93.1,53800162
2015-12-30,89.8,46835929
2015-12-31,90.48,13811685
2016-01-04,85.27,50153069
2016-01-05,88.26,47396932
2016-01-06,85.85,68430671
2016-01-07,78.71,112820681
2016-01-08,77.48,70280730
2016-01-11,73.43,68568227
2016-01-12,72.0,104098330
2016-01-13,71.87,73790102
2016-01-14,78.62,113229041
2016-01-15,73.5,108736168
2016-01-18,75.15,55490506
2016-01-19,78.98,98806421
2016-01-20,71.2,119153346
2016-01-21,82.25,172432829
2016-01-22,78.58,108833043
2016-01-25,80.85,70868810
2016-01-26,87.1,87855252
2016-01-27,92.03,95204865
2016-01-28,90.45,101165658
2016-01-29,89.48,72499156
2016-02-01,87.99,57761076
2016-02-02,83.15,67562467
2016-02-03,85.95,74710643
2016-02-04,99.68,129653990
2016-02-05,102.15,144683564
2016-02-08,102.8,86106379
2016-02-09,94.44,77982389
2016-02-10,93.5,82227940
2016-02-11,87.68,65981773
2016-02-12,98.46,91697531
2016-02-15,101.2,53329551
2016-02-16,102.95,79030746
2016-02-17,120.0,153949280
2016-02-18,117.9,83380003
2016-02-19,118.4,57523473
2016-02-22,132.4,79492342
2016-02-23,129.45,71793596
2016-02-24,116.35,72566422
2016-02-25,118.8,63443037
2016-02-26,128.25,84216948
2016-02-29,133.25,73319758
2016-03-01,130.5,94329592
2016-03-02,135.4,77606981
2016-03-03,143.0,160623120
2016-03-04,160.0,133983140
2016-03-07,170.75,134572375
2016-03-08,139.75,136025949
2016-03-09,143.25,82961844
2016-03-10,137.25,82033129
2016-03-11,141.7,71293540
2016-03-14,147.9,74388869
2016-03-15,140.85,68288815
2016-03-16,144.3,54447562
2016-03-17,158.0,101999782
2016-03-18,160.8,114684980
2016-03-21,159.9,45266291
2016-03-22,159.85,48717474
2016-03-23,153.5,66198016
2016-03-24,151.2,54838894
2016-03-29,143.8,50036277
2016-03-30,151.55,72405505
2016-03-31,157.3,69028665
2016-04-01,149.75,61670701
2016-04-04,149.8,40252417
2016-04-05,141.85,66985386
2016-04-06,140.1,75447567
2016-04-07,132.1,72404277
2016-04-08,136.8,50583035
2016-04-11,141.5,49638443
2016-04-12,148.55,73680066
2016-04-13,158.5,93071177
2016-04-14,158.0,84563581
2016-04-15,155.65,68791581
2016-04-18,158.05,62293354
2016-04-19,169.9,101425702
2016-04-20,170.65,110991584
2016-04-21,166.75,99257858
2016-04-22,161.8,60931728
2016-04-25,155.0,64993308
2016-04-26,152.0,55149826
2016-04-27,153.0,72651787
2016-04-28,156.45,50602100
2016-04-29,162.9,79774300
2016-05-03,149.8,72673433
2016-05-04,145.05,69864279
2016-05-05,145.45,35826291
2016-05-06,145.6,63455933
2016-05-09,132.55,90608714
2016-05-10,133.9,73865754
2016-05-11,136.85,47986903
2016-05-12,131.1,54419225
2016-05-13,131.15,51784837
2016-05-16,133.6,34398052
2016-05-17,136.5,53604443
2016-05-18,132.95,67539117
2016-05-19,128.1,76326102
2016-05-20,128.65,47817862
2016-05-23,128.8,42175896
2016-05-24,129.7,51365735
2016-05-25,133.4,55916830
2016-05-26,135.95,55926251
2016-05-27,134.3,43916525
2016-05-31,131.1,53045577
2016-06-01,128.9,54024796
2016-06-02,128.55,44529345
2016-06-03,135.65,71352235
2016-06-06,144.1,72048157
2016-06-07,140.0,73670470
2016-06-08,145.7,63506128
2016-06-09,137.95,59138044
2016-06-10,134.1,54228276
2016-06-13,132.9,40082103
2016-06-14,128.15,54071513
2016-06-15,136.5,57756055
2016-06-16,138.45,53607509
2016-06-17,140.55,70780169
2016-06-20,146.35,63186030
2016-06-21,146.1,47624258
2016-06-22,148.85,63881797
2016-06-23,152.95,61017340
2016-06-24,139.45,112862220
2016-06-27,135.55,69813306
2016-06-28,138.45,58351503
2016-06-29,146.7,60695094
2016-06-30,152.85,85379167
2016-07-01,155.95,63877297
2016-07-04,162.75,61753370
2016-07-05,157.85,52263007
2016-07-06,159.65,62350327
2016-07-07,165.9,68077362
2016-07-08,167.3,49345295
2016-07-11,177.8,80456902
2016-07-12,186.0,84208384
2016-07-13,187.0,98922204
2016-07-14,186.65,51257739
2016-07-15,185.95,43286970
2016-07-18,186.4,44722296
2016-07-19,179.9,46455788
2016-07-20,176.2,63592712
2016-07-21,182.95,63115426
2016-07-22,184.4,38646396
2016-07-25,185.4,30434806
2016-07-26,186.9,31442792
2016-07-27,189.7,40578384
2016-07-28,185.7,43217017
2016-07-29,186.75,37905028
2016-08-01,188.0,29568013
2016-08-02,185.8,35447113
2016-08-03,184.4,35108339
2016-08-04,188.5,50577313
2016-08-05,191.85,50269467
2016-08-08,195.25,46656814
2016-08-09,195.95,42048386
2016-08-10,195.25,35113647
2016-08-11,200.0,41884772
2016-08-12,196.15,51894511
2016-08-15,193.0,46115619
2016-08-16,196.9,42069818
2016-08-17,192.6,37498107
2016-08-18,196.2,40359683
2016-08-19,188.55,49753911
2016-08-22,184.35,41541860
2016-08-23,189.8,30589724
2016-08-24,184.0,68180003
2016-08-25,179.25,56380972
2016-08-26,185.0,48861076
2016-08-30,177.05,51645143
2016-08-31,174.05,49146782
2016-09-01,177.1,46219478
2016-09-02,181.75,60107344
2016-09-05,181.3,30479824
2016-09-06,183.25,35062336
2016-09-07,186.3,70481618
2016-09-08,185.65,43788106
2016-09-09,184.85,40792629
2016-09-12,180.85,51380623
2016-09-13,177.05,55536223
2016-09-14,181.45,55448774
2016-09-15,183.0,40620696
2016-09-16,185.0,66511031
2016-09-19,196.5,66770847
2016-09-20,197.0,54534873
2016-09-21,197.1,39981888
2016-09-22,207.9,77203372
2016-09-23,211.5,73709493
2016-09-26,209.75,47158030
2016-09-27,208.25,42488945
2016-09-28,209.35,36991603
2016-09-29,215.85,64712673
2016-09-30,212.15,72907829
2016-10-03,214.95,43159028
2016-10-04,217.45,80237061
2016-10-05,214.95,47665445
2016-10-06,214.45,39029788
2016-10-07,223.6,68149609
2016-10-10,228.0,48296510
2016-10-11,221.9,54737570
2016-10-12,236.2,126921993
2016-10-13,230.85,119393106
2016-10-14,228.25,52835383
2016-10-17,229.9,40290101
2016-10-18,237.3,59563896
2016-10-19,238.8,52315326
2016-10-20,237.05,55165956
2016-10-21,237.55,41538158
2016-10-24,237.6,48070271
2016-10-25,246.15,70638425
2016-10-26,240.85,50982931
2016-10-27,243.4,46848375
2016-10-28,244.5,50616153
2016-10-31,250.0,43471361
2016-11-01,246.45,44700169
2016-11-02,246.95,45797531
2016-11-03,241.6,46395732
2016-11-04,237.8,40533620
2016-11-07,251.2,59786376
2016-11-08,252.95,49628576
2016-11-09,270.25,111815240
2016-11-10,285.0,134417392
2016-11-11,279.35,92008684
2016-11-14,282.8,58859901
2016-11-15,267.4,76078687
2016-11-16,266.3,54070453
2016-11-17,267.65,51682380
2016-11-18,261.9,52417949
2016-11-21,268.15,42649674
2016-11-22,282.45,56656980
2016-11-23,286.05,78060036
2016-11-24,288.6,33763953
2016-11-25,283.3,29908870
2016-11-28,285.0,43049305
2016-11-29,281.35,38391992
2016-11-30,279.3,78423454
2016-12-01,283.55,62069651
2016-12-02,277.9,33551536
2016-12-05,290.25,58313219
2016-12-06,286.0,56551897
2016-12-07,296.75,63043110
2016-12-08,302.65,83977127
2016-12-09,300.0,48508958
2016-12-12,290.25,61328027
2016-12-13,284.35,48842899
2016-12-14,279.55,50041083
2016-12-15,272.05,80535142
2016-12-16,268.4,80743082
2016-12-19,268.4,40478428
2016-12-20,272.65,45153614
2016-12-21,271.65,30957791
2016-12-22,272.0,29204685
2016-12-23,270.65,9256564
2016-12-28,276.9,29951002
2016-12-29,275.5,26446070
2016-12-30,277.35,18774321
2017-01-03,285.4,56999343
2017-01-04,282.85,34942934
2017-01-05,290.85,53283272
2017-01-06,288.45,40496442
2017-01-09,298.7,51123143
2017-01-10,307.2,64523210
2017-01-11,310.0,48955770
2017-01-12,312.5,62228527
2017-01-13,316.7,50333503
2017-01-16,321.9,35540022
2017-01-17,315.2,40385098
2017-01-18,317.8,50518343
2017-01-19,316.1,49293208
2017-01-20,318.35,39622753
2017-01-23,320.4,53561653
2017-01-24,326.9,72873036
2017-01-25,327.0,54695450
2017-01-26,320.45,44465565
2017-01-27,327.35,39754113
2017-01-30,321.55,33727730
2017-01-31,326.45,55625282
2017-02-01,326.65,40717991
2017-02-02,325.0,54937036
2017-02-03,309.5,53442594
2017-02-06,310.8,32779449
2017-02-07,317.85,48648774
2017-02-08,312.1,56644247
2017-02-09,312.2,41707091
2017-02-10,320.75,67147364
2017-02-13,328.95,61438534
2017-02-14,326.4,54586513
2017-02-15,326.55,36379053
2017-02-16,324.5,37352103
2017-02-17,319.45,52571619
2017-02-20,327.0,27541267
2017-02-21,328.15,36921379
2017-02-22,325.75,45738920
2017-02-23,331.35,94751582
2017-02-24,327.5,81604659
2017-02-27,325.7,41474923
2017-02-28,322.05,45231077
2017-03-01,337.75,54207683
2017-03-02,335.9,38316336
2017-03-03,338.25,43244309
2017-03-06,326.5,38405440
2017-03-07,320.0,45212658
2017-03-08,318.65,37625931
2017-03-09,307.0,68152707
2017-03-10,310.55,52783748
2017-03-13,314.9,33948024
2017-03-14,316.05,45242971
2017-03-15,325.1,54943883
2017-03-16,341.4,92161851
2017-03-17,342.3,74062901
2017-03-20,344.7,30873070
2017-03-21,330.1,64226310
2017-03-22,329.55,53872296
2017-03-23,321.65,49095400
2017-03-24,319.75,33116008
2017-03-27,305.75,54013359
2017-03-28,311.6,36319329
2017-03-29,313.0,34654425
2017-03-30,317.5,36857951
2017-03-31,313.15,41691172
2017-04-03,313.6,46440724
2017-04-04,320.2,39219637
2017-04-05,321.95,35735730
2017-04-06,319.35,35509573
2017-04-07,321.1,36561543
2017-04-10,318.65,23266670
2017-04-11,320.4,34198640
2017-04-12,310.0,65277393
2017-04-13,309.05,38689106
2017-04-18,291.8,78149163
2017-04-19,296.3,45961508
2017-04-20,300.45,32071571
2017-04-21,298.65,53219330
2017-04-24,305.5,35981980
2017-04-25,312.2,42824665
2017-04-26,309.4,44276979
2017-04-27,299.65,48233420
2017-04-28,303.65,36093765
2017-05-02,297.85,54515242
2017-05-03,286.8,86775891
2017-05-04,277.2,73043546
2017-05-05,289.05,58600181
2017-05-08,284.45,45407064
2017-05-09,290.9,44422573
2017-05-10,288.65,47493009
2017-05-11,290.05,71010968
2017-05-12,285.0,42622508
2017-05-15,294.0,63578242
2017-05-16,296.65,51466377
2017-05-17,290.0,47721049
2017-05-18,291.0,58624524
2017-05-19,295.15,55244512
2017-05-22,296.5,26710970
2017-05-23,291.95,36413021
2017-05-24,291.75,43474382
2017-05-25,291.4,28989345
2017-05-26,292.5,26784773
2017-05-30,292.0,55333320
2017-05-31,285.1,72137180
2017-06-01,286.05,42149584
2017-06-02,286.75,47535350
2017-06-05,283.4,30859653
2017-06-06,282.7,53437396
2017-06-07,283.0,47319062
2017-06-08,288.9,49472438
2017-06-09,295.0,37222380
2017-06-12,294.15,32535646
2017-06-13,294.3,57507869
2017-06-14,286.65,46563186
2017-06-15,283.05,50853103
2017-06-16,279.75,64820678
2017-06-19,287.95,20721485
2017-06-20,276.6,6280427
2017-06-21,281.45,7919149
2017-06-22,281.85,9364557
2017-06-23,279.5,5265749
2017-06-26,277.419,23907058
2017-06-27,286.719,8176054
2017-06-28,284.05,9664451
2017-06-29,290.4,14225238
2017-06-30,287.2,10542757
2017-07-03,301.6,52293875
2017-07-04,303.6,34494209
2017-07-05,307.4,57249008
2017-07-06,299.65,42546649
2017-07-07,297.25,25895712
2017-07-10,301.05,25909033
2017-07-11,301.05,
2017-07-12,315.0,59301553
2017-07-13,314.55,45791181
2017-07-14,316.1,26300321
2017-07-17,320.8,35704218
2017-07-18,321.25,33391387
2017-07-19,322.0,30288747
2017-07-20,318.7,42709793
2017-07-21,313.55,34637045
2017-07-24,312.65,35276707
2017-07-25,330.65,69664128
2017-07-26,329.65,49017244
2017-07-27,330.7,49935494
2017-07-28,331.25,37618198
2017-07-31,334.15,47211874
2017-08-01,336.4,30599797
2017-08-02,332.4,33453070
2017-08-03,335.15,37485248
2017-08-04,337.8,39624282
2017-08-07,346.55,47477701
2017-08-08,347.2,39854466
2017-08-09,339.8,47920878
2017-08-10,331.45,47340397
2017-08-11,322.0,67888989
2017-08-14,331.9,44449278
2017-08-15,331.25,29525697
2017-08-16,345.25,46535100
2017-08-17,345.0,44212790
2017-08-18,343.45,48949847
2017-08-21,341.3,30027969
2017-08-22,348.6,55356076
2017-08-23,353.1,50589043
2017-08-24,353.9,41576351
2017-08-25,352.8,32535692
2017-08-29,352.95,43388024
2017-08-30,356.7,49448683
2017-08-31,359.5,46539131
2017-09-01,367.0,36946738
2017-09-04,367.1,29677323
2017-09-05,363.0,35775489
2017-09-06,365.8,38273994
2017-09-07,368.5,31455103
2017-09-08,363.05,52652524
2017-09-11,369.3,47531932
2017-09-12,372.5,68994584
2017-09-13,363.6,47195066
2017-09-14,351.6,63543349
2017-09-15,344.5,73562873
2017-09-18,346.6,34752833
2017-09-19,346.1,40238251
2017-09-20,348.75,26704746
2017-09-21,346.55,39255485
2017-09-22,347.15,35266710
2017-09-25,344.1,28533216
2017-09-26,341.9,27129583
2017-09-27,341.6,25568400
2017-09-28,338.9,39525377
2017-09-29,342.0,32091220
2017-10-02,350.8,45894895
2017-10-03,353.6,33043749
2017-10-04,359.4,33904566
2017-10-05,370.3,41213705
2017-10-06,366.9,35301295
2017-10-09,362.15,22922145
2017-10-10,366.2,24790447
2017-10-11,365.0,38683510
2017-10-12,367.95,20934104
2017-10-13,376.6,40897634
2017-10-16,382.4,52737767
2017-10-17,375.85,31146221
2017-10-18,374.65,27937656
2017-10-19,377.6,32525104
2017-10-20,378.2,35658314
2017-10-23,379.75,18270121
2017-10-24,385.2,47963886
2017-10-25,376.3,54549031
2017-10-26,378.75,33983685
2017-10-27,367.2,37330656
2017-10-30,370.0,33792506
2017-10-31,363.0,28094742
2017-11-01,375.55,84906915
2017-11-02,381.05,36717744
2017-11-03,378.85,26267516
2017-11-06,375.95,25343669
2017-11-07,368.45,25961573
2017-11-08,371.2,23515911
2017-11-09,363.0,37835685
2017-11-10,362.6,24194698
2017-11-13,363.95,23014041
2017-11-14,354.75,32177382
2017-11-15,349.9,60122034
2017-11-16,353.3,37580461
2017-11-17,353.45,34366434
2017-11-20,359.85,23721892
2017-11-21,362.1,29981744
2017-11-22,363.5,33539110
2017-11-23,364.05,17312711
2017-11-24,362.35,21747346
2017-11-27,358.0,25104235
2017-11-28,352.0,61516609
2017-11-29,342.5,46352167
2017-11-30,339.6,72932448
2017-12-01,338.75,42550754
2017-12-04,341.75,34471884
2017-12-05,334.0,52859111
2017-12-06,337.0,44374369
2017-12-07,338.0,38914979
2017-12-08,345.5,47910185
2017-12-11,351.3,47524700
2017-12-12,347.45,80414135
2017-12-13,354.0,65472718
2017-12-14,357.35,50413073
2017-12-15,362.75,62155121
2017-12-18,369.6,35483597
2017-12-19,367.65,51917201
2017-12-20,370.5,34725135
2017-12-21,376.1,33712533
2017-12-22,375.4,10299302
2017-12-27,383.15,34312018
2017-12-28,385.45,22059107
2017-12-29,390.0,22075487
2018-01-02,394.2,31188391
2018-01-03,389.95,30077377
2018-01-04,391.0,38608269
2018-01-05,388.6,31603356
2018-01-08,395.05,40841329
2018-01-09,398.2,40397952
2018-01-10,405.35,61341700
2018-01-11,406.75,54375326
2018-01-12,407.55,48618914
2018-01-15,409.55,32993905
2018-01-16,405.7,55993490
2018-01-17,407.0,66440567
2018-01-18,407.25,63501099
2018-01-19,407.15,39680526
2018-01-22,402.4,33261300
2018-01-23,390.75,46903850
2018-01-24,397.0,52539724
2018-01-25,400.0,35826409
2018-01-26,401.9,41625314
2018-01-29,415.0,58116600
2018-01-30,407.9,43816121
2018-01-31,403.7,37627677
2018-02-01,399.8,48196182
2018-02-02,382.75,56873745
2018-02-05,386.85,55116865
2018-02-06,378.05,76329286
2018-02-07,378.1,47734272
2018-02-08,365.6,75315571
2018-02-09,361.0,62458977
2018-02-12,366.7,54275443
2018-02-13,375.8,65828817
2018-02-14,382.4,61106212
2018-02-15,388.0,53488739
2018-02-16,388.0,35014268
2018-02-19,383.8,22679560
2018-02-20,384.4,30874107
2018-02-21,404.55,71925222
2018-02-22,402.3,71731517
2018-02-23,396.25,50658157
2018-02-26,401.4,41099385
2018-02-27,396.5,39500059
2018-02-28,386.35,50707104
2018-03-01,375.85,60414681
2018-03-02,364.5,68224233
2018-03-05,364.8,49096843
2018-03-06,368.4,55034541
2018-03-07,367.35,63066337
2018-03-08,363.3,41978313
2018-03-09,369.8,41553179
2018-03-12,369.05,43776488
2018-03-13,376.7,53784032
2018-03-14,383.55,54183107
2018-03-15,379.15,61663535
2018-03-16,385.5,67008298
2018-03-19,369.25,43186738
2018-03-20,368.25,63917947
2018-03-21,371.15,69813602
2018-03-22,359.2,64266183
2018-03-23,358.5,64596484
2018-03-26,352.3,45576422
2018-03-27,363.5,49659901
2018-03-28,353.15,56510304
2018-03-29,353.8,67682169
2018-04-03,356.25,45111679
2018-04-04,345.0,80203624
2018-04-05,358.75,68800785
2018-04-06,351.15,44534678
2018-04-09,339.15,135729870
2018-04-10,346.5,85120140
2018-04-11,342.4,52653101
2018-04-12,342.45,37956576
2018-04-13,345.8,35164042
2018-04-16,342.65,48390053
2018-04-17,347.5,40942636
2018-04-18,374.1,93393453
2018-04-19,378.0,76274659
2018-04-20,380.65,59497046
2018-04-23,380.3,52313468
2018-04-24,385.9,52823943
2018-04-25,377.2,55284851
2018-04-26,370.05,56850697
2018-04-27,369.0,35115477
2018-04-30,350.7,56620465
2018-05-01,346.95,29686560
2018-05-02,357.9,48295294
2018-05-03,359.3,35475936
2018-05-04,360.0,45392488
2018-05-08,359.3,50056188
2018-05-09,366.85,56689941
2018-05-10,376.2,40254265
2018-05-11,386.1,55926263
2018-05-14,385.2,34085480
2018-05-15,379.3,42458310
2018-05-16,393.05,58787597
2018-05-17,397.85,40910493
2018-05-18,380.35,108407933
2018-05-21,387.7,48824819
2018-05-22,389.8,51869679
2018-05-23,383.0,61159162
2018-05-24,376.6,45842926
2018-05-25,377.5,36398114
2018-05-29,370.85,50500170
2018-05-30,372.2,38052072
2018-05-31,372.05,120875982
2018-06-01,381.3,58653604
2018-06-04,382.85,28351055
2018-06-05,389.7,51303078
2018-06-06,400.4,66395336
2018-06-07,394.05,72617908
2018-06-08,383.85,45886869
2018-06-11,389.0,40892287
2018-06-12,383.6,34818725
2018-06-13,398.0,71775676
2018-06-14,398.5,56277096
2018-06-15,381.3,105638637
2018-06-18,380.55,44453721
2018-06-19,371.7,63672823
2018-06-20,374.4,63186313
2018-06-21,371.6,44541706
2018-06-22,387.15,49792033
2018-06-25,369.0,46662301
2018-06-26,367.25,46966600
2018-06-27,369.15,51944760
2018-06-28,358.8,70623291
2018-06-29,362.0,41623309
2018-07-02,349.3,49542105
2018-07-03,321.0,216731690
2018-07-04,319.45,69011567
2018-07-05,326.1,80809946
2018-07-06,328.95,55602460
2018-07-09,335.25,43627891
2018-07-10,326.95,52028610
2018-07-11,311.15,108637458
2018-07-12,314.0,44744458
2018-07-13,313.0,40822917
2018-07-16,309.1,53391809
2018-07-17,313.1,37216858
2018-07-18,318.5,55647352
2018-07-19,316.75,63618912
2018-07-20,311.65,49515926
2018-07-23,310.0,40867289
2018-07-24,327.4,73290755
2018-07-25,324.0,45262019
2018-07-26,323.25,30359114
2018-07-27,326.0,34872056
2018-07-30,324.95,27437532
2018-07-31,334.5,48472767
2018-08-01,321.85,65234801
2018-08-02,312.95,64040114
2018-08-03,318.1,38877286
2018-08-06,314.0,52778527
2018-08-07,326.3,49239945
2018-08-08,326.55,46058582
2018-08-09,330.2,38878834
2018-08-10,321.15,46494725
2018-08-13,318.9,33294369
2018-08-14,316.4,39318090
2018-08-15,298.5,95099917
2018-08-16,304.85,50088045
2018-08-17,305.0,47406536
2018-08-20,306.05,33670991
2018-08-21,306.8,40028673
2018-08-22,308.0,45338838
2018-08-23,310.5,54123897
2018-08-24,320.75,47340375
2018-08-28,327.4,54534108
2018-08-29,324.85,29265283
2018-08-30,322.9,33406232
2018-08-31,313.55,53516062
2018-09-03,316.75,21193114
2018-09-04,311.0,84676182
2018-09-05,312.1,40921672
2018-09-06,304.1,31937530
2018-09-07,295.95,62982898
2018-09-10,290.75,51137385
2018-09-11,286.9,49747518
2018-09-12,295.1,48661044
2018-09-13,299.5,48650641
2018-09-14,301.55,38277464
2018-09-17,300.35,86642033
2018-09-18,308.7,71029320
2018-09-19,319.6,59553649
2018-09-20,321.7,74958486
2018-09-21,336.8,131975496
2018-09-24,330.0,41059134
2018-09-25,341.5,64974163
2018-09-26,338.0,37938862
2018-09-27,330.65,52029418
2018-09-28,331.7,50537271
2018-10-01,331.95,35403253
2018-10-02,336.25,70658224
2018-10-03,333.55,37396838
2018-10-04,333.0,46702826
2018-10-05,325.0,53810801
2018-10-08,321.7,45299326
2018-10-09,326.15,47567387
2018-10-10,311.85,50041734
2018-10-11,311.25,67410028
2018-10-12,313.6,53188756
2018-10-15,318.65,32339455
2018-10-16,314.8,37350754
2018-10-17,315.05,43162500
2018-10-18,309.95,39159424
2018-10-19,308.35,38407030
2018-10-22,310.65,28222656
2018-10-23,299.75,60299421
2018-10-24,297.9,45610810
2018-10-25,302.85,47568283
2018-10-26,302.5,43967879
2018-10-29,308.2,41543672
2018-10-30,304.45,62916192
2018-10-31,318.85,76469797
2018-11-01,328.3,67524169
2018-11-02,320.0,90403238
2018-11-05,321.15,37139900
2018-11-06,311.9,44569017
2018-11-07,316.2,35416053
2018-11-08,318.0,38037022
2018-11-09,303.9,52406418
2018-11-12,297.0,59395986
2018-11-13,294.75,56227627
2018-11-14,291.6,59641506
2018-11-15,297.85,55530310
2018-11-16,297.5,48934937
2018-11-19,300.65,35743223
2018-11-20,295.9,40882648
2018-11-21,296.05,49953196
2018-11-22,290.65,28990028
2018-11-23,280.55,43743569
2018-11-26,286.75,35698435
2018-11-27,282.6,37288971
2018-11-28,286.35,42287064
2018-11-29,293.3,39447076
2018-11-30,290.15,53162635
2018-12-03,300.8,73188321
2018-12-04,297.0,48237287
2018-12-05,285.5,39661297
2018-12-06,270.9,68637898
2018-12-07,279.4,59472652
2018-12-10,274.5,38649612
2018-12-11,283.7,42361999
2018-12-12,291.55,203594762
2018-12-13,295.15,56871508
2018-12-14,289.65,38512014
2018-12-17,292.95,31522332
2018-12-18,288.2,36958523
2018-12-19,294.4,43331736
2018-12-20,284.7,47102543
2018-12-21,287.2,72616932
2018-12-24,287.7,11260368
2018-12-27,282.15,30540992
2018-12-28,290.0,31744356
2018-12-31,291.35,14387985
2019-01-02,282.5,61613391
2019-01-03,269.05,59889275
2019-01-04,284.2,48745669
2019-01-07,287.35,37870223
2019-01-08,288.9,30856452
2019-01-09,293.15,46959055
2019-01-10,295.15,30213689
2019-01-11,295.65,37614935
2019-01-14,291.3,27954276
2019-01-15,291.75,31876508
2019-01-16,287.9,54749619
2019-01-17,290.25,32783134
2019-01-18,297.75,51040822
2019-01-21,296.05,18432777
2019-01-22,289.95,42792060
2019-01-23,286.65,34216566
2019-01-24,288.15,26737357
2019-01-25,297.5,40909176
2019-01-28,291.45,34134855
2019-01-29,297.05,41810029
2019-01-30,305.25,62608803
2019-01-31,309.45,49361356
2019-02-01,306.2,65222213
2019-02-04,301.75,48155718
2019-02-05,303.7,35843417
2019-02-06,305.3,40598799
2019-02-07,297.3,29328113
2019-02-08,292.05,39300256
2019-02-11,289.85,38030308
2019-02-12,291.7,35731877
2019-02-13,298.4,38341144
2019-02-14,297.1,26154337
2019-02-15,303.65,49206591
2019-02-18,303.15,24266870
2019-02-19,302.75,37818753
2019-02-20,310.45,76574305
2019-02-21,300.5,53877085
2019-02-22,308.85,55022727
2019-02-25,305.3,55048320
2019-02-26,307.0,43062420
2019-02-27,308.65,50649702
2019-02-28,303.95,52051723
2019-03-01,304.4,32857845
2019-03-04,305.2,33227437
2019-03-05,305.95,21315706
2019-03-06,309.45,25787819
2019-03-07,302.95,33537229
2019-03-08,296.95,43250254
2019-03-11,302.15,26681909
2019-03-12,304.0,48583623
2019-03-13,307.3,43291879
2019-03-14,306.25,44318810
2019-03-15,305.45,56908669
2019-03-18,310.8,28009869
2019-03-19,320.15,45159009
2019-03-20,316.95,46818771
2019-03-21,318.85,37130855
2019-03-22,311.35,32936343
2019-03-25,310.1,27575931
2019-03-26,308.6,32375985
2019-03-27,308.7,23115807
2019-03-28,311.6,24896305
2019-03-29,317.95,40021453
2019-04-01,326.2,50282480
2019-04-02,328.0,36187911
2019-04-03,333.05,45379778
2019-04-04,328.7,51650027
2019-04-05,332.25,42135039
2019-04-08,331.0,29957467
2019-04-09,330.35,67845945
2019-04-10,331.55,32035438
2019-04-11,322.7,42591477
2019-04-12,332.45,49049998
2019-04-15,330.0,26859168
2019-04-16,334.0,37069290
2019-04-17,340.3,46768456
2019-04-18,338.2,32625453
2019-04-23,337.15,32467370
2019-04-24,334.05,26793672
2019-04-25,321.45,36487028
2019-04-26,310.85,57134343
2019-04-29,312.55,25422402
2019-04-30,304.35,76667694
2019-05-01,301.8,44450853
2019-05-02,296.4,39155469
2019-05-03,298.4,27670565
2019-05-07,289.5,58589928
2019-05-08,286.95,46608073
2019-05-09,280.7,66751640
2019-05-10,280.85,28851022
2019-05-13,271.7,42690839
2019-05-14,277.0,44307413
2019-05-15,278.35,38090386
2019-05-16,280.15,35098301
2019-05-17,276.7,36910071
2019-05-20,273.0,36263011
2019-05-21,273.25,30107269
2019-05-22,266.45,41861851
2019-05-23,259.65,50224567
2019-05-24,261.0,45878856
2019-05-28,260.05,54153620
2019-05-29,258.5,61573186
2019-05-30,260.0,26657963
2019-05-31,254.65,46894352
2019-06-03,256.75,33581493
2019-06-04,261.8,36956833
2019-06-05,259.5,37921744
2019-06-06,261.25,32906522
2019-06-07,260.9,31392405
2019-06-10,264.95,19246647
2019-06-11,270.9,42361461
2019-06-12,269.55,49856934
2019-06-13,273.0,41532615
2019-06-14,272.05,36766770
2019-06-17,270.0,31130273
2019-06-18,278.0,56648294
2019-06-19,275.45,46976475
2019-06-20,278.85,47672192
2019-06-21,280.25,106101363
2019-06-24,278.25,41628888
2019-06-25,277.7,33861094
2019-06-26,277.4,35132859
2019-06-27,263.9,80716434
2019-06-28,273.35,67221494
2019-07-01,277.7,48340693
2019-07-02,279.5,38946584
2019-07-03,276.85,53012321
2019-07-04,272.7,30167384
2019-07-05,269.55,36881147
2019-07-08,274.1,29451010
2019-07-09,266.2,34623420
2019-07-10,270.15,25831403
2019-07-11,265.0,29062255
2019-07-12,266.3,28764744
2019-07-15,268.85,37397054
2019-07-16,272.7,41115183
2019-07-17,270.9,24593351
2019-07-18,269.65,23536011
2019-07-19,272.25,34612291
2019-07-22,272.3,27111406
2019-07-23,275.55,53691289
2019-07-24,277.3,34383106
2019-07-25,275.8,38104216
2019-07-26,272.1,34772732
2019-07-29,275.2,34538524
2019-07-30,273.0,25571765
2019-07-31,266.45,46337678
2019-08-01,254.45,66076899
2019-08-02,242.25,70512780
2019-08-05,235.0,51892239
2019-08-06,231.35,53520803
2019-08-07,229.3,72231103
2019-08-08,235.8,51838456
2019-08-09,231.15,34344273
2019-08-12,230.85,24200498
2019-08-13,236.15,41943332
2019-08-14,230.5,42904429
2019-08-15,222.15,44336081
2019-08-16,224.4,29609584
2019-08-19,232.95,29755453
2019-08-20,229.8,39424654
2019-08-21,232.45,41030527
2019-08-22,228.95,35084443
2019-08-23,225.5,28271194
2019-08-27,223.8,47928543
2019-08-28,225.2,31390066
2019-08-29,231.6,66466044
2019-08-30,236.95,39829385
2019-09-02,236.9,28773198
2019-09-03,235.95,43877979
2019-09-04,242.85,43297075
2019-09-05,239.5,44867983
2019-09-06,241.6,31742982
2019-09-09,242.75,30605760
2019-09-10,248.85,45310163
2019-09-11,251.95,42718481
2019-09-12,252.55,53465548
2019-09-13,261.35,204203431
2019-09-16,256.25,33048986
2019-09-17,253.45,43778569
2019-09-18,253.0,29826584
2019-09-19,254.3,26038480
2019-09-20,256.55,114881278
2019-09-23,249.05,61070851
2019-09-24,244.2,29565144
2019-09-25,243.0,42854899
2019-09-26,243.3,31511265
2019-09-27,247.0,36690757
2019-09-30,244.75,24951473
2019-10-01,238.0,53236521
2019-10-02,232.75,42484978
2019-10-03,227.95,36492357
2019-10-04,226.65,32067236
2019-10-07,225.0,52992354
2019-10-08,223.9,34253858
2019-10-09,224.85,36857522
2019-10-10,232.0,79508781
2019-10-11,237.5,51227524
2019-10-14,230.85,38428749
2019-10-15,233.65,31925917
2019-10-16,230.45,38959779
2019-10-17,228.55,32098554
2019-10-18,227.55,26524137
2019-10-21,232.7,48940862
2019-10-22,231.3,24446427
2019-10-23,234.0,37287325
2019-10-24,232.35,29177320
2019-10-25,234.25,20344087
2019-10-28,239.5,43624466
2019-10-29,240.9,27300351
2019-10-30,237.4,33247069
2019-10-31,232.65,34425389
2019-11-01,240.95,34867462
2019-11-04,252.2,49346523
2019-11-05,259.15,57695320
2019-11-06,256.95,34480416
2019-11-07,258.7,32683881
2019-11-08,254.4,30922915
2019-11-11,245.5,43799352
2019-11-12,245.35,26048830
2019-11-13,241.65,26583715
2019-11-14,239.05,29838580
2019-11-15,243.6,26548770
2019-11-18,239.5,23100044
2019-11-19,240.95,24022142
2019-11-20,242.0,55234857
2019-11-21,239.6,22456970
2019-11-22,246.9,30303060
2019-11-25,248.35,29800584
2019-11-26,249.5,41578465
2019-11-27,247.5,24861953
2019-11-28,247.9,11697388
2019-11-29,243.9,24513773
2019-12-02,244.8,26181438
2019-12-03,235.65,40715115
2019-12-04,238.35,28663910
2019-12-05,216.9,97362229
2019-12-06,220.15,60029322
2019-12-09,219.15,26212515
2019-12-10,217.05,40230517
2019-12-11,218.7,53086101
2019-12-12,226.35,41901103
2019-12-13,225.8,40844453
2019-12-16,233.35,40950265
2019-12-17,232.2,30545106
2019-12-18,234.2,27695902
2019-12-19,239.65,68214436
2019-12-20,236.65,72389122
2019-12-23,235.55,39581752
2019-12-24,234.75,9639039
2019-12-27,238.75,22252080
2019-12-30,237.35,12137415
2019-12-31,235.35,8586001
2020-01-02,241.05,24512083
2020-01-03,241.65,27631357
2020-01-06,236.3,22721288
2020-01-07,237.0,19872322
2020-01-08,239.8,34928161
2020-01-09,238.45,30562652
2020-01-10,240.2,22474303
2020-01-13,242.3,35738937
2020-01-14,242.65,28125278
2020-01-15,241.35,27092534
2020-01-16,242.05,20947649
2020-01-17,243.2,30283207
2020-01-20,241.8,18040533
2020-01-21,238.0,29082675
2020-01-22,235.1,35971836
2020-01-23,228.15,40974866
2020-01-24,230.55,36248626
2020-01-27,221.4,46221722
2020-01-28,227.6,30550927
2020-01-29,228.85,22453453
2020-01-30,226.4,26483185
2020-01-31,222.5,29959116
2020-02-03,221.6,26075950
2020-02-04,233.1,49562363
2020-02-05,236.7,41268846
2020-02-06,239.0,29268960
2020-02-07,233.2,34289039
2020-02-10,229.6,47965884
2020-02-11,233.35,23731873
2020-02-12,238.85,28806102
2020-02-13,237.8,34986283
2020-02-14,233.95,20571473
2020-02-17,236.65,22644679
2020-02-18,226.1,41937963
2020-02-19,232.0,33193920
2020-02-20,228.95,61531443
2020-02-21,224.35,37056098
2020-02-24,211.55,56607465
2020-02-25,208.45,51984199
2020-02-26,208.35,26834509
2020-02-27,199.14,48992281
2020-02-28,193.26,75458385
2020-03-02,193.32,52241026
2020-03-03,191.26,57610960
2020-03-04,193.42,50499013
2020-03-05,186.74,64007532
2020-03-06,174.06,56556927
2020-03-09,152.6,95469715
2020-03-10,155.4,84209488
2020-03-11,153.52,60050672
2020-03-12,127.12,98295408
2020-03-13,135.68,90806700
2020-03-16,130.72,72492805
2020-03-17,137.96,67594527
2020-03-18,128.9,63782209
2020-03-19,117.3,72589508
2020-03-20,119.58,109381986
2020-03-23,112.5,83192340
2020-03-24,128.0,82087005
2020-03-25,133.86,77533407
2020-03-26,132.14,56332721
2020-03-27,124.0,55125070
2020-03-30,119.0,49953724
2020-03-31,123.8,61902868
2020-04-01,119.16,43337909
2020-04-02,126.88,49977565
2020-04-03,120.0,48448570
2020-04-06,130.18,38423740
2020-04-07,141.48,63049246
2020-04-08,137.3,39275442
2020-04-09,144.76,57480405
2020-04-14,143.14,30878451
2020-04-15,134.44,37865730
2020-04-16,131.64,38045263
2020-04-17,141.28,63188340
2020-04-20,143.06,26834614
2020-04-21,133.58,48383660
2020-04-22,139.42,30809960
2020-04-23,143.44,61043572
2020-04-24,139.28,23712933
2020-04-27,139.98,23441158
2020-04-28,145.56,96250017
2020-04-29,154.72,49673363
2020-04-30,147.1,53212894
2020-05-01,139.78,31497055
2020-05-04,137.56,29326505
2020-05-05,143.74,49533843
2020-05-06,144.86,51064814
2020-05-07,148.18,36415592
2020-05-11,148.2,51457475
2020-05-12,147.44,31416732
2020-05-13,138.46,43101333
2020-05-14,136.5,43278410
2020-05-15,141.28,54040989
2020-05-18,152.06,65922026
2020-05-19,154.0,50864276
2020-05-20,153.78,35741972
2020-05-21,150.54,49545617
2020-05-22,148.12,39054760
2020-05-26,153.1,49485988
2020-05-27,156.56,40685731
2020-05-28,157.24,37695745
2020-05-29,149.82,114930363
2020-06-01,156.96,34818707
2020-06-02,161.8,48680445
2020-06-03,168.5,40765143
2020-06-04,169.16,52039040
2020-06-05,180.98,54464902
2020-06-08,181.74,39689323
2020-06-09,177.28,59299313
2020-06-10,178.74,36114752
2020-06-11,168.7,36137089
2020-06-12,172.34,45850669
2020-06-15,167.98,34647149
2020-06-16,172.38,42743632
2020-06-17,172.1,42924160
2020-06-18,171.36,29404220
2020-06-19,171.98,63535655
2020-06-22,166.2,45882836
2020-06-23,172.24,33145357
2020-06-24,166.68,27416918
2020-06-25,167.58,27688475
2020-06-26,166.74,22820985
2020-06-29,169.64,27911939
2020-06-30,171.22,30761381
2020-07-01,167.5,25167625
2020-07-02,172.56,30334400
2020-07-03,169.68,18988781
2020-07-06,175.14,23620552
2020-07-07,174.58,19482141
2020-07-08,172.86,23084125
2020-07-09,173.52,33886858
2020-07-10,175.38,23917444
2020-07-13,178.4,25498679
2020-07-14,179.58,32097550
2020-07-15,182.72,39223709
2020-07-16,181.8,20231292
2020-07-17,183.82,31507620
2020-07-20,183.34,21043153
2020-07-21,182.94,25797353
2020-07-22,178.82,35329921
2020-07-23,183.56,29380276
2020-07-24,182.8,32433522
2020-07-27,185.0,29477191
2020-07-28,183.1,23650535
2020-07-29,182.16,25319326
2020-07-30,177.06,32691494
2020-07-31,174.64,32286740
2020-08-03,180.92,28469972
2020-08-04,182.54,22176477
2020-08-05,196.2,63836538
2020-08-06,180.34,51804633
2020-08-07,174.56,50006393
2020-08-10,171.82,35888052
2020-08-11,177.88,37158117
2020-08-12,179.46,33555470
2020-08-13,176.14,22242458
2020-08-14,170.52,30132548
2020-08-17,174.0,26584373
2020-08-18,172.02,24542066
2020-08-19,176.12,27480634
2020-08-20,168.78,29913315
2020-08-21,168.34,38634363
2020-08-24,171.9,21441198
2020-08-25,168.04,24524067
2020-08-26,169.6,20071141
2020-08-27,167.76,22970768
2020-08-28,169.18,32922529
2020-09-01,172.84,44753369
2020-09-02,174.38,24374150
2020-09-03,166.74,29961334
2020-09-04,171.44,29942030
2020-09-07,175.32,15110610
2020-09-08,174.3,34164831
2020-09-09,174.98,44970973
2020-09-10,174.78,24075859
2020-09-11,182.0,30086769
2020-09-14,181.64,24952980
2020-09-15,186.04,40374211
2020-09-16,185.8,39225981
2020-09-17,185.0,19588763
2020-09-18,180.6,78774702
2020-09-21,173.14,30056101
2020-09-22,172.1,27060014
2020-09-23,170.86,22886291
2020-09-24,168.96,26746347
2020-09-25,167.38,17432827
2020-09-28,164.58,54867632
2020-09-29,162.16,28291354
2020-09-30,160.96,26091390
2020-10-01,159.38,30166535
2020-10-02,161.76,26715396
2020-10-05,163.72,24271536
2020-10-06,164.86,64174989
2020-10-07,169.4,50781723
2020-10-08,169.78,23922484
2020-10-09,173.0,40799136
2020-10-12,171.28,17888260
2020-10-13,168.34,25130518
2020-10-14,168.78,24688980
2020-10-15,162.72,26747538
2020-10-16,163.56,59188433
2020-10-19,165.42,19104651
2020-10-20,168.46,19996833
2020-10-21,167.16,25742040
2020-10-22,165.06,19206319
2020-10-23,167.48,18940347
2020-10-26,166.24,14097270
2020-10-27,160.54,47880667
2020-10-28,156.28,30605435
2020-10-29,155.5,36682699
2020-10-30,155.9,22869291
2020-11-02,156.84,16684591
2020-11-03,160.72,21182010
2020-11-04,162.34,27429648
2020-11-05,164.14,22347299
2020-11-06,170.0,44988410
2020-11-09,180.18,49305529
2020-11-10,187.52,43653778
2020-11-11,188.4,35945973
2020-11-12,188.58,36044976
2020-11-13,189.54,29740709
2020-11-16,195.08,49638368
2020-11-17,192.7,37981966
2020-11-18,193.86,24253065
2020-11-19,190.44,44661168
2020-11-20,195.06,45826527
2020-11-23,199.68,41120571
2020-11-24,211.6,60027476
2020-11-25,215.0,48784296
2020-11-26,212.2,25047639
2020-11-27,213.55,53250454
2020-11-30,211.85,49759528
2020-12-01,219.95,30398283
2020-12-02,222.8,32395477
2020-12-03,230.5,44169237
2020-12-04,237.65,75211908
2020-12-07,239.3,29757307
2020-12-08,237.5,25350839
2020-12-09,237.7,24852001
2020-12-10,239.05,28044651
2020-12-11,237.25,29427243
2020-12-14,235.95,58427859
2020-12-15,240.4,77889793
2020-12-16,242.8,43342213
2020-12-17,241.8,68796526
2020-12-18,242.05,69774532
2020-12-21,235.7,30196980
2020-12-22,232.65,17091905
2020-12-23,236.55,16276592
2020-12-24,235.0,5302885
2020-12-29,235.6,19808846
2020-12-30,236.6,11502510
2020-12-31,233.0,10314658
2021-01-04,245.4,47774095
2021-01-05,254.1,36516581
2021-01-06,273.95,61745936
2021-01-07,278.55,33548398
2021-01-08,276.45,28813831
2021-01-11,270.55,31248934
2021-01-12,276.4,29337747
2021-01-13,277.25,30060208
2021-01-14,285.0,59482774
2021-01-15,279.9,52232820
2021-01-18,276.85,18051034
2021-01-19,273.75,24296042
2021-01-20,280.3,24042277
2021-01-21,276.5,19953477
2021-01-22,270.8,26370749
2021-01-25,259.75,39125404
2021-01-26,255.0,32495225
2021-01-27,237.8,74629866
2021-01-28,248.7,43781112
2021-01-29,246.4,37390850
2021-02-01,249.9,28473820
2021-02-02,246.8,33595612
2021-02-03,248.95,37828960
2021-02-04,247.4,36200286
2021-02-05,259.2,49851437
2021-02-08,264.65,32787154
2021-02-09,263.4,26408784
2021-02-10,270.5,61842766
2021-02-11,269.5,30177758
2021-02-12,268.8,21920398
2021-02-15,282.3,32659219
2021-02-16,288.0,56131231
2021-02-17,288.2,49768475
2021-02-18,288.35,44597126
2021-02-19,300.15,100512210
2021-02-22,304.55,51692647
2021-02-23,303.55,101036987
2021-02-24,302.5,34699330
2021-02-25,305.0,38985551
2021-02-26,290.7,63064669
2021-03-01,296.35,42284741
2021-03-02,298.15,33742994
2021-03-03,299.7,53284663
2021-03-04,286.3,42557105
2021-03-05,283.0,38165625
2021-03-08,292.15,46407508
2021-03-09,284.9,80408478
2021-03-10,283.35,41215229
2021-03-11,289.25,48876957
2021-03-12,290.25,21927249
2021-03-15,285.1,26476593
2021-03-16,286.5,68895478
2021-03-17,282.3,40634459
2021-03-18,287.5,39951317
2021-03-19,282.0,70242260
2021-03-22,279.45,23454126
2021-03-23,272.0,46934106
2021-03-24,278.15,36322078
2021-03-25,268.85,45964670
2021-03-26,286.4,47465617
2021-03-29,284.7,30500339
2021-03-30,286.05,21877372
2021-03-31,284.25,24873858
2021-04-01,285.65,23893817
2021-04-06,291.65,30755851
2021-04-07,293.1,26117845
2021-04-08,294.3,52579654
2021-04-09,288.7,34634143
2021-04-12,286.2,35590269
2021-04-13,286.9,25397252
2021-04-14,302.5,36300610
2021-04-15,303.2,51790570
2021-04-16,302.0,70893063
2021-04-19,303.8,36610175
2021-04-20,290.75,46859486
2021-04-21,292.9,28507906
2021-04-22,292.5,22484277
2021-04-23,296.25,38354571
2021-04-26,306.2,28527877
2021-04-27,302.1,45249841
2021-04-28,302.85,36008890
2021-04-29,300.0,29023618
2021-04-30,295.2,48961865
2021-05-04,296.2,36685450
2021-05-05,309.9,45595937
2021-05-06,312.3,72386585
2021-05-07,322.75,60963157
2021-05-10,331.25,61544613
2021-05-11,327.9,65281862
2021-05-12,333.1,53751709
2021-05-13,324.4,43810239
2021-05-14,324.6,31862467
2021-05-17,325.15,37361272
2021-05-18,324.6,38093607
2021-05-19,313.8,42322602
2021-05-20,311.7,42462414
2021-05-21,310.35,22926196
2021-05-24,311.7,17725314
2021-05-25,305.3,23002977
2021-05-26,307.5,25778967
2021-05-27,321.75,56036132
2021-05-28,321.45,31639494
2021-06-01,331.0,32732244
2021-06-02,333.55,32161454
2021-06-03,325.05,39495415
2021-06-04,329.75,18185730
2021-06-07,323.7,18353780
2021-06-08,323.75,20136681
2021-06-09,318.65,29374510
2021-06-10,319.9,28536984
2021-06-11,329.1,52027082
2021-06-14,327.65,54694235
2021-06-15,321.0,50974476
2021-06-16,317.05,50083387
2021-06-17,305.6,44173068
2021-06-18,297.55,162595219
2021-06-21,301.25,32210400
2021-06-22,307.6,45356271
2021-06-23,310.1,40960272
2021-06-24,314.15,37275985
2021-06-25,315.2,42474134
2021-06-28,309.55,23563275
2021-06-29,313.7,19493232
2021-06-30,309.45,27736852
2021-07-01,310.5,24745721
2021-07-02,315.15,23327946
2021-07-05,320.15,21061632
2021-07-06,310.0,34948941
2021-07-07,318.15,54377731
2021-07-08,307.65,38586174
2021-07-09,319.4,37912369
2021-07-12,317.05,36495306
2021-07-13,313.75,23376526
2021-07-14,319.25,31366708
2021-07-15,320.05,39348449
2021-07-16,309.0,42595179
2021-07-19,296.2,56887905
2021-07-20,302.15,55315987
2021-07-21,314.1,31822767
2021-07-22,311.65,22114648
2021-07-23,315.75,20819312
2021-07-26,326.2,36326961
2021-07-27,323.6,29004292
2021-07-28,326.95,41113162
2021-07-29,329.45,42930012
2021-07-30,323.55,33092283
2021-08-02,326.8,24220051
2021-08-03,330.1,29321436
2021-08-04,329.3,38795248
2021-08-05,324.0,50081251
2021-08-06,325.4,31968210
2021-08-09,325.55,18754188
2021-08-10,330.45,26824571
2021-08-11,341.35,69336221
2021-08-12,339.35,49451183
2021-08-13,336.85,20778707
2021-08-16,329.7,45772515
2021-08-17,324.55,27693194
2021-08-18,318.25,51817343
2021-08-19,307.1,83069908
2021-08-20,309.6,45455606
2021-08-23,317.5,42960563
2021-08-24,325.7,46540941
2021-08-25,328.95,35452433
2021-08-26,325.1,19974058
2021-08-27,332.55,23525153
2021-08-31,327.4,41631195
2021-09-01,329.3,37340105
2021-09-02,329.15,34710347
2021-09-03,333.05,43566021
2021-09-06,338.2,32977220
2021-09-07,337.6,25583695
2021-09-08,334.2,25500071
2021-09-09,332.15,29208089
2021-09-10,336.0,34334708
2021-09-13,339.9,3171156
2021-09-14,335.9,48105312
2021-09-15,340.4,55889784
2021-09-16,333.0,60133844
2021-09-17,327.2,195131324
2021-09-20,314.8,71415830
2021-09-21,312.0,58074387
2021-09-22,324.2,49606461
2021-09-23,329.3,45876667
2021-09-24,330.5,22052761
2021-09-27,336.55,47753308
2021-09-28,344.25,60469491
2021-09-29,347.8,52797227
2021-09-30,351.85,55114227
2021-10-01,350.7,56817107
2021-10-04,355.0,45852923
2021-10-05,367.6,54553177
2021-10-06,360.2,55267450
2021-10-07,358.4,62836806
2021-10-08,355.3,38508482
2021-10-11,367.0,39504475
2021-10-12,371.0,50588850
2021-10-13,372.25,68289194
2021-10-14,384.8,85651011
2021-10-15,390.55,67388115
2021-10-18,392.45,70513153
2021-10-19,380.7,62356746
2021-10-20,377.95,43715523
2021-10-21,368.55,49479180
2021-10-22,367.0,29114615
2021-10-25,371.9,20917396
2021-10-26,369.9,23990928
2021-10-27,360.1,51483624
2021-10-28,359.4,34567294
2021-10-29,365.25,43878062
2021-11-01,365.9,29419170
2021-11-02,354.25,39378651
2021-11-03,355.5,31175740
2021-11-04,354.0,41077086
2021-11-05,353.4,22721123
2021-11-08,360.45,35657665
2021-11-09,355.45,45751463
2021-11-10,355.35,57999593
2021-11-11,370.0,48158554
2021-11-12,367.9,32168685
2021-11-15,362.15,23666785
2021-11-16,363.7,42870917
2021-11-17,371.95,47527369
2021-11-18,368.8,27411697
2021-11-19,369.45,37835524
2021-11-22,372.5,36846934
2021-11-23,375.65,67849801
2021-11-24,375.5,46901328
2021-11-25,372.5,41372787
2021-11-26,352.0,75098413
2021-11-29,357.15,47287237
2021-11-30,357.1,59434116
2021-12-01,369.8,56837117
2021-12-02,354.65,59398589
2021-12-03,351.9,39113844
2021-12-06,357.2,36831886
2021-12-07,368.35,32414674
2021-12-08,370.3,22646691
2021-12-09,368.9,36677147
2021-12-10,367.9,24377353
2021-12-13,362.85,31332007
2021-12-14,367.0,23664278
2021-12-15,358.4,46797552
2021-12-16,367.3,79197531
2021-12-17,368.35,51817631
2021-12-20,360.85,57227692
2021-12-21,367.1,26103676
2021-12-22,373.35,20921156
2021-12-23,376.0,21908844
2021-12-24,373.0,6722649
2021-12-29,380.15,28200641
2021-12-30,377.65,15618568
2021-12-31,374.95,9347720
2022-01-04,387.65,47725392
2022-01-05,393.0,30096268
2022-01-06,388.35,26621992
2022-01-07,395.35,29555203
2022-01-10,388.95,26157870
2022-01-11,387.8,27130291
2022-01-12,401.25,69436711
2022-01-13,406.1,49342891
2022-01-14,403.3,33557354
2022-01-17,411.3,67810260
2022-01-18,413.8,68966046
2022-01-19,419.1,49730636
2022-01-20,412.5,40325834
2022-01-21,410.05,55795920
2022-01-24,388.25,105647286
2022-01-25,388.95,36841180
2022-01-26,399.1,41142221
2022-01-27,403.2,45512395
2022-01-28,393.25,73034410
2022-01-31,383.0,38764882
2022-02-01,395.9,48408344
2022-02-02,399.3,41308282
2022-02-03,400.3,30969842
2022-02-04,402.25,30885265
2022-02-07,407.8,34500144
2022-02-08,413.85,35243167
2022-02-09,420.0,42856432
2022-02-10,421.05,51240454
2022-02-11,417.75,44750573
2022-02-14,422.1,42373240
2022-02-15,427.0,59588917
2022-02-16,425.3,63239624
2022-02-17,420.7,43057694
2022-02-18,422.0,81323650
2022-02-21,417.85,28923882
2022-02-22,422.2,66731174
2022-02-23,427.35,71608572
2022-02-24,422.25,83846139
2022-02-25,439.15,64213537
2022-02-28,442.15,69934561
2022-03-01,444.95,62277824
2022-03-02,452.6,79535993
2022-03-03,476.5,96454317
2022-03-04,460.65,76521868
2022-03-07,474.85,119574059
2022-03-08,476.2,73554079
2022-03-09,470.1,96296618
2022-03-10,498.0,120998796
2022-03-11,511.3,82805515
2022-03-14,481.55,53714471
2022-03-15,460.3,63440273
2022-03-16,473.15,76160947
2022-03-17,475.1,50056060
2022-03-18,479.25,130778258
2022-03-21,497.55,46135496
2022-03-22,502.2,83853497
2022-03-23,511.2,39699745
2022-03-24,500.3,104216741
2022-03-25,506.0,82902349
2022-03-28,499.6,36903167
2022-03-29,480.65,73266696
2022-03-30,500.7,90564633
2022-03-31,500.0,40275122
2022-04-01,507.6,31292002
2022-04-04,505.0,34702065
2022-04-05,516.8,71113054
2022-04-06,518.6,51754002
2022-04-07,514.7,37572044
2022-04-08,528.0,44450875
2022-04-11,520.4,41938190
2022-04-12,524.8,37967118
2022-04-13,530.1,26450945
2022-04-14,526.8,55850057
2022-04-19,535.6,180862478
2022-04-20,518.9,47974562
2022-04-21,489.7,101408721
2022-04-22,476.2,99759092
2022-04-25,449.35,113108180
2022-04-26,464.8,72484704
2022-04-27,479.65,107675622
2022-04-28,483.4,52083055
2022-04-29,497.3,42932995
2022-05-03,483.5,44032657
2022-05-04,482.3,44337984
2022-05-05,484.1,41108568
2022-05-06,487.6,46230020
2022-05-09,458.55,46223108
2022-05-10,455.5,62349660
2022-05-11,476.0,57654245
2022-05-12,455.0,63326702
2022-05-13,461.35,87553698
2022-05-16,477.0,34594430
2022-05-17,498.25,37744088
2022-05-18,498.2,42816851
2022-05-19,497.95,30607711
2022-05-20,497.35,34090170
2022-05-23,513.0,55759472
2022-05-24,519.4,75707757
2022-05-25,520.8,82950737
2022-05-26,519.2,29722694
2022-05-27,526.2,28911517
2022-05-30,526.5,27472567
2022-05-31,522.1,47861372
2022-06-01,523.7,24144413
2022-06-06,541.5,34558706
2022-06-07,539.6,54677628
2022-06-08,538.0,49658550
2022-06-09,533.2,42259732
2022-06-10,505.5,56583369
2022-06-13,481.3,75469956
2022-06-14,483.3,48616465
2022-06-15,492.6,88135259
2022-06-16,464.0,65496014
2022-06-17,461.2,79711425
2022-06-20,472.75,46629194
2022-06-21,482.6,31406923
2022-06-22,449.35,49937554
2022-06-23,442.8,42878461
2022-06-24,446.25,45007901
2022-06-27,452.75,75956879
2022-06-28,460.25,46161130
2022-06-29,460.25,37780343
2022-06-30,445.1,36186896
2022-07-01,426.35,71449648
2022-07-04,434.75,20422150
2022-07-05,400.0,125916641
2022-07-06,408.45,77920507
2022-07-07,433.25,131147334
2022-07-08,431.35,30523639
2022-07-11,426.2,50980621
2022-07-12,422.05,27757930
2022-07-13,418.45,38564241
2022-07-14,401.3,60430555
2022-07-15,406.85,31389172
2022-07-18,419.8,57170636
2022-07-19,419.45,21039024
2022-07-20,426.05,43157777
2022-07-21,419.8,37190961
2022-07-22,422.2,24590911
2022-07-25,432.8,60904076
2022-07-26,438.8,32183919
2022-07-27,447.0,42255182
2022-07-28,449.35,48368900
2022-07-29,461.85,41100941
2022-08-01,460.7,28753272
2022-08-02,448.4,24858381
2022-08-03,446.05,20614903
2022-08-04,459.75,54684868
2022-08-05,466.8,38285475
2022-08-08,465.35,53382291
2022-08-09,464.3,76364815
2022-08-10,469.95,75359484
2022-08-11,474.6,52184325
2022-08-12,472.4,19802942
2022-08-15,464.5,30429203
2022-08-16,482.9,31712453
2022-08-17,486.7,33400441
2022-08-18,498.25,45615168
2022-08-19,487.15,34151150
2022-08-22,492.2,26654520
2022-08-23,506.0,74254311
2022-08-24,497.7,25027019
2022-08-25,505.0,26169117
2022-08-26,498.9,42815143
2022-08-30,483.95,113995438
2022-08-31,473.3,75308665
2022-09-01,442.0,37245010
2022-09-02,453.25,109971311
2022-09-05,471.5,50613498
2022-09-06,486.85,49787952
2022-09-07,468.25,55669479
2022-09-08,471.15,24582177
2022-09-09,488.4,51497221
2022-09-12,499.35,43470731
2022-09-13,497.7,33602260
2022-09-14,493.85,82486448
2022-09-15,502.0,44571033
2022-09-16,489.3,108678278
2022-09-20,480.9,49565011
2022-09-21,486.0,102156077
2022-09-22,490.0,49541866
2022-09-23,461.55,60265525
2022-09-26,456.45,59164424
2022-09-27,471.4,58080225
2022-09-28,480.75,33439969
2022-09-29,486.75,35823845
2022-09-30,478.15,38047896
2022-10-03,486.55,65641354
2022-10-04,500.8,74891350
2022-10-05,500.3,55525153
2022-10-06,494.1,42097284
2022-10-07,493.85,38039948
2022-10-10,493.4,30537715
2022-10-11,484.2,46437972
2022-10-12,486.1,29126419
2022-10-13,488.3,82208069
2022-10-14,484.35,34705403
2022-10-17,487.3,45458272
2022-10-18,483.05,27403874
2022-10-19,473.0,33987140
2022-10-20,484.7,69690170
2022-10-21,502.1,41681115
2022-10-24,501.9,37084033
2022-10-25,502.7,42062316
2022-10-26,515.9,75199385
2022-10-27,501.0,48621715
2022-10-28,496.75,85942123
2022-10-31,499.5,51802156
2022-11-01,523.8,40643813
2022-11-02,514.1,30715147
2022-11-03,519.0,24873898
2022-11-04,532.0,73063287
2022-11-07,532.0,41590956
2022-11-08,524.7,96483157
2022-11-09,510.4,35886819
2022-11-10,501.2,40894809
2022-11-11,502.0,45387205
2022-11-14,512.0,37230511
2022-11-15,519.5,30884341
2022-11-16,517.3,37084909
2022-11-17,511.9,31189017
2022-11-18,505.8,31030236
2022-11-21,496.85,38915088
2022-11-22,514.9,33052180
2022-11-23,530.3,68290710
2022-11-24,536.0,26664749
2022-11-25,533.8,23021124
2022-11-28,538.3,50558680
2022-11-29,550.8,58564498
2022-11-30,563.5,55329276
2022-12-01,556.7,33145423
2022-12-02,558.3,27836595
2022-12-05,561.6,28961665
2022-12-06,556.1,47979091
2022-12-07,540.3,43268609
2022-12-08,548.6,34694724
2022-12-09,542.5,38189010
2022-12-12,537.4,48892652
2022-12-13,545.5,46649722
2022-12-14,541.0,57548859
2022-12-15,532.6,38762341
2022-12-16,531.1,130160275
2022-12-19,536.8,22678667
2022-12-20,548.0,67753453
2022-12-21,560.8,30191621
2022-12-22,557.0,54287446
2022-12-23,558.0,41636783
2022-12-28,559.7,28496832
2022-12-29,558.3,21431481
2022-12-30,552.4,14029166
2023-01-03,544.4,70642821
2023-01-04,506.6,74095446
2023-01-05,514.0,68572564
2023-01-06,525.9,43766874
2023-01-09,542.6,70063580
2023-01-10,534.1,36011969
2023-01-11,535.4,53292226
2023-01-12,543.7,36822190
2023-01-13,558.4,45027878
2023-01-16,552.5,30208469
2023-01-17,552.9,51253560
2023-01-18,576.6,85903572
2023-01-19,564.1,37335861
2023-01-20,575.9,40998514
2023-01-23,578.1,29847644
2023-01-24,565.6,82080849
2023-01-25,558.5,61643431
2023-01-26,549.5,53597657
2023-01-27,548.2,46033429
2023-01-30,549.2,84787080
2023-01-31,541.2,49617933
2023-02-01,542.5,40684622
2023-02-02,545.6,35615036
2023-02-03,554.5,34505658
2023-02-06,545.9,59100276
2023-02-07,550.8,37888475
2023-02-08,546.9,57512913
2023-02-09,526.6,55848717
2023-02-10,512.3,103138678
2023-02-13,515.8,35676279
2023-02-14,515.9,31983640
2023-02-15,507.8,75826340
2023-02-16,507.4,60030111
2023-02-17,509.7,124182535
2023-02-20,519.7,41228511
2023-02-21,503.3,57050675
2023-02-22,494.1,48557488
2023-02-23,494.3,51724685
2023-02-24,488.35,52750612
2023-02-27,494.4,24574225
2023-02-28,495.35,74272542
2023-03-01,512.9,50745151
2023-03-02,511.0,36760914
2023-03-03,523.0,34776507
2023-03-06,502.5,36694350
2023-03-07,479.5,56885175
2023-03-08,486.85,46489872
2023-03-09,473.4,48249130
2023-03-10,473.0,76305120
2023-03-13,458.7,64728209
2023-03-14,461.45,35466058
2023-03-15,412.0,130623268
2023-03-16,423.2,88278865
2023-03-17,432.65,131491839
2023-03-20,449.35,76307765
2023-03-21,448.55,36755057
2023-03-22,450.15,31485224
2023-03-23,451.6,28683080
2023-03-24,442.7,31987703
2023-03-27,449.6,42826869
2023-03-28,458.9,47806109
2023-03-29,465.55,20058380
2023-03-30,466.6,27388217
2023-03-31,464.6,30035093
2023-04-03,452.5,57519510
2023-04-04,460.05,45943719
2023-04-05,456.75,23692108
2023-04-06,457.35,28679986
2023-04-11,472.25,41864005
2023-04-12,483.6,40992439
2023-04-13,487.65,55115749
2023-04-14,491.7,69155138
2023-04-17,489.0,25627996
2023-04-18,498.0,23011001
2023-04-19,494.35,26035017
2023-04-20,501.9,52419556
2023-04-21,490.9,42141303
2023-04-24,486.35,84529759
2023-04-25,469.0,42979423
2023-04-26,481.4,38459589
2023-04-27,473.2,24921852
2023-04-28,469.0,54958763
2023-05-02,460.5,29347315
2023-05-03,462.3,47231870
2023-05-04,434.0,31422627
2023-05-05,444.1,24556666
2023-05-09,446.2,31423778
2023-05-10,445.15,31962205
2023-05-11,427.6,54156489
2023-05-12,432.3,83230627
2023-05-15,437.2,23222992
2023-05-16,432.1,23097455
2023-05-17,436.4,49897436
2023-05-18,435.3,23791366
2023-05-19,434.9,25805453
2023-05-22,434.6,21630920
2023-05-23,427.8,24319380
2023-05-24,419.2,45733764
2023-05-25,416.4,34712991
2023-05-26,422.6,52872599
2023-05-30,416.8,30484673
2023-05-31,411.45,106717719
2023-06-01,416.9,28089766
2023-06-02,433.9,50276032
2023-06-05,430.1,28585922
2023-06-06,431.25,19430618
2023-06-07,437.05,23062744
2023-06-08,436.45,18688363
2023-06-09,435.0,24448813
2023-06-12,436.95,45842223
2023-06-13,460.0,68354053
2023-06-14,470.35,50539401
2023-06-15,475.0,49030464
2023-06-16,467.0,177797367
2023-06-19,459.0,22860404
2023-06-20,450.8,32863036
2023-06-21,452.0,22469596
2023-06-22,446.0,33172893
2023-06-23,432.65,24664762
2023-06-26,437.4,34235884
2023-06-27,440.3,29266257
2023-06-28,434.0,24323529
2023-06-29,438.4,27728288
2023-06-30,444.5,23315648
2023-07-03,458.95,27255542
2023-07-04,459.9,28066922
2023-07-05,457.95,26055291
2023-07-06,432.75,33482126
2023-07-07,436.35,24072351
2023-07-10,433.1,20125487
2023-07-11,437.05,48540415
2023-07-12,458.35,66048528
2023-07-13,469.65,40111746
2023-07-14,466.8,21661974
2023-07-17,453.65,31061316
2023-07-18,454.0,20024760
2023-07-19,453.45,20838210
2023-07-20,472.5,51791558
2023-07-21,472.55,20255775
2023-07-24,478.65,50236714
2023-07-25,482.05,47435254
2023-07-26,469.45,26462861
2023-07-27,469.15,28703644
2023-07-28,466.5,35814852
2023-07-31,473.55,20044110
2023-08-01,470.95,14178492
2023-08-02,462.0,17279159
2023-08-03,462.2,37296287
2023-08-04,463.2,26174224
2023-08-07,456.7,14093569
2023-08-08,444.6,46701400
2023-08-09,455.1,54603022
2023-08-10,454.85,29975957
2023-08-11,444.7,24042643
2023-08-14,433.8,26501515
2023-08-15,419.05,29179181
2023-08-16,419.5,21595476
2023-08-17,423.55,18592369
2023-08-18,416.05,41527415
2023-08-21,420.0,17044958
2023-08-22,429.8,20492825
2023-08-23,433.15,36566938
2023-08-24,428.3,17152856
2023-08-25,426.15,17813843
2023-08-29,438.3,144806978
2023-08-30,438.65,25113846
2023-08-31,421.45,59164541
2023-09-01,427.15,32060379
2023-09-04,436.0,32228235
2023-09-05,432.2,34837686
2023-09-06,429.45,16546328
2023-09-07,423.5,18580734
2023-09-08,426.0,21689152
2023-09-11,435.35,35439674
2023-09-12,434.65,26106018
2023-09-13,431.9,21433334
2023-09-14,450.75,67802587
2023-09-15,456.4,64254208
2023-09-18,459.65,18937385
2023-09-19,463.65,36415235
2023-09-20,463.9,15572310
2023-09-21,452.05,26335230
2023-09-22,455.05,25356746
2023-09-25,453.0,19729174
2023-09-26,451.75,17089191
2023-09-27,453.55,16361961
2023-09-28,461.0,25415052
2023-09-29,469.9,52441662
2023-10-02,463.9,26564853
2023-10-03,453.25,32344117
2023-10-04,443.3,50069987
2023-10-05,439.85,21656884
2023-10-06,445.0,19577714
2023-10-09,450.75,20626154
2023-10-10,466.25,27874741
2023-10-11,461.3,66606739
2023-10-12,462.2,19885144
2023-10-13,456.3,33325228
2023-10-16,462.75,51025402
2023-10-17,462.85,55521715
2023-10-18,456.3,30034656
2023-10-19,450.15,20366158
2023-10-20,435.4,31454692
2023-10-23,428.75,21235583
2023-10-24,434.55,24046698
2023-10-25,439.8,22194143
2023-10-26,440.5,21638494
2023-10-27,445.25,18320029
2023-10-30,451.0,36050881
2023-10-31,435.15,42652394
2023-11-01,431.65,22011640
2023-11-02,440.25,29064332
2023-11-03,439.6,15677041
2023-11-06,442.0,22199923
2023-11-07,431.6,24175620
2023-11-08,426.6,18726773
2023-11-09,429.7,19384886
2023-11-10,427.1,35323970
2023-11-13,430.45,13159098
2023-11-14,450.0,48972952
2023-11-15,464.7,47035434
2023-11-16,457.65,35406320
2023-11-17,467.65,28159519
2023-11-20,465.5,24376884
2023-11-21,457.0,23533480
2023-11-22,448.95,26506645
2023-11-23,449.8,34006957
2023-11-24,448.15,13132755
2023-11-27,445.5,12262549
2023-11-28,447.05,20490707
2023-11-29,443.95,13598520
2023-11-30,441.8,57364064
2023-12-01,457.7,70112246
2023-12-04,443.65,31318594
2023-12-05,438.4,22461527
2023-12-06,446.5,19833746
2023-12-07,453.55,33628019
2023-12-08,457.4,33454735
2023-12-11,439.3,44269138
2023-12-12,436.3,27182875
2023-12-13,433.65,26446023
2023-12-14,453.75,52778866
2023-12-15,460.85,69181090
2023-12-18,462.65,25064424
2023-12-19,467.8,35895846
2023-12-20,469.15,19622028
2023-12-21,470.2,34690491
2023-12-22,466.35,12112393
2023-12-27,471.75,17585124
2023-12-28,470.05,16698371
2023-12-29,472.1,8801158
2024-01-02,468.7,17342921
2024-01-03,458.5,26163491
2024-01-04,459.25,29427798
2024-01-05,463.0,14168292
2024-01-08,457.1,21219277
2024-01-09,451.8,44588532
2024-01-10,447.95,22171169
2024-01-11,445.2,23302814
2024-01-12,448.15,22414596
2024-01-15,445.0,13918555
2024-01-16,439.15,50703264
2024-01-17,419.5,34849476
2024-01-18,419.85,25685796
2024-01-19,412.3,39660834
2024-01-22,397.9,45647283
2024-01-23,405.15,86857166
2024-01-24,417.1,37962628
2024-01-25,416.15,25546929
2024-01-26,422.7,24790458
2024-01-29,424.95,36148971
2024-01-30,421.05,23237088
2024-01-31,420.45,26787780
2024-02-01,426.1,47106298
2024-02-02,417.6,38502040
2024-02-05,409.4,34792983
2024-02-06,410.5,22025123
2024-02-07,402.4,32675464
2024-02-08,396.8,22432239
2024-02-09,385.05,78351494
2024-02-12,394.25,37551815
2024-02-13,392.7,30138922
2024-02-14,391.45,66183260
2024-02-15,391.05,22151485
2024-02-16,399.55,47195576
2024-02-19,395.4,19213606
2024-02-20,390.4,39945073
2024-02-21,386.05,78213840
2024-02-22,379.9,51500067
2024-02-23,375.8,61659051
2024-02-26,368.95,35974253
2024-02-27,372.05,50218466
2024-02-28,373.45,34034514
2024-02-29,375.15,36513673
2024-03-01,382.45,29571049
2024-03-04,380.2,19757111
2024-03-05,385.35,40961378
2024-03-06,389.15,43003141
2024-03-07,399.1,62867102
2024-03-08,400.75,42848279
2024-03-11,398.4,21774900
2024-03-12,399.95,50222798
2024-03-13,419.2,103279556
2024-03-14,417.25,45797211
2024-03-15,425.2,95872842
2024-03-18,422.6,27246352
2024-03-19,418.6,63550905
2024-03-20,416.2,30724187
2024-03-21,428.0,70078436
2024-03-22,428.85,34744551
2024-03-25,423.6,29544306
2024-03-26,423.95,18083084
2024-03-27,428.75,18265442
2024-03-28,435.3,30171017
2024-04-02,448.4,41349309
2024-04-03,458.3,68835890
2024-04-04,463.55,29108298
2024-04-05,458.1,22811254
2024-04-08,466.8,35053075
2024-04-09,473.0,76475216
2024-04-10,468.0,73895449
2024-04-11,462.15,27370826
2024-04-12,485.7,51549012
2024-04-15,481.65,30057399
2024-04-16,466.6,40152207
2024-04-17,472.85,38033271
2024-04-18,475.0,70400214
2024-04-19,474.3,84938901
2024-04-22,474.9,49296256
2024-04-23,468.5,25885803
2024-04-24,474.1,91615218
2024-04-25,468.6,46643686
2024-04-26,469.5,23930228
2024-04-29,473.45,17953900
2024-04-30,467.7,36605263
2024-05-01,466.5,2058475
2024-05-02,458.7,46263484
2024-05-03,455.0,25914850
2024-05-07,467.95,28078420
2024-05-08,460.7,69032654
2024-05-09,463.55,44413332
2024-05-10,476.0,36393268
2024-05-13,475.4,33670670
2024-05-14,492.5,81765755
2024-05-15,487.9,25352094
2024-05-16,493.0,27703343
2024-05-17,497.0,43470926
2024-05-20,501.5,25420083
2024-05-21,499.9,23073023
2024-05-22,483.0,56767166
2024-05-23,483.45,20298470
2024-05-24,483.95,10405517
2024-05-28,489.0,60968576
2024-05-29,483.25,20500012
2024-05-30,481.9,43793528
2024-05-31,480.75,84060796
2024-06-03,481.5,17135011
2024-06-04,468.4,33131643
2024-06-05,470.05,26654418
2024-06-06,477.2,22808747
2024-06-07,469.75,26382699
2024-06-10,475.8,12245909
2024-06-11,465.55,47231218
2024-06-12,462.9,39054281
2024-06-13,460.15,21127391
2024-06-14,454.55,15876698
2024-06-17,448.35,29378344
2024-06-18,453.45,25518018
2024-06-19,456.15,30792941
2024-06-20,463.95,26694426
2024-06-21,454.7,73950723
2024-06-24,459.5,45684622
2024-06-25,454.5,21870933
2024-06-26,454.2,30074222
2024-06-27,452.75,17226331
2024-06-28,451.1,28317987
2024-07-01,461.7,30479112
2024-07-02,466.25,26294860
2024-07-03,477.0,57688916
2024-07-04,480.8,17149958
2024-07-05,483.05,38929834
2024-07-08,479.35,26041110
2024-07-09,476.05,104073814
2024-07-10,479.0,13115139
2024-07-11,478.8,16335902
2024-07-12,478.35,19191626
2024-07-15,471.3,22878945
2024-07-16,458.55,20198135
2024-07-17,458.5,14050190
2024-07-18,450.9,29144703
2024-07-19,441.95,31017860
2024-07-22,443.35,17066639
2024-07-23,433.4,45562205
2024-07-24,433.35,12308896
2024-07-25,432.3,16954703
2024-07-26,433.6,10692393
2024-07-29,427.45,61414456
2024-07-30,416.6,41022298
2024-07-31,429.8,30546353
2024-08-01,415.2,26967591
2024-08-02,405.05,30324424
2024-08-05,391.7,74864723
2024-08-06,393.15,60315187
2024-08-07,404.2,30225139
2024-08-08,403.2,15789835
2024-08-09,405.1,20033036
2024-08-12,410.25,24549119
2024-08-13,405.4,16820808
2024-08-14,403.2,15661377
2024-08-15,408.5,158977455
2024-08-16,403.85,37263764
2024-08-19,415.2,25181956
2024-08-20,410.2,25569268
2024-08-21,413.3,39885981
2024-08-22,405.3,75817593
2024-08-23,411.1,21280539
2024-08-27,410.5,13424662
2024-08-28,404.55,14583810
2024-08-29,400.1,19777917
2024-08-30,400.8,19268380
2024-09-02,399.7,46852141
2024-09-03,384.75,154545673
2024-09-04,380.8,23713083
2024-09-05,379.35,69959160
2024-09-06,367.1,26630329
2024-09-09,370.05,14251477
2024-09-10,363.45,91650698
2024-09-11,362.8,46227641
2024-09-12,372.65,71363633
2024-09-13,377.35,16820710
2024-09-16,377.7,18580565
2024-09-17,379.3,22967074
2024-09-18,379.85,31150874
2024-09-20,378.7,52355925
2024-09-23,384.85,48612136
2024-09-24,399.85,49708561
2024-09-25,403.35,29275724
2024-09-26,423.05,50931719
2024-09-27,427.05,38738138
2024-09-30,427.7,43924647
2024-10-01,429.1,23272043
2024-10-02,433.4,19980462
2024-10-03,429.3,18182873
2024-10-04,433.1,20059942
2024-10-07,437.5,20309255
2024-10-08,417.5,96060393
2024-10-09,420.9,18355123
2024-10-10,422.0,20849212
2024-10-11,424.25,22385459
2024-10-14,420.55,44633502
2024-10-15,403.55,30531180
2024-10-16,406.65,37995073
2024-10-17,403.2,52417710
2024-10-18,408.7,30404215
2024-10-21,406.9,15546001
2024-10-22,407.9,12369784
2024-10-23,400.3,16809471
2024-10-24,398.1,9334062
2024-10-25,404.2,16183684
2024-10-28,405.05,35134968
2024-10-29,404.6,28106682
2024-10-30,409.6,34949037
2024-10-31,406.3,19986209
2024-11-01,407.65,15448945
2024-11-04,406.9,25732443
2024-11-05,407.4,12123619
2024-11-06,401.25,34486516
2024-11-07,415.4,33607577
2024-11-08,394.8,40931149
2024-11-11,388.5,36975397
2024-11-12,376.45,31451187
2024-11-13,376.5,45397028
2024-11-14,374.7,22612669
2024-11-15,379.35,27884003
2024-11-18,383.45,94522968
2024-11-19,379.45,30258148
2024-11-20,380.7,33662030
2024-11-21,381.4,29116318
2024-11-22,380.8,15050926
2024-11-25,389.8,31215805
2024-11-26,378.75,39358848
2024-11-27,375.9,36029315
2024-11-28,373.75,17128841
2024-11-29,379.95,22053975
2024-12-02,377.05,16096208
2024-12-03,382.0,55313864
2024-12-04,378.2,46416979
2024-12-05,377.3,16486829
2024-12-06,378.0,33944889
2024-12-09,394.85,90617804
2024-12-10,385.9,30989391
2024-12-11,383.25,60879895
2024-12-12,377.9,22506200
2024-12-13,371.05,30990003
2024-12-16,367.75,23559419
2024-12-17,362.7,114447889
2024-12-18,362.3,28522617
2024-12-19,354.1,25353052
2024-12-20,352.9,50446476
2024-12-23,354.1,35192481
2024-12-24,355.35,5883053
2024-12-27,354.6,14333641
2024-12-30,352.3,17058714
2024-12-31,353.4,7131966
2025-01-02,362.65,33657245
2025-01-03,361.6,56405452
2025-01-06,366.7,32723639
2025-01-07,361.2,50609138
2025-01-08,363.95,24486642
2025-01-09,365.7,35559899
2025-01-10,358.7,48054554
2025-01-13,363.95,21549194
2025-01-14,367.6,31383302
2025-01-15,368.75,29340355
2025-01-16,370.05,30049053
2025-01-17,380.15,74148986
2025-01-20,387.2,32678636
2025-01-21,380.6,21085244
2025-01-22,377.2,16259679
2025-01-23,373.5,57581709
2025-01-24,375.4,27736742
2025-01-27,361.5,33814613
2025-01-28,354.95,22784767
2025-01-29,345.5,47750492
2025-01-30,352.95,36448478
2025-01-31,350.5,39381109
2025-02-03,342.1,29667810
2025-02-04,348.6,97154024
2025-02-05,348.2,28682823
2025-02-06,354.45,27894199
2025-02-07,358.6,63476572
2025-02-10,359.45,39317012
2025-02-11,349.65,32975655
2025-02-12,341.0,53484062
2025-02-13,345.45,55069936
2025-02-14,353.2,59698913
2025-02-17,350.4,16489116
2025-02-18,353.55,25392127
2025-02-19,327.8,119757499
2025-02-20,325.55,57053585
2025-02-21,323.85,94752836
2025-02-24,317.95,40908475
2025-02-25,315.6,34691855
2025-02-26,321.9,49697803
2025-02-27,316.85,30097459
2025-02-28,319.15,43879233
2025-03-03,323.45,63021866
2025-03-04,312.85,35182127
2025-03-05,320.9,35486043
2025-03-06,327.5,38100047
2025-03-07,319.15,33075409
2025-03-10,315.3,90913508
2025-03-11,313.65,46110242
2025-03-12,312.5,29954384
2025-03-13,312.55,31827172
2025-03-14,320.75,31379897
2025-03-17,318.85,30196185
2025-03-18,319.1,32243601
2025-03-19,315.05,39351234
2025-03-20,310.0,43449177
2025-03-21,299.2,84522472
2025-03-24,302.9,39990295
2025-03-25,304.5,51681226
2025-03-26,304.0,36576784
2025-03-27,297.65,38235758
2025-03-28,292.55,42681804
2025-03-31,280.3,52770112
2025-04-01,284.15,36559632
2025-04-02,282.95,28221270
2025-04-03,260.8,66089533
2025-04-04,236.9,98272422
2025-04-07,230.05,111896551
2025-04-08,238.6,120478163
2025-04-09,238.2,71963022
2025-04-10,245.0,65915142
2025-04-11,253.65,52689673
2025-04-14,260.05,41219234
2025-04-15,255.95,88782321
2025-04-16,257.15,50697681
2025-04-17,255.75,39716709
2025-04-22,256.3,88059669
2025-04-23,266.45,75968697
2025-04-24,267.75,158776358
2025-04-25,268.45,33589103
2025-04-28,265.5,46560698
2025-04-29,263.9,33414499
2025-04-30,244.4,114671645
2025-05-01,244.5,54288865
2025-05-02,246.9,45783656
2025-05-06,247.75,76257652
2025-05-07,252.0,142655379
2025-05-08,252.8,32014639
2025-05-09,252.3,30075041
2025-05-12,267.65,48906107
2025-05-13,269.75,28968494
2025-05-14,273.75,33588813
2025-05-15,270.6,67061063
2025-05-16,266.0,99276323
2025-05-19,263.7,32951541
2025-05-20,270.95,32745719
2025-05-21,267.15,26296063
2025-05-22,266.9,27044375
2025-05-23,269.15,31450279
2025-05-27,274.4,27707022
2025-05-28,272.05,45043796
2025-05-29,277.9,66993452
2025-05-30,283.4,105186841
2025-06-02,284.8,26080572
2025-06-03,282.7,29640143
2025-06-04,288.5,52814538
2025-06-05,292.85,35090162
2025-06-06,288.1,24188902
2025-06-09,291.1,37723026
2025-06-10,290.0,26669976
2025-06-11,289.0,63479253
2025-06-12,287.65,32940863
2025-06-13,291.7,36313947
2025-06-16,291.65,27424256
2025-06-17,286.55,37077328
2025-06-18,289.25,28302295
2025-06-19,283.6,17087317
2025-06-20,286.35,156612093
2025-06-23,285.45,20215476
2025-06-24,275.1,84071718
2025-06-25,273.3,43431411
2025-06-26,288.2,54212156
2025-06-27,286.7,28342738
2025-06-30,283.6,40570370
2025-07-01,291.25,60547992
2025-07-02,306.0,107944026
2025-07-03,306.2,39368339
2025-07-04,302.85,18327124
2025-07-07,297.9,15474688
2025-07-08,306.4,42325829
2025-07-09,298.2,46435822
2025-07-10,309.95,37677090
2025-07-11,312.5,53617584
2025-07-14,310.2,29268370
2025-07-15,309.45,45033549
2025-07-16,306.75,25594104
2025-07-17,303.3,21589270
2025-07-18,303.55,31436628
2025-07-21,312.75,70540004
2025-07-23,326.45,51434373
2025-07-24,322.75,22567966
2025-07-25,318.25,44348440
2025-07-28,316.7,30280433
2025-07-29,305.9,53546384
2025-07-30,311.7,29232578
2025-07-31,304.75,51410214
2025-08-01,300.35,32461363
2025-08-04,299.0,80417791
2025-08-05,301.05,30443539
2025-08-06,284.75,104636913
2025-08-07,280.45,32789269
2025-08-08,288.25,47666236
2025-08-11,293.1,34915841
2025-08-12,295.2,24297370
2025-08-13,296.15,25216024
2025-08-14,294.5,20566627
2025-08-15,299.75,25242860
2025-08-18,288.25,110913021
2025-08-19,292.1,48975290
2025-08-20,291.7,43907218
2025-08-21,292.35,25216770
2025-08-22,294.3,22266779
2025-08-26,293.15,51413824
2025-08-27,293.4,17825679
2025-08-28,294.65,32057037
2025-08-29,292.2,20875837
2025-09-01,289.0,51546247
2025-09-02,284.3,22827677
2025-09-03,286.95,26076803
2025-09-04,285.45,15419549
2025-09-05,286.9,27754552
2025-09-08,286.5,15757152
2025-09-09,301.65,72775411
2025-09-10,296.6,38745325
2025-09-11,298.6,22833223
2025-09-12,303.5,31883835
2025-09-15,306.85,67153997
2025-09-16,310.55,82288320
2025-09-17,306.2,35707212
2025-09-18,307.35,30760852
2025-09-19,312.95,59234212
2025-09-22,319.1,31120733
2025-09-23,320.8,67810069
2025-09-24,330.25,49092108
2025-09-25,332.35,93889285
2025-09-26,335.75,93991698
2025-09-29,341.45,39907974
2025-09-30,341.6,42479772
2025-10-01,339.95,55574086
2025-10-02,341.1,60696360
2025-10-03,347.7,86267341
2025-10-06,353.7,40277374
2025-10-07,356.6,31048002
2025-10-08,355.75,58160381
2025-10-09,357.15,62217791
2025-10-10,345.85,35028597
2025-10-13,357.25,146899938
2025-10-14,353.4,40076557
2025-10-15,353.25,25632164
2025-10-16,351.5,23627596
2025-10-17,345.8,28161379
2025-10-20,349.4,18130052
2025-10-21,344.4,42569146
2025-10-22,340.2,43698101
2025-10-23,345.0,23363762
2025-10-24,346.05,53460558
2025-10-27,347.55,45989260
2025-10-28,351.45,31023077
2025-10-29,371.25,67382473
2025-10-30,365.35,39664779
2025-10-31,364.45,28354364
2025-11-03,356.75,28709989
2025-11-04,350.6,66083737
2025-11-05,355.95,59826079
2025-11-06,359.75,44188882
2025-11-07,357.6,18339236
2025-11-10,362.8,22296394
2025-11-11,367.8,55971959
2025-11-12,371.65,39156292
2025-11-13,373.1,16495090
2025-11-14,365.8,39763519
2025-11-17,363.85,23488691
2025-11-18,355.65,34321834
2025-11-19,352.9,52126713
2025-11-20,349.05,29259911
2025-11-21,335.0,41526223
2025-11-24,343.45,70417476
2025-11-25,346.55,22388740
2025-11-26,350.05,39064971
2025-11-27,356.7,47861217
2025-11-28,360.8,31112558
2025-12-01,364.7,30163895
2025-12-02,360.35,20924375
2025-12-03,383.1,66914348
2025-12-04,382.9,51646179
2025-12-05,379.85,41319110
2025-12-08,378.9,19670639
2025-12-09,380.5,75489277
2025-12-10,380.4,18655383
2025-12-11,383.0,24426622
2025-12-12,375.5,37524962
2025-12-15,380.8,56486004
2025-12-16,373.3,30895368
2025-12-17,378.95,30725883
2025-12-18,386.8,25379758
2025-12-19,389.55,57366315
2025-12-22,389.95,30554452
2025-12-23,393.9,19132548
2025-12-24,394.3,5584293
2025-12-29,396.5,24177139
2025-12-30,406.5,19304092
2025-12-31,406.55,7169573
2026-01-02,408.8,21646075
2026-01-05,419.3,28324458
2026-01-06,427.95,30482544
2026-01-07,422.8,37790543
2026-01-08,413.0,49681463
2026-01-09,452.65,118652969
2026-01-12,468.5,60175219
2026-01-13,470.2,33916328
2026-01-14,484.2,57449375
2026-01-15,491.0,47181101
2026-01-16,478.6,61929821
2026-01-19,481.05,18642377
2026-01-20,482.0,39665018
2026-01-21,500.0,46915431
2026-01-22,490.15,38493191
2026-01-23,501.0,37716159
2026-01-26,500.1,43825189
2026-01-27,503.8,24171011
2026-01-28,505.8,25823357
2026-01-29,507.9,58334649
2026-01-30,499.25,55765394
2026-02-02,501.0,48451751
2026-02-03,517.3,84327620
2026-02-04,511.2,44216361
2026-02-05,475.25,80784896
2026-02-06,478.1,127883071
2026-02-09,501.1,78932556
2026-02-10,496.45,21729049
2026-02-11,502.9,30702261
2026-02-12,494.25,45655980
2026-02-13,494.5,30114387
2026-02-16,492.9,18331686
2026-02-17,486.0,25795881
2026-02-18,507.7,43002000
2026-02-20,507.0,32493329
2026-02-23,513.0,41422120
2026-02-24,519.3,37459547
2026-02-25,534.5,33745947
2026-02-26,525.5,26118785
2026-02-27,534.0,40399875
2026-03-02,534.4,23884586
2026-03-03,526.3,56536681
2026-03-04,528.4,43528029
2026-03-05,515.3,25628595
2026-03-06,502.8,36737147
2026-03-09,506.8,40610615
2026-03-10,522.6,28400580
2026-03-11,523.4,27793523
2026-03-12,531.2,36060576
2026-03-13,518.4,26164838
2026-03-16,516.0,35466145
2026-03-17,524.2,40039238
2026-03-18,525.9,37078756
2026-03-19,518.2,69408161
2026-03-20,520.1,232095918
2026-03-23,515.6,56836333
2026-03-24,527.9,39312334
2026-03-25,537.3,42166417
2026-03-26,532.0,42098839
2026-03-27,538.4,50318228
2026-03-30,553.5,39196874
2026-03-31,565.5,39825391
2026-04-01,562.5,40495514
2026-04-02,563.6,32004480
2026-04-07,558.0,35677183
2026-04-08,562.8,36614125
2026-04-09,560.5,26371664
2026-04-10,565.7,33835419
2026-04-13,564.1,20125637
2026-04-14,562.6,30735232
2026-04-15,555.2,28735830
2026-04-16,557.9,20671571
2026-04-17,547.1,38815273
2026-04-20,549.7,26172280
2026-04-21,549.1,15017809
2026-04-22,563.0,21567542
2026-04-23,562.5,19633992
2026-04-24,557.5,15829445
2026-04-27,551.5,14572258
2026-04-28,550.9,16436377
2026-04-29,553.3,23097577
2026-04-30,567.8,77319552
2026-05-01,563.0,15115821
2026-05-05,559.8,22980525
2026-05-06,568.9,74376919
2026-05-07,564.4,47136105
2026-05-08,563.2,46588421
2026-05-11,575.8,77532000
2026-05-12,573.4,130828128
2026-05-13,592.1,31511336
2026-05-14,595.9,18341182
2026-05-15,574.3,56765504
2026-05-18,573.7,18905903
2026-05-19,562.5,37655897
2026-05-20,566.1,16705100
2026-05-21,574.0,30080466
2026-05-22,569.1,18562348
2026-05-26,585.5,33550554
2026-05-27,574.5,36943545
2026-05-28,573.6,23074474
2026-05-29,567.8,122357157
2026-06-01,588.1,43074497
2026-06-02,615.0,64853093
2026-06-03,608.3,49990673
2026-06-04,610.0,33834741
2026-06-05,590.2,38469216
2026-06-08,588.6,21121214
2026-06-09,569.2,68130399
2026-06-10,564.0,26865892
2026-06-11,574.2,59058487
2026-06-12,588.9,40414445
2026-06-15,583.0,54946081
2026-06-16,590.6,29725471
2026-06-17,583.2,27114198
2026-06-18,566.0,32064467
2026-06-19,557.0,85921213
2026-06-22,558.9,22275368
2026-06-23,535.3,45589950
2026-06-24,521.7,54342994
2026-06-25,521.2,79661296
2026-06-26,514.7,35375146
2026-06-29,511.0,41255729
2026-06-30,513.8,38834767
2026-07-01,512.3,21797027
2026-07-02,510.8,38047862
2026-07-03,513.6,14843470
2026-07-06,516.0,37417039
2026-07-07,508.5,20277297
2026-07-08,490.65,30293043
2026-07-09,511.4,26177613
2026-07-10,510.5,35635800
2026-07-13,514.5,30527058
2026-07-14,530.2,28488003
2026-07-15,517.5,54657562
2026-07-16,516.7,48655486
2026-07-17,516.7,45171839
2026-07-20,511.9,89100238
2026-07-21,527.9,23446507
2026-07-22,538.1,37533167
2026-07-23,537.7,29114837
2026-07-24,537.3,33004767
2026-07-27,519.1,75733024
2026-07-28,506.5,54289317
2026-07-29,520.7,26320301
2026-07-30,539.0,58410030
2026-07-31,543.0,24068318
2026-08-03,539.0,63587187
2026-08-04,550.6,76579232
2026-08-05,573.3,39909093
2026-08-06,566.0,29431396
2026-08-07,557.0,23743736
2026-08-10,568.7,23118919
2026-08-11,574.2,27251175
2026-08-12,572.9,17151325
2026-08-13,560.9,44132943
2026-08-14,548.9,64430084
2026-08-17,553.8,15777984
2026-08-18,551.2,18957699
2026-08-19,580.1,57799201
2026-08-20,584.5,72526387
2026-08-21,596.8,29367135
2026-08-24,593.1,71996586
2026-08-25,602.1,64301435
2026-08-26,598.8,32929479
2026-08-27,595.3,17700744
2026-08-28,595.6,88067440
2026-09-01,597.1,71187916
2026-09-02,595.9,49843083
2026-09-03,605.8,33938822
2026-09-04,601.7,67206583
2026-09-07,603.8,25230707
2026-09-08,629.0,33040958
2026-09-09,625.4,31261548
2026-09-10,599.7,29209746
2026-09-11,605.5,18895818
2026-09-14,591.0,43003364
2026-09-15,576.0,25230928
2026-09-16,570.9,29368919
2026-09-17,580.2,31985146
2026-09-18,556.8,98230829
2026-09-21,542.2,28078604
2026-09-22,545.6,62533568
2026-09-23,552.5,39804470
2026-09-24,549.0,34908480
2026-09-25,561.1,16260545
2026-09-28,551.5,16033749
2026-09-29,551.8,20041702
2026-09-30,555.2,21565658
2026-10-01,545.3,36590721
2026-10-02,561.4,30022805
2026-10-05,569.3,22780726
2026-10-06,573.5,19060611
2026-10-07,568.9,39453742
2026-10-08,568.7,31958539
