datum,schluss,volumen
2008-01-02,94.74,3681700
2008-01-03,97.71,4629700
2008-01-04,95.41,3820300
2008-01-07,94.0,5978700
2008-01-08,88.37,6300200
2008-01-09,89.01,12635700
2008-01-10,93.53,7007800
2008-01-11,99.21,7026200
2008-01-14,109.54,8157000
2008-01-15,101.25,8006700
2008-01-16,91.71,12584800
2008-01-17,81.0,15913400
2008-01-18,80.02,10351800
2008-01-22,80.29,10472200
2008-01-23,81.0,11690300
2008-01-24,91.26,10516900
2008-01-25,91.4,9159000
2008-01-28,92.7,5136400
2008-01-29,92.5,5119000
2008-01-30,88.95,5550900
2008-01-31,90.93,5326200
2008-02-01,93.47,5173300
2008-02-04,98.45,4875900
2008-02-05,92.69,7981200
2008-02-06,93.44,6213900
2008-02-07,93.75,6690000
2008-02-08,96.22,4515100
2008-02-11,99.53,4245100
2008-02-12,100.41,7882400
2008-02-13,100.04,5011600
2008-02-14,103.43,5056400
2008-02-15,103.37,3752100
2008-02-19,109.55,7741300
2008-02-20,114.04,6380700
2008-02-21,111.75,6861200
2008-02-22,108.96,6096500
2008-02-25,117.06,7875500
2008-02-26,115.63,6931700
2008-02-27,113.17,8158300
2008-02-28,113.08,5943100
2008-02-29,111.3,6793100
2008-03-03,111.93,5875800
2008-03-04,108.92,7538600
2008-03-05,110.64,7047600
2008-03-06,111.45,4649300
2008-03-07,104.06,6426200
2008-03-10,95.36,8251000
2008-03-11,107.06,7890200
2008-03-12,106.11,5523800
2008-03-13,108.93,5964600
2008-03-14,107.23,4950200
2008-03-17,102.91,4271500
2008-03-18,109.79,4849100
2008-03-19,97.25,8503500
2008-03-20,92.01,12086300
2008-03-24,93.32,7359000
2008-03-25,98.41,6944700
2008-03-26,102.95,4993500
2008-03-27,104.67,5549400
2008-03-28,105.4,4290800
2008-03-31,102.6,5665100
2008-04-01,101.45,11785800
2008-04-02,100.17,8888400
2008-04-03,104.52,11035300
2008-04-04,115.07,14328600
2008-04-07,117.83,9363800
2008-04-08,119.92,5407800
2008-04-09,120.0,6590200
2008-04-10,122.65,6498100
2008-04-11,121.61,5766100
2008-04-14,126.4,6982300
2008-04-15,127.6,5984400
2008-04-16,136.82,8925300
2008-04-17,133.88,7525700
2008-04-18,135.25,6873300
2008-04-21,139.33,6115800
2008-04-22,140.21,6953900
2008-04-23,133.27,7096400
2008-04-24,122.38,12051400
2008-04-25,131.3,7917200
2008-04-28,123.68,8770600
2008-04-29,118.06,9023500
2008-04-30,122.51,9217300
2008-05-01,122.55,7748200
2008-05-02,124.63,6246000
2008-05-05,124.79,5599700
2008-05-06,127.48,6388600
2008-05-07,124.65,4995100
2008-05-08,127.08,5271900
2008-05-09,126.42,4260300
2008-05-12,126.99,3612200
2008-05-13,125.25,4270200
2008-05-14,125.16,5639000
2008-05-15,128.93,5298100
2008-05-16,129.66,5000200
2008-05-19,123.88,5560900
2008-05-20,126.91,4008100
2008-05-21,120.67,5097200
2008-05-22,122.51,5739900
2008-05-23,119.86,4952100
2008-05-27,115.42,6054900
2008-05-28,123.72,6040600
2008-05-29,121.79,4904300
2008-05-30,125.32,3081000
2008-06-02,125.81,4635600
2008-06-03,130.7,8471700
2008-06-04,128.74,5677100
2008-06-05,134.42,7075900
2008-06-06,133.36,5350400
2008-06-09,141.01,10687100
2008-06-10,143.91,8717000
2008-06-11,149.63,12159900
2008-06-12,147.49,6385400
2008-06-13,153.31,6076800
2008-06-16,153.44,5328800
2008-06-17,161.08,6826900
2008-06-18,161.0,6055500
2008-06-19,151.25,8602900
2008-06-20,152.72,9245700
2008-06-23,150.67,6941500
2008-06-24,142.98,7232400
2008-06-25,145.56,8831000
2008-06-26,142.73,6057200
2008-06-27,148.18,6953600
2008-06-30,144.7,5401300
2008-07-01,141.31,6895300
2008-07-02,130.42,7024800
2008-07-03,132.29,6312800
2008-07-07,129.43,6851900
2008-07-08,131.12,10004800
2008-07-09,137.04,7416700
2008-07-10,140.09,5191300
2008-07-11,141.81,5132300
2008-07-14,145.69,4386100
2008-07-15,137.18,8177300
2008-07-16,138.78,6165100
2008-07-17,129.77,7904900
2008-07-18,127.13,6064600
2008-07-21,139.05,6487700
2008-07-22,135.38,4414900
2008-07-23,121.75,7895400
2008-07-24,118.25,11816600
2008-07-25,122.05,5485100
2008-07-28,122.66,5012900
2008-07-29,122.36,7250500
2008-07-30,132.49,7277900
2008-07-31,127.21,5649800
2008-08-01,122.69,4335000
2008-08-04,109.29,8448300
2008-08-05,110.47,12284100
2008-08-06,112.94,6503800
2008-08-07,110.74,4534300
2008-08-08,104.42,7009700
2008-08-11,96.35,11303400
2008-08-12,97.04,9463000
2008-08-13,107.08,8932300
2008-08-14,104.35,7131200
2008-08-15,97.52,8351800
2008-08-18,101.57,7936500
2008-08-19,103.5,6280900
2008-08-20,106.91,5414800
2008-08-21,108.12,7698100
2008-08-22,107.35,5282600
2008-08-25,107.05,3769800
2008-08-26,106.54,4734000
2008-08-27,109.12,4712200
2008-08-28,106.25,4773300
2008-08-29,106.74,4555100
2008-09-02,97.21,7763600
2008-09-03,93.09,10819700
2008-09-04,87.78,9470600
2008-09-05,94.52,11069100
2008-09-08,87.39,10795200
2008-09-09,77.01,14711700
2008-09-10,82.84,11754800
2008-09-11,85.6,10530900
2008-09-12,91.95,9483200
2008-09-15,84.2,9387900
2008-09-16,87.24,10491900
2008-09-17,83.65,11591500
2008-09-18,84.73,10320100
2008-09-19,95.33,9306900
2008-09-22,95.28,10013900
2008-09-23,86.02,9610400
2008-09-24,84.32,6287000
2008-09-25,84.59,8461500
2008-09-26,76.05,8855700
2008-09-29,63.75,13023800
2008-09-30,68.02,8933700
2008-10-01,67.51,11250000
2008-10-02,39.65,45801700
2008-10-03,40.88,23066100
2008-10-06,37.16,32855500
2008-10-07,33.91,20813200
2008-10-08,35.75,28786400
2008-10-09,36.52,24683000
2008-10-10,36.4,23777200
2008-10-13,44.21,16778100
2008-10-14,39.25,22382800
2008-10-15,33.88,18083600
2008-10-16,33.16,23078400
2008-10-17,33.66,19007700
2008-10-20,38.93,18897300
2008-10-21,36.73,15020200
2008-10-22,32.21,14549200
2008-10-23,28.83,31052100
2008-10-24,27.78,19065500
2008-10-27,26.5,11617200
2008-10-28,29.98,15300800
2008-10-29,33.65,17105000
2008-10-30,37.81,15033200
2008-10-31,39.41,12563100
2008-11-03,37.3,10536000
2008-11-04,41.74,12652000
2008-11-05,38.36,10826500
2008-11-06,33.88,12372600
2008-11-07,36.49,10407300
2008-11-10,36.56,10789800
2008-11-11,34.22,8356900
2008-11-12,29.98,10189800
2008-11-13,33.91,14530500
2008-11-14,32.47,8945200
2008-11-17,31.57,8550600
2008-11-18,31.37,9280100
2008-11-19,28.75,10505400
2008-11-20,22.31,17385000
2008-11-21,24.94,13372800
2008-11-24,27.16,9882600
2008-11-25,27.85,6098900
2008-11-26,29.51,6890100
2008-11-28,30.35,2444400
2008-12-01,25.4,6599000
2008-12-02,27.16,16167500
2008-12-03,26.9,10298500
2008-12-04,26.29,7158500
2008-12-05,27.57,6430200
2008-12-08,30.05,6932000
2008-12-09,31.91,8836300
2008-12-10,34.29,9190500
2008-12-11,30.81,8960600
2008-12-12,31.5,6869300
2008-12-15,31.46,5556300
2008-12-16,35.96,9216000
2008-12-17,37.17,9337900
2008-12-18,34.75,5973700
2008-12-19,33.61,5825000
2008-12-22,31.09,5781600
2008-12-23,31.36,6523300
2008-12-24,31.23,1941600
2008-12-26,32.59,2453600
2008-12-29,33.87,4747400
2008-12-30,34.2,4075800
2008-12-31,34.6,4224400
2009-01-02,36.86,5472700
2009-01-05,37.67,10678600
2009-01-06,38.56,16696100
2009-01-07,38.44,13245400
2009-01-08,39.77,10093400
2009-01-09,38.79,6136700
2009-01-12,34.56,10149000
2009-01-13,35.08,7405100
2009-01-14,33.21,7332200
2009-01-15,34.47,8074000
2009-01-16,35.45,7463900
2009-01-20,32.15,6788400
2009-01-21,33.64,6311900
2009-01-22,33.95,7441700
2009-01-23,35.39,6829800
2009-01-26,36.53,7057100
2009-01-27,36.54,5391000
2009-01-28,37.77,7291900
2009-01-29,36.13,5169700
2009-01-30,35.67,6462700
2009-02-02,35.55,5707600
2009-02-03,36.34,4796100
2009-02-04,39.0,8404700
2009-02-05,41.35,9877800
2009-02-06,45.05,15042000
2009-02-09,45.64,15282800
2009-02-10,44.17,12423600
2009-02-11,42.19,11216400
2009-02-12,43.05,9791800
2009-02-13,42.88,6961000
2009-02-17,39.54,9673900
2009-02-18,40.88,7728800
2009-02-19,41.73,6947300
2009-02-20,42.52,7216400
2009-02-23,35.89,15044500
2009-02-24,38.86,12875600
2009-02-25,39.12,11328600
2009-02-26,39.66,7769400
2009-02-27,43.05,18504200
2009-03-02,37.72,15846800
2009-03-03,40.15,11400400
2009-03-04,41.88,17362100
2009-03-05,40.09,8665500
2009-03-06,39.16,9461200
2009-03-09,40.35,7494600
2009-03-10,44.09,10150500
2009-03-11,45.53,10162400
2009-03-12,43.21,12301100
2009-03-13,42.08,9695800
2009-03-16,41.35,7437000
2009-03-17,42.26,7232400
2009-03-18,42.54,6601400
2009-03-19,43.5,8638300
2009-03-20,41.62,6910700
2009-03-23,44.77,7790100
2009-03-24,45.01,10378500
2009-03-25,45.47,8351900
2009-03-26,48.2,9723000
2009-03-27,47.05,10063900
2009-03-30,42.74,10014200
2009-03-31,41.98,7877700
2009-04-01,43.93,8838100
2009-04-02,43.87,8732300
2009-04-03,45.64,6337200
2009-04-06,44.89,5605100
2009-04-07,42.94,8056200
2009-04-08,45.61,17971400
2009-04-09,44.57,10615200
2009-04-13,44.25,5336200
2009-04-14,44.51,4730100
2009-04-15,44.62,4973700
2009-04-16,43.69,3864600
2009-04-17,42.18,4643600
2009-04-20,39.33,7907400
2009-04-21,38.88,5381600
2009-04-22,38.59,7149800
2009-04-23,38.21,6834400
2009-04-24,40.96,6270400
2009-04-27,38.97,5993700
2009-04-28,38.9,4127900
2009-04-29,40.03,4186200
2009-04-30,40.45,5532100
2009-05-01,42.35,6788300
2009-05-04,44.27,8080400
2009-05-05,46.27,9261700
2009-05-06,45.8,6307300
2009-05-07,45.53,8630700
2009-05-08,45.45,5274700
2009-05-11,44.57,4476100
2009-05-12,47.67,9394100
2009-05-13,46.34,10745500
2009-05-14,50.33,12234400
2009-05-15,51.3,11526600
2009-05-18,55.0,9182100
2009-05-19,56.87,10912200
2009-05-20,56.82,10380700
2009-05-21,53.35,9879100
2009-05-22,55.36,8339900
2009-05-26,56.37,6614400
2009-05-27,54.56,8713300
2009-05-28,55.18,5455200
2009-05-29,54.7,5943900
2009-06-01,56.47,7176700
2009-06-02,55.97,5342500
2009-06-03,52.44,8072900
2009-06-04,53.68,6844600
2009-06-05,53.13,5704900
2009-06-08,51.76,4560600
2009-06-09,53.73,4546000
2009-06-10,55.28,6988200
2009-06-11,56.33,6038300
2009-06-12,55.48,4698100
2009-06-15,53.12,4687000
2009-06-16,51.21,5394300
2009-06-17,46.25,13898200
2009-06-18,45.78,7283500
2009-06-19,46.45,5684400
2009-06-22,42.27,7914900
2009-06-23,43.85,6778800
2009-06-24,44.09,6024400
2009-06-25,43.79,5234900
2009-06-26,43.35,7033000
2009-06-29,45.94,10055100
2009-06-30,44.3,9681300
2009-07-01,43.8,5126400
2009-07-02,45.11,7741000
2009-07-06,43.64,5175100
2009-07-07,41.25,6198300
2009-07-08,40.67,6160300
2009-07-09,42.76,6005900
2009-07-10,41.13,21331900
2009-07-13,42.46,10696700
2009-07-14,43.22,7229100
2009-07-15,44.55,6952000
2009-07-16,49.98,19976100
2009-07-17,49.56,27362900
2009-07-20,49.12,11001900
2009-07-21,49.13,6135000
2009-07-22,48.42,6390300
2009-07-23,51.45,10285600
2009-07-24,53.45,8622100
2009-07-27,52.72,6503400
2009-07-28,50.85,6361400
2009-07-29,49.23,5513800
2009-07-30,51.71,5496000
2009-07-31,52.15,4721100
2009-08-03,55.13,6428400
2009-08-04,53.68,4789900
2009-08-05,54.05,6337500
2009-08-06,54.39,4585100
2009-08-07,53.78,4679200
2009-08-10,52.9,3178200
2009-08-11,51.92,4012900
2009-08-12,53.04,5365100
2009-08-13,54.65,4256500
2009-08-14,54.07,3144200
2009-08-17,51.12,4148800
2009-08-18,52.68,3557600
2009-08-19,53.34,3883700
2009-08-20,54.47,4761800
2009-08-21,54.46,4809600
2009-08-24,53.66,5312700
2009-08-25,52.05,6292400
2009-08-26,51.68,3933600
2009-08-27,51.38,3335400
2009-08-28,49.81,6980700
2009-08-31,48.47,4061100
2009-09-01,49.41,8474300
2009-09-02,50.65,6280800
2009-09-03,50.87,3266200
2009-09-04,51.36,2889800
2009-09-08,52.33,4136300
2009-09-09,51.59,4086700
2009-09-10,50.72,5213600
2009-09-11,52.26,7062600
2009-09-14,51.54,4609400
2009-09-15,53.67,6663900
2009-09-16,53.04,5462900
2009-09-17,53.73,5392700
2009-09-18,54.25,4459800
2009-09-21,51.41,7337500
2009-09-22,51.91,5139000
2009-09-23,50.4,6248000
2009-09-24,50.4,5016300
2009-09-25,49.21,4011000
2009-09-28,49.54,4022000
2009-09-29,48.77,3894600
2009-09-30,48.07,5135800
2009-10-01,46.43,7137300
2009-10-02,46.18,4296700
2009-10-05,45.96,7777300
2009-10-06,47.89,8868500
2009-10-07,48.24,4790000
2009-10-08,49.66,7572000
2009-10-09,49.24,4458200
2009-10-12,49.26,4376800
2009-10-13,49.05,3376000
2009-10-14,50.44,5987300
2009-10-15,50.67,3327900
2009-10-16,51.61,6565300
2009-10-19,53.63,7700000
2009-10-20,53.21,4505900
2009-10-21,53.3,6360400
2009-10-22,53.22,6542800
2009-10-23,51.79,4679000
2009-10-26,49.88,8882900
2009-10-27,49.09,4806700
2009-10-28,47.48,5940800
2009-10-29,48.96,3884300
2009-10-30,46.73,6250600
2009-11-02,47.44,6160400
2009-11-03,48.14,4640400
2009-11-04,48.77,4800800
2009-11-05,49.49,4253900
2009-11-06,50.35,4011100
2009-11-09,50.22,4065000
2009-11-10,50.99,5210000
2009-11-11,51.78,4136500
2009-11-12,49.71,8983700
2009-11-13,48.12,6492900
2009-11-16,49.89,5263800
2009-11-17,52.77,7640900
2009-11-18,54.44,7880900
2009-11-19,54.06,4405500
2009-11-20,55.31,6186000
2009-11-23,54.98,6701100
2009-11-24,54.1,5212000
2009-11-25,55.98,3614400
2009-11-27,54.35,2327400
2009-11-30,54.45,3500200
2009-12-01,57.17,6925000
2009-12-02,61.69,13677700
2009-12-03,60.58,6426500
2009-12-04,58.29,9884600
2009-12-07,59.94,6100600
2009-12-08,59.27,4980000
2009-12-09,59.63,5055000
2009-12-10,59.69,3819500
2009-12-11,58.99,5037600
2009-12-14,58.98,4228800
2009-12-15,59.1,5325500
2009-12-16,59.68,3410100
2009-12-17,56.03,8549600
2009-12-18,55.22,7128700
2009-12-21,58.31,7642200
2009-12-22,58.65,5654000
2009-12-23,60.3,4596400
2009-12-24,60.61,1950500
2009-12-28,60.83,2311300
2009-12-29,59.68,3227100
2009-12-30,59.76,1871000
2009-12-31,59.73,1820600
2010-01-04,61.71,4072100
2010-01-05,63.15,6505800
2010-01-06,65.57,9995100
2010-01-07,65.76,5544100
2010-01-08,66.7,4074500
2010-01-11,66.31,4027700
2010-01-12,62.49,10232000
2010-01-13,62.54,6831400
2010-01-14,60.84,4516300
2010-01-15,61.56,5458800
2010-01-19,63.04,4479800
2010-01-20,62.03,4317400
2010-01-21,60.07,5739800
2010-01-22,58.63,3872100
2010-01-25,58.76,3217100
2010-01-26,58.58,4684000
2010-01-27,58.04,4180800
2010-01-28,55.56,7023300
2010-01-29,53.51,5921900
2010-02-01,56.27,3562000
2010-02-02,56.35,5062300
2010-02-03,57.64,4821300
2010-02-04,54.01,4867200
2010-02-05,55.18,4786900
2010-02-08,54.54,3891800
2010-02-09,56.91,5042800
2010-02-10,57.42,5103100
2010-02-11,58.42,6274000
2010-02-12,58.83,4379600
2010-02-16,60.38,4501900
2010-02-17,61.26,4766600
2010-02-18,60.56,4969500
2010-02-19,60.78,4479700
2010-02-22,60.68,4226600
2010-02-23,58.88,4260900
2010-02-24,57.62,4302000
2010-02-25,58.52,5280000
2010-02-26,58.39,2887500
2010-03-01,59.45,3433200
2010-03-02,61.49,4776700
2010-03-03,61.27,3092100
2010-03-04,60.43,3675400
2010-03-05,61.6,3965200
2010-03-08,61.38,2208700
2010-03-09,60.98,3738600
2010-03-10,60.35,4439500
2010-03-11,59.93,3482900
2010-03-12,63.8,11275600
2010-03-15,62.39,4364000
2010-03-16,63.04,3693800
2010-03-17,61.91,4054900
2010-03-18,59.56,8493000
2010-03-19,58.42,5150300
2010-03-22,59.19,4734200
2010-03-23,59.14,3511100
2010-03-24,60.28,6392200
2010-03-25,58.44,4787700
2010-03-26,59.35,3814300
2010-03-29,60.22,3211600
2010-03-30,60.05,2674400
2010-03-31,60.77,4428100
2010-04-01,58.33,11131600
2010-04-05,57.99,4738000
2010-04-06,57.54,3516000
2010-04-07,56.99,4964100
2010-04-08,57.59,2732200
2010-04-09,56.65,5010300
2010-04-12,56.75,2990700
2010-04-13,56.78,4738500
2010-04-14,55.4,9088300
2010-04-15,55.16,4966100
2010-04-16,54.13,5492900
2010-04-19,53.19,6195000
2010-04-20,54.92,4507800
2010-04-21,53.23,5439000
2010-04-22,54.08,4157400
2010-04-23,53.78,4284700
2010-04-26,52.19,6521200
2010-04-27,50.58,8069100
2010-04-28,51.95,6384400
2010-04-29,51.51,5174700
2010-04-30,51.14,4519300
2010-05-03,50.98,3602300
2010-05-04,49.1,5275500
2010-05-05,48.3,6391200
2010-05-06,47.66,7213300
2010-05-07,48.16,8830900
2010-05-10,48.73,5674300
2010-05-11,47.67,4285400
2010-05-12,49.4,5911900
2010-05-13,48.03,3519600
2010-05-14,47.76,4018400
2010-05-17,46.86,4009900
2010-05-18,48.0,7258300
2010-05-19,46.86,5396800
2010-05-20,44.97,5921400
2010-05-21,45.71,5376400
2010-05-24,44.94,3759900
2010-05-25,44.68,6441500
2010-05-26,44.0,4068200
2010-05-27,47.02,5582200
2010-05-28,46.17,3024100
2010-06-01,44.61,3404200
2010-06-02,46.3,2945600
2010-06-03,44.74,4846300
2010-06-04,43.06,4144600
2010-06-07,43.19,4138500
2010-06-08,42.7,3814200
2010-06-09,42.52,3367900
2010-06-10,45.31,5008300
2010-06-11,45.24,3120500
2010-06-14,43.97,3304200
2010-06-15,45.46,2934900
2010-06-16,45.27,3036900
2010-06-17,44.32,3999200
2010-06-18,43.46,5164700
2010-06-21,43.59,4495100
2010-06-22,43.32,3759700
2010-06-23,43.74,2573600
2010-06-24,42.61,2562500
2010-06-25,42.44,2640800
2010-06-28,41.65,2766500
2010-06-29,39.35,5239800
2010-06-30,38.98,5434100
2010-07-01,38.9,5446600
2010-07-02,39.43,3533500
2010-07-06,39.13,3392200
2010-07-07,42.74,6930900
2010-07-08,44.72,7579800
2010-07-09,46.13,6819000
2010-07-12,42.48,13647100
2010-07-13,41.7,9755000
2010-07-14,42.02,5902600
2010-07-15,43.25,7610300
2010-07-16,44.76,9182600
2010-07-19,44.77,5017600
2010-07-20,46.55,5651100
2010-07-21,44.83,6564200
2010-07-22,44.95,7594600
2010-07-23,46.8,5863900
2010-07-26,46.19,2744900
2010-07-27,44.93,3437800
2010-07-28,46.45,7903300
2010-07-29,47.59,7286100
2010-07-30,47.65,2999800
2010-08-02,49.39,9185800
2010-08-03,48.1,4358200
2010-08-04,50.38,6138500
2010-08-05,51.29,9343200
2010-08-06,51.19,6000700
2010-08-09,51.14,3335400
2010-08-10,50.84,2808400
2010-08-11,49.42,2754200
2010-08-12,51.3,4719300
2010-08-13,51.2,3298500
2010-08-16,51.13,2643600
2010-08-17,55.6,19051000
2010-08-18,57.88,16066300
2010-08-19,56.56,7356100
2010-08-20,56.64,5512500
2010-08-23,59.77,9611700
2010-08-24,58.11,8224600
2010-08-25,56.29,8914000
2010-08-26,55.79,5923600
2010-08-27,58.27,4976500
2010-08-30,57.25,3114400
2010-08-31,58.66,4025700
2010-09-01,58.47,5107800
2010-09-02,58.35,3418000
2010-09-03,58.1,3561200
2010-09-07,57.86,3359300
2010-09-08,59.67,5319700
2010-09-09,58.67,3490700
2010-09-10,59.35,3263500
2010-09-13,59.66,3249400
2010-09-14,58.82,2967900
2010-09-15,57.59,3689200
2010-09-16,60.55,7600800
2010-09-17,60.02,4635500
2010-09-20,60.96,4853500
2010-09-21,59.34,4088900
2010-09-22,60.27,3642900
2010-09-23,61.35,4317400
2010-09-24,62.09,4091900
2010-09-27,63.39,4924800
2010-09-28,61.77,4798100
2010-09-29,60.96,3175700
2010-09-30,58.76,7410800
2010-10-01,59.62,5325300
2010-10-04,58.79,4257100
2010-10-05,60.8,8034700
2010-10-06,61.01,4774600
2010-10-07,61.53,3708100
2010-10-08,65.61,16205500
2010-10-11,66.63,7599700
2010-10-12,68.15,5766100
2010-10-13,68.06,4387500
2010-10-14,66.55,3810200
2010-10-15,68.39,5715700
2010-10-18,66.66,3503000
2010-10-19,64.37,5715600
2010-10-20,67.12,4329000
2010-10-21,66.51,2796000
2010-10-22,65.96,2162000
2010-10-25,68.0,3741200
2010-10-26,71.44,7472200
2010-10-27,70.6,4521200
2010-10-28,70.39,3760600
2010-10-29,73.16,5080100
2010-11-01,72.33,2727000
2010-11-02,71.77,2883500
2010-11-03,70.39,4516400
2010-11-04,71.04,4509600
2010-11-05,70.78,4760400
2010-11-08,70.94,3234000
2010-11-09,72.2,5375500
2010-11-10,72.02,2434000
2010-11-11,73.86,4052600
2010-11-12,69.7,5273300
2010-11-15,66.41,9839300
2010-11-16,66.32,7447500
2010-11-17,67.42,4425500
2010-11-18,69.34,4480900
2010-11-19,70.05,3659700
2010-11-22,69.75,5040100
2010-11-23,69.02,3912500
2010-11-24,70.4,2827000
2010-11-26,69.8,1250700
2010-11-29,68.32,5790100
2010-11-30,67.63,6447600
2010-12-01,68.49,7535700
2010-12-02,66.96,5484300
2010-12-03,69.1,6365200
2010-12-06,69.32,4516100
2010-12-07,69.17,6137000
2010-12-08,68.62,3341800
2010-12-09,68.32,2656300
2010-12-10,68.59,2255800
2010-12-13,66.57,5228800
2010-12-14,65.5,4272200
2010-12-15,66.12,4159100
2010-12-16,66.01,3452900
2010-12-17,67.33,3586800
2010-12-20,67.42,2180700
2010-12-21,69.16,3049900
2010-12-22,69.21,2004000
2010-12-23,71.05,3172400
2010-12-27,71.48,2067100
2010-12-28,71.44,2371400
2010-12-29,74.8,5912100
2010-12-30,75.83,4524000
2010-12-31,76.36,2303000
2011-01-03,76.25,5621000
2011-01-04,75.0,7149600
2011-01-05,77.13,9796200
2011-01-06,77.62,7111300
2011-01-07,76.29,5969500
2011-01-10,75.58,3899600
2011-01-11,76.14,3616300
2011-01-12,79.81,7246100
2011-01-13,80.69,7216700
2011-01-14,82.97,6149900
2011-01-18,85.07,7578900
2011-01-19,76.15,24277500
2011-01-20,72.67,19891900
2011-01-21,73.2,9401100
2011-01-24,76.03,7443200
2011-01-25,75.71,7851400
2011-01-26,78.81,7607700
2011-01-27,78.67,8325900
2011-01-28,79.78,6824600
2011-01-31,81.04,5270600
2011-02-01,83.88,7021100
2011-02-02,83.21,6644200
2011-02-03,83.02,5549100
2011-02-04,82.53,5253500
2011-02-07,83.75,5637200
2011-02-08,84.05,5806400
2011-02-09,84.52,6265300
2011-02-10,85.92,4379500
2011-02-11,88.32,6024800
2011-02-14,89.06,5014400
2011-02-15,84.92,6965000
2011-02-16,86.27,4673000
2011-02-17,86.75,3993100
2011-02-18,83.02,6130800
2011-02-22,80.15,8404700
2011-02-23,81.31,11986000
2011-02-24,82.2,8344900
2011-02-25,84.93,5562900
2011-02-28,85.85,4751100
2011-03-01,84.96,6836900
2011-03-02,84.43,3813400
2011-03-03,86.1,4290700
2011-03-04,85.5,3409500
2011-03-07,82.72,4170600
2011-03-08,81.56,5625800
2011-03-09,78.84,5730800
2011-03-10,75.23,8433900
2011-03-11,76.28,6771800
2011-03-14,76.29,4070200
2011-03-15,76.3,6603200
2011-03-16,75.48,6574700
2011-03-17,76.92,4027700
2011-03-18,75.53,4184400
2011-03-21,77.24,3268300
2011-03-22,76.21,2974400
2011-03-23,77.27,2792700
2011-03-24,77.55,3701400
2011-03-25,78.82,5040300
2011-03-28,77.67,3218600
2011-03-29,78.85,2558400
2011-03-30,80.45,5134900
2011-03-31,78.75,9012700
2011-04-01,80.37,6329100
2011-04-04,82.46,4238800
2011-04-05,82.56,3892300
2011-04-06,80.69,3574000
2011-04-07,79.14,3878100
2011-04-08,78.41,3702800
2011-04-11,78.2,3575200
2011-04-12,76.67,3855000
2011-04-13,76.79,2987100
2011-04-14,75.49,4519900
2011-04-15,73.85,4539500
2011-04-18,73.82,4653200
2011-04-19,76.75,5644000
2011-04-20,75.77,3648600
2011-04-21,76.77,2795500
2011-04-25,76.0,2596300
2011-04-26,76.72,2800000
2011-04-27,75.8,3568500
2011-04-28,73.18,6462300
2011-04-29,74.86,3821000
2011-05-02,73.51,3436600
2011-05-03,71.37,5470800
2011-05-04,70.85,4823900
2011-05-05,70.16,6000600
2011-05-06,71.17,4118500
2011-05-09,72.05,6034600
2011-05-10,71.15,3300000
2011-05-11,68.7,6617200
2011-05-12,67.72,6636900
2011-05-13,67.35,4975600
2011-05-16,67.61,3944100
2011-05-17,68.56,4661500
2011-05-18,68.5,6355500
2011-05-19,66.31,10239900
2011-05-20,65.42,50050000
2011-05-23,66.75,20138200
2011-05-24,67.26,12527300
2011-05-25,67.98,9841100
2011-05-26,69.15,7839500
2011-05-27,70.04,10230900
2011-05-31,70.85,9817600
2011-06-01,68.59,9857800
2011-06-02,69.27,5590600
2011-06-03,68.99,6227000
2011-06-06,66.72,4612800
2011-06-07,66.7,4845600
2011-06-08,65.66,8247500
2011-06-09,68.84,10315300
2011-06-10,67.74,5107500
2011-06-13,65.78,7048000
2011-06-14,67.34,6528000
2011-06-15,64.52,9931000
2011-06-16,61.63,15834600
2011-06-17,59.32,16072400
2011-06-20,60.73,9989100
2011-06-21,64.09,11624300
2011-06-22,63.56,7995300
2011-06-23,63.39,8539300
2011-06-24,63.6,12623200
2011-06-27,64.8,7367600
2011-06-28,65.17,6612000
2011-06-29,68.41,10928700
2011-06-30,67.73,13155200
2011-07-01,67.83,6632700
2011-07-05,68.73,6547800
2011-07-06,68.23,5417600
2011-07-07,68.88,4779900
2011-07-08,70.58,8163000
2011-07-11,66.99,12008700
2011-07-12,66.32,8284400
2011-07-13,66.94,6280100
2011-07-14,66.08,4778200
2011-07-15,66.75,4407300
2011-07-18,66.46,5503100
2011-07-19,68.49,12921000
2011-07-20,68.96,5879800
2011-07-21,70.62,6363900
2011-07-22,72.88,9792800
2011-07-25,73.03,5665900
2011-07-26,72.19,4384100
2011-07-27,70.63,4581000
2011-07-28,70.55,5020700
2011-07-29,70.72,4437800
2011-08-01,71.39,5236800
2011-08-02,68.84,7077100
2011-08-03,70.0,8155100
2011-08-04,64.19,14491800
2011-08-05,63.59,10530600
2011-08-08,57.51,14908900
2011-08-09,60.93,7206700
2011-08-10,59.48,9503400
2011-08-11,64.46,11972100
2011-08-12,64.77,4685600
2011-08-15,66.44,4281900
2011-08-16,65.53,4747800
2011-08-17,67.11,5095200
2011-08-18,64.08,9187400
2011-08-19,63.02,5665900
2011-08-22,62.79,6246400
2011-08-23,65.45,6029200
2011-08-24,67.45,6317400
2011-08-25,66.81,5493900
2011-08-26,69.38,8625000
2011-08-29,72.64,7046100
2011-08-30,73.18,5449300
2011-08-31,71.13,7263000
2011-09-01,70.65,6237200
2011-09-02,70.0,4935000
2011-09-06,70.38,5595100
2011-09-07,71.12,5224700
2011-09-08,70.77,4589700
2011-09-09,69.97,4960100
2011-09-12,69.49,6165200
2011-09-13,70.24,4156000
2011-09-14,70.76,3507000
2011-09-15,71.07,4330100
2011-09-16,70.99,8276700
2011-09-19,68.51,5643400
2011-09-20,66.04,6775400
2011-09-21,63.59,8138700
2011-09-22,60.11,14201900
2011-09-23,57.7,36805700
2011-09-26,58.76,12747100
2011-09-27,60.35,9061100
2011-09-28,57.19,9198400
2011-09-29,54.2,18401400
2011-09-30,48.97,18896100
2011-10-03,47.13,10971000
2011-10-04,49.08,15700000
2011-10-05,52.18,10119400
2011-10-06,53.3,8781900
2011-10-07,51.19,7212600
2011-10-10,53.48,6020900
2011-10-11,55.77,7993800
2011-10-12,55.64,8930600
2011-10-13,55.85,4931400
2011-10-14,57.11,4705400
2011-10-17,54.49,4284000
2011-10-18,55.48,5884900
2011-10-19,53.45,5743100
2011-10-20,55.25,7905200
2011-10-21,58.45,9785300
2011-10-24,59.2,5423000
2011-10-25,57.84,5546800
2011-10-26,59.45,5572300
2011-10-27,61.81,6578600
2011-10-28,61.96,4242700
2011-10-31,58.56,4868800
2011-11-01,55.87,7774100
2011-11-02,56.42,6129600
2011-11-03,57.31,4716400
2011-11-04,58.09,3395200
2011-11-07,58.93,3350000
2011-11-08,59.57,4123500
2011-11-09,56.45,5014300
2011-11-10,56.25,4166200
2011-11-11,57.78,3262400
2011-11-14,56.82,3411300
2011-11-15,55.78,4518700
2011-11-16,54.58,3986500
2011-11-17,50.76,16592400
2011-11-18,52.86,8120500
2011-11-21,53.15,5904000
2011-11-22,51.87,6007700
2011-11-23,50.01,4871200
2011-11-25,49.3,3300900
2011-11-28,50.95,5280200
2011-11-29,50.11,4865800
2011-11-30,52.76,8187400
2011-12-01,52.77,5005100
2011-12-02,51.21,5718700
2011-12-05,51.42,5852800
2011-12-06,53.19,7375400
2011-12-07,53.23,5343100
2011-12-08,51.13,5813200
2011-12-09,50.51,7564000
2011-12-12,50.0,6536500
2011-12-13,49.49,5893200
2011-12-14,47.36,10100400
2011-12-15,47.32,5902900
2011-12-16,48.12,7295700
2011-12-19,47.38,4648500
2011-12-20,49.93,4047700
2011-12-21,49.96,3401000
2011-12-22,51.62,3911000
2011-12-23,52.45,3096700
2011-12-27,52.33,2253200
2011-12-28,50.29,3745500
2011-12-29,50.28,4819100
2011-12-30,50.43,2213600
2012-01-03,52.59,3972600
2012-01-04,52.3,4914600
2012-01-05,53.3,10768100
2012-01-06,52.67,6289700
2012-01-09,53.06,4090200
2012-01-10,54.85,5630400
2012-01-11,55.04,5375600
2012-01-12,54.59,8786900
2012-01-13,55.18,6560900
2012-01-17,55.3,4101100
2012-01-18,54.15,6723700
2012-01-19,53.85,6164800
2012-01-20,55.01,5410200
2012-01-23,55.07,4367700
2012-01-24,54.97,3907100
2012-01-25,56.02,4648600
2012-01-26,55.37,4840100
2012-01-27,56.56,4205600
2012-01-30,56.28,3142700
2012-01-31,55.97,3980700
2012-02-01,56.98,3831600
2012-02-02,57.11,4415600
2012-02-03,57.41,4110100
2012-02-06,57.37,3397000
2012-02-07,56.42,3269700
2012-02-08,56.23,3724800
2012-02-09,56.0,2685800
2012-02-10,54.42,4208100
2012-02-13,55.06,2386000
2012-02-14,54.92,3562700
2012-02-15,54.85,3641100
2012-02-16,55.5,5324100
2012-02-17,55.63,2047700
2012-02-21,56.91,5766300
2012-02-22,58.8,11108900
2012-02-23,58.94,5505500
2012-02-24,58.68,3514300
2012-02-27,58.97,4713300
2012-02-28,59.26,4838300
2012-02-29,57.75,5884600
2012-03-01,58.01,3291700
2012-03-02,57.48,2598600
2012-03-05,56.36,4263200
2012-03-06,55.0,5839900
2012-03-07,54.8,4439700
2012-03-08,55.57,3159700
2012-03-09,55.53,3348000
2012-03-12,54.99,3004000
2012-03-13,55.69,3670900
2012-03-14,55.0,3848400
2012-03-15,55.26,3032300
2012-03-16,57.51,7341900
2012-03-19,57.48,3984100
2012-03-20,58.05,6235400
2012-03-21,57.38,3565700
2012-03-22,56.27,3759000
2012-03-23,57.7,6604800
2012-03-26,58.64,5201100
2012-03-27,58.58,5461500
2012-03-28,58.22,6301200
2012-03-29,55.27,10930900
2012-03-30,55.29,6764500
2012-04-02,55.67,5589100
2012-04-03,54.97,5404300
2012-04-04,53.84,5108300
2012-04-05,52.96,4303400
2012-04-09,51.63,5897100
2012-04-10,50.12,7613800
2012-04-11,49.98,7042600
2012-04-12,51.17,5547600
2012-04-13,50.24,3594800
2012-04-16,50.12,4570700
2012-04-17,50.87,3677300
2012-04-18,50.56,2176000
2012-04-19,50.84,2875300
2012-04-20,51.27,3820700
2012-04-23,50.39,3305800
2012-04-24,50.48,2795800
2012-04-25,53.2,7065400
2012-04-26,52.64,4134000
2012-04-27,53.0,3596000
2012-04-30,52.82,2555000
2012-05-01,53.09,4681300
2012-05-02,52.78,2572800
2012-05-03,52.33,2507000
2012-05-04,50.95,3244400
2012-05-07,51.19,2777100
2012-05-08,50.72,4211400
2012-05-09,49.49,5251400
2012-05-10,48.9,4294700
2012-05-11,48.93,3525900
2012-05-14,48.06,2723900
2012-05-15,47.33,3471200
2012-05-16,46.82,4009000
2012-05-17,45.68,4364200
2012-05-18,46.47,4588500
2012-05-21,48.07,3740200
2012-05-22,47.18,3370800
2012-05-23,48.37,4300000
2012-05-24,48.74,3646000
2012-05-25,48.45,2055100
2012-05-29,49.46,3324000
2012-05-30,47.93,3198600
2012-05-31,47.68,3210900
2012-06-01,45.97,5020200
2012-06-04,45.62,4583100
2012-06-05,46.47,4264400
2012-06-06,47.95,3812400
2012-06-07,47.69,2971500
2012-06-08,48.49,3525000
2012-06-11,47.38,2806700
2012-06-12,48.6,2942400
2012-06-13,47.49,3720800
2012-06-14,47.59,3062800
2012-06-15,49.7,5342400
2012-06-18,50.22,3186200
2012-06-19,52.28,5551300
2012-06-20,51.97,2932400
2012-06-21,50.28,3186000
2012-06-22,50.58,6209200
2012-06-25,51.1,4361300
2012-06-26,53.31,9015500
2012-06-27,53.63,6308300
2012-06-28,54.05,5988000
2012-06-29,54.76,5317900
2012-07-02,54.88,3452500
2012-07-03,55.67,3374300
2012-07-05,56.1,3461600
2012-07-06,55.48,2655100
2012-07-09,55.35,3773400
2012-07-10,54.75,4687100
2012-07-11,55.47,6885300
2012-07-12,54.44,4348900
2012-07-13,54.94,3956800
2012-07-16,55.37,4494700
2012-07-17,58.21,10345700
2012-07-18,58.15,5050600
2012-07-19,57.62,4247800
2012-07-20,57.5,4373400
2012-07-23,57.49,5310800
2012-07-24,56.96,6094800
2012-07-25,57.44,5358900
2012-07-26,57.98,5050800
2012-07-27,58.73,3662600
2012-07-30,58.35,2355900
2012-07-31,58.11,3550600
2012-08-01,57.97,2986400
2012-08-02,56.99,3000800
2012-08-03,57.37,2214900
2012-08-06,57.34,3314000
2012-08-07,58.13,2846000
2012-08-08,58.01,2085400
2012-08-09,58.65,2321800
2012-08-10,58.51,3621400
2012-08-13,57.5,2996400
2012-08-14,57.63,2485000
2012-08-15,58.35,2731700
2012-08-16,59.64,4182300
2012-08-17,59.61,3274800
2012-08-20,58.88,2388300
2012-08-21,58.42,2988900
2012-08-22,58.96,2899600
2012-08-23,57.6,2720800
2012-08-24,57.35,2338800
2012-08-27,56.99,1993000
2012-08-28,56.75,3049900
2012-08-29,57.81,3727900
2012-08-30,56.79,2638000
2012-08-31,57.91,3891500
2012-09-04,56.75,4127100
2012-09-05,58.81,4968100
2012-09-06,61.05,5828800
2012-09-07,61.01,5333700
2012-09-10,60.05,5833600
2012-09-11,60.33,2973400
2012-09-12,59.84,4274000
2012-09-13,60.89,4448000
2012-09-14,60.79,4441700
2012-09-17,59.68,4150800
2012-09-18,59.0,4126700
2012-09-19,59.91,3807900
2012-09-20,60.31,5307500
2012-09-21,60.0,5835600
2012-09-24,59.65,2250400
2012-09-25,57.55,4645200
2012-09-26,57.04,3872300
2012-09-27,57.65,2767600
2012-09-28,57.61,3335100
2012-10-01,58.01,4887800
2012-10-02,55.76,9947900
2012-10-03,54.89,7093500
2012-10-04,55.1,3928800
2012-10-05,55.08,3715500
2012-10-08,54.69,2486100
2012-10-09,54.45,3447400
2012-10-10,54.45,2763100
2012-10-11,55.34,3892800
2012-10-12,54.15,2860400
2012-10-15,53.92,3041300
2012-10-16,54.49,2690300
2012-10-17,54.99,4328000
2012-10-18,54.69,3134200
2012-10-19,53.97,3564900
2012-10-22,54.23,2527500
2012-10-23,53.07,3477300
2012-10-24,53.21,1986000
2012-10-25,53.25,2061800
2012-10-26,52.78,2454800
2012-10-31,52.34,2755700
2012-11-01,53.13,2230100
2012-11-02,52.19,2364000
2012-11-05,52.54,1573600
2012-11-06,53.64,2707100
2012-11-07,52.23,2215700
2012-11-08,51.53,1821700
2012-11-09,51.57,2022100
2012-11-12,51.13,2061900
2012-11-13,50.75,2898400
2012-11-14,49.1,10351100
2012-11-15,49.12,3276900
2012-11-16,49.52,3212400
2012-11-19,51.2,3132500
2012-11-20,52.35,4852100
2012-11-21,51.71,2254300
2012-11-23,52.65,1594300
2012-11-26,53.28,2337000
2012-11-27,53.2,2247700
2012-11-28,53.17,1901200
2012-11-29,54.1,3177500
2012-11-30,54.06,2738800
2012-12-03,52.84,2817700
2012-12-04,52.98,1820300
2012-12-05,53.08,2139900
2012-12-06,53.72,2775300
2012-12-07,53.6,2216500
2012-12-10,54.39,2432200
2012-12-11,55.8,4336500
2012-12-12,56.44,4628300
2012-12-13,55.63,2612500
2012-12-14,55.56,1420400
2012-12-17,56.03,1631300
2012-12-18,55.96,1876500
2012-12-19,55.45,2199900
2012-12-20,55.83,2381500
2012-12-21,55.63,3500900
2012-12-24,55.61,979800
2012-12-26,56.02,1501200
2012-12-27,56.15,1899300
2012-12-28,55.21,1666800
2012-12-31,56.63,4026100
2013-01-02,57.51,5909800
2013-01-03,56.77,4555900
2013-01-04,58.62,8467100
2013-01-07,58.71,2753100
2013-01-08,58.47,3042900
2013-01-09,59.35,3851800
2013-01-10,59.73,3137700
2013-01-11,59.74,4164000
2013-01-14,59.53,2008200
2013-01-15,59.51,2487400
2013-01-16,58.99,2360000
2013-01-17,59.17,2640300
2013-01-18,59.38,2859200
2013-01-22,59.78,2172300
2013-01-23,59.46,1909500
2013-01-24,60.92,3559100
2013-01-25,63.22,7006100
2013-01-28,62.36,3073100
2013-01-29,62.01,2416300
2013-01-30,61.26,2611600
2013-01-31,61.25,2665300
2013-02-01,62.11,3160000
2013-02-04,60.99,2117400
2013-02-05,61.1,2388400
2013-02-06,61.26,2050100
2013-02-07,61.16,1626200
2013-02-08,61.4,1178900
2013-02-11,61.14,1250000
2013-02-12,61.49,1880900
2013-02-13,62.2,2269100
2013-02-14,61.98,2678800
2013-02-15,62.18,3085300
2013-02-19,61.46,2021100
2013-02-20,58.51,4868700
2013-02-21,57.73,4887500
2013-02-22,57.47,4443500
2013-02-25,56.14,3030000
2013-02-26,56.34,3743900
2013-02-27,58.14,4065000
2013-02-28,58.54,3359900
2013-03-01,58.47,3673700
2013-03-04,58.35,2917500
2013-03-05,58.36,2447500
2013-03-06,58.2,2708900
2013-03-07,59.29,2636500
2013-03-08,60.22,3130200
2013-03-11,61.5,4168800
2013-03-12,61.9,3271000
2013-03-13,61.76,2211200
2013-03-14,62.34,3027900
2013-03-15,62.69,5859100
2013-03-18,61.93,2867000
2013-03-19,61.34,3362500
2013-03-20,61.47,2793500
2013-03-21,60.04,2817400
2013-03-22,59.71,2473200
2013-03-25,59.32,2280500
2013-03-26,58.73,3507800
2013-03-27,58.68,2867700
2013-03-28,59.61,6380300
2013-04-01,59.26,2914000
2013-04-02,58.04,4665600
2013-04-03,58.52,3916000
2013-04-04,59.35,2304200
2013-04-05,59.14,1845100
2013-04-08,58.92,1477700
2013-04-09,59.95,2341300
2013-04-10,60.08,2731800
2013-04-11,60.61,1869100
2013-04-12,59.2,2521700
2013-04-15,57.21,3892700
2013-04-16,57.9,2181900
2013-04-17,57.98,4018900
2013-04-18,57.39,2829600
2013-04-19,57.53,2009000
2013-04-22,58.31,1973400
2013-04-23,58.3,2906400
2013-04-24,59.98,2181200
2013-04-25,60.83,2258300
2013-04-26,59.86,2660400
2013-04-29,61.84,2993700
2013-04-30,61.59,2131300
2013-05-01,60.29,2111300
2013-05-02,60.5,1710800
2013-05-03,60.83,1942900
2013-05-06,61.13,1471900
2013-05-07,62.22,2677200
2013-05-08,64.3,4387700
2013-05-09,63.84,2645100
2013-05-10,63.28,2803000
2013-05-13,61.3,5500400
2013-05-14,61.64,3738600
2013-05-15,61.48,2965800
2013-05-16,61.11,2674200
2013-05-17,60.75,4236600
2013-05-20,61.28,2082800
2013-05-21,60.28,2436500
2013-05-22,59.29,3937800
2013-05-23,60.02,2669800
2013-05-24,59.78,2106000
2013-05-28,60.78,2493600
2013-05-29,61.81,3277300
2013-05-30,61.9,2166200
2013-05-31,60.82,1750000
2013-06-03,60.98,1462300
2013-06-04,61.8,2550600
2013-06-05,59.93,2134100
2013-06-06,60.03,1701100
2013-06-07,60.45,1293300
2013-06-10,60.05,1862100
2013-06-11,57.99,4193900
2013-06-12,57.4,2099400
2013-06-13,58.7,2525400
2013-06-14,57.86,1640700
2013-06-17,58.22,1403500
2013-06-18,58.98,3069600
2013-06-19,58.25,1655900
2013-06-20,56.83,3042400
2013-06-21,56.69,3200600
2013-06-24,55.19,2407000
2013-06-25,55.91,1764700
2013-06-26,54.91,6275100
2013-06-27,53.8,4153500
2013-06-28,53.81,5097800
2013-07-01,53.36,4672000
2013-07-02,53.51,4968700
2013-07-03,53.71,1015100
2013-07-05,53.75,1920600
2013-07-08,54.49,1844600
2013-07-09,56.45,3374500
2013-07-10,55.6,4044400
2013-07-11,56.85,4190800
2013-07-12,56.1,2096000
2013-07-15,56.13,3453600
2013-07-16,54.12,6529800
2013-07-17,54.27,4698700
2013-07-18,54.03,6491300
2013-07-19,54.0,7127900
2013-07-22,53.64,3606200
2013-07-23,53.45,6276800
2013-07-24,52.38,6403500
2013-07-25,52.51,6051400
2013-07-26,52.61,4325200
2013-07-29,53.21,5230500
2013-07-30,43.81,61378400
2013-07-31,41.09,26305300
2013-08-01,41.88,17938300
2013-08-02,40.98,8942100
2013-08-05,41.44,8339600
2013-08-06,40.68,17096200
2013-08-07,41.36,11351400
2013-08-08,43.48,10816000
2013-08-09,42.51,14091900
2013-08-12,43.85,7972800
2013-08-13,44.44,7511200
2013-08-14,43.75,7362500
2013-08-15,44.23,10566700
2013-08-16,42.87,8498600
2013-08-19,42.1,4142600
2013-08-20,41.98,4809300
2013-08-21,40.97,7138200
2013-08-22,41.29,3514700
2013-08-23,41.89,3562700
2013-08-26,42.38,5799400
2013-08-27,41.17,4741300
2013-08-28,41.47,5199800
2013-08-29,41.54,2745900
2013-08-30,41.65,2847200
2013-09-03,41.19,4963800
2013-09-04,42.29,6332900
2013-09-05,42.07,5996000
2013-09-06,42.16,3859800
2013-09-09,44.31,10162400
2013-09-10,45.53,13902400
2013-09-11,44.93,5389900
2013-09-12,44.38,3872800
2013-09-13,45.99,10862800
2013-09-16,45.55,11799500
2013-09-17,45.0,8396800
2013-09-18,45.13,7358400
2013-09-19,44.74,5831300
2013-09-20,44.77,14002100
2013-09-23,44.72,4190200
2013-09-24,44.36,5533300
2013-09-25,44.57,6933100
2013-09-26,44.19,3215500
2013-09-27,43.43,5723700
2013-09-30,43.02,6809200
2013-10-01,43.99,5415000
2013-10-02,45.6,9148100
2013-10-03,45.28,4461800
2013-10-04,46.1,7686500
2013-10-07,45.64,4914600
2013-10-08,45.42,5317600
2013-10-09,45.84,6982700
2013-10-10,46.26,5950000
2013-10-11,45.47,5306100
2013-10-14,45.41,2792000
2013-10-15,45.37,3079600
2013-10-16,45.93,3207800
2013-10-17,46.51,3107600
2013-10-18,46.61,2913200
2013-10-21,46.73,3541800
2013-10-22,46.55,2743300
2013-10-23,46.63,2457000
2013-10-24,45.64,4414600
2013-10-25,45.94,3099400
2013-10-28,46.67,4485200
2013-10-29,46.93,2316100
2013-10-30,46.68,2239500
2013-10-31,45.85,3091400
2013-11-01,46.1,2837300
2013-11-04,46.73,3654400
2013-11-05,46.05,5418000
2013-11-06,46.35,2869700
2013-11-07,46.96,5230600
2013-11-08,48.01,5744500
2013-11-11,48.13,5170900
2013-11-12,48.02,3638200
2013-11-13,48.2,2588200
2013-11-14,48.16,3346900
2013-11-15,49.05,4763600
2013-11-18,48.43,3827200
2013-11-19,47.78,3372900
2013-11-20,47.31,3771300
2013-11-21,46.42,3887300
2013-11-22,47.51,4519900
2013-11-25,47.16,2650100
2013-11-26,46.94,2436200
2013-11-27,46.88,2163100
2013-11-29,47.9,2161800
2013-12-02,47.47,2612900
2013-12-03,46.4,3723800
2013-12-04,47.93,5096900
2013-12-05,46.97,2835200
2013-12-06,46.79,3533300
2013-12-09,46.0,6299300
2013-12-10,45.35,3526200
2013-12-11,44.34,3919500
2013-12-12,43.79,3954600
2013-12-13,43.97,3058900
2013-12-16,44.08,2895600
2013-12-17,44.52,3077400
2013-12-18,44.78,2390600
2013-12-19,44.68,2370300
2013-12-20,45.72,5053500
2013-12-23,46.5,3826900
2013-12-24,46.69,888800
2013-12-26,46.94,1471900
2013-12-27,47.02,1603900
2013-12-30,47.01,1305200
2013-12-31,47.27,1624900
2014-01-02,47.0,1648800
2014-01-03,46.83,1689500
2014-01-06,46.58,2203800
2014-01-07,46.35,2489700
2014-01-08,46.94,4079200
2014-01-09,46.13,3352700
2014-01-10,46.55,2904300
2014-01-13,46.15,1506500
2014-01-14,48.03,5179300
2014-01-15,49.31,8269900
2014-01-16,49.32,3573600
2014-01-17,48.54,4044500
2014-01-21,48.32,2580600
2014-01-22,47.77,4189500
2014-01-23,47.02,3881800
2014-01-24,45.38,4918700
2014-01-27,44.7,3980100
2014-01-28,45.15,2181500
2014-01-29,44.68,3605000
2014-01-30,44.93,5196400
2014-01-31,44.66,4095500
2014-02-03,44.65,4349400
2014-02-04,45.12,3414000
2014-02-05,44.86,3461500
2014-02-06,46.21,4440100
2014-02-07,46.45,4221400
2014-02-10,46.82,4071800
2014-02-11,47.96,4441800
2014-02-12,47.98,4377000
2014-02-13,47.63,3254400
2014-02-14,47.78,2057100
2014-02-18,47.91,2311500
2014-02-19,47.45,2931800
2014-02-20,48.37,2514400
2014-02-21,48.03,4085600
2014-02-24,48.0,2761700
2014-02-25,48.01,2159400
2014-02-26,48.13,1762400
2014-02-27,48.38,2725800
2014-02-28,48.86,3291400
2014-03-03,48.98,3792100
2014-03-04,48.97,4223400
2014-03-05,49.85,4442700
2014-03-06,50.0,5509400
2014-03-07,49.73,3369600
2014-03-10,49.89,2512700
2014-03-11,48.81,3597500
2014-03-12,48.29,2910600
2014-03-13,47.66,3087200
2014-03-14,47.9,2793800
2014-03-17,48.02,2160500
2014-03-18,48.54,2246300
2014-03-19,48.93,3209000
2014-03-20,49.04,2314200
2014-03-21,48.65,4407700
2014-03-24,48.43,2283500
2014-03-25,48.69,2024100
2014-03-26,48.52,2673300
2014-03-27,48.7,1869900
2014-03-28,49.17,1755200
2014-03-31,50.0,3415700
2014-04-01,49.8,3574000
2014-04-02,49.52,3084400
2014-04-03,49.42,1809000
2014-04-04,49.17,2083200
2014-04-07,48.28,2732100
2014-04-08,48.29,1531800
2014-04-09,48.48,1342200
2014-04-10,48.08,2149400
2014-04-11,47.2,2194800
2014-04-14,47.44,2011600
2014-04-15,48.37,2575100
2014-04-16,48.64,1814500
2014-04-17,48.72,1916600
2014-04-21,48.89,1517900
2014-04-22,49.04,1322500
2014-04-23,48.84,1461300
2014-04-24,48.79,1377900
2014-04-25,49.42,2378000
2014-04-28,49.74,3072900
2014-04-29,49.94,1880700
2014-04-30,50.04,2020000
2014-05-01,49.82,1253500
2014-05-02,49.93,2038900
2014-05-05,49.71,1719700
2014-05-06,48.66,3730700
2014-05-07,48.75,2038300
2014-05-08,48.6,1610000
2014-05-09,48.46,1506300
2014-05-12,48.72,1659500
2014-05-13,49.26,2151000
2014-05-14,50.0,4976500
2014-05-15,49.3,2998500
2014-05-16,49.31,1898900
2014-05-19,49.5,1319100
2014-05-20,49.68,2655900
2014-05-21,50.0,2345100
2014-05-22,49.48,2955200
2014-05-23,49.53,1735900
2014-05-27,49.57,1903200
2014-05-28,49.33,2098700
2014-05-29,49.87,1568900
2014-05-30,49.99,2570000
2014-06-02,49.84,1767500
2014-06-03,48.95,2308000
2014-06-04,48.87,2461800
2014-06-05,48.83,2469600
2014-06-06,48.74,2900100
2014-06-09,49.07,2420000
2014-06-10,49.11,2125900
2014-06-11,48.81,1682500
2014-06-12,48.6,2198700
2014-06-13,48.58,1516200
2014-06-16,49.65,5293400
2014-06-17,50.05,5437900
2014-06-18,50.06,3741000
2014-06-19,50.63,4839600
2014-06-20,50.64,5915500
2014-06-23,50.79,3052000
2014-06-24,50.13,2573500
2014-06-25,49.96,2159200
2014-06-26,49.96,1840000
2014-06-27,49.7,5186600
2014-06-30,49.45,3088200
2014-07-01,49.35,2387500
2014-07-02,49.07,4264400
2014-07-03,49.19,1975700
2014-07-07,48.76,2852000
2014-07-08,48.19,4549100
2014-07-09,48.04,3558500
2014-07-10,47.34,3205600
2014-07-11,47.27,1992500
2014-07-14,47.6,2907600
2014-07-15,47.47,2212500
2014-07-16,47.81,1828500
2014-07-17,47.55,2113600
2014-07-18,47.79,2238600
2014-07-21,47.23,2312600
2014-07-22,47.27,2041800
2014-07-23,47.5,1990500
2014-07-24,47.34,3554600
2014-07-25,47.1,2126200
2014-07-28,47.46,1764500
2014-07-29,47.2,1349600
2014-07-30,47.18,1933300
2014-07-31,46.11,3638100
2014-08-01,46.04,2720500
2014-08-04,46.94,3688100
2014-08-05,47.11,3620100
2014-08-06,47.03,2915900
2014-08-07,46.22,2691600
2014-08-08,46.28,2270900
2014-08-11,46.5,1398100
2014-08-12,46.53,1507800
2014-08-13,45.72,3254600
2014-08-14,45.96,1435900
2014-08-15,46.45,2346000
2014-08-18,46.99,2399900
2014-08-19,47.11,1559600
2014-08-20,47.36,1856500
2014-08-21,47.55,1753500
2014-08-22,47.47,1921000
2014-08-25,47.53,1423200
2014-08-26,47.53,1791300
2014-08-27,47.95,2479300
2014-08-28,47.97,1935900
2014-08-29,47.76,1698100
2014-09-02,47.4,2157200
2014-09-03,47.25,1617700
2014-09-04,46.9,3139400
2014-09-05,47.26,2145600
2014-09-08,47.14,1536200
2014-09-09,46.23,3138300
2014-09-10,46.19,2964700
2014-09-11,46.16,2412600
2014-09-12,46.29,2679700
2014-09-15,46.41,1861800
2014-09-16,46.78,2971500
2014-09-17,46.81,2115500
2014-09-18,46.73,1558600
2014-09-19,46.44,4626300
2014-09-22,46.17,2016300
2014-09-23,45.82,4291800
2014-09-24,45.98,1868900
2014-09-25,45.44,2300200
2014-09-26,45.51,1444300
2014-09-29,45.42,2257300
2014-09-30,44.41,5026700
2014-10-01,43.23,4736700
2014-10-02,42.93,5051000
2014-10-03,42.61,3570500
2014-10-06,43.05,3317700
2014-10-07,42.49,2712700
2014-10-08,43.19,2578700
2014-10-09,42.05,2545700
2014-10-10,41.62,3125400
2014-10-13,41.06,2451000
2014-10-14,41.47,3276300
2014-10-15,41.4,3439000
2014-10-16,40.9,4076300
2014-10-17,40.76,4998300
2014-10-20,41.8,3640600
2014-10-21,42.63,3529700
2014-10-22,42.81,3025800
2014-10-23,42.44,3343200
2014-10-24,43.36,3897100
2014-10-27,42.92,2943700
2014-10-28,43.19,3149300
2014-10-29,42.72,5684400
2014-10-30,43.3,2790400
2014-10-31,44.31,3826700
2014-11-03,43.8,2894600
2014-11-04,43.51,2728300
2014-11-05,43.9,2240000
2014-11-06,44.19,2669300
2014-11-07,44.03,2345500
2014-11-10,44.11,3338400
2014-11-11,44.81,2373300
2014-11-12,45.17,2629900
2014-11-13,45.4,3863200
2014-11-14,45.15,1875900
2014-11-17,45.27,1608400
2014-11-18,46.77,5766400
2014-11-19,47.6,8739200
2014-11-20,47.23,4526700
2014-11-21,47.21,4898400
2014-11-24,45.46,6547900
2014-11-25,45.53,3746000
2014-11-26,45.6,3019700
2014-11-28,45.77,2369500
2014-12-01,44.72,4018800
2014-12-02,44.85,2575500
2014-12-03,45.84,2927000
2014-12-04,45.83,3098000
2014-12-05,45.98,2985800
2014-12-08,44.98,2959100
2014-12-09,45.37,1673700
2014-12-10,45.91,7015300
2014-12-11,45.66,3671900
2014-12-12,44.6,2911300
2014-12-15,44.17,3646100
2014-12-16,43.79,2804300
2014-12-17,44.36,3416400
2014-12-18,45.21,3725400
2014-12-19,46.01,5373900
2014-12-22,46.1,1937600
2014-12-23,46.39,1614900
2014-12-24,46.12,1187700
2014-12-26,45.98,1052200
2014-12-29,46.18,1561800
2014-12-30,46.12,1477500
2014-12-31,45.65,1550300
2015-01-02,45.77,1572200
2015-01-05,44.95,2067300
2015-01-06,45.55,3284500
2015-01-07,45.79,2434100
2015-01-08,46.33,2882300
2015-01-09,45.96,2058000
2015-01-12,46.36,3485800
2015-01-13,45.45,2782300
2015-01-14,45.5,3917600
2015-01-15,45.43,2228900
2015-01-16,45.99,2816100
2015-01-20,47.65,6895700
2015-01-21,48.17,8476100
2015-01-22,48.66,4436800
2015-01-23,47.94,3043700
2015-01-26,48.34,4145000
2015-01-27,48.61,2958800
2015-01-28,47.7,2874500
2015-01-29,48.22,3472000
2015-01-30,48.69,5135800
2015-02-02,49.09,2968800
2015-02-03,50.12,4331000
2015-02-04,49.34,2907500
2015-02-05,49.79,2375600
2015-02-06,49.7,2124800
2015-02-09,50.49,4233300
2015-02-10,50.78,3162100
2015-02-11,51.19,5207700
2015-02-12,52.04,4286200
2015-02-13,52.33,3465700
2015-02-17,52.01,4062700
2015-02-18,52.67,3334100
2015-02-19,53.02,2661900
2015-02-20,53.08,3528500
2015-02-23,52.97,3080400
2015-02-24,53.19,2486000
2015-02-25,53.56,3534900
2015-02-26,53.2,3757800
2015-02-27,53.26,4316000
2015-03-02,53.53,2706900
2015-03-03,52.61,2917400
2015-03-04,51.9,3304600
2015-03-05,50.43,6993900
2015-03-06,49.03,6998900
2015-03-09,49.33,2808600
2015-03-10,48.33,4595200
2015-03-11,47.85,3856800
2015-03-12,47.74,4675000
2015-03-13,46.83,4360700
2015-03-16,46.9,5075500
2015-03-17,47.29,5301200
2015-03-18,47.55,4334000
2015-03-19,46.33,3565900
2015-03-20,46.5,5644000
2015-03-23,46.87,3733400
2015-03-24,46.92,3865500
2015-03-25,46.53,3528800
2015-03-26,46.73,3871800
2015-03-27,46.05,4372200
2015-03-30,47.36,4044000
2015-03-31,46.06,5448300
2015-04-01,45.47,4667400
2015-04-02,45.87,2453000
2015-04-06,45.89,2917700
2015-04-07,45.84,2179200
2015-04-08,46.0,3456800
2015-04-09,46.0,2308100
2015-04-10,45.85,2268000
2015-04-13,45.62,2558000
2015-04-14,45.61,2274100
2015-04-15,45.95,3502600
2015-04-16,46.02,3125000
2015-04-17,45.32,4482400
2015-04-20,45.0,4199700
2015-04-21,44.69,3902200
2015-04-22,44.65,3751500
2015-04-23,44.88,4649100
2015-04-24,44.99,3632800
2015-04-27,44.6,3841000
2015-04-28,44.3,3763400
2015-04-29,44.03,5651500
2015-04-30,44.0,6371200
2015-05-01,44.98,7087600
2015-05-04,44.66,4404700
2015-05-05,44.11,4836200
2015-05-06,44.34,5280700
2015-05-07,44.49,9010000
2015-05-08,45.46,4712600
2015-05-11,45.0,3003100
2015-05-12,44.84,3062200
2015-05-13,45.42,5199000
2015-05-14,45.56,3187400
2015-05-15,46.62,4470200
2015-05-18,46.68,4122900
2015-05-19,46.6,3565600
2015-05-20,47.28,5209300
2015-05-21,47.43,4903800
2015-05-22,47.03,4464200
2015-05-26,46.47,4103300
2015-05-27,46.59,3837400
2015-05-28,46.53,3390600
2015-05-29,45.85,5009600
2015-06-01,45.36,4197600
2015-06-02,45.27,3322000
2015-06-03,45.41,2538900
2015-06-04,44.58,3115400
2015-06-05,44.31,2352200
2015-06-08,44.03,2283500
2015-06-09,43.93,2267700
2015-06-10,44.61,3157500
2015-06-11,44.85,2979000
2015-06-12,44.54,2942500
2015-06-15,44.45,3040400
2015-06-16,44.6,2480900
2015-06-17,44.87,3571100
2015-06-18,45.03,3289800
2015-06-19,44.84,4427600
2015-06-22,44.99,2969300
2015-06-23,45.27,3390100
2015-06-24,45.24,4475200
2015-06-25,46.21,7123800
2015-06-26,46.55,9312400
2015-06-29,45.9,4944800
2015-06-30,46.85,5539300
2015-07-01,46.73,4421100
2015-07-02,46.65,2617700
2015-07-06,46.45,2859500
2015-07-07,45.94,4136600
2015-07-08,45.1,3137600
2015-07-09,44.71,4591500
2015-07-10,45.04,4051000
2015-07-13,45.36,2999500
2015-07-14,45.73,3895700
2015-07-15,45.45,3007700
2015-07-16,45.27,2216200
2015-07-17,45.26,4575100
2015-07-20,44.95,3442300
2015-07-21,44.85,2499000
2015-07-22,44.2,5401700
2015-07-23,43.96,3426800
2015-07-24,42.89,6087900
2015-07-27,42.29,5932800
2015-07-28,42.76,3971400
2015-07-29,42.72,5032700
2015-07-30,42.83,3984000
2015-07-31,42.94,3610900
2015-08-03,42.76,4786700
2015-08-04,43.98,4848600
2015-08-05,44.58,3922800
2015-08-06,44.64,3342800
2015-08-07,44.4,2891300
2015-08-10,45.28,2436700
2015-08-11,43.85,3796900
2015-08-12,43.55,3516700
2015-08-13,43.34,2370100
2015-08-14,43.28,2716600
2015-08-17,43.82,2819300
2015-08-18,43.59,2735800
2015-08-19,42.57,3635900
2015-08-20,41.48,3562800
2015-08-21,39.94,5549400
2015-08-24,38.24,8320200
2015-08-25,37.57,5670200
2015-08-26,38.92,5583500
2015-08-27,40.55,4932700
2015-08-28,41.04,3580600
2015-08-31,40.83,2815700
2015-09-01,39.21,3638900
2015-09-02,39.69,2621600
2015-09-03,40.37,2696800
2015-09-04,39.67,2964200
2015-09-08,40.3,4342800
2015-09-09,39.58,3099600
2015-09-10,39.45,3096000
2015-09-11,39.14,3215900
2015-09-14,38.68,2130900
2015-09-15,39.29,2818000
2015-09-16,39.41,2504500
2015-09-17,38.83,3170100
2015-09-18,36.98,10296600
2015-09-21,36.44,5172700
2015-09-22,33.88,9122400
2015-09-23,31.98,6815100
2015-09-24,32.45,8785900
2015-09-25,32.14,4812200
2015-09-28,30.96,4183700
2015-09-29,31.04,3769400
2015-09-30,31.11,4274900
2015-10-01,30.14,5355000
2015-10-02,30.99,8769600
2015-10-05,32.06,5896300
2015-10-06,32.08,5879500
2015-10-07,33.49,7142100
2015-10-08,33.89,4452700
2015-10-09,33.93,4566200
2015-10-12,33.08,2928700
2015-10-13,33.44,5334100
2015-10-14,35.33,7784900
2015-10-15,34.93,5715900
2015-10-16,34.93,5224400
2015-10-19,34.16,3185800
2015-10-20,34.76,4201100
2015-10-21,34.41,3772600
2015-10-22,35.16,3592200
2015-10-23,35.62,3719200
2015-10-26,35.39,3432000
2015-10-27,34.27,4006100
2015-10-28,34.56,5443100
2015-10-29,34.66,3931300
2015-10-30,33.79,4941600
2015-11-02,34.48,3900000
2015-11-03,36.51,7134600
2015-11-04,33.38,8162100
2015-11-05,32.67,6326900
2015-11-06,32.5,4354400
2015-11-09,32.64,4515500
2015-11-10,31.76,4424100
2015-11-11,31.85,3597600
2015-11-12,31.66,3279600
2015-11-13,32.21,4389300
2015-11-16,32.68,3435500
2015-11-17,31.73,4526200
2015-11-18,31.95,4567100
2015-11-19,32.31,3625200
2015-11-20,31.26,4043500
2015-11-23,30.96,4505000
2015-11-24,31.53,4340600
2015-11-25,31.46,2881800
2015-11-27,31.05,1899100
2015-11-30,31.64,5514100
2015-12-01,31.82,5679100
2015-12-02,30.71,4906300
2015-12-03,31.03,5467100
2015-12-04,30.88,6470700
2015-12-07,32.05,9705100
2015-12-08,30.02,8154000
2015-12-09,30.84,5394200
2015-12-10,30.07,4687200
2015-12-11,29.37,4180100
2015-12-14,28.7,5010600
2015-12-15,29.47,4210900
2015-12-16,30.09,4558800
2015-12-17,28.84,4880800
2015-12-18,28.54,12515400
2015-12-21,27.24,8913300
2015-12-22,28.7,6796800
2015-12-23,30.01,6161400
2015-12-24,29.75,1668900
2015-12-28,28.98,3238100
2015-12-29,28.87,3260900
2015-12-30,28.35,3016000
2015-12-31,27.59,4235800
2016-01-04,28.42,7316400
2016-01-05,28.3,4995600
2016-01-06,26.44,5965400
2016-01-07,25.53,5552700
2016-01-08,24.91,5372300
2016-01-11,23.8,7972700
2016-01-12,24.56,8549900
2016-01-13,24.14,6384300
2016-01-14,25.06,7342200
2016-01-15,25.47,9118900
2016-01-19,24.83,7747100
2016-01-20,23.93,8875800
2016-01-21,24.62,5979200
2016-01-22,23.85,9015800
2016-01-25,22.4,7811000
2016-01-26,22.85,5043500
2016-01-27,22.57,5721900
2016-01-28,23.0,5406200
2016-01-29,24.1,7734400
2016-02-01,23.92,5736000
2016-02-02,22.1,6465500
2016-02-03,23.93,5728400
2016-02-04,24.8,8350100
2016-02-05,24.86,4654000
2016-02-08,23.58,6038900
2016-02-09,23.86,6326000
2016-02-10,23.42,5091800
2016-02-11,24.75,11169500
2016-02-12,22.91,12192700
2016-02-16,23.54,7381400
2016-02-17,25.3,7562600
2016-02-18,25.72,6359800
2016-02-19,24.4,6529600
2016-02-22,25.16,3692900
2016-02-23,24.38,5016400
2016-02-24,24.97,6586800
2016-02-25,25.42,4698500
2016-02-26,26.82,8208200
2016-02-29,26.65,7683400
2016-03-01,27.1,5778300
2016-03-02,28.15,6645100
2016-03-03,28.49,4458000
2016-03-04,29.61,9121400
2016-03-07,30.37,9752200
2016-03-08,29.13,5955500
2016-03-09,30.13,5591500
2016-03-10,29.46,6894500
2016-03-11,28.7,7705400
2016-03-14,29.46,5219000
2016-03-15,28.54,4412500
2016-03-16,29.1,4646600
2016-03-17,29.87,5492000
2016-03-18,29.72,15178000
2016-03-21,29.72,3606400
2016-03-22,29.15,3961500
2016-03-23,28.02,5694500
2016-03-24,27.26,6437100
2016-03-28,27.96,4624300
2016-03-29,27.97,4093100
2016-03-30,28.12,3778600
2016-03-31,27.0,6785800
2016-04-01,26.84,7022100
2016-04-04,25.81,4496300
2016-04-05,25.37,3911900
2016-04-06,25.4,4730500
2016-04-07,24.75,4492300
2016-04-08,24.96,3948000
2016-04-11,24.87,4243800
2016-04-12,25.53,6008800
2016-04-13,26.52,5014300
2016-04-14,25.47,6128300
2016-04-15,26.11,4706300
2016-04-18,26.5,4539900
2016-04-19,28.22,7156900
2016-04-20,28.52,6413600
2016-04-21,28.71,5772600
2016-04-22,28.55,3495000
2016-04-25,28.28,4030800
2016-04-26,28.55,3989600
2016-04-27,28.54,5928000
2016-04-28,28.57,7435600
2016-04-29,27.99,7335500
2016-05-02,28.52,5288000
2016-05-03,27.51,4966100
2016-05-04,27.11,7040800
2016-05-05,26.08,6181000
2016-05-06,25.99,3612900
2016-05-09,24.93,5396600
2016-05-10,26.06,5092300
2016-05-11,26.07,6846100
2016-05-12,25.44,5245500
2016-05-13,24.84,4880000
2016-05-16,25.8,4577500
2016-05-17,26.2,5543600
2016-05-18,25.23,4771700
2016-05-19,25.67,4506600
2016-05-20,25.94,4125100
2016-05-23,26.31,4993100
2016-05-24,25.96,4216500
2016-05-25,26.49,5039200
2016-05-26,26.13,5229100
2016-05-27,25.69,3800000
2016-05-31,25.23,7570700
2016-06-01,25.23,7758900
2016-06-02,25.65,7305900
2016-06-03,26.7,6587600
2016-06-06,28.36,7450700
2016-06-07,29.03,6579700
2016-06-08,28.02,6700200
2016-06-09,27.53,5002900
2016-06-10,26.97,5135600
2016-06-13,26.91,4040200
2016-06-14,26.29,5589000
2016-06-15,26.3,3910300
2016-06-16,25.9,4591500
2016-06-17,26.74,6420700
2016-06-20,26.88,5225600
2016-06-21,26.97,6251200
2016-06-22,26.74,4821100
2016-06-23,28.0,9273100
2016-06-24,26.91,8695100
2016-06-27,24.69,7350400
2016-06-28,25.26,4953400
2016-06-29,25.62,4469700
2016-06-30,26.18,7548800
2016-07-01,26.57,3845900
2016-07-05,25.47,3895700
2016-07-06,25.23,4557800
2016-07-07,24.99,4477100
2016-07-08,25.48,4398700
2016-07-11,25.69,3561400
2016-07-12,26.48,6540500
2016-07-13,27.41,7547700
2016-07-14,28.18,6964800
2016-07-15,28.69,4862000
2016-07-18,29.28,5520600
2016-07-19,28.68,6292700
2016-07-20,29.01,5825800
2016-07-21,28.89,4071100
2016-07-22,28.28,3892600
2016-07-25,28.63,4375000
2016-07-26,29.34,3773700
2016-07-27,28.88,3798800
2016-07-28,27.65,5901100
2016-07-29,27.0,9051400
2016-08-01,26.63,6613100
2016-08-02,27.26,8097800
2016-08-03,27.3,6253300
2016-08-04,26.44,6586900
2016-08-05,27.27,6205800
2016-08-08,28.32,4755700
2016-08-09,28.21,4342300
2016-08-10,27.88,5130600
2016-08-11,28.11,4386000
2016-08-12,27.18,5417400
2016-08-15,28.43,4628700
2016-08-16,28.07,4670000
2016-08-17,27.8,4616900
2016-08-18,27.96,4276700
2016-08-19,28.07,3010000
2016-08-22,28.39,3536500
2016-08-23,29.27,5265900
2016-08-24,28.44,4235600
2016-08-25,28.5,2979000
2016-08-26,27.6,5416500
2016-08-29,27.95,3132000
2016-08-30,30.45,21094800
2016-08-31,30.07,8702700
2016-09-01,29.17,6231100
2016-09-02,29.49,3842600
2016-09-06,28.65,3807500
2016-09-07,28.57,4789500
2016-09-08,28.25,3951800
2016-09-09,27.01,4595300
2016-09-12,27.25,5763900
2016-09-13,26.49,4866600
2016-09-14,25.83,3943700
2016-09-15,25.95,4456800
2016-09-16,25.54,4650600
2016-09-19,25.28,3599900
2016-09-20,25.09,4040800
2016-09-21,25.32,4077400
2016-09-22,25.55,5199000
2016-09-23,24.82,5474200
2016-09-26,24.14,6537300
2016-09-27,23.99,6960400
2016-09-28,24.46,5132900
2016-09-29,24.25,4453900
2016-09-30,24.46,5645900
2016-10-03,24.89,5816800
2016-10-04,24.64,4267000
2016-10-05,25.07,4812400
2016-10-06,24.85,3759800
2016-10-07,24.58,3920000
2016-10-10,24.83,2875400
2016-10-11,24.86,4607700
2016-10-12,23.79,6488600
2016-10-13,23.24,6158200
2016-10-14,23.15,4146800
2016-10-17,22.83,4035500
2016-10-18,23.39,4209000
2016-10-19,23.84,5508900
2016-10-20,24.69,8721000
2016-10-21,24.31,4099700
2016-10-24,24.51,3094200
2016-10-25,24.6,3515100
2016-10-26,24.82,3447800
2016-10-27,23.93,5462100
2016-10-28,23.79,3762700
2016-10-31,23.53,4857100
2016-11-01,24.32,8046100
2016-11-02,24.73,7180500
2016-11-03,24.15,5481700
2016-11-04,24.5,4357300
2016-11-07,25.11,5524700
2016-11-08,26.18,5437600
2016-11-09,26.77,5781200
2016-11-10,28.23,7989700
2016-11-11,27.41,7431600
2016-11-14,28.29,6924200
2016-11-15,27.95,4852100
2016-11-16,27.21,3388800
2016-11-17,27.33,2786700
2016-11-18,28.26,4148600
2016-11-21,29.05,5397500
2016-11-22,27.37,6784500
2016-11-23,27.45,4204600
2016-11-25,27.43,2109000
2016-11-28,27.35,4622600
2016-11-29,27.06,5492900
2016-11-30,28.4,6345100
2016-12-01,29.09,7389300
2016-12-02,28.82,3778600
2016-12-05,29.17,6320400
2016-12-06,29.38,5345300
2016-12-07,30.23,4664700
2016-12-08,30.18,4320100
2016-12-09,31.42,5671200
2016-12-12,30.24,5559400
2016-12-13,29.52,6298800
2016-12-14,29.38,4929500
2016-12-15,29.74,3965700
2016-12-16,29.56,6911800
2016-12-19,27.77,9520600
2016-12-20,28.16,6696300
2016-12-21,28.78,5545600
2016-12-22,29.35,5719100
2016-12-23,29.18,2698800
2016-12-27,30.04,2729200
2016-12-28,29.06,3401900
2016-12-29,29.33,2083600
2016-12-30,29.33,2879900
2017-01-03,29.53,3358900
2017-01-04,30.81,12151800
2017-01-05,30.87,4712700
2017-01-06,30.8,2707600
2017-01-09,30.71,3086100
2017-01-10,30.72,3005300
2017-01-11,31.43,3408600
2017-01-12,31.41,3510600
2017-01-13,31.25,2961000
2017-01-17,30.77,3301500
2017-01-18,30.6,2898600
2017-01-19,30.25,3145600
2017-01-20,31.28,5524900
2017-01-23,31.55,3544900
2017-01-24,33.45,9688200
2017-01-25,33.26,7093300
2017-01-26,31.84,8221800
2017-01-27,31.42,4891000
2017-01-30,30.97,3627100
2017-01-31,31.37,5095300
2017-02-01,31.68,3910900
2017-02-02,31.45,2807800
2017-02-03,31.85,4943300
2017-02-06,32.03,5790500
2017-02-07,32.23,7328100
2017-02-08,32.21,4806100
2017-02-09,31.83,5003600
2017-02-10,32.86,4616500
2017-02-13,33.75,5985600
2017-02-14,34.02,3403200
2017-02-15,33.78,4173500
2017-02-16,33.15,3699400
2017-02-17,33.59,2771500
2017-02-21,33.64,3024600
2017-02-22,33.13,2381600
2017-02-23,31.83,6941100
2017-02-24,31.42,4386000
2017-02-27,31.54,4690000
2017-02-28,31.19,8542000
2017-03-01,31.03,6733200
2017-03-02,30.42,5348700
2017-03-03,30.22,6506500
2017-03-06,29.65,4017100
2017-03-07,29.18,9147400
2017-03-08,28.67,8117100
2017-03-09,29.0,11897000
2017-03-10,29.19,5809600
2017-03-13,29.12,2801100
2017-03-14,28.6,3282600
2017-03-15,29.14,3678000
2017-03-16,28.99,2716100
2017-03-17,29.17,4828000
2017-03-20,29.25,3050800
2017-03-21,28.64,3534600
2017-03-22,28.75,2676000
2017-03-23,29.0,1969100
2017-03-24,28.75,2158600
2017-03-27,28.64,3073100
2017-03-28,29.17,2860600
2017-03-29,29.48,2737900
2017-03-30,29.35,2997100
2017-03-31,29.18,4223400
2017-04-03,28.91,3958700
2017-04-04,29.16,4588700
2017-04-05,29.0,5330400
2017-04-06,29.19,3258000
2017-04-07,28.85,2480300
2017-04-10,28.94,2918900
2017-04-11,28.69,3736000
2017-04-12,28.15,3797400
2017-04-13,27.46,4231700
2017-04-17,27.36,4467600
2017-04-18,27.04,3874600
2017-04-19,26.83,3063900
2017-04-20,27.1,3433000
2017-04-21,26.67,3539700
2017-04-24,27.09,4856200
2017-04-25,27.54,4322600
2017-04-26,27.42,5188900
2017-04-27,27.45,4214700
2017-04-28,26.93,5411700
2017-05-01,26.87,4390200
2017-05-02,24.95,14087000
2017-05-03,23.63,11549300
2017-05-04,23.32,8444200
2017-05-05,23.45,7754600
2017-05-08,23.54,6837000
2017-05-09,23.49,9226600
2017-05-10,23.46,10589400
2017-05-11,23.7,6840100
2017-05-12,22.91,5801800
2017-05-15,23.45,4464300
2017-05-16,23.41,3427400
2017-05-17,22.81,5154900
2017-05-18,22.85,4722400
2017-05-19,23.65,5662300
2017-05-22,23.1,4966500
2017-05-23,23.32,5129400
2017-05-24,23.14,2874700
2017-05-25,22.9,3217800
2017-05-26,23.16,2490700
2017-05-30,22.94,2214500
2017-05-31,22.63,4697600
2017-06-01,22.79,3406600
2017-06-02,22.5,3616200
2017-06-05,22.6,3449600
2017-06-06,22.6,3053100
2017-06-07,22.25,4028700
2017-06-08,22.55,2856100
2017-06-09,23.51,4920900
2017-06-12,23.55,6525200
2017-06-13,23.7,4460500
2017-06-14,22.74,4309400
2017-06-15,22.33,3993500
2017-06-16,22.71,6020300
2017-06-19,22.86,3445800
2017-06-20,22.22,3478300
2017-06-21,21.87,4087400
2017-06-22,22.32,5839300
2017-06-23,22.97,4545800
2017-06-26,23.23,3467500
2017-06-27,22.63,2518300
2017-06-28,22.58,2437200
2017-06-29,22.61,2962700
2017-06-30,22.83,2562700
2017-07-03,23.77,2389600
2017-07-05,22.87,4404600
2017-07-06,22.4,3217000
2017-07-07,22.6,3508800
2017-07-10,23.8,6812600
2017-07-11,23.67,5674300
2017-07-12,23.57,5307800
2017-07-13,23.85,3152600
2017-07-14,23.72,2952500
2017-07-17,23.96,2768500
2017-07-18,23.97,1966700
2017-07-19,24.54,3778400
2017-07-20,24.43,3423500
2017-07-21,24.37,2922000
2017-07-24,24.16,2239700
2017-07-25,24.22,3211400
2017-07-26,23.6,3482100
2017-07-27,23.88,3861400
2017-07-28,24.17,3015100
2017-07-31,24.14,3377600
2017-08-01,22.89,10771900
2017-08-02,22.25,5717700
2017-08-03,22.32,3598000
2017-08-04,22.58,3177700
2017-08-07,21.97,4366500
2017-08-08,21.54,5481600
2017-08-09,21.26,4222500
2017-08-10,20.61,7105700
2017-08-11,20.34,5511200
2017-08-14,20.31,4772500
2017-08-15,20.16,7894400
2017-08-16,20.57,5607000
2017-08-17,20.1,3848200
2017-08-18,19.86,4465600
2017-08-21,19.86,2589000
2017-08-22,19.94,3806500
2017-08-23,20.17,2900000
2017-08-24,20.19,2380200
2017-08-25,20.37,2300800
2017-08-28,20.07,3441700
2017-08-29,19.94,2898500
2017-08-30,19.82,2004800
2017-08-31,19.98,3491900
2017-09-01,20.11,2554100
2017-09-05,19.46,5227600
2017-09-06,19.74,5979700
2017-09-07,19.53,4919700
2017-09-08,19.39,3871300
2017-09-11,20.01,6104800
2017-09-12,20.26,4859200
2017-09-13,20.13,3027100
2017-09-14,20.44,3810800
2017-09-15,20.66,6355100
2017-09-18,21.31,8305300
2017-09-19,20.84,5015000
2017-09-20,20.87,4719000
2017-09-21,20.94,4426100
2017-09-22,20.86,2187700
2017-09-25,21.26,3885800
2017-09-26,21.39,3201700
2017-09-27,21.46,3057300
2017-09-28,21.3,4312800
2017-09-29,21.59,2792500
2017-10-02,21.75,3881200
2017-10-03,21.76,2959000
2017-10-04,21.72,2809000
2017-10-05,21.64,4017100
2017-10-06,21.02,4886100
2017-10-09,20.94,3909100
2017-10-10,20.92,2089000
2017-10-11,21.1,2707400
2017-10-12,21.23,2894200
2017-10-13,21.78,3753200
2017-10-16,21.9,2491000
2017-10-17,21.06,4800100
2017-10-18,21.16,3356100
2017-10-19,21.1,2645500
2017-10-20,21.41,2353300
2017-10-23,21.03,2229000
2017-10-24,21.65,3396300
2017-10-25,21.54,2702700
2017-10-26,21.16,3965400
2017-10-27,20.94,4071000
2017-10-30,20.85,4731800
2017-10-31,22.34,11791500
2017-11-01,22.64,7616200
2017-11-02,22.47,5403800
2017-11-03,22.38,4462400
2017-11-06,22.49,4851800
2017-11-07,22.56,5929400
2017-11-08,22.64,4764200
2017-11-09,22.5,5843500
2017-11-10,22.84,4834800
2017-11-13,23.28,5216600
2017-11-14,23.0,3708400
2017-11-15,22.38,3505300
2017-11-16,22.48,4547300
2017-11-17,22.94,3820700
2017-11-20,23.03,3738000
2017-11-21,23.61,5961800
2017-11-22,23.89,3541200
2017-11-24,23.85,1437900
2017-11-27,23.48,2988500
2017-11-28,24.09,4933200
2017-11-29,24.39,5532700
2017-11-30,24.29,6543400
2017-12-01,24.28,5079600
2017-12-04,23.7,4935100
2017-12-05,23.84,5196800
2017-12-06,23.41,4319700
2017-12-07,23.87,5424200
2017-12-08,23.62,4017900
2017-12-11,23.84,2433500
2017-12-12,24.82,9361700
2017-12-13,24.69,5562600
2017-12-14,24.9,12858400
2017-12-15,24.92,17321700
2017-12-18,24.51,5326400
2017-12-19,24.49,4454900
2017-12-20,24.48,3610100
2017-12-21,25.24,4285600
2017-12-22,25.52,2960600
2017-12-26,25.5,2380200
2017-12-27,25.49,2902500
2017-12-28,25.56,2515500
2017-12-29,25.66,3591400
2018-01-02,26.65,4763800
2018-01-03,26.41,3777300
2018-01-04,26.82,4676200
2018-01-05,26.86,4993000
2018-01-08,26.29,4225200
2018-01-09,26.11,3922100
2018-01-10,25.91,5731900
2018-01-11,27.07,5754600
2018-01-12,27.22,3263300
2018-01-16,25.68,6124800
2018-01-17,25.54,3784500
2018-01-18,26.22,6418900
2018-01-19,26.53,4391600
2018-01-22,26.66,4654400
2018-01-23,27.3,6044500
2018-01-24,27.2,4884000
2018-01-25,26.69,4450400
2018-01-26,27.62,4414500
2018-01-29,27.7,7544400
2018-01-30,27.19,4001000
2018-01-31,27.3,5187400
2018-02-01,26.87,5462900
2018-02-02,26.04,5635000
2018-02-05,24.78,7053000
2018-02-06,25.07,6877100
2018-02-07,25.25,4474500
2018-02-08,24.13,4516700
2018-02-09,24.35,6858400
2018-02-12,25.21,4535400
2018-02-13,25.21,3010500
2018-02-14,25.72,4083200
2018-02-15,25.86,4932200
2018-02-16,25.43,6259700
2018-02-20,26.76,7952800
2018-02-21,27.46,7727200
2018-02-22,27.45,5786600
2018-02-23,28.74,6107000
2018-02-26,28.19,4834900
2018-02-27,26.82,6719400
2018-02-28,26.32,5842700
2018-03-01,26.36,4192300
2018-03-02,26.75,3507000
2018-03-05,27.98,8628100
2018-03-06,27.74,5237200
2018-03-07,27.28,3824700
2018-03-08,27.29,4435900
2018-03-09,28.25,7589600
2018-03-12,27.62,4721100
2018-03-13,27.61,4157100
2018-03-14,27.1,4000900
2018-03-15,26.39,4021300
2018-03-16,26.1,6088200
2018-03-19,25.59,4896400
2018-03-20,25.03,2764300
2018-03-21,25.26,3294100
2018-03-22,24.68,4603100
2018-03-23,24.26,3275600
2018-03-26,24.65,3862700
2018-03-27,24.2,5058300
2018-03-28,23.57,4656700
2018-03-29,24.28,4857400
2018-04-02,23.67,3004100
2018-04-03,23.93,3452100
2018-04-04,24.1,4831600
2018-04-05,25.19,5245500
2018-04-06,24.22,3972200
2018-04-09,24.49,3992700
2018-04-10,25.03,3153600
2018-04-11,24.4,4707100
2018-04-12,24.82,3292000
2018-04-13,24.84,1986900
2018-04-16,25.2,3120700
2018-04-17,25.59,4672200
2018-04-18,26.04,4081300
2018-04-19,25.85,3123100
2018-04-20,25.68,3285400
2018-04-23,25.89,4206000
2018-04-24,26.09,4983400
2018-04-25,27.0,5404300
2018-04-26,27.17,5407500
2018-04-27,27.15,3240300
2018-04-30,26.95,5758700
2018-05-01,26.85,4307400
2018-05-02,27.14,4298700
2018-05-03,27.01,5013400
2018-05-04,27.43,2910900
2018-05-07,27.56,4288900
2018-05-08,26.1,10367200
2018-05-09,25.8,6327000
2018-05-10,26.38,3859900
2018-05-11,26.56,3251500
2018-05-14,27.17,3301300
2018-05-15,27.57,5246000
2018-05-16,27.73,5949100
2018-05-17,28.02,5085400
2018-05-18,27.91,3259900
2018-05-21,28.28,5434800
2018-05-22,27.95,4534000
2018-05-23,28.05,4352700
2018-05-24,27.86,3812000
2018-05-25,28.03,2934800
2018-05-29,27.83,4052500
2018-05-30,28.04,3275900
2018-05-31,27.49,5210100
2018-06-01,27.66,3481000
2018-06-04,27.46,2347700
2018-06-05,27.87,3059500
2018-06-06,29.08,5210200
2018-06-07,29.3,5431600
2018-06-08,29.46,3753700
2018-06-11,29.44,3389500
2018-06-12,29.47,3294800
2018-06-13,29.68,4198900
2018-06-14,29.48,3718800
2018-06-15,28.98,5946000
2018-06-18,29.25,2743700
2018-06-19,28.31,4907500
2018-06-20,27.79,2936400
2018-06-21,28.38,4208400
2018-06-22,28.88,3951700
2018-06-25,28.13,3159400
2018-06-26,28.05,3466000
2018-06-27,28.07,4118600
2018-06-28,28.31,3557800
2018-06-29,28.05,3925000
2018-07-02,27.79,2892200
2018-07-03,27.62,2184900
2018-07-05,27.8,2649200
2018-07-06,28.12,1937800
2018-07-09,28.36,2109400
2018-07-10,28.93,3599500
2018-07-11,28.0,3933700
2018-07-12,28.25,2373900
2018-07-13,28.15,1746900
2018-07-16,27.98,2685600
2018-07-17,28.46,4002000
2018-07-18,28.44,2187100
2018-07-19,28.2,3525200
2018-07-20,28.32,2820000
2018-07-23,28.38,2026100
2018-07-24,29.02,7300000
2018-07-25,29.35,4125100
2018-07-26,29.87,4734800
2018-07-27,29.78,3713800
2018-07-30,29.69,2452500
2018-07-31,30.11,3553000
2018-08-01,29.53,5171400
2018-08-02,30.09,6013500
2018-08-03,30.45,5979300
2018-08-06,30.1,7106300
2018-08-07,31.7,10136400
2018-08-08,31.54,4468000
2018-08-09,32.06,3601600
2018-08-10,31.49,4070600
2018-08-13,30.34,4995300
2018-08-14,30.64,2691700
2018-08-15,29.65,4217700
2018-08-16,29.63,4072600
2018-08-17,29.63,3392500
2018-08-20,29.76,5598500
2018-08-21,29.52,3624400
2018-08-22,29.48,2904700
2018-08-23,29.43,3902900
2018-08-24,29.64,2378400
2018-08-27,30.62,5955400
2018-08-28,30.84,4161100
2018-08-29,31.59,5630800
2018-08-30,31.33,3621000
2018-08-31,31.27,3263300
2018-09-04,30.83,3172800
2018-09-05,30.51,2895800
2018-09-06,30.28,2563600
2018-09-07,29.94,3202400
2018-09-10,30.3,2244000
2018-09-11,30.93,4625400
2018-09-12,31.12,3344000
2018-09-13,30.68,1929800
2018-09-14,30.79,2082600
2018-09-17,31.99,7030200
2018-09-18,31.49,4460800
2018-09-19,31.8,3760500
2018-09-20,32.31,4168100
2018-09-21,32.33,5895700
2018-09-24,31.99,2206100
2018-09-25,32.61,3466700
2018-09-26,32.55,3668900
2018-09-27,32.27,2531500
2018-09-28,32.48,3317400
2018-10-01,32.87,2488400
2018-10-02,33.05,4106100
2018-10-03,33.54,5116600
2018-10-04,33.78,4084300
2018-10-05,33.11,4127400
2018-10-08,33.72,2992800
2018-10-09,33.1,3291600
2018-10-10,32.31,4605800
2018-10-11,32.69,5195100
2018-10-12,32.89,3175500
2018-10-15,32.92,2936600
2018-10-16,33.13,5391500
2018-10-17,33.05,3738200
2018-10-18,32.85,3248800
2018-10-19,33.16,3752600
2018-10-22,32.78,3110900
2018-10-23,31.41,4562200
2018-10-24,29.52,6630000
2018-10-25,30.0,4139100
2018-10-26,29.82,4814500
2018-10-29,29.63,4235000
2018-10-30,30.44,5368000
2018-10-31,30.94,4721100
2018-11-01,32.12,2934800
2018-11-02,31.91,2914400
2018-11-05,32.22,4291000
2018-11-06,35.64,11920900
2018-11-07,36.6,7256000
2018-11-08,36.99,7437500
2018-11-09,36.63,5791700
2018-11-12,36.3,4467400
2018-11-13,36.13,3703200
2018-11-14,35.72,5506800
2018-11-15,36.14,5524300
2018-11-16,36.67,4224300
2018-11-19,34.93,4814500
2018-11-20,34.7,4344600
2018-11-21,35.46,4071400
2018-11-23,35.0,1475100
2018-11-26,35.77,3037800
2018-11-27,35.06,2854500
2018-11-28,35.32,3352000
2018-11-29,36.17,3839400
2018-11-30,36.0,4812200
2018-12-03,36.86,3754400
2018-12-04,35.28,4123900
2018-12-06,34.55,5329700
2018-12-07,33.52,4314700
2018-12-10,33.2,4296500
2018-12-11,33.0,2835000
2018-12-12,30.91,9837600
2018-12-13,30.91,5795400
2018-12-14,30.93,3506500
2018-12-17,30.06,3999800
2018-12-18,30.33,3861500
2018-12-19,29.58,4446000
2018-12-20,28.79,5935200
2018-12-21,28.56,7628800
2018-12-24,27.65,1996100
2018-12-26,29.31,3732600
2018-12-27,29.56,2613600
2018-12-28,28.82,2698800
2018-12-31,29.21,2059200
2019-01-02,29.18,3792300
2019-01-03,28.45,4278600
2019-01-04,30.39,4019500
2019-01-07,30.62,3211400
2019-01-08,31.36,3121600
2019-01-09,31.35,3049100
2019-01-10,31.57,2534100
2019-01-11,31.64,3577800
2019-01-14,31.38,2572700
2019-01-15,31.4,2271800
2019-01-16,31.49,2526200
2019-01-17,31.96,2285500
2019-01-18,32.2,3763300
2019-01-22,30.97,4191300
2019-01-23,31.16,3463100
2019-01-24,31.01,2637500
2019-01-25,31.89,3355700
2019-01-28,31.59,3836500
2019-01-29,31.78,3083500
2019-01-30,31.91,1844700
2019-01-31,32.28,2801800
2019-02-01,32.6,2867700
2019-02-04,31.95,4630500
2019-02-05,32.2,3108100
2019-02-06,32.46,2814800
2019-02-07,31.4,4198600
2019-02-08,31.19,4450400
2019-02-11,30.92,4371600
2019-02-12,31.89,4936400
2019-02-13,32.06,3979500
2019-02-14,31.94,3144600
2019-02-15,32.11,4556800
2019-02-19,32.28,3519400
2019-02-20,33.48,3961500
2019-02-21,33.17,3452700
2019-02-22,32.3,4813600
2019-02-25,32.77,5904200
2019-02-26,31.44,10162200
2019-02-27,32.17,6092800
2019-02-28,31.27,5143300
2019-03-01,31.0,4901700
2019-03-04,30.82,5028700
2019-03-05,29.89,6366800
2019-03-06,29.23,4113300
2019-03-07,27.92,7962600
2019-03-08,28.02,5647100
2019-03-11,28.71,4026300
2019-03-12,28.67,3499200
2019-03-13,28.75,3813400
2019-03-14,28.38,3686700
2019-03-15,28.71,6043600
2019-03-18,28.64,3341900
2019-03-19,28.55,2885300
2019-03-20,28.18,3261000
2019-03-21,28.3,3122100
2019-03-22,26.85,3796400
2019-03-25,26.93,2494300
2019-03-26,26.42,6458800
2019-03-27,26.6,3874800
2019-03-28,27.17,5906700
2019-03-29,27.31,3913200
2019-04-01,27.84,3181600
2019-04-02,27.51,2925800
2019-04-03,27.36,3661300
2019-04-04,27.72,2294700
2019-04-05,27.92,3509000
2019-04-08,27.85,2275800
2019-04-09,27.44,2449400
2019-04-10,27.36,4568500
2019-04-11,27.0,2770500
2019-04-12,26.8,6289200
2019-04-15,26.63,3459800
2019-04-16,26.84,3146400
2019-04-17,26.9,3801600
2019-04-18,27.07,3989200
2019-04-22,27.16,3243300
2019-04-23,26.83,4685900
2019-04-24,26.32,5112600
2019-04-25,26.05,4825500
2019-04-26,26.18,8929200
2019-04-29,26.13,5078000
2019-04-30,26.11,3478800
2019-05-01,25.81,2875000
2019-05-02,25.25,4500500
2019-05-03,25.62,3412600
2019-05-06,25.27,3760300
2019-05-07,23.25,11184800
2019-05-08,23.93,8424700
2019-05-09,23.65,5498700
2019-05-10,23.9,6097300
2019-05-13,22.91,3807600
2019-05-14,22.81,4639100
2019-05-15,22.82,3957300
2019-05-16,23.16,10722700
2019-05-17,22.8,3609800
2019-05-20,22.48,3738100
2019-05-21,22.85,2951300
2019-05-22,22.34,3252000
2019-05-23,21.62,3101800
2019-05-24,21.6,3136400
2019-05-28,21.32,5713800
2019-05-29,21.4,4211400
2019-05-30,21.27,2766800
2019-05-31,21.47,5974500
2019-06-03,22.03,6022200
2019-06-04,22.72,6081500
2019-06-05,22.25,5731800
2019-06-06,22.46,5728200
2019-06-07,22.15,4246800
2019-06-10,22.25,6420400
2019-06-11,22.39,5146600
2019-06-12,22.66,4503100
2019-06-13,22.84,3492500
2019-06-14,22.36,4258700
2019-06-17,23.28,7113300
2019-06-18,24.06,11039100
2019-06-19,23.47,5442600
2019-06-20,23.63,3100400
2019-06-21,23.42,5626700
2019-06-24,23.43,2913900
2019-06-25,24.16,8235800
2019-06-26,24.14,7814000
2019-06-27,24.39,6800200
2019-06-28,25.03,8098800
2019-07-01,25.27,9980100
2019-07-02,24.65,6404400
2019-07-03,24.76,1897400
2019-07-05,24.8,2737900
2019-07-08,24.05,4742700
2019-07-09,23.33,6177100
2019-07-10,23.08,3058900
2019-07-11,22.49,4930300
2019-07-12,23.0,3963100
2019-07-15,23.37,3499500
2019-07-16,23.71,5458300
2019-07-17,23.86,6008600
2019-07-18,23.83,2557700
2019-07-19,24.22,2816700
2019-07-22,24.25,1933500
2019-07-23,24.79,3344600
2019-07-24,24.83,3205400
2019-07-25,24.25,2459300
2019-07-26,24.31,2547200
2019-07-29,23.84,2264600
2019-07-30,25.25,5194900
2019-07-31,25.19,5213400
2019-08-01,25.08,7452200
2019-08-02,24.39,3494700
2019-08-05,23.6,5054900
2019-08-06,22.02,22442100
2019-08-07,22.72,10329200
2019-08-08,23.07,7636000
2019-08-09,22.6,4796100
2019-08-12,20.76,5468100
2019-08-13,20.61,7321300
2019-08-14,19.64,6030600
2019-08-15,19.29,4654300
2019-08-16,19.74,3418000
2019-08-19,19.98,2585200
2019-08-20,19.37,3882200
2019-08-21,19.07,3748300
2019-08-22,19.07,4175100
2019-08-23,18.01,7547900
2019-08-26,17.96,9935600
2019-08-27,17.66,4635300
2019-08-28,17.86,5239400
2019-08-29,18.37,4350300
2019-08-30,18.39,4491600
2019-09-03,17.92,4012500
2019-09-04,18.16,2863200
2019-09-05,19.38,4914600
2019-09-06,19.54,3869600
2019-09-09,20.18,4864400
2019-09-10,21.38,7733200
2019-09-11,21.99,7976200
2019-09-12,21.98,5719200
2019-09-13,22.65,5689400
2019-09-16,22.97,4481200
2019-09-17,21.81,6825900
2019-09-18,21.57,6366900
2019-09-19,20.99,6100100
2019-09-20,20.69,6185700
2019-09-23,20.89,4782200
2019-09-24,20.05,6331400
2019-09-25,20.55,3923500
2019-09-26,19.95,2931100
2019-09-27,20.26,3160500
2019-09-30,20.5,3342800
2019-10-01,20.21,4312700
2019-10-02,20.07,3931000
2019-10-03,19.73,4360300
2019-10-04,19.39,4309900
2019-10-07,19.2,6486700
2019-10-08,18.55,7273600
2019-10-09,18.82,4902400
2019-10-10,19.34,5489000
2019-10-11,20.72,4795400
2019-10-14,20.06,3159400
2019-10-15,20.17,3051400
2019-10-16,20.06,2647500
2019-10-17,19.64,2481100
2019-10-18,19.55,2810300
2019-10-21,19.47,3029400
2019-10-22,19.68,2950300
2019-10-23,20.17,3319800
2019-10-24,19.92,3338700
2019-10-25,20.54,3432800
2019-10-28,20.58,1990200
2019-10-29,20.61,3377800
2019-10-30,20.18,2158800
2019-10-31,19.88,3132100
2019-11-01,20.66,5366400
2019-11-04,21.34,6134200
2019-11-05,21.65,8861300
2019-11-06,20.68,5127000
2019-11-07,20.74,4791600
2019-11-08,20.81,3992500
2019-11-11,20.93,3492600
2019-11-12,20.93,3986100
2019-11-13,19.68,6395600
2019-11-14,20.29,5459500
2019-11-15,19.75,3528600
2019-11-18,18.95,4714800
2019-11-19,18.81,3343300
2019-11-20,18.13,4139900
2019-11-21,18.02,3401800
2019-11-22,18.16,2914800
2019-11-25,18.64,4147900
2019-11-26,18.75,5914500
2019-11-27,19.0,3043400
2019-11-29,19.05,1774600
2019-12-02,18.99,4565900
2019-12-03,18.43,3335800
2019-12-04,18.37,4374000
2019-12-05,18.55,3047300
2019-12-06,19.08,3907900
2019-12-09,18.74,4554600
2019-12-10,18.25,3289700
2019-12-11,18.22,3001700
2019-12-12,18.96,5305700
2019-12-13,18.63,4928000
2019-12-16,19.48,5078700
2019-12-17,20.15,7706300
2019-12-18,20.86,8927700
2019-12-19,20.6,5663100
2019-12-20,21.71,12626600
2019-12-23,21.54,5231800
2019-12-24,21.45,1922800
2019-12-26,21.66,2458100
2019-12-27,21.22,2173800
2019-12-30,21.03,2756900
2019-12-31,21.64,2509800
2020-01-02,21.43,4173100
2020-01-03,20.76,4112400
2020-01-06,20.76,4134100
2020-01-07,20.92,4618900
2020-01-08,21.11,3837200
2020-01-09,21.1,2755100
2020-01-10,20.62,2978700
2020-01-13,21.05,4009700
2020-01-14,21.34,4663300
2020-01-15,21.52,2693800
2020-01-16,22.02,5895400
2020-01-17,21.87,4348400
2020-01-21,21.15,3651700
2020-01-22,20.03,6915600
2020-01-23,19.95,3837100
2020-01-24,19.14,6210900
2020-01-27,18.56,5218000
2020-01-28,19.35,5749300
2020-01-29,19.31,2667200
2020-01-30,20.17,6835000
2020-01-31,19.84,6418100
2020-02-03,19.96,4382900
2020-02-04,20.82,5751400
2020-02-05,21.36,5799500
2020-02-06,20.87,4562000
2020-02-07,20.25,3914400
2020-02-10,19.83,3084400
2020-02-11,20.13,3700000
2020-02-12,20.35,2526200
2020-02-13,19.48,5452500
2020-02-14,18.75,8316700
2020-02-18,18.25,9032300
2020-02-19,18.41,5129400
2020-02-20,18.47,10674000
2020-02-21,19.19,10289100
2020-02-24,19.41,6743900
2020-02-25,18.1,8160100
2020-02-26,17.45,7583500
2020-02-27,16.55,8435500
2020-02-28,17.03,10253300
2020-03-02,17.66,6259700
2020-03-03,17.01,6850700
2020-03-04,17.09,4980000
2020-03-05,16.19,5986500
2020-03-06,14.3,12326700
2020-03-09,11.92,11130800
2020-03-10,12.64,10123100
2020-03-11,11.47,6191900
2020-03-12,9.69,9966000
2020-03-13,11.01,8048400
2020-03-16,9.95,5974300
2020-03-17,9.67,9859900
2020-03-18,7.01,11140100
2020-03-19,8.22,9692700
2020-03-20,9.59,10596100
2020-03-23,9.22,5976500
2020-03-24,10.7,6575400
2020-03-25,10.87,7359200
2020-03-26,10.72,7391300
2020-03-27,9.9,6190400
2020-03-30,10.0,4505800
2020-03-31,10.82,7845900
2020-04-01,10.11,5447500
2020-04-02,9.82,6169500
2020-04-03,9.94,5030400
2020-04-06,11.33,7121700
2020-04-07,11.67,8002300
2020-04-08,11.8,4607700
2020-04-09,12.97,7787300
2020-04-13,12.2,3659300
2020-04-14,12.18,4580700
2020-04-15,11.37,3392700
2020-04-16,10.83,3279000
2020-04-17,11.45,4603000
2020-04-20,11.14,3984700
2020-04-21,10.89,4879100
2020-04-22,11.04,4681900
2020-04-23,11.23,3342700
2020-04-24,11.33,4938000
2020-04-27,11.58,4018800
2020-04-28,11.53,5275300
2020-04-29,12.0,5174900
2020-04-30,11.51,6580400
2020-05-01,11.15,4479100
2020-05-04,10.98,5773400
2020-05-05,11.78,8106000
2020-05-06,10.8,5726900
2020-05-07,11.1,4704100
2020-05-08,11.91,5016100
2020-05-11,11.22,6005000
2020-05-12,10.82,4125700
2020-05-13,10.2,5277300
2020-05-14,10.4,3917800
2020-05-15,10.08,4915900
2020-05-18,10.96,6026600
2020-05-19,11.03,3779700
2020-05-20,11.72,4553600
2020-05-21,11.55,3864400
2020-05-22,11.56,3444800
2020-05-26,12.15,6120800
2020-05-27,12.94,5808100
2020-05-28,12.2,3869600
2020-05-29,12.09,5495500
2020-06-01,12.52,3253300
2020-06-02,12.64,3243000
2020-06-03,13.72,5264700
2020-06-04,13.86,5324200
2020-06-05,14.1,6223400
2020-06-08,14.98,4547400
2020-06-09,14.75,4625300
2020-06-10,14.09,4440000
2020-06-11,12.51,5015700
2020-06-12,13.28,3935100
2020-06-15,13.37,4112400
2020-06-16,13.64,3913100
2020-06-17,13.31,2619100
2020-06-18,13.09,2933900
2020-06-19,12.9,6301500
2020-06-22,13.05,2918300
2020-06-23,12.92,3212400
2020-06-24,11.97,3658900
2020-06-25,12.31,3398000
2020-06-26,12.08,6424800
2020-06-29,12.65,3820300
2020-06-30,12.51,5417300
2020-07-01,12.37,5153400
2020-07-02,12.85,4938000
2020-07-06,13.14,3686000
2020-07-07,12.87,3389700
2020-07-08,12.11,5703500
2020-07-09,11.68,4208100
2020-07-10,12.3,3666100
2020-07-13,12.95,5069600
2020-07-14,13.1,3294500
2020-07-15,13.41,6747900
2020-07-16,13.2,3545000
2020-07-17,13.41,3818300
2020-07-20,12.85,3639100
2020-07-21,13.27,3148200
2020-07-22,13.41,2792000
2020-07-23,13.54,2942600
2020-07-24,13.67,2812500
2020-07-27,14.0,2666900
2020-07-28,13.5,2090100
2020-07-29,13.98,2685100
2020-07-30,13.5,3046200
2020-07-31,13.47,2506300
2020-08-03,13.68,4419800
2020-08-04,15.53,13703700
2020-08-05,16.31,9646900
2020-08-06,16.14,4537800
2020-08-07,17.19,8039300
2020-08-10,18.4,9951400
2020-08-11,17.64,6319400
2020-08-12,17.41,5023200
2020-08-13,17.46,4939600
2020-08-14,17.83,4312900
2020-08-17,17.85,4091800
2020-08-18,18.28,3805600
2020-08-19,17.93,3102200
2020-08-20,17.81,2384100
2020-08-21,17.49,3072800
2020-08-24,18.5,3877000
2020-08-25,18.34,3678000
2020-08-26,18.47,3582000
2020-08-27,18.42,3017800
2020-08-28,18.91,3670700
2020-08-31,18.23,3348300
2020-09-01,18.7,3879800
2020-09-02,18.89,3874300
2020-09-03,18.48,3469000
2020-09-04,18.53,3852700
2020-09-08,17.49,4636100
2020-09-09,17.97,3551300
2020-09-10,17.72,2722200
2020-09-11,18.31,3549300
2020-09-14,18.13,3329100
2020-09-15,18.03,3664000
2020-09-16,18.1,4477700
2020-09-17,19.26,8280700
2020-09-18,19.26,18798500
2020-09-21,17.81,7586100
2020-09-22,18.05,4216200
2020-09-23,18.26,7171900
2020-09-24,18.82,5953000
2020-09-25,18.59,4086800
2020-09-28,18.47,4104400
2020-09-29,17.98,2439400
2020-09-30,18.27,3800000
2020-10-01,17.79,3581500
2020-10-02,18.31,3507200
2020-10-05,19.28,7047000
2020-10-06,18.83,3457800
2020-10-07,19.74,6102300
2020-10-08,19.72,3830400
2020-10-09,19.71,2996300
2020-10-12,19.34,2315400
2020-10-13,19.28,2980300
2020-10-14,19.31,3612100
2020-10-15,19.49,3568900
2020-10-16,19.14,3190000
2020-10-19,19.07,4306700
2020-10-20,18.84,3902800
2020-10-21,18.91,3733700
2020-10-22,18.71,4184700
2020-10-23,18.7,3157100
2020-10-26,18.15,3936000
2020-10-27,18.35,3617400
2020-10-28,18.07,3851100
2020-10-29,18.3,3890700
2020-10-30,18.5,4930300
2020-11-02,19.56,5404800
2020-11-03,17.19,14483000
2020-11-04,16.75,8883900
2020-11-05,17.17,8219300
2020-11-06,16.89,4318700
2020-11-09,17.0,7867000
2020-11-10,17.62,4805500
2020-11-11,17.65,4275400
2020-11-12,17.36,3661600
2020-11-13,18.02,2746600
2020-11-16,18.78,4179800
2020-11-17,18.96,3595000
2020-11-18,19.19,4556900
2020-11-19,19.58,3470500
2020-11-20,19.61,3137400
2020-11-23,20.54,4288600
2020-11-24,23.18,13236000
2020-11-25,22.57,6405300
2020-11-27,22.68,2839000
2020-11-30,21.96,6196000
2020-12-01,21.76,5356100
2020-12-02,21.24,7002500
2020-12-03,21.23,5763600
2020-12-04,22.78,8090800
2020-12-07,22.05,3901600
2020-12-08,22.38,4477400
2020-12-09,22.41,4009700
2020-12-10,22.25,3176900
2020-12-11,22.23,5847900
2020-12-14,22.68,7084500
2020-12-15,23.11,8238700
2020-12-16,22.62,3525600
2020-12-17,23.1,7225300
2020-12-18,23.39,10717200
2020-12-21,23.14,3673400
2020-12-22,21.87,6804200
2020-12-23,22.09,3981400
2020-12-24,21.96,1071600
2020-12-28,21.61,2550000
2020-12-29,21.68,2714000
2020-12-30,22.16,2851900
2020-12-31,23.01,5487000
2021-01-04,23.67,6245500
2021-01-05,24.55,5992500
2021-01-06,26.05,9969700
2021-01-07,26.91,9087900
2021-01-08,26.81,6009300
2021-01-11,26.77,5741600
2021-01-12,28.46,7362500
2021-01-13,28.1,4789800
2021-01-14,28.9,4889600
2021-01-15,28.64,4727100
2021-01-19,28.71,3618700
2021-01-20,28.5,3627300
2021-01-21,28.41,3105700
2021-01-22,28.33,3395100
2021-01-25,28.67,3887200
2021-01-26,27.38,5295900
2021-01-27,26.69,6190300
2021-01-28,27.21,3471300
2021-01-29,25.96,3963900
2021-02-01,26.86,5443800
2021-02-02,27.27,3204000
2021-02-03,27.61,4256100
2021-02-04,27.45,3713400
2021-02-05,27.65,4063700
2021-02-08,29.09,4987300
2021-02-09,27.98,4306400
2021-02-10,27.89,5735000
2021-02-11,27.85,4696000
2021-02-12,29.27,6058100
2021-02-16,30.65,8086200
2021-02-17,30.43,5680400
2021-02-18,27.65,12438700
2021-02-19,29.08,9118200
2021-02-22,29.7,8698700
2021-02-23,29.53,6331400
2021-02-24,32.12,11943000
2021-02-25,30.78,9821600
2021-02-26,29.4,7288900
2021-03-01,30.71,4676700
2021-03-02,31.23,6141700
2021-03-03,31.56,6430200
2021-03-04,29.57,8056200
2021-03-05,30.07,6580200
2021-03-08,30.7,4713100
2021-03-09,30.78,4711900
2021-03-10,33.06,8459600
2021-03-11,33.45,6716700
2021-03-12,33.2,4255500
2021-03-15,34.24,6042600
2021-03-16,33.03,4413100
2021-03-17,33.88,4400700
2021-03-18,33.48,8274900
2021-03-19,33.31,8081800
2021-03-22,32.35,6452000
2021-03-23,30.56,7422000
2021-03-24,30.21,6596500
2021-03-25,30.77,7152000
2021-03-26,31.15,6088500
2021-03-29,31.3,8419400
2021-03-30,31.34,3826500
2021-03-31,31.61,7395600
2021-04-01,31.26,4908500
2021-04-05,31.08,5342200
2021-04-06,30.96,7185800
2021-04-07,30.8,3707700
2021-04-08,31.04,5461400
2021-04-09,31.47,4602300
2021-04-12,31.77,5209100
2021-04-13,32.25,4680500
2021-04-14,33.33,5337900
2021-04-15,33.13,3543500
2021-04-16,33.46,3611100
2021-04-19,32.73,4442500
2021-04-20,32.21,4392000
2021-04-21,33.38,3573600
2021-04-22,33.06,3831600
2021-04-23,33.95,3218300
2021-04-26,34.78,4674400
2021-04-27,35.55,9011400
2021-04-28,36.16,6084300
2021-04-29,36.3,6251700
2021-04-30,35.18,4739700
2021-05-03,35.03,6731700
2021-05-04,34.33,11673300
2021-05-05,34.91,7062800
2021-05-06,35.46,6842200
2021-05-07,37.0,5747100
2021-05-10,35.51,6920200
2021-05-11,35.22,5660900
2021-05-12,35.25,7548600
2021-05-13,34.68,5573600
2021-05-14,36.49,4616800
2021-05-17,37.06,4230900
2021-05-18,36.47,6128500
2021-05-19,35.32,5965600
2021-05-20,34.95,5342800
2021-05-21,35.46,5669600
2021-05-24,35.7,3688600
2021-05-25,34.77,5600600
2021-05-26,35.45,4950800
2021-05-27,35.99,7099100
2021-05-28,36.14,3770900
2021-06-01,37.55,4018700
2021-06-02,37.3,3565300
2021-06-03,37.39,2488100
2021-06-04,36.04,9883900
2021-06-07,35.92,4046000
2021-06-08,35.78,3876100
2021-06-09,34.95,4292900
2021-06-10,34.44,4083600
2021-06-11,34.59,4472000
2021-06-14,33.13,5478000
2021-06-15,33.06,6313600
2021-06-16,32.65,6779800
2021-06-17,30.35,10005100
2021-06-18,29.92,10643400
2021-06-21,30.84,11143900
2021-06-22,31.08,6777900
2021-06-23,30.99,3592700
2021-06-24,31.23,6301900
2021-06-25,31.2,5043200
2021-06-28,30.43,4571800
2021-06-29,30.8,4343600
2021-06-30,31.91,6112100
2021-07-01,31.79,6087000
2021-07-02,31.44,2782400
2021-07-06,30.29,5624600
2021-07-07,30.56,4132200
2021-07-08,30.75,4370200
2021-07-09,31.79,3838700
2021-07-12,31.86,3116500
2021-07-13,31.29,2818900
2021-07-14,31.08,2839900
2021-07-15,30.53,2858100
2021-07-16,29.59,5277700
2021-07-19,28.79,4865600
2021-07-20,29.7,3720100
2021-07-21,30.45,3354200
2021-07-22,30.15,2113500
2021-07-23,29.85,2259000
2021-07-26,30.37,2722700
2021-07-27,29.95,2420800
2021-07-28,30.49,2728500
2021-07-29,31.13,3178100
2021-07-30,31.23,6078900
2021-08-02,29.92,4825600
2021-08-03,31.34,5978400
2021-08-04,30.61,5817200
2021-08-05,30.7,2873300
2021-08-06,31.49,2525200
2021-08-09,32.56,4936600
2021-08-10,33.65,5461200
2021-08-11,34.13,3826900
2021-08-12,33.91,3938200
2021-08-13,33.56,3065100
2021-08-16,32.47,3319800
2021-08-17,31.2,4570600
2021-08-18,30.91,2695400
2021-08-19,29.57,6122000
2021-08-20,30.72,4993100
2021-08-23,31.26,3472800
2021-08-24,32.29,3026600
2021-08-25,32.34,2037700
2021-08-26,31.75,2284900
2021-08-27,32.65,2451400
2021-08-30,32.3,1847700
2021-08-31,32.18,4014800
2021-09-01,31.81,2764400
2021-09-02,32.43,4160800
2021-09-03,32.15,2908700
2021-09-07,32.15,3323900
2021-09-08,31.13,2190600
2021-09-09,31.57,1899900
2021-09-10,31.78,2833100
2021-09-13,32.13,2933100
2021-09-14,32.04,3574200
2021-09-15,33.64,3555000
2021-09-16,33.75,2942600
2021-09-17,33.61,5064600
2021-09-20,32.16,4359200
2021-09-21,32.42,2802400
2021-09-22,33.18,3742600
2021-09-23,34.97,4930700
2021-09-24,35.86,4669100
2021-09-27,36.84,5342300
2021-09-28,36.56,4622000
2021-09-29,36.49,2687000
2021-09-30,35.72,3507600
2021-10-01,37.8,4783300
2021-10-04,38.27,5488300
2021-10-05,38.52,4780100
2021-10-06,38.36,4279000
2021-10-07,39.54,4319500
2021-10-08,40.4,5088700
2021-10-11,41.92,6039600
2021-10-12,41.45,5026300
2021-10-13,40.73,5551800
2021-10-14,41.39,4001600
2021-10-15,41.47,3707300
2021-10-18,41.87,3228800
2021-10-19,41.82,2550600
2021-10-20,42.47,5871200
2021-10-21,42.17,3932300
2021-10-22,42.01,2652700
2021-10-25,42.43,2805400
2021-10-26,41.87,3048900
2021-10-27,41.16,5121800
2021-10-28,41.87,3599600
2021-10-29,41.57,3543800
2021-11-01,41.46,6646300
2021-11-02,37.64,14583100
2021-11-03,39.48,6415600
2021-11-04,38.8,4556800
2021-11-05,37.35,22079800
2021-11-08,37.72,14272600
2021-11-09,37.51,8329900
2021-11-10,36.08,6902100
2021-11-11,36.81,5026300
2021-11-12,37.39,4231300
2021-11-15,37.89,4978600
2021-11-16,37.1,7513200
2021-11-17,36.39,5625300
2021-11-18,36.82,3744000
2021-11-19,36.25,5966700
2021-11-22,36.41,3357700
2021-11-23,36.75,2977500
2021-11-24,36.35,3143400
2021-11-26,35.32,3869800
2021-11-29,36.03,4858200
2021-11-30,34.22,7679700
2021-12-01,33.62,4771900
2021-12-02,34.64,6264600
2021-12-03,34.41,4543800
2021-12-06,34.47,3422600
2021-12-07,35.87,6195800
2021-12-08,36.02,3140100
2021-12-09,35.73,2808200
2021-12-10,36.74,4644600
2021-12-13,35.87,3623400
2021-12-14,35.81,3514700
2021-12-15,36.38,4274600
2021-12-16,36.47,4102500
2021-12-17,36.46,6548300
2021-12-20,35.54,4702300
2021-12-21,37.33,4074600
2021-12-22,38.72,5310200
2021-12-23,39.18,3864000
2021-12-27,40.0,2695200
2021-12-28,39.86,2743800
2021-12-29,39.96,2822600
2021-12-30,39.21,2282600
2021-12-31,39.29,1859200
2022-01-03,40.19,3798400
2022-01-04,40.5,4046400
2022-01-05,39.0,4815700
2022-01-06,39.41,3970000
2022-01-07,40.18,3934600
2022-01-10,40.04,4832000
2022-01-11,40.36,5029800
2022-01-12,41.91,8511800
2022-01-13,41.61,4313700
2022-01-14,43.23,6419400
2022-01-18,43.61,5102100
2022-01-19,41.94,4603200
2022-01-20,40.53,4546000
2022-01-21,39.31,5003000
2022-01-24,39.11,7804700
2022-01-25,40.43,5242700
2022-01-26,39.87,6066000
2022-01-27,39.49,4776900
2022-01-28,39.77,3942000
2022-01-31,39.95,4131100
2022-02-01,43.59,10038200
2022-02-02,44.17,7441200
2022-02-03,42.94,5825000
2022-02-04,43.83,6820600
2022-02-07,44.46,6761400
2022-02-08,44.93,7347900
2022-02-09,44.77,7368200
2022-02-10,45.92,7677500
2022-02-11,46.87,9591400
2022-02-14,44.62,7984700
2022-02-15,45.58,6181000
2022-02-16,46.29,5582000
2022-02-17,46.02,5765200
2022-02-18,45.0,4823100
2022-02-22,44.19,7738900
2022-02-23,45.2,9786700
2022-02-24,45.35,10706300
2022-02-25,49.53,12150300
2022-02-28,52.43,15683200
2022-03-01,51.87,11324100
2022-03-02,53.76,12305100
2022-03-03,55.66,13376500
2022-03-04,59.83,17991000
2022-03-07,61.14,24638900
2022-03-08,58.19,17925200
2022-03-09,57.72,15112000
2022-03-10,62.19,18388500
2022-03-11,61.92,13855200
2022-03-14,58.1,11773900
2022-03-15,58.43,10955100
2022-03-16,57.57,13659200
2022-03-17,61.1,11637100
2022-03-18,62.08,16045600
2022-03-21,67.2,14430100
2022-03-22,65.68,10715400
2022-03-23,67.93,8854500
2022-03-24,68.57,10348100
2022-03-25,71.34,8666300
2022-03-28,67.97,9185200
2022-03-29,64.45,14888900
2022-03-30,65.52,6604400
2022-03-31,66.5,7969900
2022-04-01,65.88,6542800
2022-04-04,67.0,5187900
2022-04-05,67.75,10554200
2022-04-06,69.19,13999300
2022-04-07,71.52,9956800
2022-04-08,73.86,8347200
2022-04-11,73.91,8307200
2022-04-12,75.48,8360000
2022-04-13,75.05,9350800
2022-04-14,76.05,6263200
2022-04-18,78.15,6319500
2022-04-19,77.98,8032200
2022-04-20,75.77,9163300
2022-04-21,68.66,13000600
2022-04-22,66.77,10089900
2022-04-25,63.61,14476800
2022-04-26,63.67,11203600
2022-04-27,64.85,7014200
2022-04-28,65.32,5735000
2022-04-29,62.42,6945700
2022-05-02,62.4,7929400
2022-05-03,67.83,14941100
2022-05-04,67.12,7789000
2022-05-05,64.73,6474400
2022-05-06,64.05,5845600
2022-05-09,55.86,10565400
2022-05-10,57.64,8552700
2022-05-11,59.46,8585000
2022-05-12,58.74,6960000
2022-05-13,62.29,5408900
2022-05-16,63.08,6249100
2022-05-17,65.64,8153300
2022-05-18,61.45,7720300
2022-05-19,61.17,6997900
2022-05-20,57.95,11768300
2022-05-23,61.0,9105000
2022-05-24,58.2,12203600
2022-05-25,59.82,8980700
2022-05-26,58.96,6654200
2022-05-27,59.85,6649400
2022-05-31,62.65,13129400
2022-06-01,58.69,8540800
2022-06-02,60.1,6763200
2022-06-03,59.69,3522600
2022-06-06,59.56,7728500
2022-06-07,57.18,10939900
2022-06-08,56.8,7347000
2022-06-09,53.66,9049400
2022-06-10,53.36,7646200
2022-06-13,51.43,7597800
2022-06-14,52.73,7439200
2022-06-15,53.61,8638800
2022-06-16,50.94,10042500
2022-06-17,50.6,12381500
2022-06-21,51.58,8730300
2022-06-22,50.03,8589900
2022-06-23,45.24,12948900
2022-06-24,46.61,9921700
2022-06-27,48.74,8010300
2022-06-28,49.28,8233300
2022-06-29,48.14,5585300
2022-06-30,47.23,5981200
2022-07-01,46.92,6147200
2022-07-05,44.52,8775000
2022-07-06,44.46,9094500
2022-07-07,45.13,6484800
2022-07-08,45.22,4172800
2022-07-11,44.92,5832600
2022-07-12,44.87,5177200
2022-07-13,46.31,6343100
2022-07-14,43.67,7072400
2022-07-15,45.02,4525800
2022-07-18,45.71,5799800
2022-07-19,48.07,4841200
2022-07-20,48.03,3592100
2022-07-21,48.18,3559800
2022-07-22,47.64,3494100
2022-07-25,50.51,4921800
2022-07-26,49.66,4806000
2022-07-27,51.12,4545300
2022-07-28,50.8,4692700
2022-07-29,52.66,4682000
2022-08-01,51.39,6026000
2022-08-02,52.22,7208200
2022-08-03,52.93,4671000
2022-08-04,51.71,4098300
2022-08-05,52.22,3733800
2022-08-08,52.31,6308000
2022-08-09,54.01,4168000
2022-08-10,53.99,3229800
2022-08-11,54.76,2762600
2022-08-12,54.85,2944100
2022-08-15,53.16,3998600
2022-08-16,54.39,3032600
2022-08-17,54.21,2800200
2022-08-18,54.73,2728200
2022-08-19,53.52,2886900
2022-08-22,55.36,4028600
2022-08-23,57.25,4342200
2022-08-24,60.69,7947100
2022-08-25,61.94,6371200
2022-08-26,61.77,5066800
2022-08-29,60.34,5070100
2022-08-30,57.34,5147100
2022-08-31,53.87,9355900
2022-09-01,52.84,5076500
2022-09-02,54.84,4044800
2022-09-06,54.01,3641700
2022-09-07,53.12,3445100
2022-09-08,54.16,3323300
2022-09-09,56.24,4007800
2022-09-12,52.44,9943300
2022-09-13,52.61,5856800
2022-09-14,53.9,5716800
2022-09-15,53.61,5081300
2022-09-16,52.2,14897200
2022-09-19,54.87,5608600
2022-09-20,54.31,6027500
2022-09-21,53.5,5145400
2022-09-22,52.52,3776000
2022-09-23,48.53,7134900
2022-09-26,46.51,6770800
2022-09-27,48.44,4681300
2022-09-28,49.64,3765100
2022-09-29,48.39,3663000
2022-09-30,48.33,5154900
2022-10-03,49.44,5197500
2022-10-04,52.09,4722200
2022-10-05,51.09,3503000
2022-10-06,51.31,3938900
2022-10-07,51.06,3243800
2022-10-10,52.69,3725100
2022-10-11,49.56,4837200
2022-10-12,50.12,3292600
2022-10-13,52.0,3895900
2022-10-14,46.86,8387700
2022-10-17,48.25,4739500
2022-10-18,50.81,5052100
2022-10-19,50.72,2406300
2022-10-20,51.53,2905500
2022-10-21,53.1,4035700
2022-10-24,52.49,3320900
2022-10-25,53.63,3206100
2022-10-26,53.34,3820700
2022-10-27,53.54,3115700
2022-10-28,53.14,2511100
2022-10-31,53.75,4023900
2022-11-01,54.45,3527500
2022-11-02,51.89,3549900
2022-11-03,48.84,8054100
2022-11-04,49.29,4090900
2022-11-07,49.92,4688000
2022-11-08,52.89,5171600
2022-11-09,49.63,3375300
2022-11-10,53.5,4448400
2022-11-11,52.79,5681800
2022-11-14,53.12,3597800
2022-11-15,52.59,7873400
2022-11-16,50.17,3716200
2022-11-17,49.98,2615400
2022-11-18,48.97,3161000
2022-11-21,48.66,4166200
2022-11-22,50.47,4229000
2022-11-23,50.6,2329300
2022-11-25,51.77,1617900
2022-11-28,50.26,3447000
2022-11-29,50.73,3815100
2022-11-30,51.3,6123400
2022-12-01,49.1,3242100
2022-12-02,49.31,3391300
2022-12-05,48.19,3159500
2022-12-06,47.71,2486200
2022-12-07,47.33,5514700
2022-12-08,47.0,2247200
2022-12-09,46.81,2501400
2022-12-12,47.26,2972100
2022-12-13,47.03,3306300
2022-12-14,45.41,4400900
2022-12-15,45.3,4325900
2022-12-16,45.36,11077800
2022-12-19,44.54,2834500
2022-12-20,45.34,2525900
2022-12-21,45.85,2630000
2022-12-22,44.73,2977000
2022-12-23,45.14,1818200
2022-12-27,44.6,2085100
2022-12-28,43.44,3678800
2022-12-29,43.41,4581300
2022-12-30,43.87,3684000
2023-01-03,42.63,3839900
2023-01-04,43.27,4506900
2023-01-05,44.69,5115400
2023-01-06,46.73,7146400
2023-01-09,47.2,4823900
2023-01-10,44.83,4336400
2023-01-11,45.22,4701900
2023-01-12,46.98,4347100
2023-01-13,46.32,4315900
2023-01-17,47.25,4214900
2023-01-18,47.06,3567800
2023-01-19,46.72,2971000
2023-01-20,48.01,3716800
2023-01-23,48.35,3380900
2023-01-24,48.46,3346200
2023-01-25,48.1,2916800
2023-01-26,49.18,3110900
2023-01-27,49.51,2864300
2023-01-30,48.5,3356200
2023-01-31,49.54,4152800
2023-02-01,49.86,3248400
2023-02-02,50.85,3930700
2023-02-03,50.44,3870600
2023-02-06,50.14,3531800
2023-02-07,50.05,3537800
2023-02-08,50.01,5249000
2023-02-09,50.0,3235300
2023-02-10,51.3,3436300
2023-02-13,50.23,3429400
2023-02-14,49.97,4185900
2023-02-15,49.62,3329000
2023-02-16,50.4,3267600
2023-02-17,49.85,3841300
2023-02-21,48.86,4720800
2023-02-22,50.2,4325600
2023-02-23,51.5,8360000
2023-02-24,51.51,5587700
2023-02-27,53.01,5066100
2023-02-28,53.19,5676400
2023-03-01,54.26,3646200
2023-03-02,57.0,6904800
2023-03-03,57.14,4340700
2023-03-06,56.22,3887100
2023-03-07,54.15,4547500
2023-03-08,54.34,4901400
2023-03-09,52.54,4695300
2023-03-10,49.08,6460100
2023-03-13,47.58,6363500
2023-03-14,46.58,5482700
2023-03-15,44.74,6977200
2023-03-16,44.55,4489200
2023-03-17,43.09,5720100
2023-03-20,43.61,3894400
2023-03-21,45.37,3835600
2023-03-22,43.97,3306800
2023-03-23,42.98,3217900
2023-03-24,42.39,7236900
2023-03-27,43.28,3988600
2023-03-28,43.65,2764400
2023-03-29,45.19,4401000
2023-03-30,45.26,2290900
2023-03-31,45.88,3594600
2023-04-03,46.56,3500100
2023-04-04,46.19,4391200
2023-04-05,46.29,4479200
2023-04-06,43.67,6379700
2023-04-10,44.91,3927000
2023-04-11,46.9,4961500
2023-04-12,46.76,2551300
2023-04-13,46.75,2316500
2023-04-14,46.99,2851100
2023-04-17,47.46,2052600
2023-04-18,46.24,3119400
2023-04-19,45.44,5942200
2023-04-20,44.82,3437400
2023-04-21,44.05,6752600
2023-04-24,44.43,4716200
2023-04-25,42.67,3728500
2023-04-26,42.18,3156700
2023-04-27,42.08,3690000
2023-04-28,42.85,4501400
2023-05-01,43.59,3140400
2023-05-02,43.33,3471200
2023-05-03,42.87,3887300
2023-05-04,38.59,7578500
2023-05-05,39.11,3616000
2023-05-08,37.82,4325200
2023-05-09,37.17,4847800
2023-05-10,36.9,4202600
2023-05-11,35.95,5997500
2023-05-12,35.35,5842400
2023-05-15,36.6,4315500
2023-05-16,35.26,3571100
2023-05-17,35.23,7285200
2023-05-18,35.79,3845000
2023-05-19,35.76,3193000
2023-05-22,35.98,2540900
2023-05-23,35.68,2870100
2023-05-24,35.16,3101800
2023-05-25,34.17,3992200
2023-05-26,33.89,3627600
2023-05-30,33.35,4122500
2023-05-31,31.96,10487600
2023-06-01,31.71,4853200
2023-06-02,33.08,4538700
2023-06-05,33.24,4527700
2023-06-06,34.6,4123200
2023-06-07,36.28,4696400
2023-06-08,34.93,4583900
2023-06-09,35.08,4016200
2023-06-12,35.52,4201600
2023-06-13,36.26,6273400
2023-06-14,34.99,4273300
2023-06-15,35.28,3330200
2023-06-16,35.82,12261100
2023-06-20,34.77,3906300
2023-06-21,35.5,4106200
2023-06-22,35.09,2985200
2023-06-23,34.21,5593900
2023-06-26,34.35,3461800
2023-06-27,34.74,3583500
2023-06-28,33.93,3194900
2023-06-29,34.78,2458300
2023-06-30,35.0,4141400
2023-07-03,35.74,2039300
2023-07-05,35.21,3991500
2023-07-06,34.88,3581700
2023-07-07,36.75,6363600
2023-07-10,35.82,4619400
2023-07-11,36.57,3009000
2023-07-12,35.88,3896800
2023-07-13,36.18,4087100
2023-07-14,35.74,3526300
2023-07-17,35.76,3640200
2023-07-18,37.53,4918200
2023-07-19,38.03,5193000
2023-07-20,38.64,5180200
2023-07-21,38.56,3292400
2023-07-24,39.53,3719800
2023-07-25,39.79,3559400
2023-07-26,40.46,4018700
2023-07-27,39.94,3156900
2023-07-28,40.22,2591500
2023-07-31,40.76,2461700
2023-08-01,40.23,3845800
2023-08-02,40.73,7216600
2023-08-03,40.8,4572400
2023-08-04,41.24,3430400
2023-08-07,41.7,3464400
2023-08-08,41.76,2737800
2023-08-09,42.41,3495200
2023-08-10,41.53,3306300
2023-08-11,41.69,2049800
2023-08-14,40.61,3440200
2023-08-15,39.21,2833100
2023-08-16,39.17,1742200
2023-08-17,39.29,1872600
2023-08-18,39.51,2400100
2023-08-21,39.54,1649700
2023-08-22,38.86,1658200
2023-08-23,38.21,2821800
2023-08-24,38.54,2434500
2023-08-25,38.99,3623300
2023-08-28,38.28,3512600
2023-08-29,38.92,2922400
2023-08-30,38.83,2149800
2023-08-31,38.85,4464100
2023-09-01,39.85,2597500
2023-09-05,39.44,2908500
2023-09-06,38.19,2786700
2023-09-07,36.68,5882100
2023-09-08,37.65,4416000
2023-09-11,37.11,3814400
2023-09-12,37.36,3349800
2023-09-13,37.19,2802000
2023-09-14,38.84,3103000
2023-09-15,38.39,9824800
2023-09-18,38.08,2747600
2023-09-19,39.36,4801400
2023-09-20,37.05,9054700
2023-09-21,37.11,5504300
2023-09-22,35.8,4848400
2023-09-25,36.11,3245400
2023-09-26,35.4,3470500
2023-09-27,35.2,2963100
2023-09-28,35.84,2310700
2023-09-29,35.6,4128300
2023-10-02,35.02,3505400
2023-10-03,33.99,3247200
2023-10-04,33.6,3855800
2023-10-05,34.0,4681600
2023-10-06,33.69,2437700
2023-10-09,35.98,4787200
2023-10-10,36.48,4616100
2023-10-11,36.13,2580300
2023-10-12,36.14,2970700
2023-10-13,36.36,3472600
2023-10-16,36.39,2438500
2023-10-17,37.13,4108900
2023-10-18,36.68,2459400
2023-10-19,36.44,2868800
2023-10-20,35.41,2383000
2023-10-23,33.68,3759300
2023-10-24,34.16,2535200
2023-10-25,33.36,3453300
2023-10-26,33.66,2480400
2023-10-27,33.09,2539600
2023-10-30,33.48,2628700
2023-10-31,32.48,3635600
2023-11-01,32.29,3423000
2023-11-02,33.66,4324000
2023-11-03,33.36,5555900
2023-11-06,32.48,4736100
2023-11-07,31.93,4350700
2023-11-08,32.77,6053500
2023-11-09,33.62,5354300
2023-11-10,33.64,3196000
2023-11-13,34.5,4395000
2023-11-14,35.91,4344400
2023-11-15,37.31,4338200
2023-11-16,36.78,3546600
2023-11-17,36.15,3667900
2023-11-20,36.21,3273700
2023-11-21,35.92,3485100
2023-11-22,36.01,2337600
2023-11-24,36.41,1381900
2023-11-27,36.0,2728300
2023-11-28,36.28,2657900
2023-11-29,36.42,2970700
2023-11-30,35.89,8429900
2023-12-01,36.9,3337100
2023-12-04,36.11,3478100
2023-12-05,35.15,3920500
2023-12-06,35.08,3293600
2023-12-07,35.91,3615200
2023-12-08,35.68,3011600
2023-12-11,35.89,2862600
2023-12-12,34.77,2656400
2023-12-13,36.46,3989800
2023-12-14,37.1,4370500
2023-12-15,36.62,9179400
2023-12-18,37.0,4181500
2023-12-19,38.15,4210400
2023-12-20,35.98,5733600
2023-12-21,36.33,3932900
2023-12-22,36.21,3040300
2023-12-26,36.41,1924100
2023-12-27,36.55,2178500
2023-12-28,36.11,2146900
2023-12-29,35.73,2502200
2024-01-02,36.48,3820200
2024-01-03,36.65,3640400
2024-01-04,35.72,4479900
2024-01-05,35.52,6485500
2024-01-08,35.39,4299800
2024-01-09,34.19,5249300
2024-01-10,33.67,4019100
2024-01-11,33.37,5894100
2024-01-12,32.78,6683700
2024-01-16,32.37,4792800
2024-01-17,31.62,5134800
2024-01-18,32.12,6601300
2024-01-19,32.1,6090600
2024-01-22,32.0,5460500
2024-01-23,32.21,4803600
2024-01-24,31.96,3972600
2024-01-25,32.05,3341400
2024-01-26,32.23,3570600
2024-01-29,32.12,3622100
2024-01-30,31.78,4111400
2024-01-31,30.71,5742200
2024-02-01,30.87,8121700
2024-02-02,30.86,4420300
2024-02-05,29.93,5056900
2024-02-06,30.35,5356300
2024-02-07,30.37,5200400
2024-02-08,30.09,3503900
2024-02-09,29.92,5869700
2024-02-12,30.59,5199300
2024-02-13,29.51,5051500
2024-02-14,29.55,6270800
2024-02-15,30.14,6094200
2024-02-16,30.55,5131800
2024-02-20,30.36,5996900
2024-02-21,30.23,6313400
2024-02-22,32.22,11504500
2024-02-23,31.48,6119500
2024-02-26,31.64,4272200
2024-02-27,31.22,4620400
2024-02-28,30.89,6601300
2024-02-29,31.16,9124900
2024-03-01,31.63,7706100
2024-03-04,31.29,6875200
2024-03-05,31.24,5022400
2024-03-06,31.45,3406000
2024-03-07,31.93,4050800
2024-03-08,31.59,3037400
2024-03-11,31.65,3710200
2024-03-12,31.36,3321700
2024-03-13,31.95,3743100
2024-03-14,31.63,5022800
2024-03-15,32.1,9151300
2024-03-18,32.22,4053400
2024-03-19,32.16,3276400
2024-03-20,32.27,3562200
2024-03-21,32.04,3311100
2024-03-22,31.18,4087400
2024-03-25,31.29,3864300
2024-03-26,30.5,5368800
2024-03-27,32.01,4885600
2024-03-28,32.46,7077900
2024-04-01,32.43,4939900
2024-04-02,32.11,4546100
2024-04-03,32.55,3258900
2024-04-04,32.78,5200300
2024-04-05,32.95,4266600
2024-04-08,32.56,3626700
2024-04-09,33.31,3995800
2024-04-10,32.68,4164000
2024-04-11,32.08,3736200
2024-04-12,31.12,3564300
2024-04-15,30.96,3363300
2024-04-16,30.42,3561400
2024-04-17,30.29,3003400
2024-04-18,30.47,3411200
2024-04-19,31.0,2951300
2024-04-22,30.74,2930300
2024-04-23,30.41,3935600
2024-04-24,30.49,3509300
2024-04-25,30.28,4689000
2024-04-26,30.25,2670300
2024-04-29,30.86,3972800
2024-04-30,31.39,7773700
2024-05-01,29.93,10024100
2024-05-02,28.41,12581700
2024-05-03,28.68,5229100
2024-05-06,29.04,5491400
2024-05-07,29.88,5205200
2024-05-08,29.57,3194800
2024-05-09,29.89,3286700
2024-05-10,29.43,2775200
2024-05-13,29.46,2796900
2024-05-14,30.08,3642800
2024-05-15,30.21,3069300
2024-05-16,30.77,3965800
2024-05-17,30.61,2375000
2024-05-20,30.78,4018600
2024-05-21,30.86,3378300
2024-05-22,31.75,4531100
2024-05-23,31.04,2987300
2024-05-24,30.98,2759900
2024-05-28,31.13,4129700
2024-05-29,29.78,4085200
2024-05-30,30.06,5598600
2024-05-31,30.93,6780900
2024-06-03,30.59,3771800
2024-06-04,29.75,3174700
2024-06-05,29.14,3292600
2024-06-06,29.06,3171300
2024-06-07,28.28,3839400
2024-06-10,28.76,5157100
2024-06-11,28.29,4447900
2024-06-12,28.08,3644000
2024-06-13,27.58,3223100
2024-06-14,27.16,3817900
2024-06-17,26.9,3454000
2024-06-18,27.16,3803700
2024-06-20,27.72,4604300
2024-06-21,27.8,14773800
2024-06-24,29.11,6406700
2024-06-25,29.36,5699900
2024-06-26,29.6,3739400
2024-06-27,29.52,4120100
2024-06-28,28.9,6829000
2024-07-01,27.96,3379400
2024-07-02,27.77,3523800
2024-07-03,27.55,2002100
2024-07-05,27.18,5607200
2024-07-08,27.06,4692400
2024-07-09,26.91,4588200
2024-07-10,26.83,2995800
2024-07-11,28.09,4007100
2024-07-12,28.39,2903100
2024-07-15,28.85,3327200
2024-07-16,29.78,3543700
2024-07-17,30.61,5437000
2024-07-18,29.83,3671400
2024-07-19,29.64,2600500
2024-07-22,29.39,2242700
2024-07-23,28.67,2453600
2024-07-24,28.56,2436000
2024-07-25,29.3,2924600
2024-07-26,29.57,2132200
2024-07-29,29.21,2282800
2024-07-30,29.57,2076300
2024-07-31,29.77,2858800
2024-08-01,28.86,2416700
2024-08-02,27.38,3921500
2024-08-05,26.52,4414900
2024-08-06,26.99,3557200
2024-08-07,26.6,5303900
2024-08-08,26.82,4564900
2024-08-09,27.05,3980300
2024-08-12,27.36,3164400
2024-08-13,28.1,3679800
2024-08-14,27.64,2632700
2024-08-15,27.7,2941800
2024-08-16,27.72,3367900
2024-08-19,27.95,3087700
2024-08-20,27.26,2772500
2024-08-21,27.92,2858600
2024-08-22,27.8,2152400
2024-08-23,28.52,1964500
2024-08-26,28.65,2257100
2024-08-27,28.89,2452200
2024-08-28,28.66,2582200
2024-08-29,28.61,3149400
2024-08-30,28.57,3682600
2024-09-03,27.45,4333200
2024-09-04,27.36,2873900
2024-09-05,26.55,2998400
2024-09-06,25.58,5410000
2024-09-09,25.06,4315700
2024-09-10,24.54,6005900
2024-09-11,24.89,4453700
2024-09-12,25.18,2962900
2024-09-13,26.39,5898500
2024-09-16,25.43,4680600
2024-09-17,25.65,3000800
2024-09-18,25.88,3217300
2024-09-19,26.73,5572600
2024-09-20,25.56,12540200
2024-09-23,25.34,4679700
2024-09-24,25.6,4387000
2024-09-25,25.35,3006200
2024-09-26,26.53,5848300
2024-09-27,27.02,3531000
2024-09-30,26.78,3106000
2024-10-01,27.05,3565600
2024-10-02,27.1,3115100
2024-10-03,26.79,2951100
2024-10-04,26.93,2025700
2024-10-07,25.74,5197600
2024-10-08,25.81,5658300
2024-10-09,25.27,5241800
2024-10-10,26.39,6713600
2024-10-11,26.16,3071100
2024-10-14,26.15,3934500
2024-10-15,25.53,3849300
2024-10-16,26.06,3569400
2024-10-17,25.97,3606300
2024-10-18,26.26,3322800
2024-10-21,26.02,2155600
2024-10-22,26.44,2152600
2024-10-23,26.47,3377400
2024-10-24,26.71,4805300
2024-10-25,26.94,3651000
2024-10-28,27.25,2805300
2024-10-29,26.69,2975100
2024-10-30,27.17,3044500
2024-10-31,26.76,3314600
2024-11-01,26.89,2132200
2024-11-04,28.33,7448600
2024-11-05,28.08,3094900
2024-11-06,27.59,5560800
2024-11-07,28.34,5269700
2024-11-08,27.73,3727900
2024-11-11,28.03,3444900
2024-11-12,25.86,7630300
2024-11-13,26.12,5096100
2024-11-14,26.32,3367900
2024-11-15,26.38,3413700
2024-11-18,25.81,3066600
2024-11-19,25.39,3299400
2024-11-20,25.44,5157300
2024-11-21,26.05,4545200
2024-11-22,26.03,3653400
2024-11-25,26.23,6762100
2024-11-26,25.4,4273100
2024-11-27,25.73,4165300
2024-11-29,26.46,6004600
2024-12-02,27.58,7008300
2024-12-03,27.58,4220800
2024-12-04,26.72,3423100
2024-12-05,25.61,4612700
2024-12-06,25.58,3238300
2024-12-09,26.01,5160700
2024-12-10,25.82,4383400
2024-12-11,26.77,5571800
2024-12-12,26.66,3671200
2024-12-13,26.79,3140800
2024-12-16,25.84,4009800
2024-12-17,25.44,4264400
2024-12-18,24.28,4187600
2024-12-19,23.88,4697800
2024-12-20,24.07,8033700
2024-12-23,24.28,4802000
2024-12-24,24.27,1457900
2024-12-26,24.08,2239400
2024-12-27,23.87,2922100
2024-12-30,24.0,3760000
2024-12-31,24.58,4551500
2025-01-02,24.38,3116600
2025-01-03,25.15,6858000
2025-01-06,25.39,6550000
2025-01-07,25.25,4964900
2025-01-08,24.68,4590600
2025-01-10,24.83,4432700
2025-01-13,26.82,6320700
2025-01-14,27.14,4728300
2025-01-15,27.02,4189700
2025-01-16,26.72,4254200
2025-01-17,27.14,4350800
2025-01-21,27.11,4686400
2025-01-22,27.8,6783500
2025-01-23,28.8,4814300
2025-01-24,28.21,4983200
2025-01-27,27.99,3659300
2025-01-28,28.18,3872000
2025-01-29,28.68,3630900
2025-01-30,28.58,3722100
2025-01-31,27.89,3159500
2025-02-03,27.06,6847700
2025-02-04,28.21,3692200
2025-02-05,27.8,7700100
2025-02-06,26.49,6560500
2025-02-07,26.85,4642400
2025-02-10,27.43,3747600
2025-02-11,26.95,3661900
2025-02-12,26.14,7169900
2025-02-13,26.43,3200900
2025-02-14,26.51,3089400
2025-02-18,27.12,4505900
2025-02-19,27.13,4815800
2025-02-20,26.62,5755500
2025-02-21,25.76,5590600
2025-02-24,25.34,3648100
2025-02-25,25.51,5947200
2025-02-26,25.22,4166700
2025-02-27,25.09,4727900
2025-02-28,23.92,35053000
2025-03-03,23.33,7806100
2025-03-04,23.08,12492000
2025-03-05,24.13,5632400
2025-03-06,24.72,5431000
2025-03-07,25.14,6437600
2025-03-10,24.88,5872800
2025-03-11,24.86,5096100
2025-03-12,24.69,4301100
2025-03-13,25.06,5091800
2025-03-14,25.9,4969500
2025-03-17,26.53,4553600
2025-03-18,27.2,7324600
2025-03-19,27.97,8366000
2025-03-20,28.38,7319400
2025-03-21,27.83,7382900
2025-03-24,27.63,4534500
2025-03-25,27.18,8391700
2025-03-26,27.12,4979800
2025-03-27,27.48,3460200
2025-03-28,27.25,3660000
2025-03-31,27.01,4011100
2025-04-01,26.8,3917600
2025-04-02,26.47,3568800
2025-04-03,25.96,7708200
2025-04-04,23.45,10126900
2025-04-07,23.57,8016400
2025-04-08,22.76,7912800
2025-04-09,24.68,9313900
2025-04-10,24.2,4766300
2025-04-11,25.81,6243900
2025-04-14,26.58,5222300
2025-04-15,26.39,3281100
2025-04-16,26.97,5903500
2025-04-17,27.27,4209700
2025-04-21,27.2,3605300
2025-04-22,27.86,4215100
2025-04-23,27.95,4865100
2025-04-24,28.93,6143000
2025-04-25,29.13,3649300
2025-04-28,29.54,5474100
2025-04-29,30.25,6186800
2025-04-30,30.4,5790200
2025-05-01,30.47,6293400
2025-05-02,30.51,5618900
2025-05-05,30.6,6002300
2025-05-06,30.45,7594500
2025-05-07,31.56,11985700
2025-05-08,32.25,6388200
2025-05-09,32.67,4675300
2025-05-12,32.95,6073100
2025-05-13,34.23,6671000
2025-05-14,33.68,4988700
2025-05-15,34.67,5202600
2025-05-16,35.21,5309600
2025-05-19,35.35,3950700
2025-05-20,35.53,4449800
2025-05-21,35.54,4224900
2025-05-22,35.01,3168400
2025-05-23,35.1,2932800
2025-05-27,36.05,5189000
2025-05-28,36.03,2519200
2025-05-29,35.91,3690900
2025-05-30,36.14,6943900
2025-06-02,36.79,5103100
2025-06-03,36.95,4676700
2025-06-04,36.82,4775800
2025-06-05,36.4,6215300
2025-06-06,34.8,11037400
2025-06-09,34.59,6053200
2025-06-10,34.08,8516100
2025-06-11,34.65,7543400
2025-06-12,34.59,5317000
2025-06-13,35.76,8012500
2025-06-16,36.01,5856900
2025-06-17,36.16,4874200
2025-06-18,36.44,5797300
2025-06-20,36.34,10468900
2025-06-23,36.04,6639000
2025-06-24,35.54,3808400
2025-06-25,35.47,3972700
2025-06-26,35.18,3770200
2025-06-27,35.32,4663700
2025-06-30,36.48,5955100
2025-07-01,36.78,5642700
2025-07-02,37.81,5840700
2025-07-03,37.27,3075300
2025-07-07,37.69,4873500
2025-07-08,37.31,4165600
2025-07-09,37.32,3839500
2025-07-10,35.94,5453000
2025-07-11,36.45,3420500
2025-07-14,36.05,3383000
2025-07-15,35.9,4052300
2025-07-16,35.52,4232800
2025-07-17,35.27,5249500
2025-07-18,36.24,4523200
2025-07-21,35.53,3435300
2025-07-22,35.9,3290100
2025-07-23,37.18,4818400
2025-07-24,37.39,5531900
2025-07-25,36.9,5210900
2025-07-28,36.44,2839700
2025-07-29,37.02,4532800
2025-07-30,36.23,3773700
2025-07-31,36.01,3556900
2025-08-01,35.32,4253100
2025-08-04,35.52,3599600
2025-08-05,35.68,4535700
2025-08-06,30.93,17983900
2025-08-07,31.68,8215800
2025-08-08,31.98,5399900
2025-08-11,32.5,5291500
2025-08-12,31.19,8958800
2025-08-13,32.21,4026900
2025-08-14,32.1,3417000
2025-08-15,32.47,3387100
2025-08-18,32.3,6547100
2025-08-19,32.24,3892200
2025-08-20,32.45,3590800
2025-08-21,32.61,3496400
2025-08-22,32.55,3294800
2025-08-25,33.13,7378300
2025-08-26,33.3,5166700
2025-08-27,33.49,3639600
2025-08-28,33.95,3125100
2025-08-29,33.4,2972200
2025-09-02,33.25,3177500
2025-09-03,32.69,3390600
2025-09-04,32.62,4285500
2025-09-05,32.45,4273300
2025-09-08,32.58,4959900
2025-09-09,32.16,3232500
2025-09-10,33.41,4756700
2025-09-11,33.68,5408500
2025-09-12,33.65,3338800
2025-09-15,34.05,4556400
2025-09-16,33.82,3834500
2025-09-17,34.16,3969800
2025-09-18,34.22,3572900
2025-09-19,33.98,4302200
2025-09-22,33.43,3230500
2025-09-23,33.97,2864300
2025-09-24,35.93,5158300
2025-09-25,34.79,9841100
2025-09-26,35.32,3606400
2025-09-29,34.7,3427100
2025-09-30,34.68,3493500
2025-10-01,33.82,3234100
2025-10-02,34.76,4140900
2025-10-03,34.53,2767600
2025-10-06,35.34,4669500
2025-10-07,35.41,4018000
2025-10-08,34.79,4484800
2025-10-09,33.44,4729800
2025-10-10,30.35,11969400
2025-10-13,30.99,4916000
2025-10-14,29.95,5723600
2025-10-15,29.79,4914700
2025-10-16,29.43,8602500
2025-10-17,29.32,4533500
2025-10-20,29.58,5475100
2025-10-21,29.19,4461500
2025-10-22,29.65,8983000
2025-10-23,29.65,3900400
2025-10-24,29.98,3889800
2025-10-27,29.56,3654100
2025-10-28,29.38,3012800
2025-10-29,28.65,4070400
2025-10-30,27.71,6039000
2025-10-31,27.45,7273800
2025-11-03,27.26,8334300
2025-11-04,26.55,9709800
2025-11-05,26.22,11955900
2025-11-06,24.92,12181600
2025-11-07,25.58,8226700
2025-11-10,25.89,8265500
2025-11-11,25.71,6901300
2025-11-12,25.46,5818200
2025-11-13,25.55,5211800
2025-11-14,26.05,6154100
2025-11-17,24.52,7404200
2025-11-18,24.68,6248500
2025-11-19,24.5,5993600
2025-11-20,23.93,9073900
2025-11-21,24.17,5659100
2025-11-24,23.6,7784800
2025-11-25,24.16,7904000
2025-11-26,24.26,6621900
2025-11-28,24.49,6883700
2025-12-01,24.96,7366400
2025-12-02,24.38,6447300
2025-12-03,24.21,4830100
2025-12-04,24.1,4790300
2025-12-05,23.61,7299400
2025-12-08,23.64,9176800
2025-12-09,23.81,6688800
2025-12-10,23.75,7369300
2025-12-11,25.19,14195800
2025-12-12,26.21,9825800
2025-12-15,24.86,13114200
2025-12-16,23.46,13532600
2025-12-17,24.03,7517900
2025-12-18,23.96,5813900
2025-12-19,23.8,12486600
2025-12-22,24.32,6351900
2025-12-23,24.29,4728700
2025-12-24,24.24,1619300
2025-12-26,24.31,3919300
2025-12-29,24.06,5222700
2025-12-30,24.15,4049900
2025-12-31,24.09,4509400
2026-01-02,25.02,6577400
2026-01-05,24.87,6452600
2026-01-06,25.16,6406800
2026-01-07,25.3,6069300
2026-01-08,26.48,10001400
2026-01-09,25.98,8657200
2026-01-12,25.72,6785500
2026-01-13,26.21,7252200
2026-01-14,27.64,12120900
2026-01-15,27.58,6496300
2026-01-16,26.35,14229300
2026-01-20,27.03,7108700
2026-01-21,27.65,7147300
2026-01-22,28.16,10595700
2026-01-23,28.79,6428600
2026-01-26,28.33,5731600
2026-01-27,28.44,4263900
2026-01-28,28.14,5322800
2026-01-29,28.04,4743000
2026-01-30,27.5,8286000
2026-02-02,27.27,8003200
2026-02-03,28.31,6098300
2026-02-04,28.82,7078300
2026-02-05,27.76,6604000
2026-02-06,28.6,4541800
2026-02-09,29.56,5069400
2026-02-10,30.12,5484800
2026-02-11,31.14,6303100
2026-02-12,29.77,6101700
2026-02-13,29.65,4224000
2026-02-17,29.08,4438100
2026-02-18,29.44,4375500
2026-02-19,30.16,5271100
2026-02-20,29.43,5194100
2026-02-23,28.73,6846600
2026-02-24,28.49,6727400
2026-02-25,26.98,13636000
2026-02-26,27.16,8802400
2026-02-27,27.84,6439800
2026-03-02,27.51,8420900
2026-03-03,26.78,7900800
2026-03-04,26.01,10268500
2026-03-05,26.28,10684500
2026-03-06,26.31,9676700
2026-03-09,26.92,11434800
2026-03-10,26.48,8100200
2026-03-11,29.15,14473200
2026-03-12,31.36,28170200
2026-03-13,29.31,18706900
2026-03-16,27.67,15738900
2026-03-17,28.83,12108700
2026-03-18,27.78,9419200
2026-03-19,26.2,14169600
2026-03-20,23.59,21772100
2026-03-23,24.08,13761300
2026-03-24,25.2,12814700
2026-03-25,26.19,12333800
2026-03-26,25.0,11879800
2026-03-27,25.0,9436800
2026-03-30,25.0,9735400
2026-03-31,25.5,10775000
2026-04-01,26.54,11277200
2026-04-02,26.17,7987700
2026-04-06,26.51,4213100
2026-04-07,26.37,6016000
2026-04-08,26.62,9285900
2026-04-09,25.27,7483200
2026-04-10,24.76,6863100
2026-04-13,24.54,10224400
2026-04-14,23.94,10716500
2026-04-15,23.73,10006500
2026-04-16,24.73,10021600
2026-04-17,24.57,11529900
2026-04-20,24.11,9927600
2026-04-21,24.2,5423200
2026-04-22,24.52,6504100
2026-04-23,24.28,6356800
2026-04-24,24.0,8078500
2026-04-27,23.22,12511200
2026-04-28,23.19,9589500
2026-04-29,23.03,6486900
2026-04-30,23.27,7750300
2026-05-01,23.15,5394800
2026-05-04,22.97,6329800
2026-05-05,23.26,6779700
2026-05-06,23.56,7914700
2026-05-07,22.91,6838400
2026-05-08,22.19,9629300
2026-05-11,21.79,17351400
2026-05-12,22.39,11121400
2026-05-13,22.78,12140500
2026-05-14,22.68,7647800
2026-05-15,21.76,8650000
2026-05-18,21.41,8860100
2026-05-19,21.4,8792000
2026-05-20,21.86,7990100
2026-05-21,21.94,6668100
2026-05-22,22.51,8057200
2026-05-26,22.62,8458900
2026-05-27,23.72,9513900
2026-05-28,24.06,9921900
2026-05-29,23.9,8901000
2026-06-01,23.33,7063500
2026-06-02,23.3,5536600
2026-06-03,23.3,6288900
2026-06-04,22.9,6389500
2026-06-05,22.24,8371500
2026-06-08,21.38,6870400
2026-06-09,21.28,7981200
2026-06-10,19.82,13853000
2026-06-11,21.09,12591500
2026-06-12,22.69,14295800
2026-06-15,22.52,14375800
2026-06-16,21.69,8013300
2026-06-17,22.51,9536800
2026-06-18,22.9,25679900
2026-06-22,22.0,8779600
2026-06-23,21.25,8999800
2026-06-24,20.86,9888100
2026-06-25,21.73,9394700
2026-06-26,22.38,9575800
2026-06-29,22.44,7628800
2026-06-30,21.19,15591200
2026-07-01,21.3,10502100
2026-07-02,21.13,9023800
2026-07-06,21.18,7742400
2026-07-07,21.12,7716300
2026-07-08,20.65,8148500
2026-07-09,20.75,6543400
2026-07-10,21.51,6736600
2026-07-13,22.31,8700400
2026-07-14,22.94,8429800
2026-07-15,23.04,6948900
2026-07-16,22.53,6038600
2026-07-17,22.13,6510400
2026-07-20,22.41,5126700
2026-07-21,21.97,7197700
2026-07-22,22.78,8387200
2026-07-23,22.28,6084400
2026-07-24,22.3,6457200
2026-07-27,22.34,6903400
2026-07-28,23.08,8426800
2026-07-29,22.62,6934200
2026-07-30,22.77,5714700
2026-07-31,22.12,11169800
2026-08-03,21.81,7808100
2026-08-04,22.71,6729800
2026-08-05,23.41,16529700
2026-08-06,23.46,8337200
2026-08-07,23.06,5695100
2026-08-10,23.47,5977300
2026-08-11,23.1,5964800
2026-08-12,22.6,5957800
2026-08-13,21.78,7908100
2026-08-14,21.61,6031000
2026-08-17,21.23,9230800
2026-08-18,21.14,5862900
2026-08-19,22.23,8742000
2026-08-20,23.35,12618800
2026-08-21,24.41,13529800
2026-08-24,24.0,8719600
2026-08-25,24.27,5898700
2026-08-26,24.16,7950500
2026-08-27,23.76,5662300
2026-08-28,23.6,5385000
2026-08-31,24.12,6906200
2026-09-01,24.78,9024800
2026-09-02,25.78,9837500
2026-09-03,25.49,7034600
2026-09-04,25.85,8508100
2026-09-08,26.53,10580300
2026-09-09,26.21,7524100
2026-09-10,25.4,7802800
2026-09-11,25.19,6513500
2026-09-14,25.05,8999200
2026-09-15,25.46,11460700
2026-09-16,24.79,7644000
2026-09-17,25.39,4707700
2026-09-18,24.48,11772300
2026-09-21,24.07,13089900
2026-09-22,24.73,6173000
2026-09-23,24.37,5306400
2026-09-24,23.69,9221100
2026-09-25,23.01,9100700
2026-09-28,22.25,6946400
2026-09-29,22.42,5328800
2026-09-30,21.65,7848000
2026-10-01,21.55,11877300
2026-10-02,21.07,7821200
2026-10-05,21.29,8860500
2026-10-06,20.94,7207300
2026-10-07,19.97,11802300
2026-10-08,19.73,13075642
