datum,schluss,volumen
2000-01-04,3093.7,
2000-01-05,3018.7,
2000-01-06,2999.3,
2000-01-07,3023.3999,
2000-01-10,3084.0,
2000-01-11,3160.8,
2000-01-12,3088.3999,
2000-01-13,3078.8999,
2000-01-14,3115.3999,
2000-01-17,3121.5,
2000-01-18,3128.0,
2000-01-19,3080.5,
2000-01-20,3112.5,
2000-01-21,3073.3999,
2000-01-24,3069.7,
2000-01-25,3048.7,
2000-01-27,3051.3999,
2000-01-28,3064.6001,
2000-01-31,3080.2,
2000-02-01,3072.3,
2000-02-02,3110.3,
2000-02-03,3142.3999,
2000-02-04,3118.7,
2000-02-07,3136.8999,
2000-02-08,3134.6001,
2000-02-09,3149.8999,
2000-02-10,3192.3,
2000-02-11,3167.3,
2000-02-14,3122.2,
2000-02-15,3152.3,
2000-02-16,3150.3999,
2000-02-17,3140.8,
2000-02-18,3114.8999,
2000-02-21,3114.8999,
2000-02-22,3097.0,
2000-02-23,3101.1001,
2000-02-24,3099.6001,
2000-02-25,3111.2,
2000-02-28,3106.7,
2000-02-29,3124.6001,
2000-03-01,3187.2,
2000-03-02,3219.8,
2000-03-03,3232.6001,
2000-03-06,3214.0,
2000-03-07,3232.5,
2000-03-08,3207.8999,
2000-03-09,3188.0,
2000-03-10,3189.3,
2000-03-13,3185.8999,
2000-03-14,3178.7,
2000-03-15,3159.7,
2000-03-16,3171.8,
2000-03-17,3200.3999,
2000-03-20,3237.7,
2000-03-21,3248.8,
2000-03-22,3276.3999,
2000-03-23,3248.8,
2000-03-24,3251.5,
2000-03-27,3227.8999,
2000-03-28,3230.2,
2000-03-29,3225.8999,
2000-03-30,3194.1001,
2000-03-31,3133.3,
2000-04-03,3191.0,
2000-04-04,3176.8,
2000-04-05,3155.3999,
2000-04-06,3157.1001,
2000-04-07,3182.0,
2000-04-10,3201.3999,
2000-04-11,3173.0,
2000-04-12,3148.7,
2000-04-13,3099.7,
2000-04-14,3111.8999,
2000-04-17,2943.8999,
2000-04-18,3010.3,
2000-04-19,3069.2,
2000-04-26,3117.3,
2000-04-27,3106.3,
2000-04-28,3115.8,
2000-05-01,3102.0,
2000-05-02,3131.1001,
2000-05-03,3107.5,
2000-05-04,3053.8,
2000-05-05,3107.2,
2000-05-08,3106.2,
2000-05-09,3086.1001,
2000-05-10,3043.3999,
2000-05-11,2996.3999,
2000-05-12,3034.8,
2000-05-15,3051.1001,
2000-05-16,3089.2,
2000-05-17,3074.8,
2000-05-18,3044.8999,
2000-05-19,3039.1001,
2000-05-22,3002.3,
2000-05-23,3021.3999,
2000-05-24,3009.5,
2000-05-25,3018.1001,
2000-05-26,3000.7,
2000-05-29,3035.1001,
2000-05-30,3050.6001,
2000-05-31,3081.0,
2000-06-01,3088.0,
2000-06-02,3140.8999,
2000-06-05,3148.8,
2000-06-06,3149.8999,
2000-06-07,3112.6001,
2000-06-08,3126.7,
2000-06-09,3146.5,
2000-06-13,3113.8,
2000-06-14,3118.2,
2000-06-15,3133.1001,
2000-06-16,3140.8,
2000-06-19,3151.1001,
2000-06-20,3155.2,
2000-06-21,3178.3999,
2000-06-22,3173.6001,
2000-06-23,3177.1001,
2000-06-26,3177.8,
2000-06-27,3190.1001,
2000-06-28,3213.8999,
2000-06-29,3254.5,
2000-06-30,3311.2,
2000-07-03,3308.1001,
2000-07-04,3310.1001,
2000-07-05,3320.5,
2000-07-06,3306.8999,
2000-07-07,3305.3,
2000-07-10,3323.8,
2000-07-11,3323.3,
2000-07-12,3318.3999,
2000-07-13,3306.5,
2000-07-14,3303.5,
2000-07-17,3313.3999,
2000-07-18,3300.6001,
2000-07-19,3299.6001,
2000-07-20,3300.8999,
2000-07-21,3332.3,
2000-07-24,3305.3999,
2000-07-25,3282.1001,
2000-07-26,3282.8999,
2000-07-27,3258.2,
2000-07-28,3255.0,
2000-07-31,3251.1001,
2000-08-01,3254.0,
2000-08-02,3270.3,
2000-08-03,3275.1001,
2000-08-04,3277.2,
2000-08-07,3305.0,
2000-08-08,3302.3,
2000-08-09,3309.8,
2000-08-10,3315.3,
2000-08-11,3309.1001,
2000-08-14,3314.8999,
2000-08-15,3323.1001,
2000-08-16,3331.8,
2000-08-17,3336.3,
2000-08-18,3344.2,
2000-08-21,3338.8999,
2000-08-22,3353.3999,
2000-08-23,3364.3999,
2000-08-24,3372.3999,
2000-08-25,3367.3999,
2000-08-28,3363.8999,
2000-08-29,3369.3999,
2000-08-30,3357.8,
2000-08-31,3297.8,
2000-09-01,3331.7,
2000-09-04,3347.3,
2000-09-05,3347.3,
2000-09-06,3321.2,
2000-09-07,3306.6001,
2000-09-08,3320.3,
2000-09-11,3297.1001,
2000-09-12,3324.0,
2000-09-13,3334.1001,
2000-09-14,3344.6001,
2000-09-15,3329.8,
2000-09-18,3276.3999,
2000-09-19,3236.7,
2000-09-20,3254.7,
2000-09-21,3252.8,
2000-09-22,3188.6001,
2000-09-25,3215.3,
2000-09-26,3241.1001,
2000-09-27,3256.3,
2000-09-28,3290.7,
2000-09-29,3298.8,
2000-10-02,3300.6001,
2000-10-03,3327.7,
2000-10-04,3318.6001,
2000-10-05,3311.3,
2000-10-06,3293.5,
2000-10-09,3274.3,
2000-10-10,3265.2,
2000-10-11,3260.7,
2000-10-12,3226.5,
2000-10-13,3201.8999,
2000-10-16,3266.6001,
2000-10-17,3264.2,
2000-10-18,3226.7,
2000-10-19,3192.7,
2000-10-20,3235.8,
2000-10-23,3267.8999,
2000-10-24,3260.7,
2000-10-25,3264.3,
2000-10-26,3239.7,
2000-10-27,3244.7,
2000-10-30,3264.3999,
2000-10-31,3254.6001,
2000-11-01,3276.8,
2000-11-02,3289.3,
2000-11-03,3321.8999,
2000-11-06,3334.8,
2000-11-07,3372.8999,
2000-11-08,3354.2,
2000-11-09,3333.5,
2000-11-10,3300.8999,
2000-11-13,3290.8,
2000-11-14,3291.5,
2000-11-15,3320.3999,
2000-11-16,3302.5,
2000-11-17,3329.1001,
2000-11-20,3325.1001,
2000-11-21,3301.1001,
2000-11-22,3284.7,
2000-11-23,3281.2,
2000-11-24,3280.6001,
2000-11-27,3303.2,
2000-11-28,3306.2,
2000-11-29,3275.6001,
2000-11-30,3274.6001,
2000-12-01,3284.1001,
2000-12-04,3281.7,
2000-12-05,3306.5,
2000-12-06,3308.1001,
2000-12-07,3309.0,
2000-12-08,3287.6001,
2000-12-11,3312.3999,
2000-12-12,3313.2,
2000-12-13,3297.5,
2000-12-14,3277.0,
2000-12-15,3229.2,
2000-12-18,3236.6001,
2000-12-19,3258.1001,
2000-12-20,3245.2,
2000-12-21,3185.8,
2000-12-22,3196.0,
2000-12-27,3228.6001,
2000-12-28,3236.2,
2000-12-29,3206.2,
2001-01-02,3261.1001,
2001-01-03,3235.7,
2001-01-04,3293.8,
2001-01-05,3300.3999,
2001-01-08,3264.3,
2001-01-09,3244.8999,
2001-01-10,3239.2,
2001-01-11,3225.6001,
2001-01-12,3243.2,
2001-01-15,3250.8999,
2001-01-16,3239.3999,
2001-01-17,3253.7,
2001-01-18,3289.8999,
2001-01-19,3311.6001,
2001-01-22,3319.7,
2001-01-23,3288.6001,
2001-01-24,3297.2,
2001-01-25,3321.3999,
2001-01-29,3317.2,
2001-01-30,3334.8999,
2001-01-31,3341.7,
2001-02-01,3364.3,
2001-02-02,3355.3,
2001-02-05,3312.8,
2001-02-06,3325.3,
2001-02-07,3312.1001,
2001-02-08,3329.3999,
2001-02-09,3312.3999,
2001-02-12,3330.3,
2001-02-13,3341.1001,
2001-02-14,3350.1001,
2001-02-15,3325.7,
2001-02-16,3320.1001,
2001-02-19,3291.3999,
2001-02-20,3302.6001,
2001-02-21,3314.7,
2001-02-22,3292.6001,
2001-02-23,3292.0,
2001-02-26,3301.6001,
2001-02-27,3302.3999,
2001-02-28,3326.5,
2001-03-01,3350.1001,
2001-03-02,3333.3999,
2001-03-05,3342.8999,
2001-03-06,3333.3999,
2001-03-07,3362.0,
2001-03-08,3343.5,
2001-03-09,3331.3,
2001-03-12,3320.7,
2001-03-13,3264.7,
2001-03-14,3263.8999,
2001-03-15,3242.8999,
2001-03-16,3252.3999,
2001-03-19,3216.0,
2001-03-20,3229.7,
2001-03-21,3225.3,
2001-03-22,3188.8,
2001-03-23,3145.3,
2001-03-26,3165.1001,
2001-03-27,3170.3999,
2001-03-28,3179.6001,
2001-03-29,3177.8999,
2001-03-30,3147.2,
2001-04-02,3194.6001,
2001-04-03,3192.3,
2001-04-04,3194.3,
2001-04-05,3220.5,
2001-04-06,3233.2,
2001-04-09,3215.7,
2001-04-10,3228.5,
2001-04-11,3259.6001,
2001-04-12,3276.8,
2001-04-17,3258.7,
2001-04-18,3278.2,
2001-04-19,3324.2,
2001-04-20,3303.5,
2001-04-23,3300.6001,
2001-04-24,3301.0,
2001-04-26,3312.0,
2001-04-27,3293.8999,
2001-04-30,3329.3999,
2001-05-01,3328.7,
2001-05-02,3330.6001,
2001-05-03,3350.0,
2001-05-04,3340.5,
2001-05-07,3354.8,
2001-05-08,3338.8999,
2001-05-09,3346.1001,
2001-05-10,3386.5,
2001-05-11,3389.0,
2001-05-14,3382.2,
2001-05-15,3390.2,
2001-05-16,3380.1001,
2001-05-17,3410.0,
2001-05-18,3404.1001,
2001-05-21,3435.3,
2001-05-22,3436.5,
2001-05-23,3426.7,
2001-05-24,3416.0,
2001-05-25,3426.1001,
2001-05-28,3420.1001,
2001-05-29,3411.1001,
2001-05-30,3399.8,
2001-05-31,3379.1001,
2001-06-01,3391.5,
2001-06-04,3426.7,
2001-06-05,3422.2,
2001-06-06,3423.3,
2001-06-07,3436.6001,
2001-06-08,3434.3999,
2001-06-12,3401.8,
2001-06-13,3389.6001,
2001-06-14,3411.8999,
2001-06-15,3415.7,
2001-06-18,3385.0,
2001-06-19,3385.3999,
2001-06-20,3412.8999,
2001-06-21,3410.8,
2001-06-22,3428.3,
2001-06-25,3418.7,
2001-06-26,3434.2,
2001-06-27,3409.8,
2001-06-28,3420.5,
2001-06-29,3490.3,
2001-07-02,3438.3999,
2001-07-03,3450.0,
2001-07-04,3429.7,
2001-07-05,3377.8,
2001-07-06,3353.8999,
2001-07-09,3342.0,
2001-07-10,3356.7,
2001-07-11,3378.0,
2001-07-12,3392.6001,
2001-07-13,3396.5,
2001-07-16,3421.2,
2001-07-17,3402.7,
2001-07-18,3393.8999,
2001-07-19,3394.3999,
2001-07-20,3380.7,
2001-07-23,3373.0,
2001-07-24,3352.6001,
2001-07-25,3319.2,
2001-07-26,3283.3999,
2001-07-27,3292.0,
2001-07-30,3316.6001,
2001-07-31,3324.5,
2001-08-01,3374.5,
2001-08-02,3404.1001,
2001-08-03,3405.3999,
2001-08-06,3406.7,
2001-08-07,3407.0,
2001-08-08,3402.6001,
2001-08-09,3416.8,
2001-08-10,3401.3,
2001-08-13,3383.8999,
2001-08-14,3371.8999,
2001-08-15,3364.3,
2001-08-16,3328.6001,
2001-08-17,3330.3999,
2001-08-20,3290.5,
2001-08-21,3319.0,
2001-08-22,3311.0,
2001-08-23,3320.7,
2001-08-24,3348.0,
2001-08-27,3369.3,
2001-08-28,3372.1001,
2001-08-29,3349.2,
2001-08-30,3323.8999,
2001-08-31,3275.6001,
2001-09-03,3272.3,
2001-09-04,3286.3999,
2001-09-05,3288.3,
2001-09-06,3264.3,
2001-09-07,3234.3,
2001-09-10,3242.6001,
2001-09-11,3242.0,
2001-09-12,3108.5,
2001-09-13,3126.3999,
2001-09-14,3100.8,
2001-09-17,2955.3,
2001-09-18,3010.1001,
2001-09-19,3034.8999,
2001-09-20,2983.0,
2001-09-21,2941.8999,
2001-09-24,2924.6001,
2001-09-25,2962.7,
2001-09-26,2991.0,
2001-09-27,3000.7,
2001-09-28,3049.5,
2001-10-01,3098.8999,
2001-10-02,3140.8,
2001-10-03,3126.2,
2001-10-04,3130.8999,
2001-10-05,3179.1001,
2001-10-08,3139.8999,
2001-10-09,3153.0,
2001-10-10,3137.0,
2001-10-11,3199.2,
2001-10-12,3225.1001,
2001-10-15,3199.0,
2001-10-16,3210.7,
2001-10-17,3237.8999,
2001-10-18,3199.6001,
2001-10-19,3175.3999,
2001-10-23,3213.3,
2001-10-24,3246.0,
2001-10-25,3254.7,
2001-10-26,3276.2,
2001-10-29,3256.2,
2001-10-30,3252.8,
2001-10-31,3249.6001,
2001-11-01,3248.8,
2001-11-02,3239.8999,
2001-11-05,3225.8,
2001-11-06,3285.1001,
2001-11-07,3252.6001,
2001-11-08,3269.3999,
2001-11-09,3286.0,
2001-11-12,3305.3999,
2001-11-13,3291.7,
2001-11-14,3336.8,
2001-11-15,3344.7,
2001-11-16,3322.5,
2001-11-19,3331.8999,
2001-11-20,3353.0,
2001-11-21,3336.3,
2001-11-22,3324.2,
2001-11-23,3332.8999,
2001-11-26,3348.5,
2001-11-27,3355.8,
2001-11-28,3353.2,
2001-11-29,3329.5,
2001-11-30,3337.5,
2001-12-03,3328.8,
2001-12-04,3324.3999,
2001-12-05,3347.8,
2001-12-06,3352.8,
2001-12-07,3371.8,
2001-12-10,3360.7,
2001-12-11,3359.6001,
2001-12-12,3322.1001,
2001-12-13,3312.5,
2001-12-14,3290.8,
2001-12-17,3289.6001,
2001-12-18,3320.5,
2001-12-19,3324.1001,
2001-12-20,3343.8999,
2001-12-21,3374.5,
2001-12-24,3390.1001,
2001-12-27,3417.6001,
2001-12-28,3427.1001,
2001-12-31,3422.3,
2002-01-02,3443.8,
2002-01-03,3419.6001,
2002-01-04,3435.7,
2002-01-07,3446.8999,
2002-01-08,3423.0,
2002-01-09,3412.5,
2002-01-10,3409.1001,
2002-01-11,3417.6001,
2002-01-14,3407.3,
2002-01-15,3406.2,
2002-01-16,3425.8,
2002-01-17,3393.1001,
2002-01-18,3387.0,
2002-01-21,3400.3,
2002-01-22,3421.5,
2002-01-23,3422.0,
2002-01-24,3430.8,
2002-01-25,3442.3,
2002-01-29,3452.8999,
2002-01-30,3433.5,
2002-01-31,3464.2,
2002-02-01,3445.5,
2002-02-04,3466.1001,
2002-02-05,3451.5,
2002-02-06,3424.5,
2002-02-07,3414.5,
2002-02-08,3450.3999,
2002-02-11,3476.5,
2002-02-12,3481.1001,
2002-02-13,3474.6001,
2002-02-14,3487.0,
2002-02-15,3480.3999,
2002-02-18,3469.3,
2002-02-19,3470.3999,
2002-02-20,3437.7,
2002-02-21,3434.3,
2002-02-22,3422.1001,
2002-02-25,3422.5,
2002-02-26,3434.8,
2002-02-27,3413.1001,
2002-02-28,3414.3,
2002-03-01,3417.3,
2002-03-04,3424.3,
2002-03-05,3435.6001,
2002-03-06,3451.2,
2002-03-07,3497.6001,
2002-03-08,3485.3,
2002-03-11,3476.8999,
2002-03-12,3462.3,
2002-03-13,3450.0,
2002-03-14,3451.8999,
2002-03-15,3407.7,
2002-03-18,3453.1001,
2002-03-19,3460.3,
2002-03-20,3467.3,
2002-03-21,3436.1001,
2002-03-22,3433.8,
2002-03-25,3424.7,
2002-03-26,3384.3999,
2002-03-27,3411.5,
2002-03-28,3414.8,
2002-04-02,3387.3,
2002-04-03,3377.8,
2002-04-04,3372.6001,
2002-04-05,3390.0,
2002-04-08,3389.0,
2002-04-09,3363.3999,
2002-04-10,3377.3999,
2002-04-11,3367.3999,
2002-04-12,3354.5,
2002-04-15,3368.1001,
2002-04-16,3386.6001,
2002-04-17,3401.3,
2002-04-18,3406.7,
2002-04-19,3407.3,
2002-04-22,3414.1001,
2002-04-23,3403.8999,
2002-04-24,3373.6001,
2002-04-26,3379.1001,
2002-04-29,3352.8,
2002-04-30,3350.0,
2002-05-01,3360.3999,
2002-05-02,3362.3,
2002-05-03,3366.0,
2002-05-06,3345.3999,
2002-05-07,3325.0,
2002-05-08,3339.8999,
2002-05-09,3338.5,
2002-05-10,3330.8999,
2002-05-13,3302.5,
2002-05-14,3314.3,
2002-05-15,3376.1001,
2002-05-16,3395.3,
2002-05-17,3412.6001,
2002-05-20,3393.3,
2002-05-21,3376.8999,
2002-05-22,3389.8,
2002-05-23,3373.5,
2002-05-24,3387.1001,
2002-05-27,3381.6001,
2002-05-28,3385.8999,
2002-05-29,3381.2,
2002-05-30,3387.1001,
2002-05-31,3373.6001,
2002-06-03,3375.6001,
2002-06-04,3347.1001,
2002-06-05,3350.2,
2002-06-06,3344.3,
2002-06-07,3342.8,
2002-06-11,3328.5,
2002-06-12,3327.8999,
2002-06-13,3313.6001,
2002-06-14,3294.1001,
2002-06-17,3299.7,
2002-06-18,3311.8999,
2002-06-19,3279.8999,
2002-06-20,3279.6001,
2002-06-21,3252.2,
2002-06-24,3235.3,
2002-06-25,3227.6001,
2002-06-26,3179.3999,
2002-06-27,3212.8999,
2002-06-28,3216.0,
2002-07-01,3227.8999,
2002-07-02,3212.1001,
2002-07-03,3185.8999,
2002-07-04,3208.7,
2002-07-05,3214.8,
2002-07-08,3233.7,
2002-07-09,3258.3999,
2002-07-10,3226.2,
2002-07-11,3192.3999,
2002-07-12,3197.3999,
2002-07-15,3187.3,
2002-07-16,3157.7,
2002-07-17,3122.2,
2002-07-18,3152.3,
2002-07-19,3109.2,
2002-07-22,3089.3999,
2002-07-23,3088.6001,
2002-07-24,3017.2,
2002-07-25,3042.3999,
2002-07-26,2989.5,
2002-07-29,3035.2,
2002-07-30,3083.8,
2002-07-31,3086.2,
2002-08-01,3077.3,
2002-08-02,3053.8999,
2002-08-05,3009.2,
2002-08-06,2985.6001,
2002-08-07,3051.0,
2002-08-08,3077.1001,
2002-08-09,3106.8,
2002-08-12,3103.8,
2002-08-13,3110.3,
2002-08-14,3096.2,
2002-08-15,3128.0,
2002-08-16,3133.3,
2002-08-19,3148.2,
2002-08-20,3176.7,
2002-08-21,3164.3,
2002-08-22,3195.7,
2002-08-23,3184.5,
2002-08-26,3176.8999,
2002-08-27,3160.3,
2002-08-28,3137.7,
2002-08-29,3130.8,
2002-08-30,3120.1001,
2002-09-02,3131.0,
2002-09-03,3143.2,
2002-09-04,3093.2,
2002-09-05,3113.5,
2002-09-06,3089.5,
2002-09-09,3119.6001,
2002-09-10,3110.7,
2002-09-11,3148.0,
2002-09-12,3142.1001,
2002-09-13,3130.6001,
2002-09-16,3125.7,
2002-09-17,3156.7,
2002-09-18,3120.3,
2002-09-19,3090.7,
2002-09-20,3073.6001,
2002-09-23,3046.7,
2002-09-24,3033.3,
2002-09-25,2991.1001,
2002-09-26,2988.7,
2002-09-27,3008.8999,
2002-09-30,2970.8999,
2002-10-01,2987.2,
2002-10-02,2998.2,
2002-10-03,2999.3,
2002-10-04,2991.6001,
2002-10-07,2940.0,
2002-10-08,2946.0,
2002-10-09,2912.7,
2002-10-10,2896.6001,
2002-10-11,2924.6001,
2002-10-14,2959.8,
2002-10-15,2994.8999,
2002-10-16,2993.8,
2002-10-17,2989.8,
2002-10-18,3010.6001,
2002-10-21,2990.2,
2002-10-22,3003.0,
2002-10-23,3031.8999,
2002-10-24,3023.6001,
2002-10-25,3009.2,
2002-10-28,3035.6001,
2002-10-29,3011.3,
2002-10-30,3006.2,
2002-10-31,3042.8999,
2002-11-01,3010.3,
2002-11-04,3054.8,
2002-11-05,3050.2,
2002-11-06,3075.5,
2002-11-07,3038.8999,
2002-11-08,3008.8,
2002-11-11,2972.8999,
2002-11-12,2982.5,
2002-11-13,2971.0,
2002-11-14,2962.2,
2002-11-15,3004.8999,
2002-11-18,2999.7,
2002-11-19,2989.7,
2002-11-20,3007.8,
2002-11-21,3021.8999,
2002-11-22,3035.8,
2002-11-25,3041.3,
2002-11-26,3015.3999,
2002-11-27,3005.2,
2002-11-28,3043.5,
2002-11-29,3061.3999,
2002-12-02,3083.8,
2002-12-03,3072.6001,
2002-12-04,3027.2,
2002-12-05,3040.5,
2002-12-06,3027.3,
2002-12-09,3023.5,
2002-12-10,2990.8,
2002-12-11,2969.7,
2002-12-12,2987.8,
2002-12-13,2971.3,
2002-12-16,2949.8999,
2002-12-17,2986.7,
2002-12-18,2986.5,
2002-12-19,2989.1001,
2002-12-20,3011.3999,
2002-12-23,3033.5,
2002-12-24,3032.8,
2002-12-27,3027.2,
2002-12-30,2992.7,
2002-12-31,3007.1001,
2003-01-02,3027.6001,
2003-01-03,3055.5,
2003-01-06,3075.3999,
2003-01-07,3074.5,
2003-01-08,3074.7,
2003-01-09,3064.8999,
2003-01-10,3063.5,
2003-01-13,3069.3999,
2003-01-14,3075.8,
2003-01-15,3077.0,
2003-01-16,3056.3,
2003-01-17,3051.7,
2003-01-20,3055.8,
2003-01-21,3051.5,
2003-01-22,3025.8999,
2003-01-23,3024.0,
2003-01-24,3026.2,
2003-01-28,2964.3999,
2003-01-29,2951.7,
2003-01-30,2964.2,
2003-01-31,2956.8999,
2003-02-03,2942.6001,
2003-02-04,2946.6001,
2003-02-05,2918.7,
2003-02-06,2886.2,
2003-02-07,2906.0,
2003-02-10,2890.2,
2003-02-11,2879.0,
2003-02-12,2884.5,
2003-02-13,2835.3999,
2003-02-14,2817.2,
2003-02-17,2844.1001,
2003-02-18,2844.7,
2003-02-19,2864.7,
2003-02-20,2819.1001,
2003-02-21,2820.2,
2003-02-24,2855.8999,
2003-02-25,2799.0,
2003-02-26,2826.8999,
2003-02-27,2796.2,
2003-02-28,2800.8999,
2003-03-03,2816.8,
2003-03-04,2813.1001,
2003-03-05,2776.0,
2003-03-06,2776.0,
2003-03-07,2744.0,
2003-03-10,2741.3999,
2003-03-11,2723.2,
2003-03-12,2718.3999,
2003-03-13,2700.3999,
2003-03-14,2753.1001,
2003-03-17,2739.1001,
2003-03-18,2835.1001,
2003-03-19,2846.7,
2003-03-20,2866.1001,
2003-03-21,2866.7,
2003-03-24,2858.5,
2003-03-25,2854.3999,
2003-03-26,2892.1001,
2003-03-27,2892.5,
2003-03-28,2897.7,
2003-03-31,2885.2,
2003-04-01,2882.2,
2003-04-02,2882.3,
2003-04-03,2908.6001,
2003-04-04,2933.5,
2003-04-07,2979.3999,
2003-04-08,2978.8,
2003-04-09,2950.5,
2003-04-10,2945.1001,
2003-04-11,2949.0,
2003-04-14,2940.8999,
2003-04-15,2968.8,
2003-04-16,2979.8,
2003-04-17,2953.2,
2003-04-22,2980.3999,
2003-04-23,3005.0,
2003-04-24,3001.8999,
2003-04-28,2974.5,
2003-04-29,3011.2,
2003-04-30,3007.5,
2003-05-01,3003.6001,
2003-05-02,2975.3999,
2003-05-05,2977.3999,
2003-05-06,2968.0,
2003-05-07,2975.7,
2003-05-08,2956.2,
2003-05-09,2956.0,
2003-05-12,2976.1001,
2003-05-13,2981.3999,
2003-05-14,2970.8,
2003-05-15,2958.3999,
2003-05-16,2951.3,
2003-05-19,2948.6001,
2003-05-20,2935.7,
2003-05-21,2942.8,
2003-05-22,2965.6001,
2003-05-23,2997.7,
2003-05-26,2997.6001,
2003-05-27,2982.8999,
2003-05-28,3008.7,
2003-05-29,3016.0,
2003-05-30,3011.0,
2003-06-02,3038.3999,
2003-06-03,3026.8,
2003-06-04,3032.7,
2003-06-05,3040.3,
2003-06-06,3048.8999,
2003-06-10,3055.2,
2003-06-11,3070.3,
2003-06-12,3084.8,
2003-06-13,3087.6001,
2003-06-16,3090.1001,
2003-06-17,3112.3,
2003-06-18,3090.2,
2003-06-19,3104.0,
2003-06-20,3089.5,
2003-06-23,3092.1001,
2003-06-24,3068.8,
2003-06-25,3065.7,
2003-06-26,3028.3,
2003-06-27,3048.8,
2003-06-30,3026.8999,
2003-07-01,3038.6001,
2003-07-02,3031.8999,
2003-07-03,3044.8,
2003-07-04,3028.3999,
2003-07-07,3032.1001,
2003-07-08,3035.8,
2003-07-09,3029.1001,
2003-07-10,3042.8,
2003-07-11,3043.8,
2003-07-14,3074.0,
2003-07-15,3081.8999,
2003-07-16,3095.3,
2003-07-17,3088.0,
2003-07-18,3083.6001,
2003-07-21,3089.0,
2003-07-22,3066.5,
2003-07-23,3085.5,
2003-07-24,3090.7,
2003-07-25,3098.6001,
2003-07-28,3119.3999,
2003-07-29,3107.8,
2003-07-30,3091.2,
2003-07-31,3122.3,
2003-08-01,3140.3,
2003-08-04,3128.8999,
2003-08-05,3137.3999,
2003-08-06,3133.5,
2003-08-07,3138.6001,
2003-08-08,3149.3999,
2003-08-11,3145.8,
2003-08-12,3142.7,
2003-08-13,3158.1001,
2003-08-14,3150.3999,
2003-08-15,3148.0,
2003-08-18,3164.5,
2003-08-19,3169.3,
2003-08-20,3171.5,
2003-08-21,3174.8999,
2003-08-22,3184.3999,
2003-08-25,3176.3999,
2003-08-26,3167.2,
2003-08-27,3179.8999,
2003-08-28,3197.0,
2003-08-29,3199.7,
2003-09-01,3205.1001,
2003-09-02,3218.0,
2003-09-03,3210.8999,
2003-09-04,3226.5,
2003-09-05,3213.8,
2003-09-08,3230.3,
2003-09-09,3235.3,
2003-09-10,3216.0,
2003-09-11,3193.8999,
2003-09-12,3192.5,
2003-09-15,3189.8,
2003-09-16,3194.3,
2003-09-17,3217.0,
2003-09-18,3221.3,
2003-09-19,3218.1001,
2003-09-22,3193.0,
2003-09-23,3180.6001,
2003-09-24,3208.5,
2003-09-25,3172.8,
2003-09-26,3171.5,
2003-09-29,3164.3,
2003-09-30,3169.5,
2003-10-01,3159.2,
2003-10-02,3199.3999,
2003-10-03,3203.3,
2003-10-06,3217.2,
2003-10-07,3218.7,
2003-10-08,3243.1001,
2003-10-09,3251.3,
2003-10-10,3260.2,
2003-10-13,3276.3999,
2003-10-14,3282.8999,
2003-10-15,3283.7,
2003-10-16,3295.1001,
2003-10-17,3294.3,
2003-10-20,3287.7,
2003-10-21,3303.7,
2003-10-22,3299.5,
2003-10-23,3266.3,
2003-10-24,3256.3,
2003-10-27,3244.3999,
2003-10-28,3243.5,
2003-10-29,3263.3999,
2003-10-30,3273.8,
2003-10-31,3272.0,
2003-11-03,3256.5,
2003-11-04,3264.7,
2003-11-05,3240.7,
2003-11-06,3241.1001,
2003-11-07,3248.5,
2003-11-10,3230.1001,
2003-11-11,3200.6001,
2003-11-12,3203.0,
2003-11-13,3217.7,
2003-11-14,3201.8,
2003-11-17,3174.3999,
2003-11-18,3175.3999,
2003-11-19,3181.3999,
2003-11-20,3184.1001,
2003-11-21,3169.1001,
2003-11-24,3171.5,
2003-11-25,3192.0,
2003-11-26,3191.3999,
2003-11-27,3185.8,
2003-11-28,3186.3999,
2003-12-01,3170.1001,
2003-12-02,3187.7,
2003-12-03,3215.3,
2003-12-04,3229.8,
2003-12-05,3229.8,
2003-12-08,3225.1001,
2003-12-09,3218.8,
2003-12-10,3211.2,
2003-12-11,3189.3999,
2003-12-12,3212.7,
2003-12-15,3247.6001,
2003-12-16,3215.2,
2003-12-17,3231.3999,
2003-12-18,3224.1001,
2003-12-19,3232.8,
2003-12-22,3255.3999,
2003-12-23,3254.8,
2003-12-24,3265.6001,
2003-12-29,3281.8,
2003-12-30,3295.1001,
2003-12-31,3299.8,
2004-01-02,3300.7,
2004-01-05,3286.0,
2004-01-06,3317.5,
2004-01-07,3303.6001,
2004-01-08,3297.8999,
2004-01-09,3301.6001,
2004-01-12,3302.7,
2004-01-13,3295.3,
2004-01-14,3310.8999,
2004-01-15,3306.5,
2004-01-16,3288.8,
2004-01-19,3302.3999,
2004-01-20,3308.5,
2004-01-21,3306.5,
2004-01-22,3326.6001,
2004-01-23,3334.7,
2004-01-27,3312.1001,
2004-01-28,3279.6001,
2004-01-29,3264.5,
2004-01-30,3272.0,
2004-02-02,3274.8999,
2004-02-03,3264.3,
2004-02-04,3265.6001,
2004-02-05,3262.0,
2004-02-06,3272.2,
2004-02-09,3287.1001,
2004-02-10,3286.3,
2004-02-11,3300.7,
2004-02-12,3326.0,
2004-02-13,3333.7,
2004-02-16,3320.2,
2004-02-17,3328.8,
2004-02-18,3348.1001,
2004-02-19,3351.1001,
2004-02-20,3344.1001,
2004-02-23,3339.2,
2004-02-24,3328.8999,
2004-02-25,3332.7,
2004-02-26,3346.8,
2004-02-27,3360.6001,
2004-03-01,3381.3999,
2004-03-02,3390.3999,
2004-03-03,3388.5,
2004-03-04,3389.0,
2004-03-05,3407.5,
2004-03-08,3420.0,
2004-03-09,3424.8999,
2004-03-10,3414.0,
2004-03-11,3413.6001,
2004-03-12,3402.3,
2004-03-15,3411.5,
2004-03-16,3414.6001,
2004-03-17,3438.3999,
2004-03-18,3429.3999,
2004-03-19,3435.3,
2004-03-22,3402.2,
2004-03-23,3390.1001,
2004-03-24,3386.8,
2004-03-25,3399.8,
2004-03-26,3428.5,
2004-03-29,3411.0,
2004-03-30,3418.0,
2004-03-31,3415.3,
2004-04-01,3446.2,
2004-04-02,3438.6001,
2004-04-05,3452.2,
2004-04-06,3455.8999,
2004-04-07,3458.5,
2004-04-08,3450.6001,
2004-04-12,3450.6001,
2004-04-13,3437.8999,
2004-04-14,3434.3999,
2004-04-15,3419.3,
2004-04-16,3417.3,
2004-04-19,3433.1001,
2004-04-20,3452.2,
2004-04-21,3438.8,
2004-04-22,3435.8999,
2004-04-23,3457.0,
2004-04-26,3450.5,
2004-04-27,3446.6001,
2004-04-28,3444.8,
2004-04-29,3401.3,
2004-04-30,3400.8,
2004-05-03,3382.3,
2004-05-04,3391.2,
2004-05-05,3407.6001,
2004-05-06,3399.3999,
2004-05-07,3393.2,
2004-05-10,3353.3,
2004-05-11,3356.6001,
2004-05-12,3378.8,
2004-05-13,3370.8,
2004-05-14,3359.5,
2004-05-17,3345.5,
2004-05-18,3371.8999,
2004-05-19,3390.8,
2004-05-20,3378.8,
2004-05-21,3395.3999,
2004-05-24,3401.5,
2004-05-25,3395.5,
2004-05-26,3425.2,
2004-05-27,3444.5,
2004-05-28,3450.3999,
2004-05-31,3460.2,
2004-06-01,3457.0,
2004-06-02,3476.8,
2004-06-03,3467.3,
2004-06-04,3467.7,
2004-06-07,3484.0,
2004-06-08,3483.6001,
2004-06-09,3466.2,
2004-06-10,3468.0,
2004-06-11,3478.2,
2004-06-14,3478.2,
2004-06-15,3468.3999,
2004-06-16,3486.8,
2004-06-17,3510.2,
2004-06-18,3527.7,
2004-06-21,3554.5,
2004-06-22,3540.7,
2004-06-23,3552.7,
2004-06-24,3533.5,
2004-06-25,3529.2,
2004-06-28,3522.3999,
2004-06-29,3521.5,
2004-06-30,3532.8999,
2004-07-01,3536.8999,
2004-07-02,3534.3999,
2004-07-05,3537.0,
2004-07-06,3555.8,
2004-07-07,3565.0,
2004-07-08,3568.7,
2004-07-09,3564.0,
2004-07-12,3558.0,
2004-07-13,3558.6001,
2004-07-14,3522.8,
2004-07-15,3526.1001,
2004-07-16,3531.0,
2004-07-19,3533.1001,
2004-07-20,3503.3,
2004-07-21,3524.0,
2004-07-22,3498.3,
2004-07-23,3485.2,
2004-07-26,3485.7,
2004-07-27,3489.7,
2004-07-28,3499.1001,
2004-07-29,3501.3,
2004-07-30,3536.1001,
2004-08-02,3544.8999,
2004-08-03,3554.3999,
2004-08-04,3546.0,
2004-08-05,3538.8999,
2004-08-06,3530.6001,
2004-08-09,3509.2,
2004-08-10,3499.6001,
2004-08-11,3511.1001,
2004-08-12,3487.8,
2004-08-13,3477.8,
2004-08-16,3468.3,
2004-08-17,3483.2,
2004-08-18,3476.1001,
2004-08-19,3486.3,
2004-08-20,3497.7,
2004-08-23,3524.0,
2004-08-24,3526.3,
2004-08-25,3517.3999,
2004-08-26,3526.0,
2004-08-27,3558.8999,
2004-08-30,3554.1001,
2004-08-31,3552.7,
2004-09-01,3575.6001,
2004-09-02,3590.3999,
2004-09-03,3577.3,
2004-09-06,3576.8999,
2004-09-07,3589.3999,
2004-09-08,3589.0,
2004-09-09,3591.7,
2004-09-10,3596.0,
2004-09-13,3609.7,
2004-09-14,3623.2,
2004-09-15,3625.1001,
2004-09-16,3624.8999,
2004-09-17,3631.6001,
2004-09-20,3628.7,
2004-09-21,3629.8999,
2004-09-22,3640.8,
2004-09-23,3635.2,
2004-09-24,3623.8999,
2004-09-27,3620.6001,
2004-09-28,3627.1001,
2004-09-29,3656.6001,
2004-09-30,3665.0,
2004-10-01,3659.6001,
2004-10-04,3693.6001,
2004-10-05,3697.6001,
2004-10-06,3699.8,
2004-10-07,3700.8,
2004-10-08,3686.8,
2004-10-11,3705.8,
2004-10-12,3717.3999,
2004-10-13,3725.2,
2004-10-14,3708.8999,
2004-10-15,3720.5,
2004-10-18,3709.8999,
2004-10-19,3715.0,
2004-10-20,3700.1001,
2004-10-21,3705.8999,
2004-10-22,3709.8999,
2004-10-25,3681.6001,
2004-10-26,3704.8999,
2004-10-27,3741.2,
2004-10-28,3776.1001,
2004-10-29,3778.6001,
2004-11-01,3791.2,
2004-11-02,3798.6001,
2004-11-03,3832.8999,
2004-11-04,3838.5,
2004-11-05,3843.5,
2004-11-08,3822.3,
2004-11-09,3835.5,
2004-11-10,3846.3999,
2004-11-11,3863.3,
2004-11-12,3862.5,
2004-11-15,3880.6001,
2004-11-16,3869.3999,
2004-11-17,3876.0,
2004-11-18,3879.5,
2004-11-19,3872.7,
2004-11-22,3830.7,
2004-11-23,3866.1001,
2004-11-24,3882.5,
2004-11-25,3904.2,
2004-11-26,3912.1001,
2004-11-29,3926.8,
2004-11-30,3931.3,
2004-12-01,3899.3,
2004-12-02,3941.8999,
2004-12-03,3939.5,
2004-12-06,3950.5,
2004-12-07,3927.5,
2004-12-08,3897.7,
2004-12-09,3886.8999,
2004-12-10,3898.5,
2004-12-13,3907.3,
2004-12-14,3929.0,
2004-12-15,3944.2,
2004-12-16,3975.1001,
2004-12-17,3988.0,
2004-12-20,3993.3999,
2004-12-21,4013.6001,
2004-12-22,4032.3,
2004-12-23,4025.8999,
2004-12-24,4048.6001,
2004-12-27,4048.6001,
2004-12-28,4048.6001,
2004-12-29,4042.1001,
2004-12-30,4054.8999,
2004-12-31,4050.6001,
2005-01-04,4058.6001,
2005-01-05,4039.3999,
2005-01-06,4029.8999,
2005-01-07,4063.2,
2005-01-10,4074.8999,
2005-01-11,4072.7,
2005-01-12,4070.3999,
2005-01-13,4069.5,
2005-01-14,4061.6001,
2005-01-17,4076.8999,
2005-01-18,4062.0,
2005-01-19,4052.6001,
2005-01-20,4036.0,
2005-01-21,4043.8999,
2005-01-24,4044.8,
2005-01-25,4055.8999,
2005-01-27,4105.7002,
2005-01-28,4098.8999,
2005-01-31,4107.2998,
2005-02-01,4127.7002,
2005-02-02,4145.2998,
2005-02-03,4151.2998,
2005-02-04,4161.7998,
2005-02-07,4189.6001,
2005-02-08,4179.1001,
2005-02-09,4172.1001,
2005-02-10,4174.8999,
2005-02-11,4174.2998,
2005-02-14,4150.2002,
2005-02-15,4144.7998,
2005-02-16,4151.7002,
2005-02-17,4166.8999,
2005-02-18,4163.6001,
2005-02-21,4168.2002,
2005-02-22,4153.2998,
2005-02-23,4119.2002,
2005-02-24,4096.8999,
2005-02-25,4130.5,
2005-02-28,4172.7998,
2005-03-01,4184.8999,
2005-03-02,4191.5,
2005-03-03,4205.2002,
2005-03-04,4220.3999,
2005-03-07,4238.3999,
2005-03-08,4242.8999,
2005-03-09,4241.7998,
2005-03-10,4215.5,
2005-03-11,4203.7998,
2005-03-14,4233.5,
2005-03-15,4225.3999,
2005-03-16,4244.3999,
2005-03-17,4232.3999,
2005-03-18,4249.1001,
2005-03-21,4266.3999,
2005-03-22,4233.7998,
2005-03-23,4170.7998,
2005-03-24,4136.3999,
2005-03-29,4095.6001,
2005-03-30,4095.2,
2005-03-31,4109.7998,
2005-04-01,4138.2998,
2005-04-04,4120.7998,
2005-04-05,4132.3999,
2005-04-06,4118.8999,
2005-04-07,4127.7998,
2005-04-08,4165.5,
2005-04-11,4132.6001,
2005-04-12,4142.0,
2005-04-13,4135.0,
2005-04-14,4082.3,
2005-04-15,4014.3,
2005-04-18,3959.3999,
2005-04-19,4021.2,
2005-04-20,4022.6001,
2005-04-21,4013.8999,
2005-04-22,4034.1001,
2005-04-26,4027.8,
2005-04-27,4019.0,
2005-04-28,4011.6001,
2005-04-29,3983.2,
2005-05-02,4011.3,
2005-05-03,3986.3,
2005-05-04,3947.1001,
2005-05-05,3956.1001,
2005-05-06,3983.3,
2005-05-09,3999.2,
2005-05-10,3992.2,
2005-05-11,4005.7,
2005-05-12,4028.8999,
2005-05-13,4012.1001,
2005-05-16,3965.3999,
2005-05-17,3954.5,
2005-05-18,3987.5,
2005-05-19,4044.5,
2005-05-20,4041.3,
2005-05-23,4077.2,
2005-05-24,4102.0,
2005-05-25,4091.1001,
2005-05-26,4093.2,
2005-05-27,4116.3999,
2005-05-30,4132.7002,
2005-05-31,4106.3999,
2005-06-01,4147.7998,
2005-06-02,4180.7002,
2005-06-03,4194.0,
2005-06-06,4198.0,
2005-06-07,4205.6001,
2005-06-08,4219.8999,
2005-06-09,4214.0,
2005-06-10,4221.7002,
2005-06-14,4228.7998,
2005-06-15,4246.5,
2005-06-16,4262.7998,
2005-06-17,4312.2002,
2005-06-20,4305.6001,
2005-06-21,4300.1001,
2005-06-22,4277.8999,
2005-06-23,4269.8999,
2005-06-24,4245.6001,
2005-06-27,4231.2002,
2005-06-28,4270.7998,
2005-06-29,4263.0,
2005-06-30,4277.5,
2005-07-01,4272.6001,
2005-07-04,4281.8999,
2005-07-05,4301.7998,
2005-07-06,4275.1001,
2005-07-07,4234.0,
2005-07-08,4229.2002,
2005-07-11,4264.1001,
2005-07-12,4262.1001,
2005-07-13,4280.2998,
2005-07-14,4295.1001,
2005-07-15,4292.3999,
2005-07-18,4298.3999,
2005-07-19,4276.2998,
2005-07-20,4301.2002,
2005-07-21,4343.2002,
2005-07-22,4371.1001,
2005-07-25,4378.7998,
2005-07-26,4380.5,
2005-07-27,4386.7998,
2005-07-28,4367.7998,
2005-07-29,4388.7998,
2005-08-01,4378.0,
2005-08-02,4385.3999,
2005-08-03,4369.1001,
2005-08-04,4374.7998,
2005-08-05,4377.2998,
2005-08-08,4407.8999,
2005-08-09,4417.7998,
2005-08-10,4425.6001,
2005-08-11,4460.2002,
2005-08-12,4469.2002,
2005-08-15,4459.5,
2005-08-16,4481.2002,
2005-08-17,4467.7998,
2005-08-18,4442.8999,
2005-08-19,4461.6001,
2005-08-22,4499.2998,
2005-08-23,4484.8999,
2005-08-24,4446.3999,
2005-08-25,4424.5,
2005-08-26,4452.5,
2005-08-29,4396.7998,
2005-08-30,4438.6001,
2005-08-31,4446.7998,
2005-09-01,4497.7002,
2005-09-02,4473.7002,
2005-09-05,4455.3999,
2005-09-06,4462.0,
2005-09-07,4492.0,
2005-09-08,4474.8999,
2005-09-09,4468.1001,
2005-09-12,4471.7998,
2005-09-13,4495.1001,
2005-09-14,4518.2998,
2005-09-15,4513.8999,
2005-09-16,4553.6001,
2005-09-19,4551.2998,
2005-09-20,4580.8999,
2005-09-21,4552.3999,
2005-09-22,4561.7002,
2005-09-23,4562.3999,
2005-09-26,4618.8999,
2005-09-27,4629.2002,
2005-09-28,4627.6001,
2005-09-29,4671.7002,
2005-09-30,4641.2002,
2005-10-03,4642.3999,
2005-10-04,4643.6001,
2005-10-05,4543.5,
2005-10-06,4447.2998,
2005-10-07,4440.6001,
2005-10-10,4469.1001,
2005-10-11,4428.7998,
2005-10-12,4468.2002,
2005-10-13,4431.0,
2005-10-14,4406.1001,
2005-10-17,4425.2998,
2005-10-18,4459.2998,
2005-10-19,4377.2002,
2005-10-20,4380.1001,
2005-10-21,4364.2998,
2005-10-24,4357.2002,
2005-10-25,4390.7998,
2005-10-26,4443.3999,
2005-10-27,4433.0,
2005-10-28,4383.0,
2005-10-31,4459.7002,
2005-11-01,4474.7002,
2005-11-02,4456.2998,
2005-11-03,4513.7002,
2005-11-04,4519.5,
2005-11-07,4512.5,
2005-11-08,4554.5,
2005-11-09,4526.1001,
2005-11-10,4543.7002,
2005-11-11,4574.2998,
2005-11-14,4608.3999,
2005-11-15,4603.2002,
2005-11-16,4621.1001,
2005-11-17,4629.1001,
2005-11-18,4671.1001,
2005-11-21,4654.2002,
2005-11-22,4622.8999,
2005-11-23,4616.6001,
2005-11-24,4652.2998,
2005-11-25,4648.7998,
2005-11-28,4665.2998,
2005-11-29,4639.0,
2005-11-30,4634.7998,
2005-12-01,4580.1001,
2005-12-02,4623.5,
2005-12-05,4624.6001,
2005-12-06,4616.0,
2005-12-07,4623.8999,
2005-12-08,4578.0,
2005-12-09,4580.1001,
2005-12-12,4611.8999,
2005-12-13,4587.1001,
2005-12-14,4617.8999,
2005-12-15,4627.8999,
2005-12-16,4644.0,
2005-12-19,4655.3999,
2005-12-20,4672.2998,
2005-12-21,4718.2002,
2005-12-22,4707.7998,
2005-12-23,4727.7002,
2005-12-28,4755.6001,
2005-12-29,4772.5,
2005-12-30,4763.3999,
2006-01-03,4776.0,
2006-01-04,4820.2998,
2006-01-05,4813.7002,
2006-01-06,4791.1001,
2006-01-09,4831.5,
2006-01-10,4816.7002,
2006-01-11,4838.1001,
2006-01-12,4836.8999,
2006-01-13,4836.7002,
2006-01-16,4836.3999,
2006-01-17,4866.1001,
2006-01-18,4786.8999,
2006-01-19,4840.8999,
2006-01-20,4854.3999,
2006-01-23,4812.1001,
2006-01-24,4824.7998,
2006-01-25,4861.3999,
2006-01-27,4919.2998,
2006-01-30,4943.3999,
2006-01-31,4929.6001,
2006-02-01,4956.7002,
2006-02-02,4905.1001,
2006-02-03,4883.7998,
2006-02-06,4915.6001,
2006-02-07,4905.3999,
2006-02-08,4831.3999,
2006-02-09,4877.6001,
2006-02-10,4871.5,
2006-02-13,4817.1001,
2006-02-14,4864.2002,
2006-02-15,4835.0,
2006-02-16,4820.6001,
2006-02-17,4799.8999,
2006-02-20,4835.5,
2006-02-21,4879.1001,
2006-02-22,4886.7002,
2006-02-23,4913.2002,
2006-02-24,4893.3999,
2006-02-27,4924.1001,
2006-02-28,4921.2998,
2006-03-01,4850.6001,
2006-03-02,4903.7998,
2006-03-03,4898.5,
2006-03-06,4903.8999,
2006-03-07,4879.7002,
2006-03-08,4873.0,
2006-03-09,4894.3999,
2006-03-10,4888.1001,
2006-03-13,4951.2998,
2006-03-14,4932.2002,
2006-03-15,4946.2998,
2006-03-16,4977.8999,
2006-03-17,4971.7002,
2006-03-20,5000.3999,
2006-03-21,4991.2998,
2006-03-22,5013.3999,
2006-03-23,5035.2998,
2006-03-24,5040.1001,
2006-03-27,5088.1001,
2006-03-28,5085.7998,
2006-03-29,5090.5,
2006-03-30,5115.0,
2006-03-31,5129.7002,
2006-04-03,5180.5,
2006-04-04,5162.5,
2006-04-05,5207.0,
2006-04-06,5238.8999,
2006-04-07,5232.8999,
2006-04-10,5192.2998,
2006-04-11,5233.5,
2006-04-12,5183.7002,
2006-04-13,5175.7002,
2006-04-18,5248.6001,
2006-04-19,5283.8999,
2006-04-20,5276.8999,
2006-04-21,5250.1001,
2006-04-24,5269.7998,
2006-04-26,5327.2002,
2006-04-27,5300.2002,
2006-04-28,5258.7998,
2006-05-01,5310.3999,
2006-05-02,5273.1001,
2006-05-03,5273.5,
2006-05-04,5189.1001,
2006-05-05,5255.3999,
2006-05-08,5324.0,
2006-05-09,5325.7998,
2006-05-10,5352.2002,
2006-05-11,5364.5,
2006-05-12,5329.5,
2006-05-15,5234.1001,
2006-05-16,5217.3999,
2006-05-17,5217.5,
2006-05-18,5119.2998,
2006-05-19,5100.8999,
2006-05-22,5030.7998,
2006-05-23,5013.7998,
2006-05-24,5037.7002,
2006-05-25,4976.7998,
2006-05-26,5053.7002,
2006-05-29,5109.5,
2006-05-30,5105.3999,
2006-05-31,5001.7002,
2006-06-01,5060.6001,
2006-06-02,5077.2002,
2006-06-05,5120.0,
2006-06-06,5036.1001,
2006-06-07,5025.5,
2006-06-08,4907.2002,
2006-06-09,4966.0,
2006-06-13,4838.8999,
2006-06-14,4850.7998,
2006-06-15,4869.7002,
2006-06-16,4969.0,
2006-06-19,4901.2002,
2006-06-20,4861.3999,
2006-06-21,4918.8999,
2006-06-22,5010.7998,
2006-06-23,4964.8999,
2006-06-26,4965.0,
2006-06-27,4999.2002,
2006-06-28,4946.7998,
2006-06-29,4997.2002,
2006-06-30,5073.8999,
2006-07-03,5092.2002,
2006-07-04,5104.7002,
2006-07-05,5096.8999,
2006-07-06,5120.2998,
2006-07-07,5135.2998,
2006-07-10,5142.7998,
2006-07-11,5107.2002,
2006-07-12,5128.2998,
2006-07-13,5084.6001,
2006-07-14,4966.1001,
2006-07-17,4956.2002,
2006-07-18,4923.2998,
2006-07-19,4900.1001,
2006-07-20,4996.5,
2006-07-21,4960.6001,
2006-07-24,4934.3999,
2006-07-25,4992.3999,
2006-07-26,4935.7002,
2006-07-27,5007.7998,
2006-07-28,4958.2998,
2006-07-31,4986.0,
2006-08-01,4981.2998,
2006-08-02,4931.5,
2006-08-03,4997.5,
2006-08-04,4956.1001,
2006-08-07,4961.7998,
2006-08-08,5024.7998,
2006-08-09,4962.0,
2006-08-10,4953.2002,
2006-08-11,4949.2002,
2006-08-14,4971.2998,
2006-08-15,4936.0,
2006-08-16,4961.8999,
2006-08-17,5055.8999,
2006-08-18,5052.5,
2006-08-21,5063.6001,
2006-08-22,5076.2002,
2006-08-23,5082.2998,
2006-08-24,4987.7998,
2006-08-25,5023.6001,
2006-08-28,5024.2002,
2006-08-29,5067.6001,
2006-08-30,5067.2998,
2006-08-31,5115.3999,
2006-09-01,5097.1001,
2006-09-04,5129.2002,
2006-09-05,5150.6001,
2006-09-06,5113.7998,
2006-09-07,5108.7002,
2006-09-08,5098.2998,
2006-09-11,5026.0,
2006-09-12,4974.3999,
2006-09-13,5017.2002,
2006-09-14,5070.3999,
2006-09-15,5036.3999,
2006-09-18,5072.7998,
2006-09-19,5056.7998,
2006-09-20,4998.5,
2006-09-21,4995.8999,
2006-09-22,4983.2002,
2006-09-25,4986.2998,
2006-09-26,4989.6001,
2006-09-27,5093.2002,
2006-09-28,5113.8999,
2006-09-29,5154.1001,
2006-10-02,5178.7998,
2006-10-03,5184.2998,
2006-10-04,5142.7002,
2006-10-05,5219.2998,
2006-10-06,5220.7002,
2006-10-09,5199.1001,
2006-10-10,5248.6001,
2006-10-11,5282.7998,
2006-10-12,5259.3999,
2006-10-13,5290.0,
2006-10-16,5311.0,
2006-10-17,5281.2998,
2006-10-18,5313.2002,
2006-10-19,5285.2998,
2006-10-20,5335.3999,
2006-10-23,5333.5,
2006-10-24,5317.1001,
2006-10-25,5352.2998,
2006-10-26,5389.7002,
2006-10-27,5358.5,
2006-10-30,5399.3999,
2006-10-31,5384.3999,598359000
2006-11-01,5416.3999,
2006-11-03,5432.0,
2006-11-06,5444.1001,384494000
2006-11-07,5491.6001,364484000
2006-11-08,5459.2002,560068000
2006-11-09,5429.0,599001000
2006-11-10,5436.7002,
2006-11-13,5418.3999,
2006-11-14,5435.6001,
2006-11-15,5429.8999,
2006-11-16,5392.6001,
2006-11-17,5419.7002,
2006-11-20,5322.3999,
2006-11-21,5358.0,
2006-11-22,5445.7002,
2006-11-23,5466.8999,
2006-11-24,5453.6001,
2006-11-27,5452.2002,
2006-11-28,5384.2998,
2006-11-29,5452.6001,
2006-11-30,5482.1001,
2006-12-01,5427.8999,
2006-12-04,5424.8999,
2006-12-05,5426.5,
2006-12-06,5466.7002,
2006-12-07,5465.2002,
2006-12-08,5425.7998,
2006-12-11,5469.7002,
2006-12-12,5473.6001,
2006-12-13,5488.2002,
2006-12-14,5573.1001,
2006-12-15,5575.3999,
2006-12-18,5591.5,
2006-12-19,5559.7002,
2006-12-20,5607.7998,
2006-12-21,5583.5,
2006-12-22,5603.7002,
2006-12-27,5643.2002,
2006-12-28,5660.5,
2006-12-29,5669.8999,
2007-01-02,5670.2002,
2007-01-03,5649.3999,
2007-01-04,5584.7998,
2007-01-05,5572.0,
2007-01-08,5502.0,
2007-01-09,5589.7002,
2007-01-10,5520.8999,
2007-01-11,5564.8999,
2007-01-12,5638.7998,
2007-01-15,5673.7998,
2007-01-16,5673.3999,
2007-01-17,5646.1001,
2007-01-18,5672.3999,
2007-01-19,5673.1001,
2007-01-22,5726.6001,
2007-01-23,5735.0,
2007-01-24,5768.7998,
2007-01-25,5769.8999,
2007-01-29,5760.3999,
2007-01-30,5812.5,
2007-01-31,5773.3999,
2007-02-01,5814.1001,
2007-02-02,5831.5,
2007-02-05,5822.1001,
2007-02-06,5870.5,
2007-02-07,5899.7998,
2007-02-08,5899.5,
2007-02-09,5927.2002,
2007-02-12,5924.1001,
2007-02-13,5936.6001,
2007-02-14,5960.5,
2007-02-15,5992.7998,
2007-02-16,5953.7002,
2007-02-19,5990.1001,
2007-02-20,5989.7002,
2007-02-21,5951.7998,
2007-02-22,6017.1001,
2007-02-23,6036.1001,
2007-02-26,6044.0,
2007-02-27,5993.7998,
2007-02-28,5832.5,
2007-03-01,5810.2002,
2007-03-02,5786.0,
2007-03-05,5653.6001,
2007-03-06,5771.7998,
2007-03-07,5825.2998,
2007-03-08,5822.2998,
2007-03-09,5830.2002,
2007-03-12,5891.0,
2007-03-13,5865.0,
2007-03-14,5741.8999,
2007-03-15,5853.0,
2007-03-16,5836.2998,
2007-03-19,5859.7002,
2007-03-20,5876.6001,
2007-03-21,5861.8999,
2007-03-22,5955.7002,
2007-03-23,5952.2998,
2007-03-26,5990.7002,
2007-03-27,5964.2002,
2007-03-28,5923.2002,
2007-03-29,5960.8999,
2007-03-30,5995.0,
2007-04-02,5915.7998,
2007-04-03,6013.3999,
2007-04-04,6097.2002,
2007-04-05,6077.1001,
2007-04-10,6153.0,
2007-04-11,6151.3999,
2007-04-12,6158.2002,
2007-04-13,6135.7998,
2007-04-16,6197.7002,
2007-04-17,6186.5,
2007-04-18,6236.8999,
2007-04-19,6165.1001,
2007-04-20,6207.5,
2007-04-23,6209.1001,
2007-04-24,6188.2002,
2007-04-26,6212.2002,
2007-04-27,6151.6001,
2007-04-30,6166.0,
2007-05-01,6145.7998,
2007-05-02,6237.7002,
2007-05-03,6245.6001,
2007-05-04,6304.8999,
2007-05-07,6335.7002,
2007-05-08,6304.3999,
2007-05-09,6341.0,
2007-05-10,6355.5,
2007-05-11,6297.3999,
2007-05-14,6345.1001,
2007-05-15,6291.2002,
2007-05-16,6294.6001,
2007-05-17,6365.8999,
2007-05-18,6312.5,
2007-05-21,6369.0,
2007-05-22,6338.7998,
2007-05-23,6355.1001,
2007-05-24,6279.1001,
2007-05-25,6252.7998,
2007-05-28,6251.3999,
2007-05-29,6317.6001,
2007-05-30,6243.3999,
2007-05-31,6313.5,
2007-06-01,6333.5,
2007-06-04,6392.8999,
2007-06-05,6370.7998,
2007-06-06,6337.1001,
2007-06-07,6311.1001,
2007-06-08,6231.7002,
2007-06-12,6240.1001,
2007-06-13,6180.7002,
2007-06-14,6261.2002,
2007-06-15,6293.7998,
2007-06-18,6343.3999,
2007-06-19,6372.0,
2007-06-20,6396.8999,
2007-06-21,6387.0,
2007-06-22,6382.6001,
2007-06-25,6329.7998,
2007-06-26,6308.6001,
2007-06-27,6184.2002,
2007-06-28,6265.6001,
2007-06-29,6274.8999,
2007-07-02,6263.2998,
2007-07-03,6299.0,
2007-07-04,6298.6001,
2007-07-05,6362.2998,
2007-07-06,6351.1001,
2007-07-09,6400.6001,
2007-07-10,6361.5,
2007-07-11,6325.1001,
2007-07-12,6363.3999,
2007-07-13,6389.3999,
2007-07-16,6380.7998,
2007-07-17,6381.6001,
2007-07-18,6329.1001,
2007-07-19,6384.2002,
2007-07-20,6421.7998,
2007-07-23,6390.3999,
2007-07-24,6422.2998,
2007-07-25,6340.5,
2007-07-26,6258.5,
2007-07-27,6082.8999,
2007-07-30,6108.7998,
2007-07-31,6144.2002,
2007-08-01,5941.2002,
2007-08-02,6011.7998,
2007-08-03,6021.0,
2007-08-06,5920.2002,
2007-08-07,5985.0,
2007-08-08,6100.7998,
2007-08-09,6165.6001,
2007-08-10,5936.0,
2007-08-13,6011.6001,
2007-08-14,5964.7998,
2007-08-15,5788.0,
2007-08-16,5711.5,
2007-08-17,5671.0,
2007-08-20,5932.6001,
2007-08-21,5989.3999,
2007-08-22,6005.0,
2007-08-23,6159.7002,
2007-08-24,6088.5,
2007-08-27,6185.2002,
2007-08-28,6176.2998,
2007-08-29,6100.2998,
2007-08-30,6135.0,
2007-08-31,6247.2002,
2007-09-03,6267.2998,
2007-09-04,6293.2998,
2007-09-05,6262.7002,
2007-09-06,6251.0,
2007-09-07,6278.3999,
2007-09-10,6191.2002,
2007-09-11,6235.5,
2007-09-12,6220.2998,
2007-09-13,6230.6001,
2007-09-14,6306.7998,
2007-09-17,6271.3999,
2007-09-18,6192.5,
2007-09-19,6356.1001,
2007-09-20,6393.7002,
2007-09-21,6357.8999,
2007-09-24,6451.5,
2007-09-25,6483.0,
2007-09-26,6481.3999,
2007-09-27,6538.1001,
2007-09-28,6567.7998,
2007-10-01,6563.7002,
2007-10-02,6659.8999,
2007-10-03,6660.0,
2007-10-04,6566.8999,
2007-10-05,6605.3999,
2007-10-08,6654.2998,
2007-10-09,6677.7998,
2007-10-10,6738.2998,
2007-10-11,6771.8999,
2007-10-12,6748.8999,
2007-10-15,6739.0,
2007-10-16,6692.0,
2007-10-17,6680.1001,
2007-10-18,6767.7002,
2007-10-19,6706.2998,
2007-10-22,6577.2998,
2007-10-23,6660.8999,
2007-10-24,6634.3999,
2007-10-25,6624.2998,
2007-10-26,6700.6001,
2007-10-29,6792.1001,
2007-10-30,6750.2002,
2007-10-31,6754.1001,
2007-11-01,6828.7002,
2007-11-02,6696.6001,
2007-11-05,6582.2998,
2007-11-06,6628.0,
2007-11-07,6692.3999,
2007-11-08,6521.6001,
2007-11-09,6545.7002,
2007-11-12,6455.2998,
2007-11-13,6515.2002,
2007-11-14,6598.6001,
2007-11-15,6528.6001,
2007-11-16,6461.8999,
2007-11-19,6535.2002,
2007-11-20,6425.3999,
2007-11-21,6384.2998,
2007-11-22,6334.2998,
2007-11-23,6330.2002,
2007-11-26,6471.3999,
2007-11-27,6432.7002,
2007-11-28,6370.1001,
2007-11-29,6444.5,
2007-11-30,6533.1001,
2007-12-03,6533.5,
2007-12-04,6530.7998,
2007-12-05,6508.1001,
2007-12-06,6600.8999,
2007-12-07,6654.7002,
2007-12-10,6625.1001,
2007-12-11,6680.3999,
2007-12-12,6615.2002,
2007-12-13,6597.6001,
2007-12-14,6491.7002,
2007-12-17,6263.5,
2007-12-18,6236.8999,
2007-12-19,6216.3999,
2007-12-20,6176.8999,
2007-12-21,6247.0,
2007-12-24,6323.6001,
2007-12-27,6350.8999,
2007-12-28,6339.8999,
2007-12-31,6339.7998,
2008-01-02,6353.2002,
2008-01-03,6290.7002,
2008-01-04,6306.7998,
2008-01-07,6161.6001,
2008-01-08,6128.1001,
2008-01-09,6087.7002,
2008-01-10,6078.7002,
2008-01-11,5981.6001,
2008-01-14,5980.0,
2008-01-15,5960.0,
2008-01-16,5809.7002,
2008-01-17,5796.1001,
2008-01-18,5747.2998,
2008-01-21,5580.3999,
2008-01-22,5186.7998,
2008-01-23,5412.2998,
2008-01-24,5580.3999,
2008-01-25,5860.2998,
2008-01-29,5716.5,
2008-01-30,5618.7002,
2008-01-31,5650.2998,
2008-02-01,5842.8999,
2008-02-04,5867.3999,
2008-02-05,5792.8999,
2008-02-06,5609.3999,
2008-02-07,5596.7002,
2008-02-08,5658.0,
2008-02-11,5537.6001,
2008-02-12,5608.1001,
2008-02-13,5542.1001,
2008-02-14,5684.7998,
2008-02-15,5606.6001,
2008-02-18,5558.3999,
2008-02-19,5619.1001,
2008-02-20,5496.5,
2008-02-21,5583.3999,
2008-02-22,5559.8999,
2008-02-25,5621.6001,
2008-02-26,5666.1001,
2008-02-27,5767.2002,
2008-02-28,5651.2002,
2008-02-29,5572.1001,
2008-03-03,5405.7998,
2008-03-04,5380.2998,
2008-03-05,5376.6001,
2008-03-06,5435.5,
2008-03-07,5264.0,
2008-03-10,5180.3999,
2008-03-11,5134.2002,
2008-03-12,5257.8999,
2008-03-13,5135.8999,
2008-03-14,5206.8999,
2008-03-17,5087.0,
2008-03-18,5086.1001,
2008-03-19,5289.1001,
2008-03-20,5127.5,
2008-03-25,5318.3999,
2008-03-26,5381.3999,
2008-03-27,5371.6001,
2008-03-28,5351.1001,
2008-03-31,5355.7002,
2008-04-01,5361.2002,
2008-04-02,5502.8999,
2008-04-03,5608.8999,
2008-04-04,5619.6001,
2008-04-07,5625.0,
2008-04-08,5571.5,
2008-04-09,5520.2002,
2008-04-10,5446.3999,
2008-04-11,5439.2998,
2008-04-14,5342.3999,
2008-04-15,5400.3999,
2008-04-16,5470.2998,
2008-04-17,5519.0,
2008-04-18,5429.7002,
2008-04-21,5600.2998,
2008-04-22,5564.6001,
2008-04-23,5652.8999,
2008-04-24,5587.2998,
2008-04-28,5602.7002,
2008-04-29,5606.8999,
2008-04-30,5595.3999,
2008-05-01,5585.7998,
2008-05-02,5700.3999,
2008-05-05,5730.2998,
2008-05-06,5701.3999,
2008-05-07,5668.3999,
2008-05-08,5723.2002,
2008-05-09,5771.7998,
2008-05-12,5828.5,
2008-05-13,5812.7002,
2008-05-14,5872.7002,
2008-05-15,5890.7002,
2008-05-16,5931.0,
2008-05-19,5949.3999,
2008-05-20,5908.1001,
2008-05-21,5823.3999,
2008-05-22,5826.8999,
2008-05-23,5768.0,
2008-05-26,5707.0,
2008-05-27,5714.3999,
2008-05-28,5648.1001,
2008-05-29,5709.3999,
2008-05-30,5654.7002,
2008-06-02,5662.2998,
2008-06-03,5574.2002,
2008-06-04,5584.5,
2008-06-05,5530.1001,
2008-06-06,5592.1001,
2008-06-10,5437.5,
2008-06-11,5467.2998,
2008-06-12,5329.2002,
2008-06-13,5378.1001,
2008-06-16,5371.7002,
2008-06-17,5422.7002,
2008-06-18,5443.2002,
2008-06-19,5366.6001,
2008-06-20,5288.2998,
2008-06-23,5283.7002,
2008-06-24,5290.0,
2008-06-25,5237.7998,
2008-06-26,5307.0,
2008-06-27,5237.0,
2008-06-30,5215.2998,
2008-07-01,5138.8999,
2008-07-02,5094.7998,
2008-07-03,4998.2998,
2008-07-04,5082.1001,
2008-07-07,5002.5,
2008-07-08,4932.8999,
2008-07-09,5011.8999,
2008-07-10,4937.3999,
2008-07-11,4979.8999,
2008-07-14,4921.0,
2008-07-15,4815.7002,
2008-07-16,4870.6001,
2008-07-17,4901.0,
2008-07-18,4840.3999,
2008-07-21,5011.7998,
2008-07-22,5005.6001,
2008-07-23,5105.2998,
2008-07-24,5144.1001,
2008-07-25,4970.5,
2008-07-28,4922.1001,
2008-07-29,4847.3999,
2008-07-30,4936.7002,
2008-07-31,4977.3999,
2008-08-01,4904.0,
2008-08-04,4887.7002,
2008-08-05,4820.3999,
2008-08-06,4969.1001,
2008-08-07,4983.2998,
2008-08-08,4986.2002,
2008-08-11,5026.1001,
2008-08-12,5053.6001,
2008-08-13,4951.6001,
2008-08-14,4981.1001,
2008-08-15,4981.7002,
2008-08-18,4985.0,
2008-08-19,4866.3999,
2008-08-20,4929.5,
2008-08-21,4875.2002,
2008-08-22,4931.3999,
2008-08-25,5014.8999,
2008-08-26,5007.5,
2008-08-27,5011.2002,
2008-08-28,5066.5,
2008-08-29,5135.6001,
2008-09-01,5118.2998,
2008-09-02,5116.0,
2008-09-03,5060.0,
2008-09-04,4979.5,
2008-09-05,4877.1001,
2008-09-08,5067.5,
2008-09-09,4980.1001,
2008-09-10,4905.5,
2008-09-11,4814.2998,
2008-09-12,4903.7998,
2008-09-15,4817.7002,
2008-09-16,4750.7998,
2008-09-17,4722.2002,
2008-09-18,4607.2998,
2008-09-19,4804.1001,
2008-09-22,5020.5,
2008-09-23,4923.5,
2008-09-24,4981.8999,
2008-09-25,4927.3999,
2008-09-26,4904.7998,
2008-09-29,4807.3999,
2008-09-30,4600.5,
2008-10-01,4794.6001,
2008-10-02,4761.1001,
2008-10-03,4695.3999,
2008-10-06,4540.3999,
2008-10-07,4618.7002,
2008-10-08,4388.1001,
2008-10-09,4320.8999,
2008-10-10,3960.7,
2008-10-13,4180.7002,
2008-10-14,4335.2002,
2008-10-15,4300.0,
2008-10-16,4013.3999,
2008-10-17,3970.8,
2008-10-20,4142.2998,
2008-10-21,4302.5,
2008-10-22,4156.1001,
2008-10-23,3974.3999,
2008-10-24,3869.3999,
2008-10-27,3809.2,
2008-10-28,3794.6001,
2008-10-29,3845.6001,
2008-10-30,4001.1001,
2008-10-31,4018.0,
2008-11-03,4221.5,
2008-11-04,4215.1001,
2008-11-05,4336.6001,
2008-11-06,4149.7002,
2008-11-07,4051.3,
2008-11-10,4107.7998,
2008-11-11,3960.8999,
2008-11-12,3927.3,
2008-11-13,3697.3,
2008-11-14,3748.1001,
2008-11-17,3653.0,
2008-11-18,3523.2,
2008-11-19,3499.6001,
2008-11-20,3352.8999,
2008-11-21,3416.5,
2008-11-24,3425.1001,
2008-11-25,3623.3999,
2008-11-26,3540.0,
2008-11-27,3588.0,
2008-11-28,3742.5,
2008-12-01,3681.2,
2008-12-02,3528.2,
2008-12-03,3533.8,
2008-12-04,3532.3999,
2008-12-05,3489.8999,
2008-12-08,3631.6001,
2008-12-09,3604.3,
2008-12-10,3640.7,
2008-12-11,3598.0,
2008-12-12,3510.3999,
2008-12-15,3591.3999,
2008-12-16,3556.2,
2008-12-17,3570.6001,
2008-12-18,3581.2,
2008-12-19,3615.7,
2008-12-22,3557.3999,
2008-12-23,3531.3999,
2008-12-24,3582.2,
2008-12-29,3621.1001,
2008-12-30,3654.2,
2008-12-31,3722.3,
2009-01-02,3713.8,
2009-01-05,3687.0,
2009-01-06,3742.7,
2009-01-07,3779.7,
2009-01-08,3694.3,
2009-01-09,3735.7,
2009-01-12,3683.3,
2009-01-13,3654.6001,
2009-01-14,3687.0,
2009-01-15,3529.5,
2009-01-16,3550.8999,
2009-01-19,3589.3,
2009-01-20,3476.6001,
2009-01-21,3442.8,
2009-01-22,3486.8,
2009-01-23,3342.7,
2009-01-27,3444.0,
2009-01-28,3495.5,
2009-01-29,3526.2,
2009-01-30,3540.7,
2009-02-02,3497.3999,
2009-02-03,3508.7,
2009-02-04,3437.8999,
2009-02-05,3428.6001,
2009-02-06,3469.8999,
2009-02-09,3508.6001,
2009-02-10,3488.7,
2009-02-11,3474.3999,
2009-02-12,3514.3,
2009-02-13,3559.1001,
2009-02-16,3516.8999,
2009-02-17,3464.3,
2009-02-18,3413.2,
2009-02-19,3448.8999,
2009-02-20,3402.3999,
2009-02-23,3351.2,
2009-02-24,3331.6001,
2009-02-25,3327.5,
2009-02-26,3345.5,
2009-02-27,3344.5,
2009-03-02,3250.1001,
2009-03-03,3219.2,
2009-03-04,3166.3999,
2009-03-05,3188.5,
2009-03-06,3145.5,
2009-03-09,3154.5,
2009-03-10,3184.5,
2009-03-11,3244.3999,
2009-03-12,3235.5,
2009-03-13,3345.2,
2009-03-16,3348.3999,
2009-03-17,3451.8999,
2009-03-18,3446.3,
2009-03-19,3480.2,
2009-03-20,3465.8,
2009-03-23,3550.3,
2009-03-24,3580.0,
2009-03-25,3609.3,
2009-03-26,3646.6001,
2009-03-27,3672.3,
2009-03-30,3604.3999,
2009-03-31,3582.1001,
2009-04-01,3579.7,
2009-04-02,3680.2,
2009-04-03,3735.6001,
2009-04-06,3756.6001,
2009-04-07,3706.3,
2009-04-08,3619.5,
2009-04-09,3671.6001,
2009-04-14,3752.8999,
2009-04-15,3747.5,
2009-04-16,3775.7,
2009-04-17,3776.7,
2009-04-20,3769.0,
2009-04-21,3677.3999,
2009-04-22,3668.2,
2009-04-23,3743.0,
2009-04-24,3712.3,
2009-04-27,3731.6001,
2009-04-28,3708.3999,
2009-04-29,3695.3,
2009-04-30,3780.5,
2009-05-01,3769.6001,
2009-05-04,3883.0,
2009-05-05,3890.3999,
2009-05-06,3867.1001,
2009-05-07,3938.7,
2009-05-08,3941.7,
2009-05-11,3926.0,
2009-05-12,3877.2,
2009-05-13,3856.1001,
2009-05-14,3723.3999,
2009-05-15,3773.2,
2009-05-18,3735.6001,
2009-05-19,3817.3,
2009-05-20,3824.6001,
2009-05-21,3813.8999,
2009-05-22,3761.6001,
2009-05-25,3737.8999,
2009-05-26,3788.3999,
2009-05-27,3801.1001,
2009-05-28,3755.7,
2009-05-29,3818.0,
2009-06-01,3894.3999,
2009-06-02,3955.3,
2009-06-03,4017.2,
2009-06-04,3934.6001,
2009-06-05,3971.2,
2009-06-09,3934.8999,
2009-06-10,4024.3999,
2009-06-11,4047.2,
2009-06-12,4062.2,
2009-06-15,4031.7,
2009-06-16,3962.5,
2009-06-17,3904.1001,
2009-06-18,3892.1001,
2009-06-19,3899.6001,
2009-06-22,3918.2,
2009-06-23,3796.8999,
2009-06-24,3807.0,
2009-06-25,3856.0,
2009-06-26,3903.8,
2009-06-29,3886.8999,
2009-06-30,3954.8999,
2009-07-01,3874.0,
2009-07-02,3877.3,
2009-07-03,3828.2,
2009-07-06,3783.7,
2009-07-07,3766.8999,
2009-07-08,3767.8999,
2009-07-09,3763.3,
2009-07-10,3794.1001,
2009-07-13,3737.5,
2009-07-14,3867.1001,
2009-07-15,3924.5,
2009-07-16,3995.6001,
2009-07-17,4000.8,
2009-07-20,4050.3,
2009-07-21,4050.7,
2009-07-22,4068.5,
2009-07-23,4064.1001,
2009-07-24,4089.8,
2009-07-27,4139.6001,
2009-07-28,4169.5,
2009-07-29,4142.7998,
2009-07-30,4190.5,
2009-07-31,4244.0,
2009-08-03,4263.3999,
2009-08-04,4309.2998,
2009-08-05,4264.5,
2009-08-06,4326.2998,
2009-08-07,4299.3999,
2009-08-10,4304.1001,
2009-08-11,4332.0,
2009-08-12,4343.1001,
2009-08-13,4435.8999,
2009-08-14,4461.0,
2009-08-17,4388.3999,
2009-08-18,4381.6001,
2009-08-19,4373.7998,
2009-08-20,4377.5,
2009-08-21,4290.6001,
2009-08-24,4426.1001,
2009-08-25,4405.7998,
2009-08-26,4454.5,
2009-08-27,4450.7998,
2009-08-28,4489.6001,
2009-08-31,4479.1001,
2009-09-01,4514.6001,
2009-09-02,4438.2002,
2009-09-03,4429.6001,
2009-09-04,4435.5,
2009-09-07,4454.3999,
2009-09-08,4523.7998,
2009-09-09,4522.2002,
2009-09-10,4570.7998,
2009-09-11,4596.1001,
2009-09-14,4531.1001,
2009-09-15,4540.2998,
2009-09-16,4650.3999,
2009-09-17,4714.8999,
2009-09-18,4693.2002,
2009-09-21,4677.3999,
2009-09-22,4663.7002,
2009-09-23,4734.1001,
2009-09-24,4701.2002,
2009-09-25,4713.2998,
2009-09-28,4677.3999,
2009-09-29,4753.1001,
2009-09-30,4743.6001,
2009-10-01,4701.1001,
2009-10-02,4601.7002,
2009-10-05,4573.2998,
2009-10-06,4591.6001,
2009-10-07,4695.7002,
2009-10-08,4768.6001,
2009-10-09,4752.8999,
2009-10-12,4739.7998,
2009-10-13,4785.7002,
2009-10-14,4831.1001,
2009-10-15,4859.8999,
2009-10-16,4836.3999,
2009-10-19,4792.7998,
2009-10-20,4846.2002,
2009-10-21,4838.6001,
2009-10-22,4812.7998,
2009-10-23,4859.3999,
2009-10-26,4830.2998,
2009-10-27,4753.5,
2009-10-28,4685.1001,
2009-10-29,4574.7002,
2009-10-30,4643.2002,
2009-11-02,4540.3999,
2009-11-03,4531.5,
2009-11-04,4540.1001,
2009-11-05,4508.0,
2009-11-06,4594.0,
2009-11-09,4674.8999,
2009-11-10,4733.6001,
2009-11-11,4757.0,
2009-11-12,4747.8999,
2009-11-13,4706.3999,
2009-11-16,4755.2002,
2009-11-17,4729.3999,
2009-11-18,4739.0,
2009-11-19,4749.2002,
2009-11-20,4685.7998,
2009-11-23,4717.0,
2009-11-24,4685.0,
2009-11-25,4722.2002,
2009-11-26,4708.6001,
2009-11-27,4572.1001,
2009-11-30,4701.3999,
2009-12-01,4719.0,
2009-12-02,4762.3999,
2009-12-03,4774.6001,
2009-12-04,4702.2002,
2009-12-07,4676.5,
2009-12-08,4670.6001,
2009-12-09,4637.8999,
2009-12-10,4606.7002,
2009-12-11,4635.2002,
2009-12-14,4654.0,
2009-12-15,4673.5,
2009-12-16,4661.8999,
2009-12-17,4670.2998,
2009-12-18,4650.5,
2009-12-21,4635.1001,
2009-12-22,4704.2002,
2009-12-23,4739.2998,
2009-12-24,4790.8999,
2009-12-29,4845.1001,
2009-12-30,4833.2998,
2009-12-31,4870.6001,
2010-01-04,4876.2998,
2010-01-05,4924.2998,
2010-01-06,4921.3999,
2010-01-07,4899.3999,
2010-01-08,4912.1001,
2010-01-11,4950.7002,
2010-01-12,4899.5,
2010-01-13,4868.1001,
2010-01-14,4898.0,
2010-01-15,4899.6001,
2010-01-18,4911.1001,
2010-01-19,4861.2002,
2010-01-20,4868.2002,
2010-01-21,4827.2002,
2010-01-22,4750.6001,
2010-01-25,4717.8999,
2010-01-27,4644.6001,
2010-01-28,4673.2998,
2010-01-29,4569.6001,
2010-02-01,4524.1001,
2010-02-02,4605.2998,
2010-02-03,4647.8999,
2010-02-04,4621.6001,
2010-02-05,4514.1001,
2010-02-08,4521.3999,
2010-02-09,4505.1001,
2010-02-10,4513.3999,
2010-02-11,4554.2998,
2010-02-12,4562.1001,
2010-02-15,4545.5,
2010-02-16,4567.7998,
2010-02-17,4667.8999,
2010-02-18,4654.8999,
2010-02-19,4635.1001,
2010-02-22,4717.5,
2010-02-23,4718.2998,
2010-02-24,4648.5,
2010-02-25,4594.1001,
2010-02-26,4637.7002,
2010-03-01,4686.5,
2010-03-02,4701.8999,
2010-03-03,4735.7002,
2010-03-04,4750.5,
2010-03-05,4767.2002,
2010-03-08,4807.8999,
2010-03-09,4820.1001,
2010-03-10,4820.0,
2010-03-11,4814.2002,
2010-03-12,4818.1001,
2010-03-15,4784.1001,
2010-03-16,4797.2002,
2010-03-17,4853.2002,
2010-03-18,4863.1001,
2010-03-19,4872.2002,
2010-03-22,4830.2002,
2010-03-23,4874.7998,
2010-03-24,4891.5,
2010-03-25,4885.3999,
2010-03-26,4896.8999,
2010-03-29,4897.2998,
2010-03-30,4916.7998,
2010-03-31,4875.5,
2010-04-01,4907.7002,
2010-04-06,4953.7002,
2010-04-07,4960.8999,
2010-04-08,4937.8999,
2010-04-09,4948.1001,
2010-04-12,4984.2998,
2010-04-13,4951.6001,
2010-04-14,4994.7002,
2010-04-15,5001.8999,
2010-04-16,4984.7002,
2010-04-19,4915.1001,
2010-04-20,4925.7998,
2010-04-21,4954.2998,
2010-04-22,4907.3999,
2010-04-23,4881.5,896401500
2010-04-27,4880.0,
2010-04-28,4822.7998,
2010-04-29,4785.6001,
2010-04-30,4807.3999,
2010-05-03,4785.5,
2010-05-04,4737.1001,
2010-05-05,4674.0,
2010-05-06,4573.2002,
2010-05-07,4480.7002,
2010-05-10,4599.7998,
2010-05-11,4548.0,
2010-05-12,4573.0,
2010-05-13,4652.7998,
2010-05-14,4611.1001,
2010-05-17,4467.2002,
2010-05-18,4470.7002,
2010-05-19,4387.1001,
2010-05-20,4316.5,
2010-05-21,4305.3999,
2010-05-24,4395.3999,
2010-05-25,4265.2998,
2010-05-26,4307.2002,
2010-05-27,4379.2002,
2010-05-28,4457.5,
2010-05-31,4429.7002,
2010-06-01,4413.1001,
2010-06-02,4381.0,
2010-06-03,4486.0,
2010-06-04,4449.3999,
2010-06-07,4325.8999,
2010-06-08,4381.2002,
2010-06-09,4385.2998,
2010-06-10,4435.2998,
2010-06-11,4505.5,
2010-06-15,4505.0,
2010-06-17,4527.2998,
2010-06-18,4551.8999,
2010-06-21,4612.6001,
2010-06-22,4558.2998,
2010-06-23,4486.1001,
2010-06-24,4479.7002,
2010-06-25,4413.0,
2010-06-28,4384.5,
2010-06-29,4345.7002,
2010-06-30,4301.5,
2010-07-01,4237.5,
2010-07-02,4238.7002,
2010-07-05,4222.1001,
2010-07-06,4276.1001,
2010-07-07,4254.6001,
2010-07-08,4356.8999,
2010-07-09,4396.2998,
2010-07-12,4409.8999,
2010-07-13,4380.2998,
2010-07-14,4462.3999,
2010-07-15,4442.6001,
2010-07-16,4422.7002,
2010-07-19,4358.2998,
2010-07-20,4403.6001,
2010-07-21,4412.7002,
2010-07-22,4374.7002,
2010-07-23,4458.3999,
2010-07-26,4486.1001,
2010-07-27,4497.3999,
2010-07-28,4529.8999,
2010-07-29,4524.1001,
2010-07-30,4493.5,
2010-08-02,4541.6001,
2010-08-03,4571.6001,
2010-08-04,4542.1001,
2010-08-05,4566.5,
2010-08-06,4566.1001,
2010-08-09,4594.8999,
2010-08-10,4540.7002,
2010-08-11,4455.5,
2010-08-12,4400.8999,
2010-08-13,4459.6001,
2010-08-16,4438.5,
2010-08-17,4477.0,
2010-08-18,4474.8999,
2010-08-19,4479.0,
2010-08-20,4430.8999,
2010-08-23,4429.0,
2010-08-24,4381.2998,
2010-08-25,4320.1001,
2010-08-26,4356.0,
2010-08-27,4370.1001,
2010-08-30,4452.7002,
2010-08-31,4404.2002,
2010-09-01,4495.7002,
2010-09-02,4532.7002,
2010-09-03,4541.2002,
2010-09-06,4575.5,
2010-09-07,4573.2002,
2010-09-08,4537.2002,
2010-09-09,4582.2002,
2010-09-10,4560.2998,
2010-09-13,4614.8999,
2010-09-14,4626.5,
2010-09-15,4661.5,
2010-09-16,4605.2998,
2010-09-17,4638.8999,
2010-09-20,4631.2998,
2010-09-21,4617.5,
2010-09-22,4625.2002,
2010-09-23,4633.6001,
2010-09-24,4601.8999,
2010-09-27,4675.3999,
2010-09-28,4669.7998,
2010-09-29,4645.0,
2010-09-30,4582.8999,
2010-10-01,4579.2002,
2010-10-04,4625.2998,
2010-10-05,4606.8999,
2010-10-06,4686.7998,
2010-10-07,4691.2998,
2010-10-08,4681.3999,
2010-10-11,4697.5,
2010-10-12,4618.2002,
2010-10-13,4619.8999,
2010-10-14,4699.1001,
2010-10-15,4689.0,
2010-10-18,4651.8999,
2010-10-19,4655.7002,
2010-10-20,4624.8999,
2010-10-21,4622.8999,
2010-10-22,4648.2002,
2010-10-25,4710.0,
2010-10-26,4687.7998,
2010-10-27,4648.1001,
2010-10-28,4684.8999,
2010-10-29,4661.6001,
2010-11-01,4698.5,753375400
2010-11-02,4701.3999,651733200
2010-11-03,4722.6001,
2010-11-04,4745.2998,
2010-11-05,4800.6001,
2010-11-08,4778.3999,
2010-11-09,4740.7002,
2010-11-10,4699.7998,
2010-11-11,4728.6001,
2010-11-12,4692.7002,
2010-11-15,4688.0,
2010-11-16,4700.2998,
2010-11-17,4624.2998,
2010-11-18,4640.2002,
2010-11-19,4629.2002,
2010-11-22,4643.5,
2010-11-23,4589.1001,
2010-11-24,4584.6001,
2010-11-25,4593.3999,
2010-11-26,4598.2998,
2010-11-29,4618.5,
2010-11-30,4584.3999,
2010-12-01,4586.6001,
2010-12-02,4676.2002,
2010-12-03,4694.2002,
2010-12-06,4688.6001,
2010-12-07,4726.7998,
2010-12-08,4699.8999,
2010-12-09,4741.2998,
2010-12-10,4745.8999,
2010-12-13,4757.1001,
2010-12-14,4766.8999,
2010-12-15,4767.7998,
2010-12-16,4784.0,
2010-12-17,4763.1001,
2010-12-20,4736.6001,
2010-12-21,4771.8999,
2010-12-22,4778.3999,
2010-12-23,4799.0,
2010-12-24,4777.2998,
2010-12-29,4775.2002,
2010-12-30,4790.3999,505126600
2010-12-31,4745.2002,313237300
2011-01-04,4742.5,
2011-01-05,4714.8999,
2011-01-06,4725.0,
2011-01-07,4705.0,
2011-01-10,4712.2998,
2011-01-11,4710.7002,
2011-01-12,4724.2002,
2011-01-13,4795.2002,
2011-01-14,4801.5,
2011-01-17,4763.1001,
2011-01-18,4801.7998,
2011-01-19,4834.6001,
2011-01-20,4783.7002,
2011-01-21,4755.7002,
2011-01-24,4786.0,
2011-01-25,4807.7998,826601000
2011-01-27,4806.1001,
2011-01-28,4774.8999,
2011-01-31,4753.8999,
2011-02-01,4752.1001,
2011-02-02,4796.5,
2011-02-03,4820.6001,
2011-02-04,4862.7002,
2011-02-07,4868.5,
2011-02-08,4890.3999,
2011-02-09,4904.7998,
2011-02-10,4914.3999,
2011-02-11,4880.8999,
2011-02-14,4935.7998,794180000
2011-02-15,4931.0,743563600
2011-02-16,4930.2002,
2011-02-17,4938.3999,
2011-02-18,4936.7002,
2011-02-21,4900.0,
2011-02-22,4856.7002,
2011-02-23,4845.8999,
2011-02-24,4809.2998,
2011-02-25,4836.5,
2011-02-28,4831.7002,
2011-03-01,4826.3999,
2011-03-02,4803.2002,
2011-03-03,4806.3999,
2011-03-04,4864.2998,
2011-03-07,4797.8999,
2011-03-08,4808.2002,
2011-03-09,4767.7998,
2011-03-10,4699.7002,
2011-03-11,4644.7998,
2011-03-15,4528.7002,
2011-03-16,4558.2002,
2011-03-17,4555.2998,
2011-03-18,4626.3999,
2011-03-21,4642.7998,
2011-03-22,4643.3999,
2011-03-23,4652.3999,
2011-03-24,4699.6001,
2011-03-25,4742.6001,
2011-03-28,4733.6001,
2011-03-29,4755.7998,
2011-03-30,4822.2002,
2011-03-31,4837.8999,
2011-04-01,4861.7998,
2011-04-04,4886.7998,
2011-04-05,4900.1001,
2011-04-06,4912.8999,
2011-04-07,4908.1001,
2011-04-08,4940.6001,
2011-04-11,4971.2002,
2011-04-12,4898.7002,
2011-04-13,4911.0,
2011-04-14,4884.2002,
2011-04-15,4852.1001,
2011-04-18,4861.8999,
2011-04-19,4793.2998,
2011-04-20,4859.0,
2011-04-21,4913.7998,723050600
2011-04-27,4872.8999,
2011-04-28,4873.0,
2011-04-29,4823.2002,
2011-05-02,4825.2998,
2011-05-03,4784.6001,
2011-05-04,4740.1001,
2011-05-05,4753.7002,
2011-05-06,4743.0,
2011-05-09,4756.7998,
2011-05-10,4725.7998,
2011-05-11,4780.2002,
2011-05-12,4696.1001,
2011-05-13,4711.3999,
2011-05-16,4650.0,
2011-05-17,4683.8999,
2011-05-18,4693.7002,
2011-05-19,4756.3999,
2011-05-20,4732.2002,
2011-05-23,4643.0,
2011-05-24,4628.7998,
2011-05-25,4584.7002,
2011-05-26,4660.2002,
2011-05-27,4684.0,
2011-05-30,4667.5,
2011-05-31,4708.2998,
2011-06-01,4707.2998,
2011-06-02,4600.3999,
2011-06-03,4583.1001,
2011-06-06,4569.1001,
2011-06-07,4566.2998,
2011-06-08,4536.7998,
2011-06-09,4549.6001,
2011-06-10,4562.1001,
2011-06-14,4585.0,
2011-06-15,4566.7998,
2011-06-16,4479.2002,
2011-06-17,4484.8999,
2011-06-20,4451.7002,
2011-06-21,4508.2002,
2011-06-22,4532.6001,
2011-06-23,4500.5,
2011-06-24,4508.1001,
2011-06-27,4461.7998,
2011-06-28,4474.2998,
2011-06-29,4529.5,
2011-06-30,4608.0,
2011-07-01,4591.2002,
2011-07-04,4610.7002,
2011-07-05,4598.1001,
2011-07-06,4605.0,
2011-07-07,4605.5,
2011-07-08,4654.7002,
2011-07-11,4582.2998,
2011-07-12,4495.3999,
2011-07-13,4514.7998,
2011-07-14,4490.7002,
2011-07-15,4473.5,
2011-07-18,4472.0,
2011-07-19,4468.1001,
2011-07-20,4549.7002,
2011-07-21,4556.0,
2011-07-22,4602.8999,
2011-07-25,4530.3999,
2011-07-26,4573.2998,
2011-07-27,4537.3999,
2011-07-28,4463.7998,
2011-07-29,4424.6001,
2011-08-02,4433.6001,
2011-08-03,4332.7998,
2011-08-04,4276.5,
2011-08-05,4105.3999,
2011-08-08,3986.1001,
2011-08-09,4034.8,
2011-08-10,4141.2998,
2011-08-11,4140.7998,
2011-08-12,4172.6001,
2011-08-15,4282.8999,
2011-08-16,4247.2998,
2011-08-17,4303.8999,
2011-08-18,4251.2002,
2011-08-19,4101.8999,
2011-08-22,4082.3,
2011-08-23,4173.3999,
2011-08-24,4167.6001,
2011-08-25,4212.7998,
2011-08-26,4200.0,
2011-08-29,4263.2998,
2011-08-30,4269.2002,
2011-08-31,4296.5,
2011-09-01,4307.5,
2011-09-02,4242.8999,
2011-09-05,4141.8999,
2011-09-06,4075.5,
2011-09-07,4183.3999,
2011-09-08,4188.0,
2011-09-09,4194.7002,
2011-09-12,4038.5,
2011-09-13,4072.7,
2011-09-14,4005.8,
2011-09-15,4071.7,
2011-09-16,4149.3999,
2011-09-19,4081.5,
2011-09-20,4040.2,
2011-09-21,4071.8,
2011-09-22,3964.8999,
2011-09-23,3903.2,
2011-09-26,3863.8999,
2011-09-27,4004.6001,
2011-09-28,4039.5,
2011-09-29,4008.3,
2011-09-30,4008.6001,
2011-10-04,3872.1001,
2011-10-05,3926.5,
2011-10-06,4069.8999,
2011-10-07,4162.8999,
2011-10-11,4227.6001,
2011-10-12,4204.2998,
2011-10-13,4244.5,
2011-10-14,4205.6001,
2011-10-17,4275.3999,
2011-10-18,4186.8999,
2011-10-19,4213.7002,
2011-10-20,4144.8999,
2011-10-21,4141.8999,
2011-10-24,4255.0,
2011-10-25,4227.8999,
2011-10-26,4242.5,
2011-10-27,4348.2002,
2011-10-28,4353.2998,
2011-10-31,4298.1001,
2011-11-02,4184.6001,
2011-11-03,4171.7998,
2011-11-04,4281.1001,
2011-11-07,4273.3999,
2011-11-08,4293.7998,
2011-11-09,4346.1001,
2011-11-10,4244.1001,
2011-11-11,4296.5,
2011-11-14,4304.6001,
2011-11-15,4285.6001,
2011-11-16,4247.3999,
2011-11-17,4258.2002,
2011-11-18,4177.0,
2011-11-21,4163.0,
2011-11-22,4133.0,
2011-11-23,4051.0,
2011-11-24,4044.2,
2011-11-25,3984.3,
2011-11-28,4058.2,
2011-11-29,4102.1001,
2011-11-30,4119.7998,
2011-12-01,4228.6001,
2011-12-02,4288.0,
2011-12-05,4321.2998,
2011-12-06,4262.0,
2011-12-07,4292.5,
2011-12-08,4280.7002,
2011-12-09,4203.0,
2011-12-12,4252.7998,
2011-12-13,4193.3999,
2011-12-14,4190.5,
2011-12-15,4139.7998,
2011-12-16,4159.2002,
2011-12-19,4060.3999,
2011-12-20,4053.1001,
2011-12-21,4139.5,
2011-12-22,4090.8,
2011-12-23,4140.3999,
2011-12-28,4088.8,
2011-12-29,4071.1001,
2011-12-30,4056.6001,
2012-01-03,4101.2002,
2012-01-04,4187.7998,
2012-01-05,4142.7002,
2012-01-06,4108.5,
2012-01-09,4105.3999,
2012-01-10,4152.2002,
2012-01-11,4187.5,
2012-01-12,4181.0,
2012-01-13,4195.8999,
2012-01-17,4215.6001,
2012-01-18,4217.8999,
2012-01-19,4214.7998,
2012-01-20,4239.6001,
2012-01-23,4225.1001,
2012-01-24,4224.2002,
2012-01-25,4271.2998,
2012-01-27,4288.3999,
2012-01-30,4272.7002,
2012-01-31,4262.7002,
2012-02-01,4225.7002,
2012-02-02,4267.7998,
2012-02-03,4251.2002,
2012-02-06,4296.0,
2012-02-07,4274.2002,
2012-02-08,4290.7002,
2012-02-09,4282.8999,
2012-02-10,4245.2998,
2012-02-13,4285.1001,
2012-02-14,4242.7998,
2012-02-15,4253.3999,
2012-02-16,4181.8999,
2012-02-17,4195.8999,
2012-02-20,4256.1001,
2012-02-21,4291.2002,
2012-02-22,4293.1001,
2012-02-23,4286.2002,
2012-02-24,4306.7998,
2012-02-27,4267.3999,
2012-02-28,4262.7002,
2012-02-29,4298.5,
2012-03-01,4255.5,
2012-03-02,4273.1001,
2012-03-05,4263.0,
2012-03-06,4204.7002,
2012-03-07,4143.7002,
2012-03-08,4171.0,
2012-03-09,4212.0,
2012-03-12,4196.7002,
2012-03-13,4247.6001,
2012-03-14,4287.2002,
2012-03-15,4277.7998,
2012-03-16,4276.2002,
2012-03-19,4290.7998,
2012-03-20,4275.0,
2012-03-21,4254.2998,
2012-03-22,4273.7002,
2012-03-23,4270.3999,
2012-03-26,4262.7998,
2012-03-27,4301.2998,
2012-03-28,4343.5,
2012-03-29,4337.8999,
2012-03-30,4335.2002,
2012-04-02,4329.2998,
2012-04-03,4337.0,
2012-04-04,4333.8999,
2012-04-05,4319.7998,
2012-04-10,4292.2998,
2012-04-12,4280.6001,
2012-04-13,4323.2998,
2012-04-16,4302.2998,
2012-04-17,4288.7998,
2012-04-18,4348.7002,
2012-04-19,4362.7002,
2012-04-20,4366.5,
2012-04-23,4352.3999,
2012-04-24,4360.3999,
2012-04-26,4375.2002,
2012-04-27,4362.1001,
2012-04-30,4396.6001,
2012-05-01,4429.5,
2012-05-02,4435.8999,
2012-05-03,4429.0,
2012-05-04,4396.0,
2012-05-07,4301.2998,
2012-05-08,4314.3999,
2012-05-09,4275.1001,
2012-05-10,4295.6001,
2012-05-11,4285.1001,
2012-05-14,4297.0,
2012-05-15,4266.2998,
2012-05-16,4165.5,
2012-05-17,4157.3999,
2012-05-18,4046.5,
2012-05-21,4073.6001,
2012-05-22,4121.0,
2012-05-23,4067.0,
2012-05-24,4055.8,
2012-05-25,4029.2,
2012-05-28,4068.0,
2012-05-29,4114.3999,
2012-05-30,4094.2,
2012-05-31,4076.3,
2012-06-01,4063.8999,
2012-06-04,3985.0,
2012-06-05,4043.7,
2012-06-06,4055.3,
2012-06-07,4108.6001,
2012-06-08,4063.7,
2012-06-12,4072.8999,
2012-06-13,4063.8,
2012-06-14,4042.2,
2012-06-15,4057.3,
2012-06-18,4136.8999,
2012-06-19,4123.2998,
2012-06-20,4132.3999,
2012-06-21,4087.6001,
2012-06-22,4048.2,
2012-06-25,4027.8,
2012-06-26,4013.3,
2012-06-27,4043.2,
2012-06-28,4044.8,
2012-06-29,4094.6001,
2012-07-02,4133.0,
2012-07-03,4127.2002,
2012-07-04,4172.2002,
2012-07-05,4169.2002,
2012-07-06,4157.7998,
2012-07-09,4118.2998,
2012-07-10,4098.0,
2012-07-11,4096.5,
2012-07-12,4068.0,
2012-07-13,4082.2,
2012-07-16,4105.1001,
2012-07-17,4140.7998,
2012-07-18,4123.6001,
2012-07-19,4206.7002,
2012-07-20,4199.1001,
2012-07-23,4128.8999,
2012-07-24,4133.2002,
2012-07-25,4123.8999,
2012-07-26,4147.7002,
2012-07-27,4209.7998,
2012-07-30,4245.7002,
2012-07-31,4269.2002,
2012-08-01,4262.7998,
2012-08-02,4269.5,
2012-08-03,4221.5,
2012-08-06,4272.6001,
2012-08-07,4291.6001,
2012-08-08,4312.6001,
2012-08-09,4308.2998,
2012-08-10,4277.2998,
2012-08-13,4283.2998,
2012-08-14,4292.2002,
2012-08-15,4281.2002,
2012-08-16,4330.2002,
2012-08-17,4370.1001,
2012-08-20,4364.2998,
2012-08-21,4383.3999,
2012-08-22,4376.0,
2012-08-23,4383.7002,
2012-08-24,4349.0,
2012-08-27,4343.7002,
2012-08-28,4359.3999,
2012-08-29,4356.3999,
2012-08-30,4315.7002,
2012-08-31,4316.1001,
2012-09-03,4329.7002,
2012-09-04,4303.5,
2012-09-05,4278.7998,
2012-09-06,4312.8999,
2012-09-07,4325.7998,
2012-09-10,4333.7998,
2012-09-11,4325.7998,
2012-09-12,4361.2998,
2012-09-13,4339.3999,
2012-09-14,4390.0,
2012-09-17,4402.5,
2012-09-18,4394.7002,
2012-09-19,4418.3999,
2012-09-20,4397.2002,
2012-09-21,4408.2998,
2012-09-24,4385.5,
2012-09-25,4372.8999,
2012-09-26,4361.6001,
2012-09-27,4384.2002,
2012-09-28,4387.0,
2012-10-01,4388.6001,
2012-10-02,4433.0,
2012-10-03,4438.6001,
2012-10-04,4452.3999,
2012-10-05,4494.3999,
2012-10-08,4481.8999,
2012-10-09,4505.2998,
2012-10-10,4490.7002,
2012-10-11,4483.5,
2012-10-12,4486.6001,
2012-10-15,4483.3999,
2012-10-16,4491.5,
2012-10-17,4528.2002,
2012-10-18,4559.3999,
2012-10-19,4571.1001,
2012-10-22,4541.0,
2012-10-23,4543.1001,
2012-10-24,4505.7998,
2012-10-25,4510.5,
2012-10-26,4472.3999,
2012-10-29,4476.8999,
2012-10-30,4485.7002,
2012-10-31,4517.0,
2012-11-01,4457.6001,
2012-11-02,4460.1001,
2012-11-05,4474.1001,
2012-11-06,4484.7998,
2012-11-07,4516.5,
2012-11-08,4483.7998,
2012-11-09,4462.0,
2012-11-12,4448.0,
2012-11-13,4379.7998,
2012-11-14,4388.3999,
2012-11-15,4349.2998,
2012-11-16,4336.7998,
2012-11-19,4361.3999,
2012-11-20,4385.7002,
2012-11-21,4369.5,
2012-11-22,4413.1001,
2012-11-23,4413.0,
2012-11-26,4424.2002,
2012-11-27,4456.7998,
2012-11-28,4447.2998,
2012-11-29,4477.7002,
2012-11-30,4506.0,
2012-12-03,4531.5,
2012-12-04,4503.6001,
2012-12-05,4520.3999,
2012-12-06,4509.2998,
2012-12-07,4551.7998,
2012-12-10,4557.8999,
2012-12-11,4576.0,
2012-12-12,4583.7998,
2012-12-13,4582.7998,
2012-12-14,4583.1001,
2012-12-17,4573.3999,
2012-12-18,4595.2002,
2012-12-19,4617.7998,
2012-12-20,4634.1001,
2012-12-21,4623.6001,
2012-12-24,4635.2002,
2012-12-27,4648.0,
2012-12-28,4671.2998,
2012-12-31,4649.0,
2013-01-02,4705.8999,
2013-01-03,4740.7002,
2013-01-04,4723.7998,
2013-01-07,4717.2998,
2013-01-08,4690.2998,
2013-01-09,4708.1001,
2013-01-10,4723.0,
2013-01-11,4709.5,
2013-01-14,4719.7002,
2013-01-15,4716.6001,
2013-01-16,4738.3999,
2013-01-17,4756.6001,
2013-01-18,4771.2002,
2013-01-21,4777.5,
2013-01-22,4779.1001,
2013-01-23,4787.7998,
2013-01-24,4810.2002,
2013-01-25,4835.2002,
2013-01-29,4889.0,
2013-01-30,4896.7002,
2013-01-31,4878.7998,
2013-02-01,4921.1001,
2013-02-04,4907.5,
2013-02-05,4882.7002,
2013-02-06,4921.0,
2013-02-07,4935.7002,
2013-02-08,4971.2998,
2013-02-11,4959.5,
2013-02-12,4959.0,
2013-02-13,5003.7002,
2013-02-14,5036.8999,
2013-02-15,5033.8999,
2013-02-18,5063.3999,
2013-02-19,5081.8999,
2013-02-20,5098.7002,
2013-02-21,4980.1001,
2013-02-22,5018.1001,
2013-02-25,5055.7998,
2013-02-26,5003.6001,
2013-02-27,5036.6001,
2013-02-28,5104.1001,
2013-03-01,5086.1001,
2013-03-04,5010.5,
2013-03-05,5075.3999,
2013-03-06,5116.7998,
2013-03-07,5109.2002,
2013-03-08,5123.3999,
2013-03-11,5146.8999,
2013-03-12,5117.8999,
2013-03-13,5092.3999,
2013-03-14,5032.2002,
2013-03-15,5120.2002,
2013-03-18,5015.3999,
2013-03-19,4987.3999,
2013-03-20,4967.3999,
2013-03-21,4959.3999,
2013-03-22,4967.2998,
2013-03-25,4990.2002,
2013-03-26,4950.2002,
2013-03-27,4995.0,
2013-03-28,4966.5,
2013-04-02,4985.5,
2013-04-03,4957.7002,
2013-04-04,4913.5,
2013-04-05,4891.3999,
2013-04-08,4905.5,
2013-04-09,4976.7998,
2013-04-10,4968.0,
2013-04-11,5007.1001,
2013-04-12,5013.5,
2013-04-15,4967.8999,
2013-04-16,4950.7998,
2013-04-17,5004.6001,
2013-04-18,4924.3999,
2013-04-19,4931.8999,
2013-04-22,4966.6001,
2013-04-23,5016.2002,
2013-04-24,5102.3999,
2013-04-26,5097.5,
2013-04-29,5125.7998,
2013-04-30,5191.2002,
2013-05-01,5166.2002,
2013-05-02,5130.0,
2013-05-03,5129.5,
2013-05-06,5156.2002,
2013-05-07,5143.7002,
2013-05-08,5199.7998,
2013-05-09,5198.3999,
2013-05-10,5206.1001,
2013-05-13,5210.2998,
2013-05-14,5221.0,
2013-05-15,5191.7002,
2013-05-16,5165.7002,
2013-05-17,5180.7998,
2013-05-20,5209.0,
2013-05-21,5180.1001,
2013-05-22,5165.3999,
2013-05-23,5062.3999,
2013-05-24,4983.5,
2013-05-27,4959.8999,
2013-05-28,4970.7002,
2013-05-29,4974.7002,
2013-05-30,4930.7002,
2013-05-31,4926.6001,
2013-06-03,4888.2998,
2013-06-04,4900.7998,
2013-06-05,4835.2002,
2013-06-06,4781.2002,
2013-06-07,4737.7002,
2013-06-11,4757.1001,
2013-06-12,4724.5,
2013-06-13,4695.7998,
2013-06-14,4791.7998,
2013-06-17,4825.8999,
2013-06-18,4814.3999,
2013-06-19,4861.3999,
2013-06-20,4758.3999,
2013-06-21,4738.7998,
2013-06-24,4669.1001,
2013-06-25,4656.0,
2013-06-26,4731.7002,
2013-06-27,4811.2998,
2013-06-28,4802.6001,
2013-07-01,4710.2998,
2013-07-02,4834.0,
2013-07-03,4744.1001,
2013-07-04,4794.7002,
2013-07-05,4841.7002,564258800
2013-07-08,4809.5,
2013-07-09,4881.7002,
2013-07-10,4901.3999,
2013-07-11,4965.7002,
2013-07-12,4973.8999,
2013-07-15,4981.1001,
2013-07-16,4986.0,
2013-07-17,4981.7002,
2013-07-18,4993.3999,
2013-07-19,4972.1001,
2013-07-22,5001.8999,
2013-07-23,5017.1001,
2013-07-24,5035.1001,
2013-07-25,5035.6001,
2013-07-26,5042.0,
2013-07-29,5046.2998,
2013-07-30,5047.2002,668395100
2013-07-31,5052.0,632579400
2013-08-01,5061.5,679430900
2013-08-02,5116.7998,627316300
2013-08-05,5111.2998,408365500
2013-08-06,5105.6001,581265900
2013-08-07,5011.2998,707458900
2013-08-08,5064.7998,735128900
2013-08-09,5055.2002,574094300
2013-08-12,5108.7002,600345300
2013-08-13,5157.7002,688770300
2013-08-14,5157.3999,636855800
2013-08-15,5152.3999,770522000
2013-08-16,5113.8999,699263800
2013-08-19,5112.5,650716900
2013-08-20,5078.2002,635173200
2013-08-21,5100.0,621735000
2013-08-22,5075.7002,843953500
2013-08-23,5123.3999,867507200
2013-08-26,5135.3999,619820800
2013-08-27,5141.2002,577509000
2013-08-28,5087.2002,730863800
2013-08-29,5092.3999,781007200
2013-08-30,5135.0,871891200
2013-09-02,5188.2998,
2013-09-03,5196.6001,724788600
2013-09-04,5161.6001,702483700
2013-09-05,5142.5,650101900
2013-09-06,5145.0,628791400
2013-09-09,5181.5,543698100
2013-09-10,5201.2002,549095900
2013-09-11,5234.3999,693858800
2013-09-12,5242.5,745320700
2013-09-13,5219.6001,655170400
2013-09-16,5248.0,499429400
2013-09-17,5251.2002,585161000
2013-09-18,5238.1001,655820800
2013-09-19,5295.6001,1119779800
2013-09-20,5276.7002,1202889300
2013-09-23,5252.5,509901900
2013-09-24,5234.2002,491863600
2013-09-25,5275.8999,558598200
2013-09-26,5294.5,471279100
2013-09-27,5307.1001,567079100
2013-09-30,5218.8999,561519700
2013-10-01,5206.7998,504449900
2013-10-02,5215.6001,510555600
2013-10-03,5234.8999,453704500
2013-10-04,5208.0,412505200
2013-10-07,5161.1001,
2013-10-08,5149.3999,587783600
2013-10-09,5153.0,479794200
2013-10-10,5147.1001,529167600
2013-10-11,5230.8999,571839000
2013-10-14,5207.8999,
2013-10-15,5259.1001,
2013-10-16,5262.8999,566346400
2013-10-17,5283.1001,709873700
2013-10-18,5321.5,629824100
2013-10-21,5351.7998,536170100
2013-10-22,5373.1001,675367000
2013-10-23,5356.1001,682840900
2013-10-24,5372.8999,525110300
2013-10-25,5386.2998,708908100
2013-10-28,5441.3999,839390600
2013-10-29,5415.5,588199400
2013-10-30,5430.8999,590433600
2013-10-31,5425.5,678068200
2013-11-01,5411.1001,461718100
2013-11-04,5390.5,480767600
2013-11-05,5432.0,410162500
2013-11-06,5433.7998,596994900
2013-11-07,5422.0,649144300
2013-11-08,5400.7002,596859000
2013-11-11,5387.1001,618963900
2013-11-12,5393.1001,593552500
2013-11-13,5319.2002,712534700
2013-11-14,5355.3999,604708200
2013-11-15,5401.7002,567465400
2013-11-18,5384.7002,452285100
2013-11-19,5352.8999,578273800
2013-11-20,5307.7002,569291500
2013-11-21,5288.2998,725624300
2013-11-22,5335.8999,549508600
2013-11-25,5352.7998,581379600
2013-11-26,5357.0,950858000
2013-11-27,5332.8999,500314700
2013-11-28,5334.2998,628909300
2013-11-29,5320.1001,626814500
2013-12-02,5279.5,579714100
2013-12-03,5256.1001,692546800
2013-12-04,5273.7998,693041600
2013-12-05,5198.0,895804100
2013-12-06,5186.0,533060500
2013-12-09,5144.3999,603803800
2013-12-10,5143.6001,751937300
2013-12-11,5104.2998,612009600
2013-12-12,5062.5,919772900
2013-12-13,5098.3999,654104400
2013-12-16,5089.6001,498762400
2013-12-17,5103.2002,626687600
2013-12-18,5096.1001,657348800
2013-12-19,5202.2002,824137800
2013-12-20,5265.2002,1353735400
2013-12-23,5291.8999,479644900
2013-12-24,5327.2002,246763400
2013-12-27,5324.1001,228752700
2013-12-30,5356.7998,311508400
2013-12-31,5352.2002,265897600
2014-01-02,5367.8999,279295800
2014-01-03,5350.1001,314718600
2014-01-06,5324.8999,345323100
2014-01-07,5317.0,499191400
2014-01-08,5316.0,501838300
2014-01-09,5324.3999,459116400
2014-01-10,5312.3999,470881200
2014-01-13,5292.1001,394518800
2014-01-14,5212.0,604656400
2014-01-15,5245.3999,536087300
2014-01-16,5309.1001,612858300
2014-01-17,5305.8999,548867400
2014-01-20,5295.0,
2014-01-21,5331.5,450256100
2014-01-22,5319.7998,496237000
2014-01-23,5263.0,603622800
2014-01-24,5240.8999,614734800
2014-01-28,5175.1001,715211000
2014-01-29,5229.0,606921800
2014-01-30,5188.1001,654072200
2014-01-31,5190.0,602911200
2014-02-03,5187.8999,438428700
2014-02-04,5097.1001,795704900
2014-02-05,5070.2998,671930900
2014-02-06,5131.3999,563186900
2014-02-07,5166.5,662850400
2014-02-10,5222.1001,522475700
2014-02-11,5254.5,496460700
2014-02-12,5310.1001,722016500
2014-02-13,5308.1001,628083200
2014-02-14,5356.2998,598877100
2014-02-18,5392.7998,603902500
2014-02-19,5408.2002,805964000
2014-02-20,5412.2998,975732400
2014-02-21,5438.7002,756673200
2014-02-24,5440.2002,745483200
2014-02-25,5433.7998,667759500
2014-02-26,5437.0,723598800
2014-02-27,5411.3999,731139000
2014-02-28,5404.7998,1005022500
2014-03-03,5384.2998,675589600
2014-03-04,5400.2002,687294300
2014-03-05,5446.2002,830836600
2014-03-06,5445.8999,654488400
2014-03-07,5462.2998,596034100
2014-03-10,5411.5,608548800
2014-03-11,5413.7998,801106200
2014-03-12,5384.2002,702200200
2014-03-13,5412.6001,653265800
2014-03-14,5329.3999,601098600
2014-03-17,5317.6001,580294700
2014-03-18,5344.6001,629180000
2014-03-19,5355.6001,
2014-03-20,5294.0,1040611700
2014-03-21,5338.1001,1206543900
2014-03-24,5346.8999,561647600
2014-03-25,5336.6001,667344800
2014-03-26,5376.7998,701665500
2014-03-27,5350.1001,638887700
2014-03-28,5366.8999,709931000
2014-03-31,5394.7998,611515200
2014-04-01,5389.2002,631791100
2014-04-02,5403.2998,614781900
2014-04-03,5409.8999,564013300
2014-04-04,5422.7998,483970700
2014-04-07,5413.7002,409277000
2014-04-08,5410.6001,480871800
2014-04-09,5463.7998,700599500
2014-04-10,5480.7998,655655700
2014-04-11,5428.6001,565352600
2014-04-14,5358.8999,530090900
2014-04-15,5388.2002,512367100
2014-04-16,5420.2998,502673300
2014-04-17,5454.2002,532703200
2014-04-22,5479.2998,413499100
2014-04-23,5517.7998,486651400
2014-04-24,5531.0,610749400
2014-04-28,5536.1001,542964500
2014-04-29,5486.6001,674160400
2014-04-30,5489.1001,630030900
2014-05-01,5448.7998,532032100
2014-05-02,5458.1001,533780800
2014-05-05,5462.2002,435416400
2014-05-06,5481.3999,418272900
2014-05-07,5435.7998,577690000
2014-05-08,5476.7998,552612200
2014-05-09,5460.7998,515920400
2014-05-12,5448.3999,434238000
2014-05-13,5498.2002,735278900
2014-05-14,5496.5,522418800
2014-05-15,5510.7998,591494900
2014-05-16,5479.0,532092800
2014-05-19,5409.0,646248200
2014-05-20,5420.3999,552053800
2014-05-21,5424.6001,644271400
2014-05-22,5479.8999,610922300
2014-05-23,5492.7998,586860000
2014-05-26,5512.7998,437616700
2014-05-27,5511.7002,466450000
2014-05-28,5527.2002,523145200
2014-05-29,5519.5,445007400
2014-05-30,5492.5,1072302700
2014-06-02,5518.5,553317500
2014-06-03,5479.7002,670402100
2014-06-04,5444.7998,553509500
2014-06-05,5436.8999,583526000
2014-06-06,5464.0,538557500
2014-06-10,5469.7002,476969000
2014-06-11,5454.0,496644400
2014-06-12,5428.7998,535681400
2014-06-13,5405.1001,686155800
2014-06-16,5412.2998,596455100
2014-06-17,5400.7002,601521100
2014-06-18,5382.7002,662896300
2014-06-19,5468.2002,884747700
2014-06-20,5419.5,897196400
2014-06-23,5453.2998,565090900
2014-06-24,5432.7998,569792300
2014-06-25,5402.0,648643100
2014-06-26,5464.2998,597157500
2014-06-27,5445.1001,767866900
2014-06-30,5395.7002,539195000
2014-07-01,5375.8999,621650800
2014-07-02,5455.3999,593547400
2014-07-03,5491.2002,575606900
2014-07-04,5525.0,501965200
2014-07-07,5518.8999,405926900
2014-07-08,5510.8999,495336900
2014-07-09,5452.5,513123900
2014-07-10,5464.3999,495169600
2014-07-11,5486.7998,492376400
2014-07-14,5511.3999,416035600
2014-07-15,5511.2998,492944500
2014-07-16,5518.8999,520190800
2014-07-17,5522.3999,671124300
2014-07-18,5531.7002,561305200
2014-07-21,5539.8999,425987000
2014-07-22,5543.2998,505887400
2014-07-23,5576.7002,572997500
2014-07-24,5587.7998,550313700
2014-07-25,5583.5,573630000
2014-07-28,5577.3999,477877000
2014-07-29,5588.3999,489979800
2014-07-30,5622.8999,571085800
2014-07-31,5632.8999,567312600
2014-08-01,5556.3999,630726500
2014-08-04,5540.8999,362979700
2014-08-05,5518.6001,545347700
2014-08-06,5512.0,527827800
2014-08-07,5509.0,628013900
2014-08-08,5435.2998,690349600
2014-08-11,5457.0,435696100
2014-08-12,5530.2998,557253900
2014-08-13,5514.7002,527649700
2014-08-14,5548.5,659992600
2014-08-15,5566.5,489602300
2014-08-18,5587.1001,404133400
2014-08-19,5623.7998,652271400
2014-08-20,5634.6001,602845400
2014-08-21,5638.8999,761011000
2014-08-22,5645.6001,569739100
2014-08-25,5634.8999,534549000
2014-08-26,5637.6001,622225300
2014-08-27,5651.2002,666083100
2014-08-28,5624.3999,871790500
2014-08-29,5625.8999,886315300
2014-09-01,5629.7998,459817200
2014-09-02,5658.5,491520600
2014-09-03,5656.1001,606648700
2014-09-04,5631.2998,513661200
2014-09-05,5598.7002,486214600
2014-09-08,5577.0,409453600
2014-09-09,5607.8999,489494600
2014-09-10,5574.2998,561743200
2014-09-11,5546.1001,540835100
2014-09-12,5531.1001,544595600
2014-09-15,5473.5,596340100
2014-09-16,5445.3999,627043900
2014-09-17,5407.2998,705714300
2014-09-18,5415.7998,830242100
2014-09-19,5433.1001,974436600
2014-09-22,5363.0,628233500
2014-09-23,5415.7002,629951400
2014-09-24,5375.7998,571805300
2014-09-25,5382.2002,535408100
2014-09-26,5313.3999,624443300
2014-09-29,5264.2002,545039800
2014-09-30,5292.7998,647245100
2014-10-01,5334.1001,606397100
2014-10-02,5297.7002,541554500
2014-10-03,5318.2002,488425500
2014-10-06,5292.8999,327021400
2014-10-07,5284.2002,678518900
2014-10-08,5241.2998,528201500
2014-10-09,5296.7002,626015400
2014-10-10,5188.2998,710522700
2014-10-13,5155.5,638876300
2014-10-14,5207.3999,817870000
2014-10-15,5245.6001,649120000
2014-10-16,5254.8999,835001500
2014-10-17,5271.7002,736385900
2014-10-20,5319.3999,462719200
2014-10-21,5325.0,745617900
2014-10-22,5385.8999,575533300
2014-10-23,5383.1001,593525900
2014-10-24,5412.2002,600455400
2014-10-27,5459.0,566298000
2014-10-28,5452.6001,609644400
2014-10-29,5447.7002,688817500
2014-10-30,5476.2002,658927600
2014-10-31,5526.6001,726033900
2014-11-03,5506.8999,514872500
2014-11-04,5519.8999,445344300
2014-11-05,5517.8999,577623800
2014-11-06,5506.1001,610609500
2014-11-07,5549.1001,729595000
2014-11-10,5524.0,583270400
2014-11-11,5517.1001,612622700
2014-11-12,5463.1001,563221800
2014-11-13,5442.7002,554020700
2014-11-14,5454.2998,447174700
2014-11-17,5412.5,471435800
2014-11-18,5399.7002,470010700
2014-11-19,5368.7998,566452100
2014-11-20,5316.2002,632223200
2014-11-21,5304.2998,569498700
2014-11-24,5361.7998,501493500
2014-11-25,5334.7998,883546700
2014-11-26,5396.2002,537504600
2014-11-27,5332.3999,
2014-11-28,5313.0,660919200
2014-12-01,5207.7002,694460000
2014-12-02,5281.2998,724275400
2014-12-03,5321.7998,645934200
2014-12-04,5368.7998,631944200
2014-12-05,5335.2998,639346700
2014-12-08,5338.6001,58080600
2014-12-09,5282.7002,776687400
2014-12-10,5259.0,
2014-12-11,5231.0,736331100
2014-12-12,5219.6001,641041100
2014-12-15,5186.1001,552911500
2014-12-16,5152.2998,617065900
2014-12-17,5161.8999,603274700
2014-12-18,5210.7998,862033700
2014-12-19,5338.6001,
2014-12-22,5442.0,
2014-12-23,5380.8999,
2014-12-24,5394.5,
2014-12-29,5473.7998,
2014-12-30,5416.6001,
2014-12-31,5411.0,
2015-01-02,5435.8999,
2015-01-05,5450.2998,
2015-01-06,5364.7998,
2015-01-07,5353.6001,
2015-01-08,5381.5,
2015-01-09,5465.6001,
2015-01-12,5422.7002,
2015-01-13,5404.7002,
2015-01-14,5353.6001,
2015-01-15,5331.3999,
2015-01-16,5299.2002,
2015-01-19,5309.1001,
2015-01-20,5307.7002,
2015-01-21,5393.3999,
2015-01-22,5419.8999,
2015-01-23,5501.7998,
2015-01-27,5547.2002,
2015-01-28,5552.7998,
2015-01-29,5569.5,
2015-01-30,5588.2998,
2015-02-02,5625.2998,
2015-02-03,5707.3999,
2015-02-04,5777.2998,
2015-02-05,5811.0,
2015-02-06,5820.2002,
2015-02-09,5814.8999,
2015-02-10,5800.6001,
2015-02-11,5769.1001,
2015-02-12,5743.6001,
2015-02-13,5877.5,
2015-02-16,5888.7002,
2015-02-17,5858.2002,
2015-02-18,5915.7002,
2015-02-19,5904.2002,
2015-02-20,5881.5,
2015-02-23,5908.0,
2015-02-24,5927.0,
2015-02-25,5944.8999,
2015-02-26,5908.5,
2015-02-27,5928.7998,
2015-03-02,5958.8999,
2015-03-03,5933.8999,
2015-03-04,5901.6001,
2015-03-05,5904.2002,
2015-03-06,5898.8999,
2015-03-09,5821.2998,
2015-03-10,5824.2002,
2015-03-11,5793.2002,
2015-03-12,5850.2002,
2015-03-13,5814.5,
2015-03-16,5797.7002,
2015-03-17,5842.1001,
2015-03-18,5842.2998,
2015-03-19,5950.7998,
2015-03-20,5975.5,
2015-03-23,5956.1001,
2015-03-24,5969.1001,
2015-03-25,5973.2998,
2015-03-26,5879.1001,
2015-03-27,5919.8999,
2015-03-30,5846.1001,
2015-03-31,5891.5,
2015-04-01,5860.7998,
2015-04-02,5898.6001,
2015-04-07,5926.0,
2015-04-08,5960.7002,
2015-04-09,5932.2002,
2015-04-10,5968.3999,
2015-04-13,5960.2998,
2015-04-14,5946.6001,
2015-04-15,5908.3999,
2015-04-16,5947.5,
2015-04-17,5877.8999,
2015-04-20,5833.1001,
2015-04-21,5872.2998,
2015-04-22,5837.5,
2015-04-23,5844.7998,
2015-04-24,5933.2998,
2015-04-27,5982.7002,
2015-04-28,5948.5,
2015-04-29,5838.6001,
2015-04-30,5790.0,
2015-05-01,5814.3999,
2015-05-04,5827.5,
2015-05-05,5826.5,
2015-05-06,5692.2002,
2015-05-07,5645.7002,
2015-05-08,5634.6001,
2015-05-11,5625.2002,
2015-05-12,5674.7002,
2015-05-13,5715.1001,
2015-05-14,5696.6001,
2015-05-15,5735.5,
2015-05-18,5659.2002,
2015-05-19,5615.5,
2015-05-20,5610.2998,
2015-05-21,5662.2998,
2015-05-22,5664.7002,
2015-05-25,5721.5,
2015-05-26,5773.3999,
2015-05-27,5725.2998,
2015-05-28,5713.1001,
2015-05-29,5777.2002,
2015-06-01,5735.3999,
2015-06-02,5636.0,
2015-06-03,5583.6001,
2015-06-04,5504.2998,
2015-06-05,5498.5,
2015-06-09,5471.2998,
2015-06-10,5478.6001,
2015-06-11,5556.7002,
2015-06-12,5545.2998,
2015-06-15,5538.7998,
2015-06-16,5535.7998,
2015-06-17,5595.3999,
2015-06-18,5524.8999,
2015-06-19,5597.0,
2015-06-22,5610.2002,
2015-06-23,5684.2998,
2015-06-24,5686.7998,
2015-06-25,5632.7002,
2015-06-26,5545.8999,
2015-06-29,5422.5,
2015-06-30,5459.0,
2015-07-01,5515.7002,
2015-07-02,5599.7998,
2015-07-03,5538.2998,
2015-07-06,5475.0,
2015-07-07,5581.3999,
2015-07-08,5469.5,
2015-07-09,5471.0,
2015-07-10,5492.0,
2015-07-13,5473.2002,
2015-07-14,5577.3999,
2015-07-15,5636.2002,
2015-07-16,5669.6001,
2015-07-17,5670.1001,
2015-07-20,5686.8999,
2015-07-21,5706.7002,
2015-07-22,5614.6001,
2015-07-23,5590.2998,
2015-07-24,5566.1001,
2015-07-27,5589.8999,
2015-07-28,5584.7002,
2015-07-29,5624.2002,
2015-07-30,5669.5,
2015-07-31,5699.2002,
2015-08-03,5679.2998,
2015-08-04,5697.8999,
2015-08-05,5674.0,
2015-08-06,5610.1001,
2015-08-07,5474.7998,
2015-08-10,5509.2002,
2015-08-11,5473.2002,
2015-08-12,5382.1001,
2015-08-13,5387.8999,
2015-08-14,5356.5,
2015-08-17,5367.7002,
2015-08-18,5303.1001,
2015-08-19,5380.2002,
2015-08-20,5288.6001,
2015-08-21,5214.6001,
2015-08-24,5001.2998,
2015-08-25,5137.2998,
2015-08-26,5172.7998,
2015-08-27,5233.2998,
2015-08-28,5263.6001,
2015-08-31,5207.0,
2015-09-01,5096.3999,
2015-09-02,5101.5,
2015-09-03,5027.7998,
2015-09-04,5040.6001,760640100
2015-09-07,5030.3999,
2015-09-08,5115.2002,
2015-09-09,5221.1001,
2015-09-10,5095.0,
2015-09-11,5071.1001,
2015-09-14,5096.5,
2015-09-15,5018.3999,
2015-09-16,5098.8999,
2015-09-17,5146.7998,
2015-09-18,5170.5,
2015-09-21,5066.2002,
2015-09-22,5103.6001,
2015-09-23,4998.1001,
2015-09-24,5071.7002,
2015-09-25,5042.1001,
2015-09-28,5113.5,
2015-09-29,4918.3999,
2015-09-30,5021.6001,
2015-10-01,5112.1001,
2015-10-02,5052.0,
2015-10-05,5150.5,
2015-10-06,5167.3999,
2015-10-07,5197.8999,
2015-10-08,5210.3999,
2015-10-09,5279.7002,
2015-10-12,5232.8999,
2015-10-13,5202.8999,
2015-10-14,5197.2998,
2015-10-15,5230.0,
2015-10-16,5268.2002,
2015-10-19,5269.7002,
2015-10-20,5235.6001,
2015-10-21,5248.2998,
2015-10-22,5263.7998,
2015-10-23,5351.6001,
2015-10-26,5348.0,
2015-10-27,5346.2002,
2015-10-28,5335.2002,
2015-10-29,5266.8999,
2015-10-30,5239.3999,
2015-11-02,5165.7998,
2015-11-03,5239.2002,
2015-11-04,5242.2998,
2015-11-05,5193.0,
2015-11-06,5215.0,
2015-11-09,5119.5,
2015-11-10,5099.2002,
2015-11-11,5122.6001,
2015-11-12,5125.7002,
2015-11-13,5051.2998,
2015-11-16,5003.7998,
2015-11-17,5118.2002,
2015-11-18,5133.1001,
2015-11-19,5242.6001,
2015-11-20,5256.1001,
2015-11-23,5276.3999,
2015-11-24,5226.3999,
2015-11-25,5193.7002,
2015-11-26,5210.7002,
2015-11-27,5202.6001,
2015-11-30,5166.5,
2015-12-01,5266.1001,
2015-12-02,5258.2998,
2015-12-03,5227.7002,
2015-12-04,5151.6001,
2015-12-07,5155.7002,
2015-12-08,5108.6001,
2015-12-09,5080.5,
2015-12-10,5037.7002,
2015-12-11,5029.5,
2015-12-14,4928.6001,
2015-12-15,4909.6001,
2015-12-16,5028.3999,
2015-12-17,5102.0,
2015-12-18,5106.7002,
2015-12-21,5109.0,
2015-12-22,5116.7002,
2015-12-23,5141.7998,
2015-12-24,5207.6001,
2015-12-29,5267.2998,
2015-12-30,5319.8999,
2015-12-31,5295.8999,
2016-01-04,5270.5,
2016-01-05,5184.3999,
2016-01-06,5123.1001,
2016-01-07,5010.2998,
2016-01-08,4990.7998,
2016-01-11,4932.2002,
2016-01-12,4925.1001,
2016-01-13,4987.3999,
2016-01-14,4909.3999,
2016-01-15,4892.7998,
2016-01-18,4858.7002,
2016-01-19,4903.1001,
2016-01-20,4841.5,
2016-01-21,4864.0,
2016-01-22,4916.0,
2016-01-25,5006.6001,
2016-01-27,4946.3999,
2016-01-28,4976.2002,
2016-01-29,5005.5,
2016-02-01,5043.6001,
2016-02-02,4993.2998,
2016-02-03,4876.7998,
2016-02-04,4980.3999,
2016-02-05,4976.2002,
2016-02-08,4975.3999,
2016-02-09,4832.1001,
2016-02-10,4775.7002,
2016-02-11,4821.1001,
2016-02-12,4765.2998,
2016-02-15,4843.5,
2016-02-16,4910.0,
2016-02-17,4882.1001,
2016-02-18,4992.0,
2016-02-19,4952.7998,
2016-02-22,5001.2002,
2016-02-23,4979.6001,
2016-02-24,4875.0,
2016-02-25,4881.2002,
2016-02-26,4880.0,
2016-02-29,4880.8999,
2016-03-01,4922.2998,
2016-03-02,5021.2002,
2016-03-03,5081.1001,
2016-03-04,5090.0,
2016-03-07,5142.7998,
2016-03-08,5108.0,
2016-03-09,5157.2002,
2016-03-10,5150.1001,
2016-03-11,5166.3999,
2016-03-14,5185.5,
2016-03-15,5111.3999,
2016-03-16,5119.0,
2016-03-17,5168.2002,
2016-03-18,5183.1001,
2016-03-21,5166.6001,
2016-03-22,5166.6001,
2016-03-23,5142.2998,
2016-03-24,5084.2002,
2016-03-29,5004.5,
2016-03-30,5010.2998,
2016-03-31,5082.7998,
2016-04-01,4999.3999,
2016-04-04,4995.2998,
2016-04-05,4924.3999,
2016-04-06,4945.8999,
2016-04-07,4964.1001,
2016-04-08,4937.6001,
2016-04-11,4931.5,
2016-04-12,4975.6001,
2016-04-13,5054.7002,
2016-04-14,5118.6001,
2016-04-15,5157.5,
2016-04-18,5137.1001,
2016-04-19,5188.7998,
2016-04-20,5216.0,
2016-04-21,5272.7002,
2016-04-22,5236.3999,
2016-04-26,5220.6001,
2016-04-27,5187.7002,
2016-04-28,5225.3999,
2016-04-29,5252.2002,
2016-05-02,5243.0,
2016-05-03,5353.7998,
2016-05-04,5271.1001,
2016-05-05,5279.1001,
2016-05-06,5292.0,
2016-05-09,5320.7002,
2016-05-10,5342.7998,
2016-05-11,5372.2998,
2016-05-12,5359.2998,
2016-05-13,5329.0,
2016-05-16,5358.8999,
2016-05-17,5395.8999,
2016-05-18,5356.2002,
2016-05-19,5323.2998,
2016-05-20,5351.2998,
2016-05-23,5318.8999,
2016-05-24,5295.6001,
2016-05-25,5372.5,
2016-05-26,5388.1001,
2016-05-27,5405.8999,
2016-05-30,5408.0,
2016-05-31,5378.6001,
2016-06-01,5323.2002,
2016-06-02,5278.8999,
2016-06-03,5318.8999,
2016-06-06,5360.3999,
2016-06-07,5371.0,
2016-06-08,5370.0,
2016-06-09,5361.8999,
2016-06-10,5312.6001,
2016-06-14,5203.2998,
2016-06-15,5147.1001,
2016-06-16,5146.0,
2016-06-17,5162.7002,
2016-06-20,5256.7998,
2016-06-21,5274.3999,
2016-06-22,5270.8999,
2016-06-23,5280.7002,
2016-06-24,5113.2002,
2016-06-27,5137.2002,
2016-06-28,5103.2998,
2016-06-29,5142.3999,
2016-06-30,5233.3999,
2016-07-01,5246.6001,
2016-07-04,5281.7998,
2016-07-05,5228.0,
2016-07-06,5197.5,
2016-07-07,5227.8999,
2016-07-08,5230.5,
2016-07-11,5337.1001,
2016-07-12,5353.2002,
2016-07-13,5388.5,
2016-07-14,5411.6001,
2016-07-15,5429.6001,
2016-07-18,5458.5,
2016-07-19,5451.2998,
2016-07-20,5488.7002,
2016-07-21,5512.3999,
2016-07-22,5498.2002,
2016-07-25,5533.6001,
2016-07-26,5537.5,
2016-07-27,5539.7002,
2016-07-28,5556.6001,
2016-07-29,5562.2998,
2016-08-01,5587.3999,
2016-08-02,5540.5,
2016-08-03,5465.7002,
2016-08-04,5475.7998,
2016-08-05,5497.3999,
2016-08-08,5537.7998,
2016-08-09,5552.5,
2016-08-10,5543.7002,
2016-08-11,5508.0,
2016-08-12,5530.8999,
2016-08-15,5540.0,
2016-08-16,5532.0,
2016-08-17,5535.0,
2016-08-18,5507.7998,
2016-08-19,5526.7002,
2016-08-22,5515.1001,
2016-08-23,5553.7998,
2016-08-24,5561.7002,
2016-08-25,5541.8999,
2016-08-26,5515.5,
2016-08-29,5469.2002,
2016-08-30,5478.2998,
2016-08-31,5433.0,
2016-09-01,5415.6001,
2016-09-02,5372.7998,
2016-09-05,5429.6001,
2016-09-06,5413.6001,
2016-09-07,5424.2002,
2016-09-08,5385.7998,
2016-09-09,5339.2002,
2016-09-12,5219.6001,
2016-09-13,5207.7998,
2016-09-14,5227.7002,
2016-09-15,5239.8999,
2016-09-16,5296.7002,
2016-09-19,5294.7998,
2016-09-20,5303.6001,
2016-09-21,5339.6001,
2016-09-22,5374.5,
2016-09-23,5431.2998,
2016-09-26,5431.3999,
2016-09-27,5405.8999,
2016-09-28,5412.3999,
2016-09-29,5471.2998,
2016-09-30,5435.8999,
2016-10-03,5478.5,
2016-10-04,5484.0,
2016-10-05,5452.8999,
2016-10-06,5483.0,
2016-10-07,5467.3999,
2016-10-10,5475.3999,
2016-10-11,5479.7998,
2016-10-12,5474.6001,
2016-10-13,5435.5,
2016-10-14,5434.0,
2016-10-17,5388.7002,
2016-10-18,5410.7998,
2016-10-19,5435.3999,
2016-10-20,5442.1001,
2016-10-21,5430.2998,
2016-10-24,5408.5,
2016-10-25,5442.7998,
2016-10-26,5359.7998,
2016-10-27,5295.5,
2016-10-28,5283.7998,
2016-10-31,5317.7002,
2016-11-01,5290.5,
2016-11-02,5229.0,
2016-11-03,5225.6001,
2016-11-04,5180.7998,
2016-11-07,5250.7998,
2016-11-08,5257.7998,
2016-11-09,5156.6001,
2016-11-10,5328.7998,
2016-11-11,5370.7002,
2016-11-14,5345.7002,
2016-11-15,5326.2002,
2016-11-16,5327.7002,
2016-11-17,5338.5,
2016-11-18,5359.3999,
2016-11-21,5351.2998,
2016-11-22,5413.2998,
2016-11-23,5484.3999,
2016-11-24,5485.1001,
2016-11-25,5507.7998,
2016-11-28,5464.3999,
2016-11-29,5457.5,
2016-11-30,5440.5,
2016-12-01,5500.2002,
2016-12-02,5444.0,
2016-12-05,5400.3999,
2016-12-06,5428.7002,
2016-12-07,5478.1001,
2016-12-08,5543.6001,
2016-12-09,5560.6001,
2016-12-12,5562.7998,
2016-12-13,5545.0,
2016-12-14,5584.6001,
2016-12-15,5538.6001,
2016-12-16,5532.8999,
2016-12-19,5562.1001,
2016-12-20,5591.1001,
2016-12-21,5613.5,
2016-12-22,5643.8999,
2016-12-23,5627.8999,
2016-12-28,5685.0,
2016-12-29,5699.1001,
2016-12-30,5665.7998,
2017-01-03,5733.2002,
2017-01-04,5736.3999,
2017-01-05,5753.2998,
2017-01-06,5755.6001,
2017-01-09,5807.3999,
2017-01-10,5760.7002,
2017-01-11,5771.5,
2017-01-12,5766.8999,
2017-01-13,5721.1001,
2017-01-16,5748.3999,
2017-01-17,5699.3999,
2017-01-18,5678.7998,
2017-01-19,5692.2002,
2017-01-20,5654.7998,
2017-01-23,5611.0,
2017-01-24,5650.1001,
2017-01-25,5671.5,
2017-01-27,5714.0,
2017-01-30,5661.5,
2017-01-31,5620.8999,
2017-02-01,5653.2002,
2017-02-02,5645.3999,
2017-02-03,5621.6001,
2017-02-06,5615.6001,
2017-02-07,5621.8999,
2017-02-08,5651.3999,
2017-02-09,5664.6001,
2017-02-10,5720.6001,
2017-02-13,5760.7002,
2017-02-14,5755.2002,
2017-02-15,5809.1001,
2017-02-16,5816.2998,
2017-02-17,5805.7998,
2017-02-20,5795.1001,
2017-02-21,5791.0,
2017-02-22,5805.1001,
2017-02-23,5784.7002,
2017-02-24,5739.0,
2017-02-27,5724.2002,
2017-02-28,5712.2002,
2017-03-01,5704.7998,
2017-03-02,5776.6001,
2017-03-03,5729.6001,
2017-03-06,5746.5,
2017-03-07,5761.3999,
2017-03-08,5759.7002,
2017-03-09,5741.2002,
2017-03-10,5775.6001,
2017-03-13,5757.2998,
2017-03-14,5759.1001,
2017-03-15,5774.0,
2017-03-16,5785.7998,
2017-03-17,5799.6001,
2017-03-20,5778.8999,
2017-03-21,5774.6001,
2017-03-22,5684.5,
2017-03-23,5708.0,
2017-03-24,5753.5,
2017-03-27,5746.7002,
2017-03-28,5821.2002,
2017-03-29,5873.5,
2017-03-30,5896.2002,
2017-03-31,5864.8999,
2017-04-03,5872.7002,
2017-04-04,5856.6001,
2017-04-05,5876.2002,
2017-04-06,5856.2998,
2017-04-07,5862.5,
2017-04-10,5912.8999,
2017-04-11,5929.2998,
2017-04-12,5934.0,
2017-04-13,5889.8999,
2017-04-18,5836.7002,
2017-04-19,5804.0,
2017-04-20,5821.3999,
2017-04-21,5854.1001,
2017-04-24,5871.7998,
2017-04-26,5912.0,
2017-04-27,5921.5,
2017-04-28,5924.1001,
2017-05-01,5956.3999,
2017-05-02,5950.3999,
2017-05-03,5892.2998,
2017-05-04,5876.3999,
2017-05-05,5836.6001,
2017-05-08,5870.8999,
2017-05-09,5839.8999,
2017-05-10,5875.3999,
2017-05-11,5878.2998,
2017-05-12,5836.8999,
2017-05-15,5838.3999,
2017-05-16,5850.5,
2017-05-17,5786.0,
2017-05-18,5738.2998,
2017-05-19,5727.3999,
2017-05-22,5771.2002,
2017-05-23,5760.2002,
2017-05-24,5769.0,
2017-05-25,5789.6001,
2017-05-26,5751.7002,
2017-05-29,5707.1001,
2017-05-30,5717.8999,
2017-05-31,5724.6001,
2017-06-01,5738.1001,
2017-06-02,5788.1001,
2017-06-05,5754.8999,
2017-06-06,5667.5,
2017-06-07,5667.2002,
2017-06-08,5676.6001,
2017-06-09,5677.7998,
2017-06-13,5772.7998,
2017-06-14,5833.8999,
2017-06-15,5763.2002,
2017-06-16,5774.0,
2017-06-19,5805.2002,
2017-06-20,5757.2998,
2017-06-21,5665.7002,
2017-06-22,5706.0,
2017-06-23,5715.8999,
2017-06-26,5720.2002,
2017-06-27,5714.2002,
2017-06-28,5755.7002,
2017-06-29,5818.1001,
2017-06-30,5721.5,
2017-07-03,5684.5,
2017-07-04,5783.7998,
2017-07-05,5763.2998,
2017-07-06,5758.7998,
2017-07-07,5703.6001,
2017-07-10,5724.3999,
2017-07-11,5728.8999,
2017-07-12,5673.7998,
2017-07-13,5736.7998,
2017-07-14,5765.1001,
2017-07-17,5755.5,
2017-07-18,5687.3999,
2017-07-19,5732.1001,
2017-07-20,5761.5,
2017-07-21,5722.7998,
2017-07-24,5688.1001,
2017-07-25,5726.6001,
2017-07-26,5776.6001,
2017-07-27,5785.0,
2017-07-28,5702.7998,
2017-07-31,5720.6001,
2017-08-01,5772.3999,
2017-08-02,5744.2002,
2017-08-03,5735.1001,
2017-08-04,5720.6001,
2017-08-07,5773.6001,
2017-08-08,5743.7998,
2017-08-09,5765.7002,
2017-08-10,5760.8999,
2017-08-11,5693.1001,
2017-08-14,5730.3999,
2017-08-15,5757.5,
2017-08-16,5785.1001,
2017-08-17,5779.2002,
2017-08-18,5747.1001,
2017-08-21,5725.8999,
2017-08-22,5750.1001,
2017-08-23,5737.2002,
2017-08-24,5745.5,
2017-08-25,5743.8999,
2017-08-28,5709.8999,
2017-08-29,5669.0,
2017-08-30,5669.7002,
2017-08-31,5714.5,
2017-09-01,5724.6001,
2017-09-05,5706.2002,
2017-09-06,5689.7002,
2017-09-07,5689.8999,
2017-09-08,5672.6001,
2017-09-11,5713.1001,
2017-09-12,5746.3999,
2017-09-13,5744.2998,
2017-09-14,5738.7002,
2017-09-15,5695.0,
2017-09-18,5720.6001,
2017-09-19,5713.6001,
2017-09-20,5709.1001,
2017-09-21,5655.3999,
2017-09-22,5682.1001,
2017-09-25,5683.7002,
2017-09-26,5671.0,
2017-09-27,5664.2998,
2017-09-28,5670.3999,
2017-09-29,5681.6001,
2017-10-02,5729.2998,
2017-10-03,5701.3999,
2017-10-04,5652.1001,
2017-10-05,5651.7998,
2017-10-06,5710.7002,
2017-10-09,5739.2998,
2017-10-10,5738.1001,
2017-10-11,5772.1001,
2017-10-12,5794.5,
2017-10-13,5814.2002,
2017-10-16,5846.7998,
2017-10-17,5889.6001,
2017-10-18,5890.5,
2017-10-19,5896.1001,
2017-10-20,5907.0,
2017-10-23,5894.0,
2017-10-24,5897.6001,
2017-10-25,5905.6001,
2017-10-26,5916.2998,
2017-10-27,5903.2002,
2017-10-30,5919.1001,
2017-10-31,5909.0,
2017-11-01,5937.7998,
2017-11-02,5931.7002,
2017-11-03,5959.8999,
2017-11-06,5953.7998,
2017-11-07,6014.2998,
2017-11-08,6016.2998,
2017-11-09,6049.3999,
2017-11-10,6029.3999,
2017-11-13,6021.7998,
2017-11-14,5966.0,
2017-11-15,5934.2002,
2017-11-16,5943.5,
2017-11-17,5957.2998,
2017-11-20,5945.7002,
2017-11-21,5963.5,
2017-11-22,5986.3999,
2017-11-23,5960.6001,78246200
2017-11-24,5982.6001,
2017-11-27,5988.7998,
2017-11-28,5984.2998,
2017-11-29,6011.1001,
2017-11-30,5969.8999,
2017-12-01,5989.7998,
2017-12-04,5985.6001,
2017-12-05,5971.7002,
2017-12-06,5946.1001,
2017-12-07,5977.7002,
2017-12-08,5994.3999,
2017-12-11,5998.2998,
2017-12-12,6013.2002,
2017-12-13,6021.7998,
2017-12-14,6011.2998,
2017-12-15,5997.0,
2017-12-18,6038.8999,
2017-12-19,6071.7998,
2017-12-20,6075.6001,
2017-12-21,6060.3999,
2017-12-22,6069.7002,
2017-12-27,6069.8999,
2017-12-28,6088.1001,
2017-12-29,6065.1001,
2018-01-02,6061.2998,
2018-01-03,6070.3999,
2018-01-04,6077.1001,
2018-01-05,6122.2998,
2018-01-08,6130.3999,
2018-01-09,6135.7998,
2018-01-10,6096.7002,
2018-01-11,6067.6001,
2018-01-12,6070.1001,
2018-01-15,6077.1001,
2018-01-16,6048.6001,
2018-01-17,6015.7998,
2018-01-18,6014.6001,
2018-01-19,6005.7998,
2018-01-22,5991.8999,
2018-01-23,6037.0,
2018-01-24,6054.7002,
2018-01-25,6050.0,
2018-01-29,6075.3999,
2018-01-30,6022.7998,
2018-01-31,6037.7002,
2018-02-01,6090.1001,
2018-02-02,6121.3999,
2018-02-05,6026.2002,
2018-02-06,5833.2998,
2018-02-07,5876.7998,
2018-02-08,5890.7002,
2018-02-09,5838.0,
2018-02-12,5820.7002,
2018-02-13,5855.8999,
2018-02-14,5841.2002,
2018-02-15,5909.0,
2018-02-16,5904.0,
2018-02-19,5941.6001,7891300
2018-02-20,5940.8999,
2018-02-21,5943.7002,
2018-02-22,5950.8999,
2018-02-23,5999.7998,
2018-02-26,6042.2002,
2018-02-27,6056.8999,
2018-02-28,6016.0,
2018-03-01,5973.2998,
2018-03-02,5928.8999,
2018-03-05,5959.5,34463900
2018-03-06,5962.3999,
2018-03-07,5902.0,
2018-03-08,5942.8999,
2018-03-09,5963.2002,
2018-03-12,5996.1001,
2018-03-13,5974.7002,
2018-03-14,5935.2998,
2018-03-15,5920.7998,
2018-03-16,5949.3999,
2018-03-19,5959.3999,
2018-03-20,5936.3999,
2018-03-21,5950.2998,
2018-03-22,5937.2002,
2018-03-23,5820.7002,
2018-03-26,5790.5,
2018-03-27,5832.2998,
2018-03-28,5789.5,
2018-03-29,5759.3999,
2018-04-03,5751.8999,
2018-04-04,5761.3999,
2018-04-05,5788.7998,
2018-04-06,5788.7002,
2018-04-09,5808.7002,
2018-04-10,5857.0,
2018-04-11,5828.7002,
2018-04-12,5815.5,
2018-04-13,5829.1001,
2018-04-16,5841.2998,
2018-04-17,5841.5,
2018-04-18,5861.3999,
2018-04-19,5881.0,
2018-04-20,5868.7998,
2018-04-23,5886.0,
2018-04-24,5921.6001,
2018-04-26,5910.7998,
2018-04-27,5953.6001,
2018-04-30,5982.7002,
2018-05-01,6015.2002,
2018-05-02,6050.2002,
2018-05-03,6098.2998,
2018-05-04,6062.8999,
2018-05-07,6084.5,
2018-05-08,6091.8999,
2018-05-09,6108.0,
2018-05-10,6118.7002,
2018-05-11,6116.2002,
2018-05-14,6135.2998,
2018-05-15,6097.7998,
2018-05-16,6107.0,
2018-05-17,6094.2998,
2018-05-18,6087.3999,
2018-05-21,6084.5,
2018-05-22,6041.8999,
2018-05-23,6032.5,
2018-05-24,6037.1001,
2018-05-25,6032.7998,
2018-05-28,6004.0,
2018-05-29,6013.6001,
2018-05-30,5984.7002,
2018-05-31,6011.8999,
2018-06-01,5990.3999,
2018-06-04,6025.5,
2018-06-05,5994.8999,
2018-06-06,6025.1001,
2018-06-07,6057.2998,
2018-06-08,6045.2002,
2018-06-12,6054.3999,
2018-06-13,6023.5,
2018-06-14,6016.6001,
2018-06-15,6094.0,
2018-06-18,6104.1001,
2018-06-19,6102.1001,
2018-06-20,6172.6001,
2018-06-21,6232.1001,
2018-06-22,6225.2002,
2018-06-25,6210.3999,
2018-06-26,6197.6001,
2018-06-27,6195.8999,
2018-06-28,6215.3999,
2018-06-29,6194.6001,
2018-07-02,6177.7998,
2018-07-03,6210.2002,
2018-07-04,6183.3999,
2018-07-05,6215.5,
2018-07-06,6272.2998,
2018-07-09,6286.0,
2018-07-10,6258.1001,
2018-07-11,6215.6001,
2018-07-12,6268.2998,
2018-07-13,6268.3999,
2018-07-16,6241.5,
2018-07-17,6203.6001,
2018-07-18,6245.1001,
2018-07-19,6262.7002,
2018-07-20,6285.8999,
2018-07-23,6227.6001,
2018-07-24,6265.7998,
2018-07-25,6247.6001,
2018-07-26,6244.5,
2018-07-27,6300.2002,
2018-07-30,6278.3999,
2018-07-31,6280.2002,
2018-08-01,6275.7002,
2018-08-02,6240.8999,
2018-08-03,6234.7998,
2018-08-06,6273.0,
2018-08-07,6253.8999,
2018-08-08,6268.5,
2018-08-09,6297.7002,
2018-08-10,6278.3999,
2018-08-13,6252.2002,
2018-08-14,6299.6001,
2018-08-15,6329.0,
2018-08-16,6328.2998,
2018-08-17,6339.2002,
2018-08-20,6345.0,
2018-08-21,6284.3999,
2018-08-22,6266.0,
2018-08-23,6244.3999,
2018-08-24,6247.2998,
2018-08-27,6268.8999,
2018-08-28,6304.7002,
2018-08-29,6352.2002,
2018-08-30,6351.7998,
2018-08-31,6319.5,
2018-09-03,6310.8999,
2018-09-04,6293.1001,
2018-09-05,6230.3999,
2018-09-06,6160.3999,
2018-09-07,6143.7998,
2018-09-10,6141.7002,
2018-09-11,6179.7002,
2018-09-12,6175.8999,
2018-09-13,6128.7002,
2018-09-14,6165.2998,
2018-09-17,6185.0,
2018-09-18,6161.5,
2018-09-19,6190.0,
2018-09-20,6169.5,
2018-09-21,6194.6001,
2018-09-24,6186.8999,
2018-09-25,6185.8999,
2018-09-26,6192.2998,
2018-09-27,6181.2002,
2018-09-28,6207.6001,
2018-10-01,6172.2998,
2018-10-02,6126.2002,
2018-10-03,6146.1001,
2018-10-04,6176.2998,
2018-10-05,6185.5,
2018-10-08,6100.2998,
2018-10-09,6041.1001,
2018-10-10,6049.7998,
2018-10-11,5883.7998,
2018-10-12,5895.7002,
2018-10-15,5837.1001,
2018-10-16,5869.8999,
2018-10-17,5939.1001,
2018-10-18,5942.3999,
2018-10-19,5939.5,
2018-10-22,5904.8999,
2018-10-23,5843.1001,
2018-10-24,5829.0,
2018-10-25,5664.1001,
2018-10-26,5665.2002,
2018-10-29,5728.2002,
2018-10-30,5805.1001,
2018-10-31,5830.2998,
2018-11-01,5840.7998,
2018-11-02,5849.2002,
2018-11-05,5818.1001,
2018-11-06,5875.2002,
2018-11-07,5896.8999,
2018-11-08,5928.2002,
2018-11-09,5921.7998,
2018-11-12,5941.2998,
2018-11-13,5834.2002,
2018-11-14,5732.7998,
2018-11-15,5736.0,
2018-11-16,5730.6001,
2018-11-19,5693.7002,
2018-11-20,5671.7998,
2018-11-21,5642.7998,
2018-11-22,5691.2998,
2018-11-23,5716.2002,
2018-11-26,5671.6001,
2018-11-27,5728.2998,
2018-11-28,5725.1001,
2018-11-29,5758.3999,
2018-11-30,5667.2002,
2018-12-03,5771.2002,
2018-12-04,5713.1001,
2018-12-05,5668.3999,
2018-12-06,5657.6001,
2018-12-07,5681.5,
2018-12-10,5552.5,
2018-12-11,5575.8999,
2018-12-12,5653.5,
2018-12-13,5661.6001,
2018-12-14,5602.0,
2018-12-17,5658.2998,
2018-12-18,5589.5,
2018-12-19,5580.6001,
2018-12-20,5505.7998,
2018-12-21,5467.6001,
2018-12-24,5493.7998,
2018-12-27,5597.2002,
2018-12-28,5654.2998,
2018-12-31,5646.3999,
2019-01-02,5557.7998,350200
2019-01-03,5633.3999,451300
2019-01-04,5619.3999,475800
2019-01-07,5683.2002,439600
2019-01-08,5722.3999,548900
2019-01-09,5778.2998,554100
2019-01-10,5795.2998,528300
2019-01-11,5774.6001,398500
2019-01-14,5773.3999,374100
2019-01-15,5814.6001,435700
2019-01-16,5835.2002,549000
2019-01-17,5850.1001,486000
2019-01-18,5879.6001,450700
2019-01-21,5890.3999,376400
2019-01-22,5858.7998,361000
2019-01-23,5843.7002,518400
2019-01-24,5865.7002,540700
2019-01-25,5905.6001,658300
2019-01-29,5874.2002,705600
2019-01-30,5886.7002,684700
2019-01-31,5864.7002,947600
2019-02-01,5862.7998,723800
2019-02-04,5891.2002,604200
2019-02-05,6005.8999,736600
2019-02-06,6026.1001,582200
2019-02-07,6092.5,638800
2019-02-08,6071.5,616500
2019-02-11,6060.7998,506100
2019-02-12,6079.1001,687900
2019-02-13,6063.6001,664500
2019-02-14,6059.3999,728100
2019-02-15,6066.1001,662300
2019-02-18,6089.7998,607600
2019-02-19,6106.8999,636500
2019-02-20,6096.5,676100
2019-02-21,6139.2002,859600
2019-02-22,6167.2998,788400
2019-02-25,6186.2998,701000
2019-02-26,6128.3999,754000
2019-02-27,6150.2998,726000
2019-02-28,6169.0,805900
2019-03-01,6192.7002,715500
2019-03-04,6217.3999,575700
2019-03-05,6199.2998,788400
2019-03-06,6245.6001,782400
2019-03-07,6263.8999,765400
2019-03-08,6203.7998,646200
2019-03-11,6180.2002,498100
2019-03-12,6174.7998,622300
2019-03-13,6161.2002,707100
2019-03-14,6179.6001,555200
2019-03-15,6175.2002,1173800
2019-03-18,6190.5,578000
2019-03-19,6184.7998,526600
2019-03-20,6165.2998,732000
2019-03-21,6167.2002,874000
2019-03-22,6195.2002,538000
2019-03-25,6126.2002,570100
2019-03-26,6130.6001,681000
2019-03-27,6136.0,656900
2019-03-28,6176.1001,648100
2019-03-29,6180.7002,789600
2019-04-01,6217.0,582000
2019-04-02,6242.3999,656200
2019-04-03,6285.0,614100
2019-04-04,6232.7998,638800
2019-04-05,6181.2998,494500
2019-04-08,6221.3999,502400
2019-04-09,6221.7998,539400
2019-04-10,6223.5,452900
2019-04-11,6198.7002,499300
2019-04-12,6251.2998,518900
2019-04-15,6251.3999,468700
2019-04-16,6277.3999,536800
2019-04-17,6256.3999,569600
2019-04-18,6259.7998,564400
2019-04-23,6319.3999,539300
2019-04-24,6382.1001,660700
2019-04-26,6385.6001,553500
2019-04-29,6359.5,469400
2019-04-30,6325.5,613700
2019-05-01,6375.8999,567500
2019-05-02,6338.3999,670600
2019-05-03,6335.7998,520300
2019-05-06,6283.7002,552000
2019-05-07,6295.7002,511000
2019-05-08,6269.1001,562300
2019-05-09,6295.2998,550500
2019-05-10,6310.8999,516100
2019-05-13,6297.6001,512600
2019-05-14,6239.8999,685200
2019-05-15,6284.2002,528800
2019-05-16,6327.7998,668900
2019-05-17,6365.2998,590200
2019-05-20,6476.1001,659700
2019-05-21,6500.1001,669300
2019-05-22,6510.7002,628800
2019-05-23,6491.7998,637700
2019-05-24,6456.0,585600
2019-05-27,6451.8999,436700
2019-05-28,6484.7998,811700
2019-05-29,6440.0,544600
2019-05-30,6392.1001,719300
2019-05-31,6396.8999,742900
2019-06-03,6320.5,628700
2019-06-04,6332.3999,739800
2019-06-05,6358.5,624900
2019-06-06,6383.0,618600
2019-06-07,6443.8999,600000
2019-06-11,6546.2998,737500
2019-06-12,6543.7002,684400
2019-06-13,6542.3999,625700
2019-06-14,6554.0,585200
2019-06-17,6530.8999,571900
2019-06-18,6570.0,859900
2019-06-19,6648.1001,739400
2019-06-20,6687.3999,1004000
2019-06-21,6650.7998,1163800
2019-06-24,6665.3999,558800
2019-06-25,6658.0,663400
2019-06-26,6640.5,746100
2019-06-27,6666.2998,676700
2019-06-28,6618.7998,754200
2019-07-01,6648.1001,555600
2019-07-02,6653.2002,596700
2019-07-03,6685.5,642500
2019-07-04,6718.0,570500
2019-07-05,6751.2998,579100
2019-07-08,6672.2002,458000
2019-07-09,6665.7002,550100
2019-07-10,6689.7998,631100
2019-07-11,6716.1001,645700
2019-07-12,6696.5,565600
2019-07-15,6653.0,456100
2019-07-16,6641.0,549400
2019-07-17,6673.2998,523000
2019-07-18,6649.1001,531300
2019-07-19,6700.2998,491200
2019-07-22,6691.2002,521300
2019-07-23,6724.6001,643300
2019-07-24,6776.7002,630000
2019-07-25,6818.0,681700
2019-07-26,6793.3999,664400
2019-07-29,6825.7998,532500
2019-07-30,6845.1001,601500
2019-07-31,6812.6001,760100
2019-08-01,6788.8999,584000
2019-08-02,6768.6001,609500
2019-08-05,6640.2998,594700
2019-08-06,6478.1001,877700
2019-08-07,6519.5,648500
2019-08-08,6568.1001,690800
2019-08-09,6584.3999,664700
2019-08-12,6590.2998,493300
2019-08-13,6568.5,695300
2019-08-14,6595.8999,754700
2019-08-15,6408.1001,893200
2019-08-16,6405.5,758300
2019-08-19,6467.3999,599800
2019-08-20,6545.0,702600
2019-08-21,6483.2998,675800
2019-08-22,6501.7998,631100
2019-08-23,6523.1001,643600
2019-08-26,6440.1001,703200
2019-08-27,6471.2002,908300
2019-08-28,6500.6001,712500
2019-08-29,6507.3999,730000
2019-08-30,6604.2002,905400
2019-09-02,6579.3999,525000
2019-09-03,6573.3999,479400
2019-09-04,6553.0,695600
2019-09-05,6613.2002,796300
2019-09-06,6647.2998,702600
2019-09-09,6648.0,542900
2019-09-10,6614.1001,746300
2019-09-11,6638.0,811400
2019-09-12,6654.8999,662600
2019-09-13,6669.2002,673900
2019-09-16,6673.5,750700
2019-09-17,6695.2998,745900
2019-09-18,6681.6001,758400
2019-09-19,6717.5,996900
2019-09-20,6730.7998,1249400
2019-09-23,6749.7002,506700
2019-09-24,6748.8999,595600
2019-09-25,6710.2002,648200
2019-09-26,6677.6001,594800
2019-09-27,6716.1001,606300
2019-09-30,6688.2998,611600
2019-10-01,6742.7998,612700
2019-10-02,6639.8999,618800
2019-10-04,6517.1001,473300
2019-10-07,6563.6001,272800
2019-10-08,6593.3999,476500
2019-10-09,6546.7002,503100
2019-10-10,6547.1001,549400
2019-10-11,6606.7998,526900
2019-10-14,6642.6001,489200
2019-10-15,6652.0,504800
2019-10-16,6736.5,626500
2019-10-17,6684.7002,871200
2019-10-18,6649.7002,633400
2019-10-21,6652.5,506400
2019-10-22,6672.2002,577400
2019-10-23,6673.1001,557200
2019-10-24,6693.6001,559600
2019-10-25,6739.2002,627000
2019-10-28,6740.7002,486300
2019-10-29,6745.3999,582000
2019-10-30,6689.5,598200
2019-10-31,6663.3999,636000
2019-11-01,6669.1001,555300
2019-11-04,6686.8999,516800
2019-11-05,6697.1001,482000
2019-11-06,6660.2002,639700
2019-11-07,6726.6001,613200
2019-11-08,6724.1001,666800
2019-11-11,6772.5,550700
2019-11-12,6753.0,635900
2019-11-13,6698.3999,613400
2019-11-14,6735.1001,671000
2019-11-15,6793.7002,552200
2019-11-18,6766.7998,429200
2019-11-19,6814.2002,562200
2019-11-20,6722.3999,663700
2019-11-21,6672.8999,710300
2019-11-22,6709.7998,522500
2019-11-25,6731.3999,521000
2019-11-26,6787.5,1076900
2019-11-27,6850.6001,618500
2019-11-28,6864.0,509700
2019-11-29,6846.0,543500
2019-12-02,6862.2998,494400
2019-12-03,6712.2998,700700
2019-12-04,6606.5,779900
2019-12-05,6683.0,572100
2019-12-06,6707.0,477900
2019-12-09,6730.0,505300
2019-12-10,6706.8999,473100
2019-12-11,6752.6001,638300
2019-12-12,6708.7998,630700
2019-12-13,6739.7002,646000
2019-12-16,6849.7002,650900
2019-12-17,6847.2998,631600
2019-12-18,6851.3999,650800
2019-12-19,6833.1001,805700
2019-12-20,6816.2998,966400
2019-12-23,6785.1001,364700
2019-12-24,6794.2002,201800
2019-12-27,6821.7002,290100
2019-12-30,6804.8999,294800
2019-12-31,6684.1001,314200
2020-01-02,6690.6001,304900
2020-01-03,6733.5,365200
2020-01-06,6735.7002,469800
2020-01-07,6826.3999,447400
2020-01-08,6817.6001,570700
2020-01-09,6874.2002,502100
2020-01-10,6929.0,516000
2020-01-13,6903.7002,358100
2020-01-14,6962.2002,549700
2020-01-15,6994.7998,573400
2020-01-16,7041.7998,548200
2020-01-17,7064.1001,500300
2020-01-20,7079.5,423400
2020-01-21,7066.2998,480900
2020-01-22,7132.7002,602000
2020-01-23,7088.0,539700
2020-01-24,7090.5,477600
2020-01-28,7023.5,619700
2020-01-29,7031.5,590500
2020-01-30,7008.3999,684400
2020-01-31,7017.2002,756400
2020-02-03,6923.2998,617600
2020-02-04,6948.7002,599400
2020-02-05,6976.1001,654100
2020-02-06,7049.2002,687700
2020-02-07,7022.6001,639800
2020-02-10,7012.5,589700
2020-02-11,7055.2998,618700
2020-02-12,7088.2002,692700
2020-02-13,7103.2002,737500
2020-02-14,7130.2002,691300
2020-02-17,7125.1001,501900
2020-02-18,7113.7002,627500
2020-02-19,7144.6001,866400
2020-02-20,7162.5,832800
2020-02-21,7139.0,1072700
2020-02-24,6978.2998,799000
2020-02-25,6866.6001,1038800
2020-02-26,6708.1001,1007900
2020-02-27,6657.8999,1020900
2020-02-28,6441.2002,1524000
2020-03-02,6391.5,1182700
2020-03-03,6435.7002,1046900
2020-03-04,6325.3999,1024100
2020-03-05,6395.7002,989800
2020-03-06,6216.2002,959400
2020-03-09,5760.6001,1444300
2020-03-10,5939.6001,1803100
2020-03-11,5725.8999,1407500
2020-03-12,5304.6001,1818300
2020-03-13,5539.2998,2260700
2020-03-16,5002.0,1638500
2020-03-17,5293.3999,1998200
2020-03-18,4953.2002,1774000
2020-03-19,4782.8999,1877500
2020-03-20,4816.6001,1872000
2020-03-23,4546.0,1486000
2020-03-24,4735.7002,1408000
2020-03-25,4998.1001,1355600
2020-03-26,5113.2998,1216700
2020-03-27,4842.3999,1456800
2020-03-30,5181.3999,1033800
2020-03-31,5076.7998,1522500
2020-04-01,5258.6001,1064600
2020-04-02,5154.2998,1020200
2020-04-03,5067.5,1072000
2020-04-06,5286.7998,912700
2020-04-07,5252.2998,1113300
2020-04-08,5206.8999,1158400
2020-04-09,5387.2998,914200
2020-04-14,5488.1001,1159400
2020-04-15,5466.7002,1015700
2020-04-16,5416.2998,1115600
2020-04-17,5487.5,1125300
2020-04-20,5353.0,855400
2020-04-21,5221.2998,960500
2020-04-22,5221.2002,996700
2020-04-23,5217.1001,877000
2020-04-24,5242.6001,773900
2020-04-27,5321.3999,691700
2020-04-28,5313.1001,851800
2020-04-29,5393.3999,882600
2020-04-30,5522.3999,1198100
2020-05-01,5245.8999,1007000
2020-05-04,5319.7998,853400
2020-05-05,5407.1001,721900
2020-05-06,5384.6001,694800
2020-05-07,5364.2002,780000
2020-05-08,5391.1001,851300
2020-05-11,5461.2002,795500
2020-05-12,5403.0,866400
2020-05-13,5421.8999,895400
2020-05-14,5328.7002,829800
2020-05-15,5404.7998,750200
2020-05-18,5460.5,
2020-05-19,5559.5,922400
2020-05-20,5573.0,753200
2020-05-21,5550.3999,853100
2020-05-22,5497.0,759100
2020-05-25,5615.6001,679200
2020-05-26,5780.0,1021600
2020-05-27,5775.0,1345200
2020-05-28,5851.1001,1227600
2020-05-29,5755.7002,2447600
2020-06-01,5819.2002,841800
2020-06-02,5835.1001,957400
2020-06-03,5941.6001,1032300
2020-06-04,5991.7998,1328900
2020-06-05,5998.7002,946400
2020-06-09,6144.8999,1407600
2020-06-10,6148.3999,1028500
2020-06-11,5960.6001,1147700
2020-06-12,5847.7998,1323700
2020-06-15,5719.7998,1054600
2020-06-16,5942.2998,1089000
2020-06-17,5991.7998,919900
2020-06-18,5936.5,1173900
2020-06-19,5942.6001,1950100
2020-06-22,5944.5,761300
2020-06-23,5954.3999,916300
2020-06-24,5965.7002,817700
2020-06-25,5817.7002,883200
2020-06-26,5904.1001,901300
2020-06-29,5815.0,708900
2020-06-30,5897.8999,1009000
2020-07-01,5934.3999,729000
2020-07-02,6032.7002,832700
2020-07-03,6057.8999,645900
2020-07-06,6014.6001,568300
2020-07-07,6012.8999,772700
2020-07-08,5920.2998,777800
2020-07-09,5955.5,681300
2020-07-10,5919.2002,565400
2020-07-13,5977.5,666700
2020-07-14,5941.1001,652800
2020-07-15,6052.8999,656100
2020-07-16,6010.8999,676700
2020-07-17,6033.6001,583200
2020-07-20,6001.6001,482300
2020-07-21,6156.2998,695400
2020-07-22,6075.1001,614600
2020-07-23,6094.5,622900
2020-07-24,6024.0,547000
2020-07-27,6044.2002,577100
2020-07-28,6020.5,732400
2020-07-29,6006.3999,675800
2020-07-30,6051.1001,668700
2020-07-31,5927.7998,879100
2020-08-03,5926.1001,739000
2020-08-04,6037.6001,692300
2020-08-05,6001.2998,672500
2020-08-06,6042.2002,696500
2020-08-07,6004.7998,612500
2020-08-10,6110.2002,644800
2020-08-11,6138.7002,726800
2020-08-12,6132.0,771900
2020-08-13,6091.0,874600
2020-08-14,6126.2002,734600
2020-08-17,6076.3999,694400
2020-08-18,6123.3999,832500
2020-08-19,6167.6001,883000
2020-08-20,6120.0,867100
2020-08-21,6111.2002,812200
2020-08-24,6129.6001,793800
2020-08-25,6161.3999,901000
2020-08-26,6116.3999,886400
2020-08-27,6126.2002,824900
2020-08-28,6073.7998,785300
2020-08-31,6060.5,811400
2020-09-01,5953.3999,885100
2020-09-02,6063.2002,786400
2020-09-03,6112.6001,753600
2020-09-04,5925.5,761800
2020-09-07,5944.7998,586600
2020-09-08,6007.7998,617200
2020-09-09,5878.6001,818500
2020-09-10,5908.5,747500
2020-09-11,5859.3999,620700
2020-09-14,5899.5,619600
2020-09-15,5894.7998,800600
2020-09-16,5956.1001,842200
2020-09-17,5883.2002,916000
2020-09-18,5864.5,1513000
2020-09-21,5822.6001,690900
2020-09-22,5784.1001,793100
2020-09-23,5923.8999,831400
2020-09-24,5875.8999,713000
2020-09-25,5964.8999,673500
2020-09-28,5952.2998,579900
2020-09-29,5952.1001,626000
2020-09-30,5815.8999,931000
2020-10-01,5872.8999,610900
2020-10-02,5791.5,776300
2020-10-05,5941.6001,430900
2020-10-06,5962.1001,626200
2020-10-07,6036.3999,631200
2020-10-08,6102.0,631600
2020-10-09,6102.2002,564400
2020-10-12,6132.0,509800
2020-10-13,6195.7002,650200
2020-10-14,6179.2002,651600
2020-10-15,6210.2998,661400
2020-10-16,6176.7998,619000
2020-10-19,6229.3999,496400
2020-10-20,6184.6001,586500
2020-10-21,6191.7998,614600
2020-10-22,6173.7998,720300
2020-10-23,6167.0,562600
2020-10-26,6155.6001,610700
2020-10-27,6051.0,713000
2020-10-28,6057.7002,627100
2020-10-29,5960.2998,700200
2020-10-30,5927.6001,871400
2020-11-02,5951.2998,595000
2020-11-03,6066.3999,633800
2020-11-04,6062.1001,677800
2020-11-05,6139.6001,679200
2020-11-06,6190.2002,665200
2020-11-09,6298.7998,600300
2020-11-10,6340.5,1254900
2020-11-11,6449.7002,1025500
2020-11-12,6418.2002,834400
2020-11-13,6405.2002,688600
2020-11-16,6484.2998,40200
2020-11-17,6498.2002,983100
2020-11-18,6531.1001,824200
2020-11-19,6547.2002,701300
2020-11-20,6539.2002,636700
2020-11-23,6561.6001,554400
2020-11-24,6644.1001,811500
2020-11-25,6683.2998,969700
2020-11-26,6636.3999,621800
2020-11-27,6601.1001,491500
2020-11-30,6517.7998,1118600
2020-12-01,6588.5,701800
2020-12-02,6590.2002,749000
2020-12-03,6615.2998,699400
2020-12-04,6634.1001,612100
2020-12-07,6675.0,604300
2020-12-08,6687.7002,656800
2020-12-09,6728.5,578600
2020-12-10,6683.1001,705900
2020-12-11,6642.6001,688000
2020-12-14,6660.2002,575600
2020-12-15,6631.2998,626200
2020-12-16,6679.2002,652500
2020-12-17,6756.7002,801300
2020-12-18,6675.5,1437000
2020-12-21,6669.8999,570900
2020-12-22,6599.6001,536600
2020-12-23,6643.1001,462500
2020-12-24,6664.7998,230300
2020-12-29,6700.2998,330400
2020-12-30,6682.3999,354200
2020-12-31,6587.1001,272900
2021-01-04,6684.2002,381400
2021-01-05,6681.8999,527200
2021-01-06,6607.1001,565400
2021-01-07,6712.0,621500
2021-01-08,6757.8999,457200
2021-01-11,6697.2002,502200
2021-01-12,6679.1001,503600
2021-01-13,6686.6001,550300
2021-01-14,6715.2998,562400
2021-01-15,6715.3999,593000
2021-01-18,6663.0,448200
2021-01-19,6742.6001,502200
2021-01-20,6770.3999,529700
2021-01-21,6823.7002,642300
2021-01-22,6800.3999,619200
2021-01-25,6824.7002,381100
2021-01-27,6780.6001,659600
2021-01-28,6649.7002,715300
2021-01-29,6607.3999,728600
2021-02-01,6663.0,624800
2021-02-02,6762.6001,629400
2021-02-03,6824.6001,706800
2021-02-04,6765.5,545500
2021-02-05,6840.5,552800
2021-02-08,6880.7002,492400
2021-02-09,6821.2002,578400
2021-02-10,6856.8999,515600
2021-02-11,6850.1001,528800
2021-02-12,6806.7002,431800
2021-02-15,6868.8999,499000
2021-02-16,6917.2998,616300
2021-02-17,6885.2002,776500
2021-02-18,6885.8999,753400
2021-02-19,6793.7998,701400
2021-02-22,6780.8999,653200
2021-02-23,6839.2002,806200
2021-02-24,6777.7998,677300
2021-02-25,6834.0,806700
2021-02-26,6673.2998,1032700
2021-03-01,6789.6001,734300
2021-03-02,6762.2998,739300
2021-03-03,6818.0,591200
2021-03-04,6760.7002,737500
2021-03-05,6710.7998,702400
2021-03-08,6739.6001,609600
2021-03-09,6771.2002,733600
2021-03-10,6714.1001,619800
2021-03-11,6713.8999,665900
2021-03-12,6766.7998,468300
2021-03-15,6773.0,484500
2021-03-16,6827.1001,587100
2021-03-17,6795.2002,603800
2021-03-18,6745.8999,715600
2021-03-19,6708.2002,1245600
2021-03-22,6752.5,472000
2021-03-23,6745.3999,518800
2021-03-24,6778.7998,503000
2021-03-25,6790.6001,557700
2021-03-26,6824.2002,571500
2021-03-29,6799.5,502100
2021-03-30,6738.3999,513800
2021-03-31,6790.7002,717600
2021-04-01,6828.7002,473200
2021-04-06,6885.8999,517500
2021-04-07,6928.0,612700
2021-04-08,6998.7998,543900
2021-04-09,6995.2002,425900
2021-04-12,6974.0,405100
2021-04-13,6976.8999,507300
2021-04-14,7023.1001,576400
2021-04-15,7058.6001,686700
2021-04-16,7063.5,627000
2021-04-19,7065.6001,473500
2021-04-20,7017.7998,554600
2021-04-21,6997.5,689100
2021-04-22,7055.3999,664000
2021-04-23,7060.7002,485400
2021-04-26,7045.6001,427500
2021-04-27,7033.7998,596300
2021-04-28,7064.7002,620700
2021-04-29,7082.2998,634900
2021-04-30,7025.7998,615500
2021-05-03,7028.7998,468200
2021-05-04,7067.8999,484100
2021-05-05,7095.7998,510200
2021-05-06,7061.7002,624500
2021-05-07,7080.7998,532200
2021-05-10,7172.7998,588400
2021-05-11,7097.0,558900
2021-05-12,7044.8999,644600
2021-05-13,6982.7002,616800
2021-05-14,7014.2002,521000
2021-05-17,7023.6001,453200
2021-05-18,7066.0,524900
2021-05-19,6931.7002,702200
2021-05-20,7019.6001,664400
2021-05-21,7030.2998,589800
2021-05-24,7045.8999,456000
2021-05-25,7115.2002,483400
2021-05-26,7092.5,518000
2021-05-27,7094.8999,1395500
2021-05-28,7179.5,606900
2021-05-31,7161.6001,499800
2021-06-01,7142.6001,414800
2021-06-02,7217.7998,569800
2021-06-03,7260.1001,592800
2021-06-04,7295.3999,645700
2021-06-07,7281.8999,471200
2021-06-08,7292.6001,504200
2021-06-09,7270.2002,567100
2021-06-10,7302.5,595500
2021-06-11,7312.2998,556900
2021-06-15,7379.5,613700
2021-06-16,7386.2002,659600
2021-06-17,7359.0,772100
2021-06-18,7368.8999,1225100
2021-06-21,7235.2998,607400
2021-06-22,7342.2002,573100
2021-06-23,7298.5,554000
2021-06-24,7275.2998,583500
2021-06-25,7308.0,589900
2021-06-28,7307.2998,515600
2021-06-29,7301.2002,514700
2021-06-30,7313.0,675200
2021-07-01,7265.6001,573300
2021-07-02,7308.6001,501000
2021-07-05,7315.0,548300
2021-07-06,7261.7998,552700
2021-07-07,7326.8999,705200
2021-07-08,7341.3999,574000
2021-07-09,7251.7998,621900
2021-07-12,7333.5,471300
2021-07-13,7332.1001,616700
2021-07-14,7354.7002,561300
2021-07-15,7335.8999,643700
2021-07-16,7348.1001,592100
2021-07-19,7286.0,496400
2021-07-20,7252.2002,644600
2021-07-21,7308.7002,581300
2021-07-22,7386.3999,
2021-07-23,7394.3999,493600
2021-07-26,7394.2998,548100
2021-07-27,7431.3999,559600
2021-07-28,7379.2998,586000
2021-07-29,7417.3999,515000
2021-07-30,7392.6001,632500
2021-08-02,7491.3999,576300
2021-08-03,7474.5,623300
2021-08-04,7503.2002,499700
2021-08-05,7511.1001,510300
2021-08-06,7538.3999,539400
2021-08-09,7538.3999,526800
2021-08-10,7562.6001,525100
2021-08-11,7584.2998,643200
2021-08-12,7588.2002,627800
2021-08-13,7628.8999,605000
2021-08-16,7582.5,647000
2021-08-17,7511.0,559100
2021-08-18,7502.1001,653500
2021-08-19,7464.6001,747600
2021-08-20,7460.8999,712700
2021-08-23,7489.8999,617300
2021-08-24,7503.0,685500
2021-08-25,7531.8999,710500
2021-08-26,7491.2002,771800
2021-08-27,7488.2998,756500
2021-08-30,7504.5,648100
2021-08-31,7534.8999,805800
2021-09-01,7527.1001,618500
2021-09-02,7485.7002,631400
2021-09-03,7522.8999,586700
2021-09-06,7528.5,807600
2021-09-07,7530.2998,591500
2021-09-08,7512.0,688900
2021-09-09,7369.5,740200
2021-09-10,7406.6001,599100
2021-09-13,7425.2002,591700
2021-09-14,7437.2998,810700
2021-09-15,7417.0,783000
2021-09-16,7460.2002,908900
2021-09-17,7403.7002,1611600
2021-09-20,7248.2002,721100
2021-09-21,7273.7998,740300
2021-09-22,7296.8999,663800
2021-09-23,7370.2002,696700
2021-09-24,7342.6001,666300
2021-09-27,7384.2002,630600
2021-09-28,7275.6001,753700
2021-09-29,7196.7002,850900
2021-09-30,7332.2002,801800
2021-10-01,7185.5,785100
2021-10-04,7278.5,464100
2021-10-05,7248.3999,735900
2021-10-06,7206.5,726900
2021-10-07,7256.7002,716300
2021-10-08,7320.1001,622200
2021-10-11,7299.7998,613000
2021-10-12,7280.7002,669100
2021-10-13,7272.5,589800
2021-10-14,7311.7002,648100
2021-10-15,7362.0,565800
2021-10-18,7381.1001,562500
2021-10-19,7374.8999,583000
2021-10-20,7413.7002,746800
2021-10-21,7415.3999,751000
2021-10-22,7415.5,638400
2021-10-25,7441.0,464100
2021-10-26,7443.3999,516100
2021-10-27,7448.7002,596700
2021-10-28,7430.3999,578200
2021-10-29,7323.7002,695900
2021-11-01,7370.7998,612000
2021-11-02,7324.2998,491500
2021-11-03,7392.7002,587800
2021-11-04,7428.0,658100
2021-11-05,7456.8999,568000
2021-11-08,7452.2002,581100
2021-11-09,7434.2002,609600
2021-11-10,7423.8999,549100
2021-11-11,7381.8999,601100
2021-11-12,7443.0,572700
2021-11-15,7470.1001,499100
2021-11-16,7420.3999,626100
2021-11-17,7369.8999,626100
2021-11-18,7379.2002,633700
2021-11-19,7396.5,525300
2021-11-22,7353.1001,486300
2021-11-23,7410.6001,606300
2021-11-24,7399.3999,595300
2021-11-25,7407.2998,597800
2021-11-26,7279.2998,577200
2021-11-29,7239.7998,817900
2021-11-30,7256.0,1119400
2021-12-01,7235.8999,654000
2021-12-02,7225.2002,652400
2021-12-03,7241.2002,631400
2021-12-06,7245.1001,650400
2021-12-07,7313.8999,601700
2021-12-08,7405.3999,675500
2021-12-09,7384.5,542200
2021-12-10,7353.5,599500
2021-12-13,7379.2998,452100
2021-12-14,7378.3999,581400
2021-12-15,7327.1001,514700
2021-12-16,7295.7002,787400
2021-12-17,7304.0,1220600
2021-12-20,7292.2002,537700
2021-12-21,7355.0,571400
2021-12-22,7364.7998,539800
2021-12-23,7387.6001,390000
2021-12-24,7420.2998,230000
2021-12-29,7509.7998,428600
2021-12-30,7513.3999,365300
2021-12-31,7444.6001,272400
2022-01-04,7589.7998,491700
2022-01-05,7565.7998,472300
2022-01-06,7358.2998,623900
2022-01-07,7453.2998,469100
2022-01-10,7447.1001,410100
2022-01-11,7390.1001,549600
2022-01-12,7438.8999,569400
2022-01-13,7474.3999,605200
2022-01-14,7393.8999,620000
2022-01-17,7417.2998,472800
2022-01-18,7408.7998,549300
2022-01-19,7332.5,697400
2022-01-20,7342.3999,684500
2022-01-21,7175.7998,911000
2022-01-24,7139.5,760500
2022-01-25,6961.6001,1101100
2022-01-27,6838.2998,1178700
2022-01-28,6988.1001,2091100
2022-01-31,6971.6001,759100
2022-02-01,7006.0,685800
2022-02-02,7087.7002,643500
2022-02-03,7078.0,628800
2022-02-04,7120.2002,833700
2022-02-07,7110.7998,617900
2022-02-08,7186.7002,771000
2022-02-09,7268.2998,978700
2022-02-10,7288.5,873700
2022-02-11,7217.2998,629400
2022-02-14,7243.8999,749300
2022-02-15,7206.8999,730100
2022-02-16,7284.8999,796100
2022-02-17,7296.2002,846600
2022-02-18,7221.7002,764000
2022-02-21,7233.6001,712000
2022-02-22,7161.2998,863800
2022-02-23,7205.7002,788400
2022-02-24,6990.6001,1109300
2022-02-25,6997.7998,888800
2022-02-28,7049.1001,1007600
2022-03-01,7096.5,812800
2022-03-02,7116.7002,941000
2022-03-03,7151.3999,856200
2022-03-04,7110.7998,972300
2022-03-07,7038.6001,1017400
2022-03-08,6980.2998,973800
2022-03-09,7053.0,1042400
2022-03-10,7130.7998,1011400
2022-03-11,7063.6001,816800
2022-03-14,7149.3999,610100
2022-03-15,7097.3999,789000
2022-03-16,7175.2002,704800
2022-03-17,7250.7998,840800
2022-03-18,7294.3999,1543800
2022-03-21,7278.5,563700
2022-03-22,7341.1001,661000
2022-03-23,7377.8999,579400
2022-03-24,7387.1001,648900
2022-03-25,7406.2002,679600
2022-03-28,7412.3999,567000
2022-03-29,7464.2998,651300
2022-03-30,7514.5,713400
2022-03-31,7499.6001,825600
2022-04-01,7493.7998,653800
2022-04-04,7513.7002,572300
2022-04-05,7527.8999,606200
2022-04-06,7490.1001,713800
2022-04-07,7442.7998,644400
2022-04-08,7478.0,610100
2022-04-11,7485.2002,552400
2022-04-12,7454.0,579000
2022-04-13,7479.0,646900
2022-04-14,7523.3999,683800
2022-04-19,7565.2002,585900
2022-04-20,7569.2002,640300
2022-04-21,7592.7998,602200
2022-04-22,7473.2998,749700
2022-04-26,7318.0,847100
2022-04-27,7261.2002,827000
2022-04-28,7356.8999,729400
2022-04-29,7435.0,748500
2022-05-02,7347.0,565000
2022-05-03,7316.2002,580700
2022-05-04,7304.7002,726500
2022-05-05,7364.7002,808200
2022-05-06,7205.6001,861000
2022-05-09,7120.7002,692300
2022-05-10,7051.2002,939400
2022-05-11,7064.7002,702400
2022-05-12,6941.0,801700
2022-05-13,7075.1001,725200
2022-05-16,7093.0,582400
2022-05-17,7112.5,630900
2022-05-18,7182.7002,658100
2022-05-19,7064.5,771500
2022-05-20,7145.6001,698100
2022-05-23,7148.8999,559700
2022-05-24,7128.7998,925300
2022-05-25,7155.2002,649000
2022-05-26,7105.8999,598800
2022-05-27,7182.7002,562100
2022-05-30,7286.6001,637000
2022-05-31,7211.2002,1235000
2022-06-01,7234.0,905300
2022-06-02,7175.8999,740300
2022-06-03,7238.7998,639300
2022-06-06,7206.2998,503000
2022-06-07,7095.7002,691400
2022-06-08,7121.1001,764100
2022-06-09,7019.7002,677300
2022-06-10,6932.0,747700
2022-06-14,6686.0,1281900
2022-06-15,6601.0,942000
2022-06-16,6591.1001,948200
2022-06-17,6474.7998,1732400
2022-06-20,6433.3999,857600
2022-06-21,6523.7998,884900
2022-06-22,6508.5,914900
2022-06-23,6528.3999,906100
2022-06-24,6578.7002,829300
2022-06-27,6706.0,897200
2022-06-28,6763.6001,754500
2022-06-29,6700.2002,789100
2022-06-30,6568.1001,880800
2022-07-01,6539.8999,633400
2022-07-04,6612.6001,574600
2022-07-05,6629.2998,532900
2022-07-06,6594.5,752400
2022-07-07,6648.0,700500
2022-07-08,6678.0,586400
2022-07-11,6602.2002,551900
2022-07-12,6606.2998,618600
2022-07-13,6621.6001,673200
2022-07-14,6650.6001,735800
2022-07-15,6605.6001,629800
2022-07-18,6687.1001,528400
2022-07-19,6649.6001,659200
2022-07-20,6759.2002,746000
2022-07-21,6794.2998,834500
2022-07-22,6791.5,822100
2022-07-25,6789.8999,594100
2022-07-26,6807.2998,619000
2022-07-27,6823.2002,626000
2022-07-28,6889.7002,721200
2022-07-29,6945.2002,919200
2022-08-01,6993.0,668000
2022-08-02,6998.1001,625600
2022-08-03,6975.8999,672500
2022-08-04,6974.8999,704900
2022-08-05,7015.6001,589200
2022-08-08,7020.6001,687600
2022-08-09,7029.7998,762600
2022-08-10,6992.7002,698000
2022-08-11,7071.0,772600
2022-08-12,7032.5,647000
2022-08-15,7064.2998,585900
2022-08-16,7105.3999,663100
2022-08-17,7127.7002,764000
2022-08-18,7112.7998,739000
2022-08-19,7114.5,692200
2022-08-22,7046.8999,658200
2022-08-23,6961.7998,731400
2022-08-24,6998.1001,754500
2022-08-25,7048.1001,772200
2022-08-26,7104.1001,658300
2022-08-29,6965.5,705300
2022-08-30,6998.2998,724000
2022-08-31,6986.7998,957000
2022-09-01,6845.6001,825300
2022-09-02,6828.7002,632300
2022-09-05,6852.2002,563400
2022-09-06,6826.5,677200
2022-09-07,6729.2998,872600
2022-09-08,6848.7002,799100
2022-09-09,6894.2002,809500
2022-09-12,6964.5,582100
2022-09-13,7009.7002,784500
2022-09-14,6828.6001,1609400
2022-09-15,6842.8999,942000
2022-09-16,6739.1001,1736200
2022-09-19,6719.8999,767500
2022-09-20,6806.3999,667600
2022-09-21,6700.2002,832400
2022-09-23,6574.7002,908200
2022-09-26,6469.3999,1093300
2022-09-27,6496.2002,1006700
2022-09-28,6462.0,973100
2022-09-29,6555.0,846900
2022-09-30,6474.2002,1008100
2022-10-03,6456.8999,647000
2022-10-04,6699.2998,1010500
2022-10-05,6815.7002,1063300
2022-10-06,6817.5,810300
2022-10-07,6762.7998,689000
2022-10-10,6667.7998,600800
2022-10-11,6645.0,747400
2022-10-12,6647.5,723700
2022-10-13,6642.6001,710100
2022-10-14,6758.7998,663900
2022-10-17,6664.3999,712300
2022-10-18,6779.2002,833600
2022-10-19,6800.1001,745600
2022-10-20,6730.7002,901000
2022-10-21,6676.7998,741700
2022-10-24,6779.3999,683000
2022-10-25,6798.6001,751900
2022-10-26,6810.8999,821000
2022-10-27,6845.1001,779800
2022-10-28,6785.7002,784100
2022-10-31,6863.5,1019200
2022-11-01,6976.8999,701300
2022-11-02,6986.7002,819400
2022-11-03,6857.8999,694100
2022-11-04,6892.5,665500
2022-11-07,6933.7002,688800
2022-11-08,6958.8999,713000
2022-11-09,6999.2998,775500
2022-11-10,6964.0,733000
2022-11-11,7158.0,1162600
2022-11-14,7146.2998,978100
2022-11-15,7141.6001,937500
2022-11-16,7122.2002,742800
2022-11-17,7135.7002,744900
2022-11-18,7151.7998,762700
2022-11-21,7139.2998,598600
2022-11-22,7181.2998,677000
2022-11-23,7247.3999,68600
2022-11-24,7241.7998,593800
2022-11-25,7259.5,552100
2022-11-28,7229.1001,699800
2022-11-29,7253.2998,680000
2022-11-30,7284.2002,1846100
2022-12-01,7354.3999,715000
2022-12-02,7301.5,716400
2022-12-05,7325.6001,650300
2022-12-06,7291.2998,700900
2022-12-07,7229.3999,813400
2022-12-08,7175.5,833800
2022-12-09,7213.2002,716500
2022-12-12,7180.7998,608400
2022-12-13,7203.2998,641300
2022-12-14,7251.2998,731000
2022-12-15,7204.7998,915600
2022-12-16,7148.7002,1491200
2022-12-19,7133.8999,491300
2022-12-20,7024.2998,681300
2022-12-21,7115.1001,658500
2022-12-22,7152.5,593900
2022-12-23,7107.7002,398000
2022-12-28,7086.3999,427500
2022-12-29,7020.1001,492200
2022-12-30,7038.7002,430700
2023-01-03,6946.2002,420300
2023-01-04,7059.2002,544500
2023-01-05,7063.6001,614900
2023-01-06,7109.6001,528600
2023-01-09,7151.2998,512500
2023-01-10,7131.0,519900
2023-01-11,7195.2998,518400
2023-01-12,7280.3999,571500
2023-01-13,7328.1001,522900
2023-01-16,7388.2002,497000
2023-01-17,7386.2998,574800
2023-01-18,7393.3999,642600
2023-01-19,7435.2998,574600
2023-01-20,7452.2002,777300
2023-01-23,7457.2998,565700
2023-01-24,7490.3999,612900
2023-01-25,7468.2998,658200
2023-01-27,7493.7998,705000
2023-01-30,7481.7002,657200
2023-01-31,7476.7002,888100
2023-02-01,7501.7002,692800
2023-02-02,7511.6001,707400
2023-02-03,7558.1001,981500
2023-02-06,7539.0,636000
2023-02-07,7504.1001,618500
2023-02-08,7530.1001,660100
2023-02-09,7490.2998,579900
2023-02-10,7433.7002,556700
2023-02-13,7417.7998,673500
2023-02-14,7430.8999,654900
2023-02-15,7352.2002,756500
2023-02-16,7410.2998,884200
2023-02-17,7346.7998,801700
2023-02-20,7351.5,606700
2023-02-21,7336.2998,636000
2023-02-22,7314.5,703400
2023-02-23,7285.3999,721200
2023-02-24,7307.0,719600
2023-02-27,7224.7998,639600
2023-02-28,7258.3999,1001900
2023-03-01,7251.6001,668200
2023-03-02,7255.3999,987100
2023-03-03,7283.6001,565400
2023-03-06,7328.6001,591000
2023-03-07,7364.7002,771100
2023-03-08,7307.7998,713300
2023-03-09,7311.1001,619000
2023-03-10,7144.7002,721100
2023-03-13,7108.7998,673800
2023-03-14,7008.8999,1068800
2023-03-15,7068.8999,851100
2023-03-16,6965.5,1216300
2023-03-17,6994.7998,1419200
2023-03-20,6898.5,669800
2023-03-21,6955.3999,638800
2023-03-22,7015.6001,749100
2023-03-23,6968.6001,710000
2023-03-24,6955.2002,581000
2023-03-27,6962.0,524000
2023-03-28,7034.1001,969900
2023-03-29,7050.2998,761600
2023-03-30,7122.2998,792500
2023-03-31,7177.7998,835800
2023-04-03,7223.0,691800
2023-04-04,7236.0,723600
2023-04-05,7237.2002,723300
2023-04-06,7219.0,666300
2023-04-11,7309.8999,674900
2023-04-12,7343.8999,717000
2023-04-13,7324.1001,653300
2023-04-14,7361.6001,562000
2023-04-17,7381.5,650100
2023-04-18,7360.2002,780300
2023-04-19,7365.5,604900
2023-04-20,7362.2002,676100
2023-04-21,7330.3999,689100
2023-04-24,7322.0,539600
2023-04-26,7316.2998,794500
2023-04-27,7292.7002,539200
2023-04-28,7309.2002,744600
2023-05-01,7334.6001,595500
2023-05-02,7267.3999,685900
2023-05-03,7197.3999,738400
2023-05-04,7193.1001,598500
2023-05-05,7220.0,624200
2023-05-08,7276.5,645500
2023-05-09,7264.1001,649900
2023-05-10,7255.7002,583600
2023-05-11,7251.8999,713400
2023-05-12,7256.7002,647800
2023-05-15,7267.1001,535700
2023-05-16,7234.7002,629400
2023-05-17,7199.2002,615800
2023-05-18,7236.7998,723500
2023-05-19,7279.5,643800
2023-05-22,7263.2998,486800
2023-05-23,7259.8999,578100
2023-05-24,7213.7998,583500
2023-05-25,7138.2002,738000
2023-05-26,7154.7998,526100
2023-05-29,7217.3999,502600
2023-05-30,7209.2998,662500
2023-05-31,7091.2998,1567300
2023-06-01,7110.7998,676600
2023-06-02,7145.1001,632300
2023-06-05,7216.2998,591300
2023-06-06,7129.6001,798300
2023-06-07,7118.0,732000
2023-06-08,7099.7002,716600
2023-06-09,7122.5,580900
2023-06-13,7138.8999,647200
2023-06-14,7161.7002,833900
2023-06-15,7175.2998,824400
2023-06-16,7251.2002,1456400
2023-06-19,7294.8999,662600
2023-06-20,7357.7998,647000
2023-06-21,7314.8999,709900
2023-06-22,7195.5,704900
2023-06-23,7099.2002,587800
2023-06-26,7078.7002,592700
2023-06-27,7118.2002,621300
2023-06-28,7196.5,674700
2023-06-29,7194.8999,611100
2023-06-30,7203.2998,648700
2023-07-03,7246.1001,584800
2023-07-04,7279.0,543300
2023-07-05,7253.2002,541200
2023-07-06,7163.3999,629200
2023-07-07,7042.2998,536600
2023-07-10,7004.0,452600
2023-07-11,7108.8999,499000
2023-07-12,7135.7002,496500
2023-07-13,7246.8999,684900
2023-07-14,7303.1001,583200
2023-07-17,7298.5,562400
2023-07-18,7283.7998,537700
2023-07-19,7323.7002,660100
2023-07-20,7325.0,686300
2023-07-21,7313.8999,631700
2023-07-24,7306.3999,701100
2023-07-25,7339.7002,637400
2023-07-26,7402.0,638100
2023-07-27,7455.8999,690200
2023-07-28,7403.6001,612800
2023-07-31,7410.3999,575500
2023-08-01,7450.7002,523500
2023-08-02,7354.6001,577900
2023-08-03,7311.7002,559900
2023-08-04,7325.2998,603200
2023-08-07,7309.2002,414600
2023-08-08,7311.1001,715200
2023-08-09,7338.0,574300
2023-08-10,7357.3999,663800
2023-08-11,7340.1001,541100
2023-08-14,7277.0,607400
2023-08-15,7305.0,610600
2023-08-16,7195.2002,714000
2023-08-17,7146.0,897900
2023-08-18,7148.1001,806300
2023-08-21,7115.5,711900
2023-08-22,7121.6001,735900
2023-08-23,7148.3999,684200
2023-08-24,7182.1001,811800
2023-08-25,7115.2002,768400
2023-08-28,7159.7998,937800
2023-08-29,7210.5,867900
2023-08-30,7297.7002,790700
2023-08-31,7305.2998,1109900
2023-09-01,7278.2998,569100
2023-09-04,7318.7998,644200
2023-09-05,7314.2998,487700
2023-09-06,7257.1001,744200
2023-09-07,7171.0,737500
2023-09-08,7156.7002,518300
2023-09-11,7192.2998,587500
2023-09-12,7206.8999,737800
2023-09-13,7153.8999,853400
2023-09-14,7186.5,671300
2023-09-15,7279.0,2109400
2023-09-18,7230.3999,501400
2023-09-19,7196.6001,572600
2023-09-20,7163.2998,770200
2023-09-21,7065.2002,821300
2023-09-22,7068.7998,917800
2023-09-25,7076.5,511700
2023-09-26,7038.2002,652300
2023-09-27,7030.2998,761900
2023-09-28,7024.7998,723300
2023-09-29,7048.6001,776800
2023-10-02,7033.2002,484800
2023-10-03,6943.3999,836000
2023-10-04,6890.2002,752500
2023-10-05,6925.5,691600
2023-10-06,6954.2002,636800
2023-10-09,6970.2002,921100
2023-10-10,7040.6001,779500
2023-10-11,7088.3999,758700
2023-10-12,7091.0,736300
2023-10-13,7051.0,646000
2023-10-16,7026.5,548200
2023-10-17,7056.1001,574400
2023-10-18,7077.6001,587800
2023-10-19,6981.6001,820400
2023-10-20,6900.7002,745900
2023-10-23,6844.1001,567000
2023-10-24,6856.8999,604500
2023-10-25,6854.2998,753100
2023-10-26,6812.2998,960200
2023-10-27,6826.8999,567200
2023-10-30,6772.8999,833500
2023-10-31,6780.7002,943900
2023-11-01,6838.2998,659600
2023-11-02,6899.7002,708500
2023-11-03,6978.2002,860700
2023-11-06,6997.3999,933400
2023-11-07,6977.1001,536700
2023-11-08,6995.3999,741100
2023-11-09,7014.8999,783300
2023-11-10,6976.5,564200
2023-11-13,6948.7998,582700
2023-11-14,7006.7002,580800
2023-11-15,7105.8999,714300
2023-11-16,7058.3999,655600
2023-11-17,7049.3999,674400
2023-11-20,7058.3999,510600
2023-11-21,7078.2002,633700
2023-11-22,7073.3999,558600
2023-11-23,7029.2002,563500
2023-11-24,7040.7998,372900
2023-11-27,6987.6001,480800
2023-11-28,7015.2002,578400
2023-11-29,7035.2998,646000
2023-11-30,7087.2998,1401300
2023-12-01,7073.2002,581900
2023-12-04,7124.7002,877300
2023-12-05,7061.6001,873700
2023-12-06,7178.3999,898200
2023-12-07,7173.2998,812300
2023-12-08,7194.8999,725800
2023-12-11,7199.0,662500
2023-12-12,7235.2998,643000
2023-12-13,7257.7998,606900
2023-12-14,7377.8999,994800
2023-12-15,7442.7002,2016000
2023-12-18,7426.3999,604600
2023-12-19,7489.1001,662300
2023-12-20,7537.8999,756600
2023-12-21,7504.1001,814600
2023-12-22,7501.6001,648800
2023-12-27,7561.2002,415300
2023-12-28,7614.2998,378800
2023-12-29,7590.7998,387700
2024-01-02,7627.7998,307500
2024-01-03,7523.2002,475500
2024-01-04,7494.1001,469800
2024-01-05,7489.1001,437400
2024-01-08,7451.5,526400
2024-01-09,7520.5,530600
2024-01-10,7468.5,570700
2024-01-11,7506.0,570300
2024-01-12,7498.2998,576600
2024-01-15,7496.2998,510300
2024-01-16,7414.7998,570700
2024-01-17,7393.1001,700400
2024-01-18,7346.5,729100
2024-01-19,7421.2002,673000
2024-01-22,7476.6001,621400
2024-01-23,7514.8999,603300
2024-01-24,7519.2002,585700
2024-01-25,7555.3999,593500
2024-01-29,7578.3999,674800
2024-01-30,7600.2002,635400
2024-01-31,7680.7002,
2024-02-01,7588.2002,620800
2024-02-02,7699.3999,643100
2024-02-05,7625.8999,474100
2024-02-06,7581.6001,561900
2024-02-07,7624.8999,112000
2024-02-08,7639.2002,574000
2024-02-09,7644.7998,584100
2024-02-12,7614.8999,490100
2024-02-13,7603.6001,635700
2024-02-14,7547.7002,876000
2024-02-15,7605.7002,911300
2024-02-16,7658.2998,902100
2024-02-19,7665.1001,742900
2024-02-20,7659.0,962400
2024-02-21,7597.7998,1218500
2024-02-22,7611.2002,2123700
2024-02-23,7643.6001,932200
2024-02-26,7652.7998,
2024-02-27,7663.0,736400
2024-02-28,7660.3999,934100
2024-02-29,7698.7002,1919000
2024-03-01,7745.6001,907700
2024-03-04,7735.7998,833500
2024-03-05,7724.2002,795900
2024-03-06,7733.5,725100
2024-03-07,7763.7002,676900
2024-03-08,7847.0,755300
2024-03-11,7704.2002,110600
2024-03-12,7712.5,623600
2024-03-13,7729.3999,687500
2024-03-14,7713.6001,857100
2024-03-15,7670.2998,2298400
2024-03-18,7675.7998,535500
2024-03-19,7703.2002,559100
2024-03-20,7695.7998,535300
2024-03-21,7782.0,819900
2024-03-22,7770.6001,636600
2024-03-25,7811.8999,462500
2024-03-26,7780.2002,579500
2024-03-27,7819.6001,473800
2024-03-28,7896.8999,704400
2024-04-02,7887.8999,610100
2024-04-03,7782.5,679100
2024-04-04,7817.2998,537600
2024-04-05,7773.2998,497200
2024-04-08,7789.1001,542900
2024-04-09,7824.2002,536300
2024-04-10,7848.5,526200
2024-04-11,7813.6001,531300
2024-04-12,7788.1001,531600
2024-04-15,7752.5,551800
2024-04-16,7612.5,992200
2024-04-17,7605.6001,531800
2024-04-18,7642.1001,511700
2024-04-19,7567.2998,692800
2024-04-22,7649.2002,479100
2024-04-23,7683.5,565200
2024-04-24,7683.0,579200
2024-04-26,7575.8999,520500
2024-04-29,7637.3999,540400
2024-04-30,7664.1001,668600
2024-05-01,7569.8999,559000
2024-05-02,7587.0,692300
2024-05-03,7629.0,638400
2024-05-06,7682.3999,500800
2024-05-07,7793.2998,603300
2024-05-08,7804.5,517900
2024-05-09,7721.6001,512300
2024-05-10,7749.0,462800
2024-05-13,7750.0,423700
2024-05-14,7726.7998,479800
2024-05-15,7753.7002,419300
2024-05-16,7881.2998,655500
2024-05-17,7814.3999,524600
2024-05-20,7863.7002,614400
2024-05-21,7851.7002,674000
2024-05-22,7848.1001,683500
2024-05-23,7811.7998,585000
2024-05-24,7727.6001,505400
2024-05-27,7788.2998,474300
2024-05-28,7766.7002,492200
2024-05-29,7665.6001,657000
2024-05-30,7628.2002,577700
2024-05-31,7701.7002,1411400
2024-06-03,7761.0,468600
2024-06-04,7737.1001,471100
2024-06-05,7769.0,605000
2024-06-06,7821.7998,522700
2024-06-07,7860.0,479200
2024-06-11,7755.3999,701200
2024-06-12,7715.5,565300
2024-06-13,7749.7002,657700
2024-06-14,7724.2998,526600
2024-06-17,7700.2998,574700
2024-06-18,7778.1001,647400
2024-06-19,7769.7002,596300
2024-06-20,7769.3999,831900
2024-06-21,7796.0,1735800
2024-06-24,7733.7002,562000
2024-06-25,7838.7998,624400
2024-06-26,7783.0,720100
2024-06-27,7759.6001,714000
2024-06-28,7767.5,748200
2024-07-01,7750.7002,484100
2024-07-02,7718.2002,555500
2024-07-03,7739.8999,501700
2024-07-04,7831.7998,577800
2024-07-05,7822.2998,390300
2024-07-08,7763.2002,465600
2024-07-09,7829.7002,500400
2024-07-10,7816.7998,526500
2024-07-11,7889.6001,523500
2024-07-12,7959.2998,545600
2024-07-15,8017.6001,508500
2024-07-16,7999.2998,522100
2024-07-17,8057.8999,570800
2024-07-18,8036.5,616600
2024-07-19,7971.6001,572900
2024-07-22,7931.7002,491900
2024-07-23,7971.1001,716600
2024-07-24,7963.7002,571500
2024-07-25,7861.2002,669200
2024-07-26,7921.2998,637400
2024-07-29,7989.6001,519600
2024-07-30,7953.2002,499600
2024-07-31,8092.2998,821600
2024-08-01,8114.7002,586100
2024-08-02,7943.2002,690200
2024-08-05,7649.6001,766500
2024-08-06,7680.6001,674900
2024-08-07,7699.7998,987000
2024-08-08,7682.0,730400
2024-08-09,7777.7002,519800
2024-08-12,7813.7002,510700
2024-08-13,7826.7998,637000
2024-08-14,7850.7002,561100
2024-08-15,7865.5,690200
2024-08-16,7971.1001,763300
2024-08-19,7980.3999,513600
2024-08-20,7997.7002,565700
2024-08-21,8010.5,673900
2024-08-22,8027.0,621300
2024-08-23,8023.8999,645200
2024-08-26,8084.5,553600
2024-08-27,8071.2002,656600
2024-08-28,8071.3999,743500
2024-08-29,8045.1001,743100
2024-08-30,8091.8999,1198800
2024-09-02,8109.8999,617200
2024-09-03,8103.2002,633900
2024-09-04,7950.5,735200
2024-09-05,7982.3999,796400
2024-09-06,8013.3999,633300
2024-09-09,7988.1001,617700
2024-09-10,8011.8999,660100
2024-09-11,7987.8999,690000
2024-09-12,8075.7002,
2024-09-13,8099.8999,730500
2024-09-16,8121.6001,581200
2024-09-17,8140.8999,512800
2024-09-18,8142.1001,521000
2024-09-19,8191.8999,850000
2024-09-20,8209.5,2007100
2024-09-23,8152.8999,616300
2024-09-24,8142.0,630100
2024-09-25,8126.3999,682000
2024-09-26,8203.7002,713000
2024-09-27,8212.2002,940200
2024-09-30,8269.7998,877900
2024-10-01,8208.9004,579500
2024-10-02,8198.2002,577400
2024-10-03,8205.2002,646700
2024-10-04,8150.0,560800
2024-10-07,8205.4004,439700
2024-10-08,8176.8999,565400
2024-10-09,8187.3999,520600
2024-10-10,8223.0,592100
2024-10-11,8214.5,477800
2024-10-14,8252.7998,484400
2024-10-15,8318.4004,548700
2024-10-16,8284.7002,611600
2024-10-17,8355.9004,748400
2024-10-18,8283.2002,705400
2024-10-21,8344.4004,600100
2024-10-22,8205.7002,559600
2024-10-23,8216.0,500100
2024-10-24,8206.2998,628600
2024-10-25,8211.2998,475100
2024-10-28,8221.5,479000
2024-10-29,8249.2002,598100
2024-10-30,8180.3999,714800
2024-10-31,8160.0,693500
2024-11-01,8118.7998,494600
2024-11-04,8164.6001,490400
2024-11-05,8131.7998,380500
2024-11-06,8199.5,488500
2024-11-07,8285.5996,52500
2024-11-08,8295.0996,530300
2024-11-11,8266.2002,521000
2024-11-12,8255.5996,622100
2024-11-13,8193.4004,555200
2024-11-14,8224.0,520400
2024-11-15,8285.2002,535900
2024-11-18,8300.2002,516900
2024-11-19,8374.0,571600
2024-11-20,8326.2998,509000
2024-11-21,8323.0,527800
2024-11-22,8393.7998,555800
2024-11-25,8417.5996,1405400
2024-11-26,8359.4004,582800
2024-11-27,8406.7002,513900
2024-11-28,8444.2998,568400
2024-11-29,8436.2002,496000
2024-12-02,8447.9004,525200
2024-12-03,8495.2002,674800
2024-12-04,8462.5996,564500
2024-12-05,8474.9004,598100
2024-12-06,8420.9004,537500
2024-12-09,8423.0,604500
2024-12-10,8393.0,758700
2024-12-11,8353.5996,562200
2024-12-12,8330.2998,609800
2024-12-13,8296.0,488000
2024-12-16,8249.5,604000
2024-12-17,8314.0,541000
2024-12-18,8309.4004,589500
2024-12-19,8168.2002,822700
2024-12-20,8067.0,1250200
2024-12-23,8201.5996,362900
2024-12-24,8220.9004,183500
2024-12-27,8261.7998,283700
2024-12-30,8235.0,306700
2024-12-31,8159.1001,277800
2025-01-02,8201.2002,304400
2025-01-03,8250.5,329100
2025-01-06,8288.5,52200
2025-01-07,8285.0996,424300
2025-01-08,8349.0996,488800
2025-01-09,8329.2002,561900
2025-01-10,8294.0996,525900
2025-01-13,8191.8999,523200
2025-01-14,8231.0,525500
2025-01-15,8213.2998,502700
2025-01-16,8327.0,527200
2025-01-17,8310.4004,525900
2025-01-20,8402.0,62700
2025-01-21,8420.2998,44800
2025-01-22,8429.7998,558000
2025-01-23,8378.7002,543700
2025-01-24,8408.9004,434700
2025-01-28,8399.0996,607900
2025-01-29,8447.0,589100
2025-01-30,8550.0996,82600
2025-01-31,8532.2998,738300
2025-02-03,8379.4004,598200
2025-02-04,8374.0,565500
2025-02-05,8416.9004,618200
2025-02-06,8520.7002,616800
2025-02-07,8511.4004,485000
2025-02-10,8482.7998,477700
2025-02-11,8484.0,670100
2025-02-12,8535.2998,683600
2025-02-13,8540.0,776000
2025-02-14,8555.7998,750900
2025-02-17,8505.7998,81900
2025-02-18,8481.0,631300
2025-02-19,8419.2002,757300
2025-02-20,8322.7998,893600
2025-02-21,8296.2002,698400
2025-02-24,8308.2002,762700
2025-02-25,8251.9004,754100
2025-02-26,8240.7002,694700
2025-02-27,8268.2002,694100
2025-02-28,8172.3999,1960900
2025-03-03,8245.7002,707200
2025-03-04,8198.0996,706000
2025-03-05,8141.1001,736500
2025-03-06,8094.7002,732100
2025-03-07,7948.2002,672900
2025-03-10,7962.2998,555900
2025-03-11,7890.1001,1149100
2025-03-12,7786.2002,952200
2025-03-13,7749.1001,821800
2025-03-14,7789.7002,710100
2025-03-17,7854.1001,648300
2025-03-18,7860.3999,700500
2025-03-19,7828.2998,756800
2025-03-20,7918.8999,1030200
2025-03-21,7931.2002,2217500
2025-03-24,7936.8999,633300
2025-03-25,7942.5,651400
2025-03-26,7999.0,710600
2025-03-27,7969.0,715800
2025-03-28,7982.0,600300
2025-03-31,7843.3999,812600
2025-04-01,7925.2002,632700
2025-04-02,7934.5,649300
2025-04-03,7859.7002,800600
2025-04-04,7667.7998,960900
2025-04-07,7343.2998,1507200
2025-04-08,7510.0,1017100
2025-04-09,7375.0,939800
2025-04-10,7709.6001,1010100
2025-04-11,7646.5,834800
2025-04-14,7748.6001,661200
2025-04-15,7761.7002,676700
2025-04-16,7758.8999,730500
2025-04-17,7819.1001,679500
2025-04-22,7816.7002,653900
2025-04-23,7920.5,1008200
2025-04-24,7968.2002,639100
2025-04-28,7997.1001,769000
2025-04-29,8070.6001,710800
2025-04-30,8126.2002,889500
2025-05-01,8145.6001,676700
2025-05-02,8238.0,772200
2025-05-05,8157.7998,637000
2025-05-06,8151.3999,609600
2025-05-07,8178.2998,886600
2025-05-08,8191.7002,763100
2025-05-09,8231.2002,802000
2025-05-12,8233.5,661800
2025-05-13,8269.0,924400
2025-05-14,8279.5996,732500
2025-05-15,8297.5,753000
2025-05-16,8343.7002,762700
2025-05-19,8295.0996,626300
2025-05-20,8343.2998,641000
2025-05-21,8386.7998,648000
2025-05-22,8348.7002,626900
2025-05-23,8360.9004,552500
2025-05-26,8361.0,502900
2025-05-27,8407.5996,540100
2025-05-28,8396.9004,628500
2025-05-29,8409.7998,635000
2025-05-30,8434.7002,2254700
2025-06-02,8414.0996,581600
2025-06-03,8466.7002,692300
2025-06-04,8541.7998,768800
2025-06-05,8538.9004,694400
2025-06-06,8515.7002,588300
2025-06-10,8587.2002,750900
2025-06-11,8592.0996,726500
2025-06-12,8565.0996,960100
2025-06-13,8547.4004,774600
2025-06-16,8548.4004,755300
2025-06-17,8541.2998,706500
2025-06-18,8531.2002,699800
2025-06-19,8523.7002,755500
2025-06-20,8505.5,1873100
2025-06-23,8474.9004,619800
2025-06-24,8555.5,685400
2025-06-25,8559.2002,645700
2025-06-26,8550.7998,704100
2025-06-27,8514.2002,819600
2025-06-30,8542.2998,822400
2025-07-01,8541.0996,686500
2025-07-02,8597.7002,758400
2025-07-03,8595.7998,721600
2025-07-04,8603.0,497100
2025-07-07,8589.2998,500900
2025-07-08,8590.7002,646500
2025-07-09,8538.5996,625900
2025-07-10,8589.2002,536800
2025-07-11,8580.0996,565200
2025-07-14,8570.4004,526900
2025-07-15,8630.2998,556900
2025-07-16,8561.7998,529200
2025-07-17,8639.0,739200
2025-07-18,8757.2002,717800
2025-07-21,8668.2002,538100
2025-07-22,8677.2002,690800
2025-07-23,8737.2002,704900
2025-07-24,8709.4004,801300
2025-07-25,8666.9004,588200
2025-07-28,8697.7002,696400
2025-07-29,8704.5996,631600
2025-07-30,8756.4004,691700
2025-07-31,8742.7998,726900
2025-08-01,8662.0,574800
2025-08-04,8663.7002,501200
2025-08-05,8770.4004,601800
2025-08-06,8843.7002,606500
2025-08-07,8831.4004,614000
2025-08-08,8807.0996,648500
2025-08-11,8844.7998,656800
2025-08-12,8880.7998,682100
2025-08-13,8827.0996,641800
2025-08-14,8873.7998,709300
2025-08-15,8938.5996,622200
2025-08-18,8959.2998,571300
2025-08-19,8896.2002,644200
2025-08-20,8918.0,777400
2025-08-21,9019.0996,852500
2025-08-22,8967.4004,817700
2025-08-25,8972.4004,747200
2025-08-26,8935.5996,1056400
2025-08-27,8960.5,907800
2025-08-28,8980.0,897300
2025-08-29,8973.0996,1014700
2025-09-01,8927.7002,618100
2025-09-02,8900.5996,553300
2025-09-03,8738.7998,784800
2025-09-04,8826.5,706500
2025-09-05,8871.2002,627100
2025-09-08,8849.5996,592500
2025-09-09,8803.5,690400
2025-09-10,8830.4004,809800
2025-09-11,8805.0,773200
2025-09-12,8864.9004,633800
2025-09-15,8853.0,616700
2025-09-16,8877.7002,644700
2025-09-17,8818.5,660500
2025-09-18,8745.2002,762800
2025-09-19,8773.5,2579200
2025-09-22,8810.9004,611200
2025-09-23,8845.9004,742600
2025-09-24,8764.5,715300
2025-09-25,8773.0,837400
2025-09-26,8787.7002,832800
2025-09-29,8862.7998,575600
2025-09-30,8848.7998,874400
2025-10-01,8845.7002,729400
2025-10-02,8945.9004,790100
2025-10-03,8987.4004,637100
2025-10-06,8981.4004,462700
2025-10-07,8956.7998,736900
2025-10-08,8947.5996,755100
2025-10-09,8969.7998,710000
2025-10-10,8958.2998,632900
2025-10-13,8882.7998,314400
2025-10-14,8899.4004,778300
2025-10-15,8990.9004,728600
2025-10-16,9068.4004,713300
2025-10-17,8995.2998,809300
2025-10-20,9031.9004,676500
2025-10-21,9094.7002,680200
2025-10-22,9030.0,758000
2025-10-23,9032.7998,650800
2025-10-24,9019.0,659600
2025-10-27,9055.5996,543300
2025-10-28,9012.5,742400
2025-10-29,8926.2002,626400
2025-10-30,8885.5,679600
2025-10-31,8881.9004,740300
2025-11-03,8894.7998,542800
2025-11-04,8813.7002,527100
2025-11-05,8802.0,667100
2025-11-06,8831.7998,84900
2025-11-07,8769.7002,564200
2025-11-10,8830.9004,71200
2025-11-11,8818.7998,612900
2025-11-12,8799.5,685800
2025-11-13,8753.4004,808100
2025-11-14,8634.5,617100
2025-11-17,8636.4004,544800
2025-11-18,8469.0996,729000
2025-11-19,8447.9004,625100
2025-11-20,8552.7002,630100
2025-11-21,8416.5,762500
2025-11-24,8525.0996,1317200
2025-11-25,8537.0,620300
2025-11-26,8606.5,840600
2025-11-27,8619.2002,75200
2025-11-28,8614.0996,648800
2025-12-01,8565.2002,608500
2025-12-02,8579.7002,645100
2025-12-03,8595.2002,687400
2025-12-04,8618.4004,614300
2025-12-05,8634.5996,580300
2025-12-08,8624.4004,560500
2025-12-09,8585.9004,582700
2025-12-10,8579.4004,667700
2025-12-11,8592.0,697800
2025-12-12,8697.2998,601300
2025-12-15,8635.0,591500
2025-12-16,8598.9004,707200
2025-12-17,8585.2002,740900
2025-12-18,8588.2002,819700
2025-12-19,8621.4004,1725000
2025-12-22,8699.9004,498500
2025-12-23,8795.7002,490600
2025-12-24,8762.7002,292100
2025-12-29,8725.7002,365100
2025-12-30,8717.0996,367000
2025-12-31,8714.2998,293300
2026-01-02,8727.7998,272200
2026-01-05,8728.5996,436300
2026-01-06,8714.5996,73400
2026-01-07,8695.5996,607400
2026-01-08,8720.7998,569300
2026-01-09,8717.7998,540300
2026-01-12,8759.4004,555200
2026-01-13,8808.5,605700
2026-01-14,8820.5996,593900
2026-01-15,8861.7002,661600
2026-01-16,8903.9004,614700
2026-01-19,8874.5,451100
2026-01-20,8815.9004,661500
2026-01-21,8782.9004,623600
2026-01-22,8848.7002,619400
2026-01-23,8860.0996,651300
2026-01-27,8941.5996,713800
2026-01-28,8933.9004,691700
2026-01-29,8966.0996,111300
2026-01-30,8869.0996,955700
2026-02-02,8778.5996,824900
2026-02-03,8857.0996,701500
2026-02-04,8927.7998,682800
2026-02-05,8889.2002,726900
2026-02-06,8708.7998,832500
2026-02-09,8912.0996,81200
2026-02-10,8867.4004,646400
2026-02-11,9014.7998,571500
2026-02-12,9043.5,842900
2026-02-13,8917.5996,758500
2026-02-16,8966.7998,66100
2026-02-17,8958.9004,501600
2026-02-18,9007.0,652300
2026-02-19,9086.2002,981200
2026-02-20,9081.4004,749100
2026-02-23,9026.0,685000
2026-02-24,9022.2998,773400
2026-02-25,9128.2998,795400
2026-02-26,9175.2998,1113100
2026-02-27,9198.5996,1144100
2026-03-02,9167.5,77000
2026-03-03,9077.2998,768700
2026-03-04,8901.2002,857900
2026-03-05,8940.2998,819600
2026-03-06,8851.0,770600
2026-03-09,8599.0,1033200
2026-03-10,8692.5996,777700
2026-03-11,8743.5,832400
2026-03-12,8629.0,948500
2026-03-13,8617.0996,721200
2026-03-16,8583.4004,743300
2026-03-17,8614.2998,711600
2026-03-18,8640.5996,721100
2026-03-19,8497.7998,1032200
2026-03-20,8428.4004,2388400
2026-03-23,8365.9004,915900
2026-03-24,8379.4004,929700
2026-03-25,8557.5996,40200
2026-03-26,8525.7002,756700
2026-03-27,8516.2998,688000
2026-03-30,8461.0,768000
2026-03-31,8481.7998,953000
2026-04-01,8671.7998,861400
2026-04-02,8579.5,884500
2026-04-07,8728.7998,660800
2026-04-08,8951.7998,1083400
2026-04-09,8973.2002,725500
2026-04-10,8960.5996,609200
2026-04-13,8926.0,660300
2026-04-14,8970.7998,641800
2026-04-15,8978.7002,691500
2026-04-16,8955.0,728100
2026-04-17,8946.9004,777100
2026-04-20,8953.2998,629600
2026-04-21,8949.4004,793800
2026-04-22,8843.5996,946600
2026-04-23,8793.4004,700400
2026-04-24,8786.5,612900
2026-04-27,8766.4004,449200
2026-04-28,8710.7002,624200
2026-04-29,8687.0,661600
2026-04-30,8665.7998,844800
2026-05-01,8729.7998,567500
2026-05-04,8697.0996,467500
2026-05-05,8680.5,551200
2026-05-06,8793.5996,748600
2026-05-07,8878.0996,991800
2026-05-08,8744.4004,665300
2026-05-11,8701.7998,599700
2026-05-12,8670.7002,724300
2026-05-13,8630.4004,639200
2026-05-14,8640.7002,608800
2026-05-15,8630.7998,626800
2026-05-18,8505.2998,664600
2026-05-19,8604.7002,746200
2026-05-20,8496.5996,738800
2026-05-21,8621.7002,668600
2026-05-22,8657.0,686600
2026-05-25,8692.0,554600
2026-05-26,8657.7998,625300
2026-05-27,8717.7002,628600
2026-05-28,8592.9004,691900
2026-05-29,8731.7002,1882300
2026-06-01,8729.4004,634400
2026-06-02,8724.4004,804000
2026-06-03,8785.7002,720400
2026-06-04,8686.0996,675400
2026-06-05,8625.0996,616400
2026-06-09,8604.2002,880900
2026-06-10,8653.2998,814400
2026-06-11,8633.2002,859300
2026-06-12,8804.0,696100
2026-06-15,8914.0,938500
2026-06-16,8917.7002,724500
2026-06-17,8966.2998,694500
2026-06-18,8911.0996,803800
2026-06-19,8828.7002,1937000
2026-06-22,8816.0996,672200
2026-06-23,8787.0,788900
2026-06-24,8808.4004,911000
2026-06-25,8748.7002,909600
2026-06-26,8764.2002,813300
2026-06-29,8823.4004,
2026-06-30,8778.7002,905700
2026-07-01,8722.9004,806000
2026-07-02,8724.5,840500
2026-07-03,8844.4004,606000
2026-07-06,8831.0,553000
2026-07-07,8803.9004,702600
2026-07-08,8785.0996,929400
2026-07-09,8762.5,689000
2026-07-10,8806.0,572900
2026-07-13,8808.5,588600
2026-07-14,8808.5,576700
2026-07-15,8841.0996,586800
2026-07-16,8840.7002,611200
2026-07-17,8796.7002,675000
2026-07-20,8791.2998,573000
2026-07-21,8793.2998,669500
2026-07-22,8823.0,648800
2026-07-23,8839.0,705100
2026-07-24,8772.2998,684800
2026-07-27,8894.0,552400
2026-07-28,8947.7998,658000
2026-07-29,9038.5996,781900
2026-07-30,8967.7002,693800
2026-07-31,8976.7998,802100
2026-08-03,9019.2998,510200
2026-08-04,9145.7998,705400
2026-08-05,9227.7998,708000
2026-08-06,9271.5996,730500
2026-08-07,9263.5996,645100
2026-08-10,9232.5996,618200
2026-08-11,9250.5996,686200
2026-08-12,9209.4004,624400
2026-08-13,9188.5,736600
2026-08-14,9115.2002,670400
2026-08-17,9073.2002,739700
2026-08-18,9070.0,815100
2026-08-19,9053.7998,868500
2026-08-20,9083.7998,974100
2026-08-21,9058.9004,865600
2026-08-24,9103.0996,845500
2026-08-25,9164.5996,846200
2026-08-26,9127.7998,857000
2026-08-27,9038.2002,927700
2026-08-28,9092.2998,698800
2026-08-31,9076.0,1571400
2026-09-01,9066.7002,801100
2026-09-02,8978.4004,886400
2026-09-03,9020.0996,785400
2026-09-04,9005.9004,831600
2026-09-07,9010.9004,560300
2026-09-08,8920.7998,602500
2026-09-09,8911.4004,679400
2026-09-10,8819.4004,836900
2026-09-11,8741.2002,704400
2026-09-14,8749.9004,690800
2026-09-15,8672.5,773500
2026-09-16,8696.5,947500
2026-09-17,8732.4004,994300
2026-09-18,8731.2002,2032600
2026-09-21,8731.9004,551800
2026-09-22,8757.7998,598200
2026-09-23,8765.2998,699100
2026-09-24,8702.0,726100
2026-09-25,8665.0,589900
2026-09-28,8679.7002,708100
2026-09-29,8709.2998,627400
2026-09-30,8789.2998,961400
2026-10-01,8614.4004,784300
2026-10-02,8682.0996,637300
