datum,schluss,volumen
2000-01-03,0.9067,
2000-01-04,0.8889,
2000-01-05,0.9067,6187
2000-01-06,0.8445,7517
2000-01-07,0.8445,
2000-01-10,0.8712,16874
2000-01-11,0.8712,24909
2000-01-12,0.9067,5624
2000-01-13,0.8712,5624
2000-01-14,0.8445,9561
2000-01-17,0.8712,2249
2000-01-18,0.8712,
2000-01-19,0.8712,787
2000-01-20,0.8712,5624
2000-01-21,0.8445,18532
2000-01-24,0.8178,
2000-01-25,0.8534,20811
2000-01-26,0.8534,
2000-01-27,0.8178,
2000-01-28,0.8534,5624
2000-01-31,0.8534,1578
2000-02-01,0.9067,92279
2000-02-02,0.9334,346481
2000-02-03,0.9334,3374
2000-02-04,0.9423,
2000-02-07,0.9334,19798
2000-02-08,0.9334,79190
2000-02-09,0.9512,33806
2000-02-10,0.96,
2000-02-11,1.0045,61121
2000-02-14,0.9778,
2000-02-15,1.0045,18089
2000-02-16,1.0045,51864
2000-02-17,0.9778,100007
2000-02-18,0.9956,38805
2000-02-21,0.9778,36002
2000-02-22,0.9956,50932
2000-02-23,0.9956,43325
2000-02-24,0.9956,1124
2000-02-25,1.0223,1124
2000-02-28,1.0223,
2000-02-29,1.0223,
2000-03-01,1.0223,13049
2000-03-02,0.9956,
2000-03-03,1.0223,175
2000-03-06,1.0489,4668
2000-03-07,1.0223,6515
2000-03-08,1.0312,11249
2000-03-09,1.0223,13724
2000-03-10,0.9778,8999
2000-03-13,0.9778,
2000-03-14,0.9778,578
2000-03-15,0.9956,87025
2000-03-16,0.9956,16874
2000-03-17,0.9956,13473
2000-03-20,0.9956,73121
2000-03-21,0.9956,885
2000-03-22,0.9956,11489
2000-03-23,0.9956,68831
2000-03-24,1.0223,2249
2000-03-27,0.9956,
2000-03-28,0.9956,20038
2000-03-29,0.9956,24748
2000-03-30,0.9778,
2000-03-31,0.9778,4720
2000-04-03,0.9778,1124
2000-04-04,0.9956,11249
2000-04-05,0.9956,1993
2000-04-06,0.9956,12936
2000-04-07,0.9334,22498
2000-04-10,0.9423,
2000-04-11,0.9423,4208
2000-04-12,0.9334,41800
2000-04-13,0.9334,
2000-04-14,0.96,19342
2000-04-17,0.9334,16195
2000-04-18,0.9334,7874
2000-04-19,0.8889,1617
2000-04-20,0.8889,
2000-04-21,0.8889,
2000-04-24,0.8889,
2000-04-25,0.8889,
2000-04-26,0.9334,2928
2000-04-27,0.9334,
2000-04-28,0.9334,1124
2000-05-01,0.9512,11249
2000-05-02,0.9334,4735
2000-05-03,0.9334,43255
2000-05-04,0.9512,92268
2000-05-05,0.9334,25311
2000-05-08,0.9512,26412
2000-05-09,0.9245,21959
2000-05-10,0.9245,538
2000-05-11,0.9334,
2000-05-12,0.9334,22498
2000-05-15,0.9334,484
2000-05-16,0.9334,16975
2000-05-17,0.8978,
2000-05-18,0.9334,3374
2000-05-19,0.9334,398228
2000-05-22,0.8978,
2000-05-23,0.8978,
2000-05-24,0.9334,40497
2000-05-25,0.8978,2141
2000-05-26,0.8889,33748
2000-05-29,0.9334,953
2000-05-30,0.9334,
2000-05-31,0.9334,
2000-06-01,0.9778,13697
2000-06-02,0.9778,
2000-06-05,0.9778,
2000-06-06,0.9778,
2000-06-07,0.9778,20050
2000-06-08,0.9778,8208
2000-06-09,0.9778,2066
2000-06-12,0.9778,
2000-06-13,0.9778,
2000-06-14,0.9778,38237
2000-06-15,0.9778,167
2000-06-16,0.9778,112497
2000-06-19,0.9778,5685
2000-06-20,0.9778,
2000-06-21,0.9423,26476
2000-06-22,0.96,2249
2000-06-23,0.96,6231
2000-06-26,0.96,
2000-06-27,0.9778,5624
2000-06-28,1.0045,12544
2000-06-29,1.0401,7246
2000-06-30,1.0578,65246
2000-07-03,1.1112,85830
2000-07-04,1.1556,32626
2000-07-05,1.1556,
2000-07-06,1.1556,
2000-07-07,1.1556,
2000-07-10,1.1556,
2000-07-11,1.1467,6121
2000-07-12,1.1467,18626
2000-07-13,1.1556,29232
2000-07-14,1.1112,52194
2000-07-17,1.1112,8516
2000-07-18,1.0934,21024
2000-07-19,1.0756,29598
2000-07-20,1.1467,14624
2000-07-21,1.1378,5624
2000-07-24,1.1467,7649
2000-07-25,1.0934,11249
2000-07-26,1.1023,34423
2000-07-27,1.1201,72407
2000-07-28,1.1201,49164
2000-07-31,1.1112,42522
2000-08-01,1.1112,37802
2000-08-02,1.0489,3264
2000-08-03,1.1112,71433
2000-08-04,1.1289,26998
2000-08-07,1.1201,
2000-08-08,1.1289,22273
2000-08-09,1.1556,78745
2000-08-10,1.2267,143159
2000-08-11,1.2445,69426
2000-08-14,1.2445,61427
2000-08-15,1.2623,85457
2000-08-16,1.2445,15940
2000-08-17,1.2445,20967
2000-08-18,1.289,23623
2000-08-21,1.2445,22498
2000-08-22,1.3067,17886
2000-08-23,1.4223,64380
2000-08-24,1.4667,26622
2000-08-25,1.4312,28544
2000-08-28,1.4516,2249
2000-08-29,1.4223,3374
2000-08-30,1.3779,29248
2000-08-31,1.3334,16875
2000-09-01,1.3334,20563
2000-09-04,1.3512,3374
2000-09-05,1.3512,
2000-09-06,1.3512,8999
2000-09-07,1.3779,67496
2000-09-08,1.3334,11726
2000-09-11,1.3334,
2000-09-12,1.3156,45605
2000-09-13,1.289,
2000-09-14,1.2534,29992
2000-09-15,1.2623,
2000-09-18,1.2623,
2000-09-19,1.2623,7600
2000-09-20,1.2623,
2000-09-21,1.2623,1349
2000-09-22,1.2623,
2000-09-25,1.1823,22498
2000-09-26,1.2445,5624
2000-09-27,1.1912,
2000-09-28,1.1912,
2000-09-29,1.2445,1124
2000-10-02,1.3334,1124
2000-10-03,1.3334,
2000-10-04,1.3334,
2000-10-05,1.3334,3093
2000-10-06,1.3334,
2000-10-09,1.2445,1632
2000-10-10,1.289,562
2000-10-11,1.3334,798
2000-10-12,1.3334,31317
2000-10-13,1.2978,7322
2000-10-16,1.3067,
2000-10-17,1.2978,
2000-10-18,1.2978,6070
2000-10-19,1.2445,5514
2000-10-20,1.2445,7232
2000-10-23,1.2445,
2000-10-24,1.3245,3374
2000-10-25,1.3334,13499
2000-10-26,1.2978,6286
2000-10-27,1.2978,1799
2000-10-30,1.2978,7312
2000-10-31,1.2978,
2000-11-01,1.3156,16874
2000-11-02,1.3334,22498
2000-11-03,1.3156,11249
2000-11-06,1.3334,27215
2000-11-07,1.3334,14624
2000-11-08,1.3334,5624
2000-11-09,1.3779,24654
2000-11-10,1.3779,17436
2000-11-13,1.3779,6749
2000-11-14,1.3779,84370
2000-11-15,1.3779,16874
2000-11-16,1.3334,
2000-11-17,1.3779,10225
2000-11-20,1.3779,22498
2000-11-21,1.3334,33748
2000-11-22,1.3156,6732
2000-11-23,1.3156,
2000-11-24,1.3156,
2000-11-27,1.3334,14650
2000-11-28,1.3334,3487
2000-11-29,1.3512,
2000-11-30,1.3779,34255
2000-12-01,1.3779,
2000-12-04,1.3779,44997
2000-12-05,1.3867,47230
2000-12-06,1.3867,16874
2000-12-07,1.4134,16136
2000-12-08,1.4134,52534
2000-12-11,1.4223,15411
2000-12-12,1.4223,22836
2000-12-13,1.4134,
2000-12-14,1.4223,41411
2000-12-15,1.4223,10335
2000-12-18,1.3779,14961
2000-12-19,1.3334,
2000-12-20,1.3779,2249
2000-12-21,1.3779,3374
2000-12-22,1.369,8989
2000-12-25,1.369,
2000-12-26,1.369,
2000-12-27,1.3601,
2000-12-28,1.3956,5624
2000-12-29,1.3601,
2001-01-01,1.3601,
2001-01-02,1.3601,
2001-01-03,1.3779,2249
2001-01-04,1.3601,5634
2001-01-05,1.3423,
2001-01-08,1.3601,5614
2001-01-09,1.3601,1446
2001-01-10,1.3423,12374
2001-01-11,1.3423,
2001-01-12,1.3423,
2001-01-15,1.3423,
2001-01-16,1.3423,
2001-01-17,1.3512,
2001-01-18,1.3423,7028
2001-01-19,1.3423,
2001-01-22,1.3423,10295
2001-01-23,1.3334,19262
2001-01-24,1.2801,3155
2001-01-25,1.289,
2001-01-26,1.289,
2001-01-29,1.3334,4683
2001-01-30,1.3601,9016
2001-01-31,1.3779,79114
2001-02-01,1.3779,11620
2001-02-02,1.3779,3374
2001-02-05,1.4045,14624
2001-02-06,1.3601,1106
2001-02-07,1.3956,5704
2001-02-08,1.4045,5343
2001-02-09,1.4667,176011
2001-02-12,1.3779,3374
2001-02-13,1.3601,
2001-02-14,1.3601,6758
2001-02-15,1.3156,2023
2001-02-16,1.3601,553
2001-02-19,1.3156,4283
2001-02-20,1.3156,8581
2001-02-21,1.3423,
2001-02-22,1.4223,13499
2001-02-23,1.3779,199863
2001-02-26,1.3779,
2001-02-27,1.3779,3374
2001-02-28,1.369,
2001-03-01,1.4667,3364370
2001-03-02,1.5112,26605
2001-03-05,1.4667,167566
2001-03-06,1.4223,55474
2001-03-07,1.5112,20903
2001-03-08,1.5112,
2001-03-09,1.4579,11249
2001-03-12,1.4223,8999
2001-03-13,1.4223,7312
2001-03-14,1.4223,112494
2001-03-15,1.4223,8437
2001-03-16,1.4223,
2001-03-19,1.3334,97
2001-03-20,1.3334,
2001-03-21,1.3334,562
2001-03-22,1.3334,4499
2001-03-23,1.3779,2249
2001-03-26,1.3779,
2001-03-27,1.3779,1946
2001-03-28,1.3867,1124
2001-03-29,1.3867,
2001-03-30,1.4223,7874
2001-04-02,1.4667,5624
2001-04-03,1.4667,2907
2001-04-04,1.4223,
2001-04-05,1.4223,17999
2001-04-06,1.3779,4499
2001-04-09,1.3779,2867
2001-04-10,1.4223,3374
2001-04-11,1.4934,11249
2001-04-12,1.4934,3262
2001-04-13,1.4934,
2001-04-16,1.4934,
2001-04-17,1.4934,
2001-04-18,1.4934,
2001-04-19,1.4667,
2001-04-20,1.4667,562
2001-04-23,1.4223,11249
2001-04-24,1.3956,
2001-04-25,1.3956,
2001-04-26,1.4223,2249
2001-04-27,1.3956,31723
2001-04-30,1.4116,658
2001-05-01,1.4134,2249
2001-05-02,1.4134,
2001-05-03,1.4223,5624
2001-05-04,1.4223,
2001-05-07,1.4223,
2001-05-08,1.4134,29047
2001-05-09,1.4134,7424
2001-05-10,1.4223,3850
2001-05-11,1.4223,
2001-05-14,1.4401,64262
2001-05-15,1.4579,10546
2001-05-16,1.4223,15580
2001-05-17,1.4401,
2001-05-18,1.4667,2545
2001-05-21,1.4667,12978
2001-05-22,1.449,7874
2001-05-23,1.4223,200604
2001-05-24,1.4223,44997
2001-05-25,1.4223,
2001-05-28,1.4223,17999
2001-05-29,1.4223,
2001-05-30,1.4223,
2001-05-31,1.4223,22498
2001-06-01,1.4401,2249
2001-06-04,1.4401,11067
2001-06-05,1.4401,5624
2001-06-06,1.4667,27814
2001-06-07,1.4667,2249
2001-06-08,1.4667,4494
2001-06-11,1.4667,
2001-06-12,1.5112,23629
2001-06-13,1.4667,1480
2001-06-14,1.4667,
2001-06-15,1.5023,9768
2001-06-18,1.5023,32804
2001-06-19,1.4312,36386
2001-06-20,1.449,2249
2001-06-21,1.449,17159
2001-06-22,1.449,
2001-06-25,1.5023,1124
2001-06-26,1.4667,
2001-06-27,1.4934,8999
2001-06-28,1.5023,18242
2001-06-29,1.4934,11231
2001-07-02,1.4667,11924
2001-07-03,1.4401,10124
2001-07-04,1.4223,8437
2001-07-05,1.4223,
2001-07-06,1.4223,
2001-07-09,1.4223,
2001-07-10,1.4045,6856
2001-07-11,1.4223,
2001-07-12,1.4401,5973
2001-07-13,1.4401,1046
2001-07-16,1.449,3374
2001-07-17,1.4667,22061
2001-07-18,1.4667,1308
2001-07-19,1.4845,16003
2001-07-20,1.4934,3914
2001-07-23,1.5112,24932
2001-07-24,1.5112,3191
2001-07-25,1.5112,30373
2001-07-26,1.5112,9642
2001-07-27,1.4579,34278
2001-07-30,1.5112,25873
2001-07-31,1.4667,10124
2001-08-01,1.5823,28448
2001-08-02,1.6001,15749
2001-08-03,1.6001,
2001-08-06,1.5556,
2001-08-07,1.6001,11249
2001-08-08,1.689,5624
2001-08-09,1.6801,9337
2001-08-10,1.7334,2249
2001-08-13,1.6445,4048
2001-08-14,1.6534,
2001-08-15,1.689,5624
2001-08-16,1.7334,28798
2001-08-17,1.6445,59734
2001-08-20,1.6712,26211
2001-08-21,1.6268,
2001-08-22,1.6001,16874
2001-08-23,1.6001,18076
2001-08-24,1.5112,32265
2001-08-27,1.5556,7874
2001-08-28,1.5556,3721216
2001-08-29,1.5734,23027
2001-08-30,1.5556,
2001-08-31,1.5912,49964
2001-09-03,1.6001,15299
2001-09-04,1.6001,11249
2001-09-05,1.6001,11249
2001-09-06,1.6001,
2001-09-07,1.6001,3374
2001-09-10,1.6001,
2001-09-11,1.5112,23623
2001-09-12,1.4934,3037
2001-09-13,1.4934,337
2001-09-14,1.4756,
2001-09-17,1.3779,22161
2001-09-18,1.4223,19798
2001-09-19,1.4223,29529
2001-09-20,1.4223,5624
2001-09-21,1.3779,
2001-09-24,1.3245,12766
2001-09-25,1.3601,18345
2001-09-26,1.3601,
2001-09-27,1.3601,10124
2001-09-28,1.3334,36493
2001-10-01,1.3245,4485
2001-10-02,1.3779,12711
2001-10-03,1.3779,13499
2001-10-04,1.4223,13105
2001-10-05,1.4667,11249
2001-10-08,1.5112,5399
2001-10-09,1.4756,7917
2001-10-10,1.4756,
2001-10-11,1.5112,3374
2001-10-12,1.5379,10911
2001-10-15,1.5912,3374
2001-10-16,1.6001,12711
2001-10-17,1.6001,29806
2001-10-18,1.5823,4236
2001-10-19,1.6001,14435
2001-10-22,1.6179,11487
2001-10-23,1.6445,9224
2001-10-24,1.6001,5714
2001-10-25,1.6001,5743
2001-10-26,1.5556,
2001-10-29,1.5556,
2001-10-30,1.5556,9794
2001-10-31,1.529,
2001-11-01,1.5112,34183
2001-11-02,1.5823,7199
2001-11-05,1.5823,
2001-11-06,1.5912,2699
2001-11-07,1.6001,4612
2001-11-08,1.6001,2249
2001-11-09,1.5912,5737
2001-11-12,1.6001,6187
2001-11-13,1.6001,3149
2001-11-14,1.6001,5962
2001-11-15,1.6445,7357
2001-11-16,1.6445,16654
2001-11-19,1.6445,
2001-11-20,1.6801,5624
2001-11-21,1.689,46415
2001-11-22,1.7334,9224
2001-11-23,1.7779,16086
2001-11-26,1.7779,4049
2001-11-27,1.8134,29867
2001-11-28,1.8134,10686
2001-11-29,1.7957,1124
2001-11-30,1.7334,986
2001-12-03,1.7423,
2001-12-04,1.7779,17631
2001-12-05,1.7779,22498
2001-12-06,1.769,10236
2001-12-07,1.7779,1124
2001-12-10,1.7334,
2001-12-11,1.7779,11811
2001-12-12,1.7779,67496
2001-12-13,1.7068,50830
2001-12-14,1.7779,12936
2001-12-17,1.7779,5624
2001-12-18,1.7779,7312
2001-12-19,1.7334,22498
2001-12-20,1.9112,32235
2001-12-21,1.9112,19688
2001-12-24,1.9112,7492
2001-12-25,1.9112,
2001-12-26,1.9112,
2001-12-27,1.9557,13575
2001-12-28,1.9557,506
2001-12-31,1.9734,10180
2002-01-01,1.9734,
2002-01-02,2.0446,8999
2002-01-03,2.009,17999
2002-01-04,2.0001,3737
2002-01-07,2.0001,1887
2002-01-08,1.9645,21373
2002-01-09,1.9645,
2002-01-10,2.0001,224
2002-01-11,2.0001,1237
2002-01-14,2.0001,11249
2002-01-15,2.0001,6513
2002-01-16,2.0001,10124
2002-01-17,2.0001,8999
2002-01-18,2.0446,19911
2002-01-21,1.9823,
2002-01-22,2.0446,14205
2002-01-23,2.0623,20530
2002-01-24,2.1246,16030
2002-01-25,2.1779,39766
2002-01-28,2.1779,
2002-01-29,2.2046,19440
2002-01-30,2.1423,17741
2002-01-31,2.1423,
2002-02-01,2.1334,26154
2002-02-04,2.1334,6974
2002-02-05,2.1334,7874
2002-02-06,2.1334,7087
2002-02-07,2.089,8469
2002-02-08,2.089,29103
2002-02-11,2.1601,
2002-02-12,2.249,6749
2002-02-13,2.2579,4057
2002-02-14,2.2668,22094
2002-02-15,2.3912,13386
2002-02-18,2.3468,39237
2002-02-19,2.3468,6839
2002-02-20,2.329,8318
2002-02-21,2.2757,
2002-02-22,2.3468,34759
2002-02-25,2.3112,
2002-02-26,2.3557,6749
2002-02-27,2.3112,9286
2002-02-28,2.3557,27561
2002-03-01,2.3557,12460
2002-03-04,2.3557,20248
2002-03-05,2.4001,6952
2002-03-06,2.3557,2856
2002-03-07,2.4446,39996
2002-03-08,2.3823,15582
2002-03-11,2.4357,2321
2002-03-12,2.4268,10861
2002-03-13,2.3646,
2002-03-14,2.3735,10436
2002-03-15,2.3735,6615
2002-03-18,2.3735,7134
2002-03-19,2.3912,6749
2002-03-20,2.3557,6468
2002-03-21,2.2223,39935
2002-03-22,2.2668,2861
2002-03-25,2.2757,5624
2002-03-26,2.3468,7030
2002-03-27,2.3557,5624
2002-03-28,2.3557,6524
2002-03-29,2.3557,
2002-04-01,2.3557,
2002-04-02,2.3112,13279
2002-04-03,2.3112,5297
2002-04-04,2.2223,18280
2002-04-05,2.2668,8718
2002-04-08,2.2668,6604
2002-04-09,2.2668,22498
2002-04-10,2.1779,46122
2002-04-11,2.1334,60069
2002-04-12,2.2223,145110
2002-04-15,2.3023,7874
2002-04-16,2.3023,43310
2002-04-17,2.3112,18482
2002-04-18,2.2668,32060
2002-04-19,2.2846,38135
2002-04-22,2.3112,18270
2002-04-23,2.3112,32960
2002-04-24,2.2935,1574
2002-04-25,2.2935,
2002-04-26,2.2668,43130
2002-04-29,2.2757,7312
2002-04-30,2.2757,15411
2002-05-01,2.2935,11249
2002-05-02,2.2935,2474
2002-05-03,2.3112,29473
2002-05-06,2.3379,25673
2002-05-07,2.3379,28514
2002-05-08,2.3912,9051
2002-05-09,2.3557,27477
2002-05-10,2.3557,11615
2002-05-13,2.3557,11811
2002-05-14,2.2935,
2002-05-15,2.329,18015
2002-05-16,2.3112,2699
2002-05-17,2.3112,128
2002-05-20,2.3912,10349
2002-05-21,2.3379,
2002-05-22,2.3557,294167
2002-05-23,2.3201,9561
2002-05-24,2.3646,36599
2002-05-27,2.3735,16075
2002-05-28,2.3735,141313
2002-05-29,2.3557,22138
2002-05-30,2.4001,6586
2002-05-31,2.5779,44563
2002-06-03,2.5779,15412
2002-06-04,2.6224,4779
2002-06-05,2.5779,4868
2002-06-06,2.5779,12645
2002-06-07,2.5779,2114
2002-06-10,2.5779,
2002-06-11,2.5779,2865
2002-06-12,2.6046,9618
2002-06-13,2.6135,11500
2002-06-14,2.6668,44873
2002-06-17,2.6668,19675
2002-06-18,2.649,8999
2002-06-19,2.649,20857
2002-06-20,2.6579,238003
2002-06-21,2.6224,146947
2002-06-24,2.7113,21283
2002-06-25,2.889,23539
2002-06-26,2.8446,8655
2002-06-27,2.8001,22510
2002-06-28,2.7557,9899
2002-07-01,2.7735,9362
2002-07-02,2.7468,5364
2002-07-03,2.6668,6064
2002-07-04,2.649,28123
2002-07-05,2.649,1157
2002-07-08,2.6046,10591
2002-07-09,2.6224,15017
2002-07-10,2.7113,1484
2002-07-11,2.6846,6060
2002-07-12,2.6135,11848
2002-07-15,2.5779,13355
2002-07-16,2.5779,899
2002-07-17,2.5335,3092
2002-07-18,2.5335,10466
2002-07-19,2.489,7439
2002-07-22,2.3112,21936
2002-07-23,2.4446,7409
2002-07-24,2.5335,28123
2002-07-25,2.6224,5568
2002-07-26,2.5335,24804
2002-07-29,2.5779,
2002-07-30,2.5779,11249
2002-07-31,2.6224,5062
2002-08-01,2.6757,11249
2002-08-02,2.6668,5624
2002-08-05,2.6668,5647
2002-08-06,2.6668,11925
2002-08-07,2.6846,10855
2002-08-08,2.6668,13193
2002-08-09,2.6668,9038
2002-08-12,2.6312,5815
2002-08-13,2.6668,3374
2002-08-14,2.7113,2812
2002-08-15,2.6846,103
2002-08-16,2.6846,2862
2002-08-19,2.6668,472
2002-08-20,2.6935,4500
2002-08-21,2.7113,6749
2002-08-22,2.7113,8549
2002-08-23,2.7557,21046
2002-08-26,2.7557,863
2002-08-27,2.7557,11249
2002-08-28,2.8001,33547
2002-08-29,2.8979,59260
2002-08-30,3.1113,60976
2002-09-02,2.9868,11474
2002-09-03,3.0224,48069
2002-09-04,2.9779,9764
2002-09-05,3.0757,14449
2002-09-06,3.0668,12543
2002-09-09,3.0135,21992
2002-09-10,3.0224,6097
2002-09-11,2.8446,7424
2002-09-12,2.889,3374
2002-09-13,3.0046,3093
2002-09-16,2.9335,8807
2002-09-17,2.9335,9414
2002-09-18,2.9335,6921
2002-09-19,2.8979,
2002-09-20,2.9335,6749
2002-09-23,2.9068,7667
2002-09-24,2.889,28044
2002-09-25,2.8446,
2002-09-26,2.8713,2812
2002-09-27,2.889,25395
2002-09-30,2.889,4977
2002-10-01,2.889,14240
2002-10-02,2.8802,10591
2002-10-03,2.8446,9137
2002-10-04,2.8446,5688
2002-10-07,2.8357,1012
2002-10-08,2.8446,15299
2002-10-09,2.8446,43028
2002-10-10,2.8001,6386
2002-10-11,2.8446,3456
2002-10-14,2.8535,1799
2002-10-15,2.7379,7511
2002-10-16,2.7113,15974
2002-10-17,2.8001,3656
2002-10-18,2.9068,19656
2002-10-21,2.969,15329
2002-10-22,2.969,22048
2002-10-23,2.969,13724
2002-10-24,2.969,14736
2002-10-25,2.9779,16986
2002-10-28,2.9068,
2002-10-29,2.969,3633
2002-10-30,2.969,13105
2002-10-31,2.969,4505
2002-11-01,2.9335,7745
2002-11-04,2.9779,16673
2002-11-05,2.9779,1124
2002-11-06,2.9335,8962
2002-11-07,2.9513,2812
2002-11-08,2.9513,5062
2002-11-11,2.9602,1462
2002-11-12,2.9335,3749
2002-11-13,2.9157,1687
2002-11-14,2.9335,6845
2002-11-15,2.9513,52633
2002-11-18,2.9335,18677
2002-11-19,2.9335,56356
2002-11-20,2.9246,4049
2002-11-21,2.8446,
2002-11-22,2.9335,12374
2002-11-25,2.8979,5684
2002-11-26,2.889,12824
2002-11-27,2.8446,11265
2002-11-28,2.8446,1463
2002-11-29,2.889,3503
2002-12-02,2.9246,5725
2002-12-03,2.8713,9864
2002-12-04,2.8802,21598
2002-12-05,2.8624,15311
2002-12-06,2.7646,20136
2002-12-09,2.7913,36077
2002-12-10,2.8535,3747
2002-12-11,2.8001,6799
2002-12-12,2.8001,50756
2002-12-13,2.8179,6270
2002-12-16,2.8357,15355
2002-12-17,2.8535,4207
2002-12-18,2.9068,3543
2002-12-19,2.8979,20248
2002-12-20,2.9335,7510
2002-12-23,2.9157,
2002-12-24,2.9335,8189
2002-12-25,2.9335,
2002-12-26,2.9335,
2002-12-27,2.9157,
2002-12-30,2.9335,3402
2002-12-31,2.9335,5144
2003-01-01,2.9335,
2003-01-02,2.9157,2175
2003-01-03,2.9335,5062
2003-01-06,2.8446,7100
2003-01-07,2.889,1687
2003-01-08,2.889,1349
2003-01-09,2.889,19284
2003-01-10,2.9157,2249
2003-01-13,2.8802,11681
2003-01-14,2.9246,11924
2003-01-15,2.9335,22919
2003-01-16,2.8979,29492
2003-01-17,2.9335,111392
2003-01-20,2.9246,24641
2003-01-21,2.9335,30514
2003-01-22,2.9335,26438
2003-01-23,2.9335,14805
2003-01-24,2.9335,9468
2003-01-27,2.9335,
2003-01-28,2.889,21387
2003-01-29,2.9246,16459
2003-01-30,2.9157,2851
2003-01-31,2.9335,20910
2003-02-03,3.0224,18561
2003-02-04,2.9779,4724
2003-02-05,2.9602,3262
2003-02-06,2.9957,4668
2003-02-07,2.9957,3768
2003-02-10,2.9868,26790
2003-02-11,2.9602,9337
2003-02-12,2.9779,25973
2003-02-13,3.0224,27762
2003-02-14,3.0224,58224
2003-02-17,3.0135,14998
2003-02-18,3.0313,18735
2003-02-19,3.0579,20676
2003-02-20,3.1557,16221
2003-02-21,3.1557,11924
2003-02-24,3.378,22688
2003-02-25,3.2446,18678
2003-02-26,3.2002,4466
2003-02-27,3.0757,28691
2003-02-28,3.0935,33544
2003-03-03,2.9868,13212
2003-03-04,3.0224,33256
2003-03-05,2.9868,7178
2003-03-06,2.9868,
2003-03-07,3.0668,3374
2003-03-10,3.0046,20134
2003-03-11,2.9335,6173
2003-03-12,2.9335,7016
2003-03-13,2.889,39563
2003-03-14,2.9335,11249
2003-03-17,2.9602,7199
2003-03-18,2.9957,2699
2003-03-19,3.0579,6822
2003-03-20,3.0757,19834
2003-03-21,3.0757,39712
2003-03-24,3.0757,24739
2003-03-25,3.0757,11305
2003-03-26,3.1024,10124
2003-03-27,3.1113,8347
2003-03-28,3.0757,12655
2003-03-31,3.1113,3536
2003-04-01,3.1557,8668
2003-04-02,3.1913,9125
2003-04-03,3.1024,10485
2003-04-04,3.2002,54334
2003-04-07,3.2357,33748
2003-04-08,3.2891,18860
2003-04-09,3.2891,52005
2003-04-10,3.3335,44741
2003-04-11,3.4669,16362
2003-04-14,3.378,38971
2003-04-15,3.3602,15181
2003-04-16,3.378,7166
2003-04-17,3.378,5675
2003-04-18,3.378,
2003-04-21,3.378,
2003-04-22,3.3424,20360
2003-04-23,3.3602,37803
2003-04-24,3.378,7312
2003-04-25,3.378,
2003-04-28,3.4135,5849
2003-04-29,3.378,29023
2003-04-30,3.378,2699
2003-05-01,3.3691,2868
2003-05-02,3.3335,20023
2003-05-05,3.4046,22206
2003-05-06,3.458,8218
2003-05-07,3.5557,19135
2003-05-08,3.5735,29933
2003-05-09,3.5557,680066
2003-05-12,3.4935,24163
2003-05-13,3.5557,12683
2003-05-14,3.5557,94319
2003-05-15,3.6446,11924
2003-05-16,3.6624,17543
2003-05-19,3.6802,16705
2003-05-20,3.6446,170527
2003-05-21,3.6446,21205
2003-05-22,3.6446,3262
2003-05-23,3.6269,21795
2003-05-26,3.6446,11609
2003-05-27,3.6002,15242
2003-05-28,3.6535,20945
2003-05-29,3.6713,7942
2003-05-30,3.6713,6074
2003-06-02,3.6624,23843
2003-06-03,3.8935,35396
2003-06-04,3.9558,99756
2003-06-05,3.938,7784
2003-06-06,3.8669,19517
2003-06-09,3.8669,
2003-06-10,3.8669,14597
2003-06-11,3.9113,29789
2003-06-12,3.9113,25470
2003-06-13,3.9913,114794
2003-06-16,4.178,31308
2003-06-17,4.178,13693
2003-06-18,4.178,20923
2003-06-19,4.2491,103157
2003-06-20,4.2669,72220
2003-06-23,4.418,35972
2003-06-24,4.3825,5332
2003-06-25,4.3291,9008
2003-06-26,4.2491,22018
2003-06-27,4.2224,12374
2003-06-30,4.3469,16168
2003-07-01,4.3113,3328
2003-07-02,4.3113,6085
2003-07-03,4.3113,56818
2003-07-04,4.3025,5287
2003-07-07,4.2224,18314
2003-07-08,4.2224,4570
2003-07-09,4.0002,12394
2003-07-10,4.0002,36560
2003-07-11,3.9469,17164
2003-07-14,4.018,43375
2003-07-15,4.1958,27786
2003-07-16,4.2047,16840
2003-07-17,4.178,5554
2003-07-18,4.2224,16716
2003-07-21,4.2313,7874
2003-07-22,4.258,14272
2003-07-23,4.2669,219250
2003-07-24,4.2936,26341
2003-07-25,4.3025,62278
2003-07-28,4.3469,11586
2003-07-29,4.3291,83082
2003-07-30,4.4002,38979
2003-07-31,4.7114,26078
2003-08-01,4.5069,18674
2003-08-04,4.6225,34683
2003-08-05,4.6225,59237
2003-08-06,4.6225,6731
2003-08-07,4.6758,21687
2003-08-08,4.7025,3089
2003-08-11,4.7647,33275
2003-08-12,4.738,28150
2003-08-13,4.8003,19234
2003-08-14,4.6669,26914
2003-08-15,4.6669,31239
2003-08-18,4.8714,12655
2003-08-19,4.8891,48542
2003-08-20,4.8447,38426
2003-08-21,4.8269,11735
2003-08-22,4.7114,13105
2003-08-25,4.8003,23429
2003-08-26,4.8003,24961
2003-08-27,4.8269,116742
2003-08-28,4.8091,6828
2003-08-29,4.8003,17099
2003-09-01,4.978,94959
2003-09-02,5.0225,77936
2003-09-03,5.0047,142884
2003-09-04,5.0669,10715
2003-09-05,5.0225,20048
2003-09-08,4.978,10180
2003-09-09,5.0669,54089
2003-09-10,4.978,7739
2003-09-11,4.9336,18895
2003-09-12,5.0669,18692
2003-09-15,4.978,8288
2003-09-16,5.0669,5336
2003-09-17,5.0669,13167
2003-09-18,5.0136,7605
2003-09-19,5.2892,116155
2003-09-22,5.2447,22053
2003-09-23,5.0758,125498
2003-09-24,4.978,123412
2003-09-25,4.7558,26267
2003-09-26,4.6669,43213
2003-09-29,4.7114,47409
2003-09-30,4.8536,41042
2003-10-01,4.6669,18573
2003-10-02,4.7736,20265
2003-10-03,4.8003,21702
2003-10-06,4.8091,14124
2003-10-07,4.8003,43086
2003-10-08,4.8003,5624
2003-10-09,4.8003,12402
2003-10-10,4.8003,1816
2003-10-13,4.8269,9939
2003-10-14,4.978,30148
2003-10-15,4.9247,10996
2003-10-16,4.7647,6101
2003-10-17,4.7647,18059
2003-10-20,4.8003,22879
2003-10-21,4.8003,12194
2003-10-22,4.8358,5287
2003-10-23,4.7558,3227
2003-10-24,4.7647,23710
2003-10-27,4.8714,25758
2003-10-28,5.0225,11880
2003-10-29,5.1469,16739
2003-10-30,5.2181,15699
2003-10-31,5.1825,3611
2003-11-03,5.2003,12143
2003-11-04,5.2092,3611
2003-11-05,5.1381,28203
2003-11-06,5.1114,26964
2003-11-07,5.0758,25690
2003-11-10,4.8003,34086
2003-11-11,4.6402,34660
2003-11-12,4.5602,58936
2003-11-13,4.578,29868
2003-11-14,4.4447,114806
2003-11-17,4.5158,37051
2003-11-18,4.4891,8637
2003-11-19,4.5158,37431
2003-11-20,4.5336,5264
2003-11-21,4.7114,18559
2003-11-24,4.6847,8198
2003-11-25,4.8003,14245
2003-11-26,4.8803,23940
2003-11-27,4.8536,8615
2003-11-28,4.9336,4575
2003-12-01,4.7825,19377
2003-12-02,4.7203,39068
2003-12-03,4.7114,4837
2003-12-04,4.8003,2145
2003-12-05,4.8003,3824
2003-12-08,4.7558,7594
2003-12-09,4.8003,3537
2003-12-10,4.8003,23419
2003-12-11,4.7558,41630
2003-12-12,4.8003,3462
2003-12-15,4.8003,9561
2003-12-16,4.8891,12486
2003-12-17,4.818,34202
2003-12-18,4.9336,23867
2003-12-19,5.0669,26558
2003-12-22,5.1825,23043
2003-12-23,5.0669,40224
2003-12-24,5.2003,2992
2003-12-25,5.2003,
2003-12-26,5.2003,
2003-12-29,5.2181,28665
2003-12-30,5.1558,3779
2003-12-31,5.2003,472
2004-01-01,5.2003,
2004-01-02,5.1381,
2004-01-05,5.2003,46550
2004-01-06,5.2003,6081
2004-01-07,5.2181,4570
2004-01-08,5.3336,42222
2004-01-09,5.467,107882
2004-01-12,5.4225,33839
2004-01-13,5.4225,15715
2004-01-14,5.4047,5062
2004-01-15,5.3781,7393
2004-01-16,5.3336,7075
2004-01-19,5.3069,11714
2004-01-20,5.2536,232786
2004-01-21,5.2447,11269
2004-01-22,5.2003,15269
2004-01-23,5.1558,10272
2004-01-26,5.1558,
2004-01-27,5.1558,26472
2004-01-28,5.1914,14414
2004-01-29,5.2447,47941
2004-01-30,5.1914,7759
2004-02-02,5.1469,17549
2004-02-03,5.2447,24714
2004-02-04,5.1647,109101
2004-02-05,5.2892,11848
2004-02-06,5.4047,8482
2004-02-09,5.4225,68707
2004-02-10,5.4225,10968
2004-02-11,5.4758,25124
2004-02-12,5.6447,41818
2004-02-13,5.7781,39217
2004-02-16,5.9559,23465
2004-02-17,5.867,10771
2004-02-18,5.8136,6873
2004-02-19,5.8492,12478
2004-02-20,5.8403,14267
2004-02-23,5.8581,6787
2004-02-24,6.2226,168399
2004-02-25,6.0892,27892
2004-02-26,6.1425,5540
2004-02-27,6.1514,3706
2004-03-01,6.2137,14922
2004-03-02,6.1337,18167
2004-03-03,6.2137,7564
2004-03-04,6.1781,12025
2004-03-05,6.1425,6686
2004-03-08,6.1781,6625
2004-03-09,6.1781,92029
2004-03-10,6.0003,18031
2004-03-11,5.9114,4884
2004-03-12,5.867,26042
2004-03-15,5.867,13234
2004-03-16,6.0003,17535
2004-03-17,6.0359,42666
2004-03-18,6.0359,9664
2004-03-19,6.0448,143441
2004-03-22,6.1248,13426
2004-03-23,6.1248,9190
2004-03-24,6.0892,7409
2004-03-25,6.2137,759
2004-03-26,6.2226,5457
2004-03-29,6.187,12305
2004-03-30,6.1337,3318
2004-03-31,6.2137,4304
2004-04-01,6.1603,3675
2004-04-02,6.0892,1763
2004-04-05,5.9559,7072
2004-04-06,5.9114,7334
2004-04-07,5.9114,8712
2004-04-08,5.8225,5962
2004-04-09,5.8225,
2004-04-12,5.8225,
2004-04-13,5.9559,8837
2004-04-14,5.9559,607
2004-04-15,5.9559,8800
2004-04-16,5.9559,506
2004-04-19,5.9114,60184
2004-04-20,5.867,9624
2004-04-21,5.7781,21177
2004-04-22,5.8492,7405
2004-04-23,5.8936,11207
2004-04-26,5.8759,5938
2004-04-27,5.8759,6828
2004-04-28,5.8581,25356
2004-04-29,5.7781,27993
2004-04-30,5.6892,22386
2004-05-03,5.6447,17661
2004-05-04,5.6447,27684
2004-05-05,5.6981,20081
2004-05-06,5.867,5110
2004-05-07,5.7781,1814
2004-05-10,5.6892,13565
2004-05-11,5.5203,5931
2004-05-12,5.6003,4162
2004-05-13,5.6447,11473
2004-05-14,5.627,18119
2004-05-17,5.6003,1203
2004-05-18,5.547,2907
2004-05-19,5.467,8257
2004-05-20,5.5025,42407
2004-05-21,5.5114,24106
2004-05-24,5.4847,3957
2004-05-25,5.5114,6445
2004-05-26,5.5114,23258
2004-05-27,5.6714,8552
2004-05-28,5.7781,6858
2004-05-31,5.7959,11871
2004-06-01,5.8581,7541
2004-06-02,5.867,13393
2004-06-03,5.7959,6606
2004-06-04,5.8225,2587
2004-06-07,5.867,27727
2004-06-08,5.867,5406
2004-06-09,5.8225,7924
2004-06-10,5.8225,12886
2004-06-11,5.867,6938
2004-06-14,5.867,
2004-06-15,5.867,13513
2004-06-16,5.867,5580
2004-06-17,5.867,449
2004-06-18,5.9381,5331
2004-06-21,5.9559,13986
2004-06-22,5.9559,
2004-06-23,5.867,22148
2004-06-24,5.9381,2699
2004-06-25,5.9025,5624
2004-06-28,5.9025,14620
2004-06-29,5.8848,3318
2004-06-30,5.9292,10297
2004-07-01,5.9559,2002
2004-07-02,5.947,9770
2004-07-05,5.867,22510
2004-07-06,5.8225,13420
2004-07-07,5.8225,13089
2004-07-08,5.7603,2691
2004-07-09,5.7781,40082
2004-07-12,5.8314,13561
2004-07-13,6.0003,21824
2004-07-14,6.0448,7514
2004-07-15,6.0892,3954
2004-07-16,6.187,1484
2004-07-19,6.0892,13614
2004-07-20,6.0448,10155
2004-07-21,5.9648,28572
2004-07-22,6.0537,27989
2004-07-23,6.2226,16473
2004-07-26,6.2226,4776
2004-07-27,6.2226,27621
2004-07-28,6.2226,18095
2004-07-29,6.3114,22552
2004-07-30,6.3559,6637
2004-08-02,6.5781,15727
2004-08-03,6.5426,53658
2004-08-04,6.5781,3650
2004-08-05,6.5781,5169
2004-08-06,6.4981,6637
2004-08-09,6.5337,6337
2004-08-10,6.4892,2233
2004-08-11,6.4181,4028
2004-08-12,6.4092,4766
2004-08-13,6.5781,9786
2004-08-16,6.5781,22517
2004-08-17,6.4892,1635
2004-08-18,6.3114,13191
2004-08-19,6.4448,5409
2004-08-20,6.5337,2658
2004-08-23,6.4981,9449
2004-08-24,6.5426,5199
2004-08-25,6.8448,9059
2004-08-26,6.9248,52526
2004-08-27,6.9515,28095
2004-08-30,6.9604,10598
2004-08-31,6.9781,6018
2004-09-01,6.9693,15467
2004-09-02,7.0226,11793
2004-09-03,7.0226,2738
2004-09-06,6.8626,8759
2004-09-07,6.8448,15979
2004-09-08,6.8448,14477
2004-09-09,6.8715,11091
2004-09-10,6.9248,9254
2004-09-13,6.8715,7736
2004-09-14,6.8626,21211
2004-09-15,6.7204,13191
2004-09-16,6.8448,13971
2004-09-17,6.8448,52009
2004-09-20,6.9159,23246
2004-09-21,6.8715,31515
2004-09-22,6.8004,33609
2004-09-23,6.8092,10124
2004-09-24,6.7559,3048
2004-09-27,6.8448,4083
2004-09-28,6.8359,19855
2004-09-29,6.8448,12639
2004-09-30,6.8981,25758
2004-10-01,6.9159,12369
2004-10-04,6.9159,10118
2004-10-05,6.9159,29816
2004-10-06,6.907,9112
2004-10-07,6.9337,7901
2004-10-08,6.9337,29036
2004-10-11,6.9337,10397
2004-10-12,6.9337,17632
2004-10-13,6.9781,17006
2004-10-14,7.067,21998
2004-10-15,7.1559,50009
2004-10-18,7.2893,16546
2004-10-19,7.5115,16208
2004-10-20,7.3604,44981
2004-10-21,7.3248,11881
2004-10-22,7.3248,29660
2004-10-25,7.2004,15147
2004-10-26,7.2448,11620
2004-10-27,7.2448,17293
2004-10-28,7.2804,15049
2004-10-29,7.3782,18350
2004-11-01,7.3693,31011
2004-11-02,7.2893,16628
2004-11-03,7.3248,15586
2004-11-04,7.2448,42636
2004-11-05,7.2004,23452
2004-11-08,7.2004,6256
2004-11-09,7.0226,38952
2004-11-10,7.067,100874
2004-11-11,7.1115,27192
2004-11-12,7.1915,10566
2004-11-15,7.2093,34845
2004-11-16,7.3782,10338
2004-11-17,7.3871,16121
2004-11-18,7.4404,45270
2004-11-19,7.4226,13610
2004-11-22,7.3782,33901
2004-11-23,7.3426,15239
2004-11-24,7.4671,16096
2004-11-25,7.3693,12261
2004-11-26,7.3604,37388
2004-11-29,7.3337,12784
2004-11-30,7.3426,3100
2004-12-01,7.4315,14558
2004-12-02,7.2893,10980
2004-12-03,7.2982,6332
2004-12-06,7.3782,26176
2004-12-07,7.3782,19166
2004-12-08,7.4671,7976
2004-12-09,7.2715,5463
2004-12-10,7.1915,18925
2004-12-13,7.2715,12509
2004-12-14,7.2893,21542
2004-12-15,7.3693,11572
2004-12-16,7.556,76120
2004-12-17,7.6982,42776
2004-12-20,7.9826,9314
2004-12-21,8.0449,28200
2004-12-22,8.0182,36580
2004-12-23,8.1071,16773
2004-12-24,8.2849,21435
2004-12-27,8.2849,
2004-12-28,8.2849,
2004-12-29,8.3116,2564
2004-12-30,8.2849,8441
2004-12-31,8.3116,5624
2005-01-04,8.4449,20839
2005-01-05,8.4893,7362
2005-01-06,8.5249,21301
2005-01-07,8.5249,28283
2005-01-10,8.7116,56741
2005-01-11,8.7116,22936
2005-01-12,8.7116,22894
2005-01-13,8.5338,15004
2005-01-14,8.5782,10802
2005-01-17,8.756,27988
2005-01-18,8.8449,12711
2005-01-19,8.836,22173
2005-01-20,8.8005,31664
2005-01-21,8.8449,8514
2005-01-24,8.9783,12736
2005-01-25,8.9783,28292
2005-01-27,8.8894,15670
2005-01-28,8.8449,18758
2005-01-31,8.7738,11367
2005-02-01,8.7827,17025
2005-02-02,8.5338,11297
2005-02-03,8.356,24543
2005-02-04,8.5249,22930
2005-02-07,8.5782,62670
2005-02-08,8.7027,39657
2005-02-09,8.7294,19986
2005-02-10,8.676,12379
2005-02-11,8.6849,5680
2005-02-14,8.756,62996
2005-02-15,8.7738,33252
2005-02-16,8.7738,23765
2005-02-17,8.7738,58710
2005-02-18,8.8449,17886
2005-02-21,8.8538,15521
2005-02-22,8.7738,12503
2005-02-23,8.5338,45036
2005-02-24,8.5338,17136
2005-02-25,8.516,13382
2005-02-28,8.2671,138669
2005-03-01,8.2671,71844
2005-03-02,8.2671,14194
2005-03-03,8.3471,7675
2005-03-04,8.3738,4437
2005-03-07,8.3471,91281
2005-03-08,8.1782,10283
2005-03-09,8.1782,70043
2005-03-10,8.2493,39323
2005-03-11,8.4271,12853
2005-03-14,8.3471,15943
2005-03-15,8.3204,7966
2005-03-16,8.4182,38247
2005-03-17,8.4093,3976
2005-03-18,8.4449,10530
2005-03-21,8.4449,9444
2005-03-22,8.4716,6382
2005-03-23,8.4449,13912
2005-03-24,8.356,11382
2005-03-29,8.2227,19630
2005-03-30,8.0893,10899
2005-03-31,8.1071,14416
2005-04-01,8.4004,9451
2005-04-04,8.3827,7622
2005-04-05,8.356,4196
2005-04-06,8.2671,4376
2005-04-07,8.2404,11654
2005-04-08,8.0982,2596
2005-04-11,8.0449,9123
2005-04-12,7.9826,27208
2005-04-13,7.956,31678
2005-04-14,7.956,15247
2005-04-15,7.8049,49750
2005-04-18,7.556,72024
2005-04-19,7.7782,16420
2005-04-20,7.8137,25396
2005-04-21,7.8404,4308
2005-04-22,7.956,9700
2005-04-26,7.8226,30630
2005-04-27,8.0004,24327
2005-04-28,8.0004,102149
2005-04-29,8.0004,84333
2005-05-02,7.9115,8183
2005-05-03,7.9115,11018
2005-05-04,7.6804,21675
2005-05-05,7.6448,1573
2005-05-06,7.5648,7480
2005-05-09,7.5471,23719
2005-05-10,7.6626,26722
2005-05-11,7.6448,20395
2005-05-12,7.5115,74141
2005-05-13,7.556,39801
2005-05-16,7.556,4887
2005-05-17,7.556,7705
2005-05-18,7.6448,14750
2005-05-19,7.7337,33202
2005-05-20,7.7071,23498
2005-05-23,8.0004,34404
2005-05-24,8.356,82257
2005-05-25,8.7116,23885
2005-05-26,8.6227,13555
2005-05-27,8.756,15869
2005-05-30,8.756,21991
2005-05-31,8.7471,12320
2005-06-01,8.6938,1124
2005-06-02,8.5338,5945
2005-06-03,8.7382,18321
2005-06-06,8.7116,13592
2005-06-07,8.756,11571
2005-06-08,8.6227,27955
2005-06-09,8.7116,21241
2005-06-10,8.7116,6094
2005-06-14,8.5338,40826
2005-06-15,8.5338,12447
2005-06-16,8.7116,4326
2005-06-17,8.5782,5624
2005-06-20,8.5338,25856
2005-06-21,8.4449,29017
2005-06-22,8.4449,16353
2005-06-23,8.516,11626
2005-06-24,8.4004,7047
2005-06-27,8.676,2519
2005-06-28,8.6938,5714
2005-06-29,8.6671,3757
2005-06-30,8.6227,1687
2005-07-01,8.6671,2955
2005-07-04,8.5871,5309
2005-07-05,8.4538,5464
2005-07-06,8.6227,1237
2005-07-07,8.5516,6697
2005-07-08,8.6227,5106
2005-07-11,8.6227,11451
2005-07-12,8.4893,11093
2005-07-13,8.4449,3780
2005-07-14,8.7027,11193
2005-07-15,8.7116,18201
2005-07-18,8.8982,11149
2005-07-19,9.0671,15227
2005-07-20,8.8716,8703
2005-07-21,8.8894,8605
2005-07-22,8.996,22111
2005-07-25,8.8094,23099
2005-07-26,8.8894,11549
2005-07-27,8.9605,8602
2005-07-28,8.9338,12880
2005-07-29,8.8182,103633
2005-08-01,8.8894,6261
2005-08-02,8.8894,31104
2005-08-03,9.0316,12649
2005-08-04,9.0227,18071
2005-08-05,9.0227,3014
2005-08-08,9.2449,11575
2005-08-09,9.3338,10172
2005-08-10,9.4049,5607
2005-08-11,9.4938,13409
2005-08-12,9.4227,11255
2005-08-15,9.2449,36637
2005-08-16,9.3338,3543
2005-08-17,9.3961,16874
2005-08-18,9.3783,9910
2005-08-19,9.3783,3087
2005-08-22,9.3783,12945
2005-08-23,9.7783,70735
2005-08-24,10.4006,43028
2005-08-25,10.3117,31674
2005-08-26,10.3117,13486
2005-08-29,10.7028,29934
2005-08-30,10.845,35125
2005-08-31,11.2184,25185
2005-09-01,11.5473,45129
2005-09-02,11.3073,28201
2005-09-05,11.3784,78703
2005-09-06,11.2895,8617
2005-09-07,10.9517,10799
2005-09-08,10.7739,5815
2005-09-09,10.9784,9987
2005-09-12,11.2806,30141
2005-09-13,11.2006,6412
2005-09-14,11.0761,9100
2005-09-15,11.1561,43493
2005-09-16,11.2006,12693
2005-09-19,11.2006,7972
2005-09-20,11.1917,10342
2005-09-21,11.1917,7291
2005-09-22,11.2806,12525
2005-09-23,11.245,6952
2005-09-26,11.2539,9453
2005-09-27,11.1917,17968
2005-09-28,11.1561,18488
2005-09-29,11.0939,12807
2005-09-30,11.1117,8466
2005-10-03,11.2006,4741
2005-10-04,11.1117,4890
2005-10-05,11.0228,20263
2005-10-06,10.6672,35883
2005-10-07,11.0673,9554
2005-10-10,11.2006,3870
2005-10-11,11.2006,8954
2005-10-12,11.2362,4363
2005-10-13,11.2006,11487
2005-10-14,11.2717,11666
2005-10-17,11.2273,913
2005-10-18,11.1828,5415
2005-10-19,11.2006,1300
2005-10-20,11.1561,12519
2005-10-21,11.245,13664
2005-10-24,11.3339,17595
2005-10-25,11.3873,9414
2005-10-26,12.0006,7506
2005-10-27,12.0006,19091
2005-10-28,12.054,12684
2005-10-31,11.8229,30088
2005-11-01,12.0006,348
2005-11-02,12.0895,22870
2005-11-03,12.3562,29985
2005-11-04,12.4451,18958
2005-11-07,12.8096,32563
2005-11-08,13.1118,126101
2005-11-09,13.1918,21445
2005-11-10,13.334,20685
2005-11-11,13.334,7964
2005-11-14,13.2896,15310
2005-11-15,13.1563,108257
2005-11-16,12.6673,15323
2005-11-17,12.4984,18392
2005-11-18,12.4718,15491
2005-11-21,12.534,10747
2005-11-22,12.6673,9307
2005-11-23,12.7562,7130
2005-11-24,12.8451,3311
2005-11-25,12.8896,17190
2005-11-28,13.2007,39626
2005-11-29,13.2007,21677
2005-11-30,13.094,10845
2005-12-01,13.0674,6565
2005-12-02,12.9429,10737
2005-12-05,12.9785,16539
2005-12-06,12.9785,209
2005-12-07,12.9696,15353
2005-12-08,12.9785,6044
2005-12-09,12.9785,12615
2005-12-12,12.7118,16267
2005-12-13,12.8007,12718
2005-12-14,12.6673,7061
2005-12-15,12.4451,76333
2005-12-16,12.3207,13209
2005-12-19,12.2673,18831
2005-12-20,12.134,20209
2005-12-21,12.0895,13233
2005-12-22,12.0806,7240
2005-12-23,12.1073,9296
2005-12-28,11.9562,12384
2005-12-29,12.0006,16437
2005-12-30,12.0629,8548
2006-01-03,12.054,11387
2006-01-04,11.9562,14785
2006-01-05,11.9562,14483
2006-01-06,12.0006,51372
2006-01-09,12.0006,8340
2006-01-10,12.0006,12786
2006-01-11,12.0006,3431
2006-01-12,12.0184,5500
2006-01-13,12.2673,29140
2006-01-16,12.1784,17402
2006-01-17,12.4984,5614
2006-01-18,12.2673,8549
2006-01-19,12.2673,22649
2006-01-20,12.3473,506
2006-01-23,12.2851,12689
2006-01-24,12.2673,6136
2006-01-25,12.2851,17195
2006-01-27,12.0895,13147
2006-01-30,12.0184,18497
2006-01-31,12.0451,25166
2006-02-01,12.1784,24299
2006-02-02,12.0895,16881
2006-02-03,11.9117,21877
2006-02-06,12.1162,36577
2006-02-07,12.0806,22496
2006-02-08,11.7962,3293
2006-02-09,11.8317,5813
2006-02-10,11.9117,26376
2006-02-13,11.8673,7784
2006-02-14,11.734,38861
2006-02-15,11.7517,6217
2006-02-16,11.734,7072
2006-02-17,11.7873,38370
2006-02-20,11.7162,4389
2006-02-21,12.0451,44565
2006-02-22,12.4896,29573
2006-02-23,12.854,547254
2006-02-24,12.854,3469
2006-02-27,12.8896,20453
2006-02-28,12.8896,16030
2006-03-01,12.6229,14986
2006-03-02,12.7918,2529
2006-03-03,12.8451,14125
2006-03-06,12.8273,24450
2006-03-07,12.8451,2405
2006-03-08,12.8896,13173
2006-03-09,12.8896,20100
2006-03-10,12.6229,11030
2006-03-13,12.2229,6110
2006-03-14,12.4451,3779
2006-03-15,12.6229,14093
2006-03-16,12.7118,7193
2006-03-17,12.534,5787
2006-03-20,12.4451,6888
2006-03-21,12.4184,2229
2006-03-22,12.2851,7023
2006-03-23,12.534,16770
2006-03-24,12.5073,6960
2006-03-27,12.6407,19792
2006-03-28,12.4896,18363
2006-03-29,12.534,4532
2006-03-30,12.4451,13602
2006-03-31,12.4095,11663
2006-04-03,12.4362,22321
2006-04-04,12.6673,57958
2006-04-05,12.6229,27176
2006-04-06,12.5784,6738
2006-04-07,12.4451,17948
2006-04-10,12.3829,10575
2006-04-11,12.4451,8777
2006-04-12,12.5784,8926
2006-04-13,12.6407,3049
2006-04-18,12.6673,22798
2006-04-19,12.6229,16786
2006-04-20,12.6229,30403
2006-04-21,12.4629,9927
2006-04-24,12.4007,14374
2006-04-26,12.6229,11602
2006-04-27,12.534,8828
2006-04-28,12.374,17376
2006-05-01,12.5873,13448
2006-05-02,12.374,7773
2006-05-03,12.4451,12919
2006-05-04,12.5251,5066
2006-05-05,12.5162,5543
2006-05-08,12.5251,10789
2006-05-09,12.4451,13140
2006-05-10,12.4007,2224
2006-05-11,12.4896,27886
2006-05-12,12.4451,3122
2006-05-15,12.4095,5439
2006-05-16,12.4451,6310
2006-05-17,12.4451,4440
2006-05-18,12.4007,9600
2006-05-19,12.2673,10776
2006-05-22,12.0895,10247
2006-05-23,12.3118,10080
2006-05-24,12.0895,9162
2006-05-25,12.0895,1954
2006-05-26,12.1784,27229
2006-05-29,12.134,8963
2006-05-30,12.0895,6717
2006-05-31,11.9829,10574
2006-06-01,12.0451,10859
2006-06-02,11.9829,9151
2006-06-05,12.0895,8242
2006-06-06,11.9117,35645
2006-06-07,11.9117,18844
2006-06-08,11.8229,485
2006-06-09,11.6717,7666
2006-06-13,11.5117,30881
2006-06-14,11.5117,45844
2006-06-15,11.6451,15571
2006-06-16,11.7784,7756
2006-06-19,11.6006,21743
2006-06-20,11.5206,13869
2006-06-21,11.5562,2148
2006-06-22,11.814,18128
2006-06-23,11.6451,7955
2006-06-26,11.6451,991
2006-06-27,11.6451,3036
2006-06-28,11.6451,21030
2006-06-29,11.6006,3595
2006-06-30,11.5739,6378
2006-07-03,11.5117,40171
2006-07-04,11.4317,43577
2006-07-05,11.4317,88658
2006-07-06,11.4317,57816
2006-07-07,11.3339,21776
2006-07-10,11.2095,20221
2006-07-11,11.5117,18831
2006-07-12,11.7784,10287
2006-07-13,11.6451,3761
2006-07-14,11.5917,6874
2006-07-17,11.6806,7930
2006-07-18,11.5473,9520
2006-07-19,11.5117,3390
2006-07-20,11.5117,821
2006-07-21,11.4673,97669
2006-07-24,11.4673,7900
2006-07-25,11.6273,4684
2006-07-26,11.6273,4003
2006-07-27,11.6273,
2006-07-28,11.5562,1012
2006-07-31,11.4228,16607
2006-08-01,11.4228,20248
2006-08-02,11.5117,32004
2006-08-03,11.4673,22768
2006-08-04,11.5117,21096
2006-08-07,11.4939,17882
2006-08-08,11.6006,1937
2006-08-09,11.5473,5544
2006-08-10,11.5206,12609
2006-08-11,11.5117,3616
2006-08-14,11.2273,30980
2006-08-15,11.245,33644
2006-08-16,11.3784,1808
2006-08-17,11.2806,13083
2006-08-18,11.2895,9144
2006-08-21,11.6006,4682
2006-08-22,11.5562,21857
2006-08-23,11.5117,31626
2006-08-24,11.5562,6445
2006-08-25,11.4673,9238
2006-08-28,11.6895,42739
2006-08-29,11.7784,16514
2006-08-30,12.0006,13495
2006-08-31,12.1784,87371
2006-09-01,12.2673,8900
2006-09-04,12.0273,5454
2006-09-05,12.0006,14947
2006-09-06,11.8673,2401
2006-09-07,11.6895,25051
2006-09-08,11.6451,13693
2006-09-11,11.4228,13381
2006-09-12,11.4228,24792
2006-09-13,10.9339,13257
2006-09-14,10.6672,131286
2006-09-15,10.9339,24345
2006-09-18,11.0228,24585
2006-09-19,10.9784,19423
2006-09-20,10.9339,44411
2006-09-21,10.6939,31241
2006-09-22,10.6761,58022
2006-09-25,10.685,48407
2006-09-26,10.685,18287
2006-09-27,10.6939,11024
2006-09-28,10.6939,7640
2006-09-29,10.845,3875
2006-10-02,11.0228,11523
2006-10-03,10.9339,10778
2006-10-04,10.7117,19002
2006-10-05,10.7383,23483
2006-10-06,10.7561,13737
2006-10-09,10.9784,26494
2006-10-10,10.9695,4612
2006-10-11,11.085,5583
2006-10-12,11.1117,9610
2006-10-13,10.7917,19256
2006-10-16,10.7828,15291
2006-10-17,10.7206,144749
2006-10-18,10.7295,15806
2006-10-19,10.925,6785
2006-10-20,10.7561,11246
2006-10-23,10.7561,3372
2006-10-24,10.8006,2747
2006-10-25,10.7828,23408
2006-10-26,10.8806,26410
2006-10-27,10.9339,69881
2006-10-30,11.1028,37018
2006-10-31,11.5117,8916
2006-11-01,11.6451,22155
2006-11-02,11.8229,16862
2006-11-03,11.9117,48517
2006-11-06,11.9117,45236
2006-11-07,11.9117,7224
2006-11-08,11.6451,49314
2006-11-09,11.5117,5883
2006-11-10,11.5117,5518
2006-11-13,11.4673,6992
2006-11-14,11.3784,69192
2006-11-15,11.3606,10546
2006-11-16,11.165,8800
2006-11-17,11.3784,13483
2006-11-20,11.5562,129099
2006-11-21,11.6273,17490
2006-11-22,11.734,38595
2006-11-23,11.814,57128
2006-11-24,11.6006,2640
2006-11-27,11.5562,22412
2006-11-28,11.4406,8060
2006-11-29,11.4495,28269
2006-11-30,11.5028,11076
2006-12-01,11.5562,22462
2006-12-04,11.7073,14044
2006-12-05,11.654,47596
2006-12-06,11.4851,13942
2006-12-07,11.3873,10383
2006-12-08,11.4051,9421
2006-12-11,11.5473,26360
2006-12-12,11.4584,16472
2006-12-13,11.4495,56234
2006-12-14,11.5562,48456
2006-12-15,11.4851,7267
2006-12-18,11.5562,15413
2006-12-19,11.5384,16365
2006-12-20,11.5562,23654
2006-12-21,11.6006,2320
2006-12-22,11.5562,24361
2006-12-27,11.4673,6652
2006-12-28,11.4673,24188
2006-12-29,11.4762,1687
2007-01-02,11.3784,20547
2007-01-03,11.4851,9080
2007-01-04,11.3784,19140
2007-01-05,11.3339,14229
2007-01-08,11.2362,8527
2007-01-09,11.2895,34236
2007-01-10,11.245,18452
2007-01-11,11.2895,21179
2007-01-12,11.245,11638
2007-01-15,11.3784,27006
2007-01-16,11.3784,21078
2007-01-17,11.4673,142432
2007-01-18,11.4673,11024
2007-01-19,11.4673,4818
2007-01-22,11.4673,7028
2007-01-23,11.4673,14788
2007-01-24,11.5562,13493
2007-01-25,11.4673,19123
2007-01-29,11.5473,9876
2007-01-30,11.5117,4476
2007-01-31,11.5295,15331
2007-02-01,11.6451,21189
2007-02-02,11.734,2632
2007-02-05,11.6984,10607
2007-02-06,11.6895,34207
2007-02-07,10.0628,574313
2007-02-08,9.9561,206194
2007-02-09,9.9383,96607
2007-02-12,10.2228,300363
2007-02-13,10.4006,68180
2007-02-14,9.9828,63037
2007-02-15,10.4894,111536
2007-02-16,10.5339,35913
2007-02-19,10.6672,82107
2007-02-20,10.5783,32514
2007-02-21,9.8761,129586
2007-02-22,9.5027,130194
2007-02-23,9.3072,280017
2007-02-26,9.2183,167977
2007-02-27,9.1116,77433
2007-02-28,8.9694,194155
2007-03-01,8.9249,69624
2007-03-02,8.9783,94758
2007-03-05,8.8716,94806
2007-03-06,8.996,57910
2007-03-07,9.0849,57302
2007-03-08,9.1205,74717
2007-03-09,8.9783,23942
2007-03-12,8.8894,26784
2007-03-13,9.0049,14345
2007-03-14,8.9427,44897
2007-03-15,9.0227,20487
2007-03-16,8.9783,110329
2007-03-19,8.9783,23159
2007-03-20,9.0494,25018
2007-03-21,9.1027,5449
2007-03-22,9.3783,6130
2007-03-23,9.4316,16493
2007-03-26,9.5116,13574
2007-03-27,9.8405,20966
2007-03-28,9.7783,38640
2007-03-29,9.8672,12091
2007-03-30,9.9561,15361
2007-04-02,9.5205,20532
2007-04-03,9.5738,14141
2007-04-04,9.645,10747
2007-04-05,9.4672,27348
2007-04-10,9.6005,26412
2007-04-11,9.725,17487
2007-04-12,10.045,70069
2007-04-13,10.205,90421
2007-04-16,10.4006,33127
2007-04-17,10.4717,74610
2007-04-18,10.4006,19422
2007-04-19,9.8405,188976
2007-04-20,8.9427,195325
2007-04-23,8.6227,97837
2007-04-24,8.4449,214413
2007-04-26,8.4271,80785
2007-04-27,8.8805,62254
2007-04-30,8.9783,33970
2007-05-01,9.1205,53645
2007-05-02,9.0671,56852
2007-05-03,9.0583,60405
2007-05-04,9.0138,19559
2007-05-07,9.0671,30169
2007-05-08,9.0405,39502
2007-05-09,8.9783,62474
2007-05-10,8.9871,44031
2007-05-11,8.8982,31521
2007-05-14,9.0494,46230
2007-05-15,9.0583,28047
2007-05-16,9.1383,88728
2007-05-17,9.1916,25118
2007-05-18,9.3338,61128
2007-05-21,9.2894,6882
2007-05-22,9.3338,15435
2007-05-23,10.2228,45417
2007-05-24,9.7072,19893
2007-05-25,9.7161,12571
2007-05-28,9.8672,34999
2007-05-29,9.5116,13529
2007-05-30,9.4405,21524
2007-05-31,9.6005,42904
2007-06-01,9.5027,24020
2007-06-04,9.5027,30671
2007-06-05,9.6005,29386
2007-06-06,9.6005,26110
2007-06-07,9.8494,46403
2007-06-08,9.5827,5831
2007-06-12,9.8494,22657
2007-06-13,9.9116,22537
2007-06-14,9.9561,13836
2007-06-15,10.045,29894
2007-06-18,10.045,
2007-06-19,9.7427,22013
2007-06-20,9.5383,8521
2007-06-21,9.5383,2120
2007-06-22,9.4227,18843
2007-06-25,9.5116,18072
2007-06-26,9.7783,220110
2007-06-27,10.3117,63189
2007-06-28,9.9561,49041
2007-06-29,10.3117,48246
2007-07-02,10.0005,25454
2007-07-03,10.0005,25727
2007-07-04,9.7783,6349
2007-07-05,9.7872,6717
2007-07-06,9.7872,27311
2007-07-09,9.9561,15103
2007-07-10,9.9561,23656
2007-07-11,9.9561,113582
2007-07-12,9.6005,19022
2007-07-13,9.8494,18705
2007-07-16,9.7783,49047
2007-07-17,9.7783,68850
2007-07-18,9.9027,55703
2007-07-19,9.7783,21657
2007-07-20,9.6094,30921
2007-07-23,9.8672,2634
2007-07-24,9.7338,4196
2007-07-25,9.6627,2376
2007-07-26,9.6627,9375
2007-07-27,9.2005,18046
2007-07-30,9.2449,19767
2007-07-31,9.2538,33271
2007-08-01,9.076,27332
2007-08-02,9.1116,22767
2007-08-03,9.1116,12080
2007-08-06,9.0494,5948
2007-08-07,9.4138,18599
2007-08-08,9.5383,11648
2007-08-09,9.3961,5896
2007-08-10,8.9871,19863
2007-08-13,9.1827,18991
2007-08-14,8.9871,14906
2007-08-15,9.156,18352
2007-08-16,8.8449,33804
2007-08-17,8.8538,27639
2007-08-20,8.996,19032
2007-08-21,9.0583,5712
2007-08-22,9.0583,6638
2007-08-23,9.0049,31408
2007-08-24,8.8894,11322
2007-08-27,8.5338,27518
2007-08-28,8.2227,26378
2007-08-29,8.0271,169698
2007-08-30,8.276,26796
2007-08-31,8.5338,32214
2007-09-03,8.116,34333
2007-09-04,8.0538,36556
2007-09-05,8.0893,29753
2007-09-06,8.0182,16767
2007-09-07,8.1338,26693
2007-09-10,8.1338,7267
2007-09-11,8.036,28673
2007-09-12,8.0271,22503
2007-09-13,8.0004,21823
2007-09-14,7.6982,42928
2007-09-17,7.5471,42133
2007-09-18,7.4048,67269
2007-09-19,7.2893,59297
2007-09-20,7.227,24168
2007-09-21,7.1115,131651
2007-09-24,6.8537,118297
2007-09-25,6.3559,142094
2007-09-26,6.3292,143696
2007-09-27,6.5337,104150
2007-09-28,6.4626,66792
2007-10-01,6.4892,28016
2007-10-02,6.667,137842
2007-10-03,6.5337,132353
2007-10-04,6.4803,176796
2007-10-05,6.427,27882
2007-10-08,6.507,64407
2007-10-09,6.4892,33792
2007-10-10,6.4537,22938
2007-10-11,6.3914,60245
2007-10-12,6.2581,60985
2007-10-15,6.1337,151270
2007-10-16,6.1781,38223
2007-10-17,6.1781,73827
2007-10-18,6.6937,51053
2007-10-19,7.3071,38129
2007-10-22,7.0759,65374
2007-10-23,7.0226,332618
2007-10-24,6.8448,95091
2007-10-25,6.667,34604
2007-10-26,6.4981,63379
2007-10-29,6.5781,49906
2007-10-30,6.5248,44182
2007-10-31,6.5781,41185
2007-11-01,6.9248,23926
2007-11-02,6.9337,61890
2007-11-05,6.9337,101452
2007-11-06,7.1915,16492
2007-11-07,7.2448,45609
2007-11-08,7.1293,51115
2007-11-09,7.1559,21126
2007-11-12,7.1559,13768
2007-11-13,7.2448,29567
2007-11-14,7.5115,48540
2007-11-15,7.8226,25854
2007-11-16,7.5115,19501
2007-11-19,7.3871,15526
2007-11-20,7.4226,19914
2007-11-21,7.5026,11562
2007-11-22,7.3337,22990
2007-11-23,7.4137,26870
2007-11-26,7.1204,39957
2007-11-27,7.0848,16551
2007-11-28,7.1115,22443
2007-11-29,7.067,19777
2007-11-30,7.0315,11305
2007-12-03,6.7559,93390
2007-12-04,6.7648,84809
2007-12-05,6.6937,34276
2007-12-06,6.6937,48391
2007-12-07,6.5781,49073
2007-12-10,6.5781,24228
2007-12-11,6.4981,50441
2007-12-12,6.4803,40163
2007-12-13,6.6226,18392
2007-12-14,6.5781,45434
2007-12-17,6.4181,30841
2007-12-18,6.7737,20003
2007-12-19,6.5337,23419
2007-12-20,6.7115,17156
2007-12-21,6.7559,10037
2007-12-24,6.8893,11120
2007-12-27,6.8004,12280
2007-12-28,6.6581,112491
2007-12-31,6.6581,4106
2008-01-02,6.6137,16304
2008-01-03,6.5781,8999
2008-01-04,6.9693,29392
2008-01-07,7.5382,15786
2008-01-08,7.2893,21262
2008-01-09,7.227,9858
2008-01-10,7.3426,7856
2008-01-11,7.3337,2730
2008-01-14,7.1826,5434
2008-01-15,7.2004,8938
2008-01-16,6.6137,56933
2008-01-17,6.6848,14436
2008-01-18,6.6848,24485
2008-01-21,6.4092,39806
2008-01-22,6.3114,28561
2008-01-23,7.1026,67989
2008-01-24,6.5781,15979
2008-01-25,6.7115,14195
2008-01-29,6.7026,15598
2008-01-30,6.6226,16619
2008-01-31,6.5781,8675
2008-02-01,6.5515,32103
2008-02-04,6.347,26214
2008-02-05,6.2226,85477
2008-02-06,6.0003,82810
2008-02-07,6.2226,59225
2008-02-08,6.2226,44204
2008-02-11,6.3114,6835
2008-02-12,6.3559,17884
2008-02-13,6.4803,11559
2008-02-14,6.4003,16339
2008-02-15,6.2759,74654
2008-02-18,6.5781,19886
2008-02-19,6.4003,13848
2008-02-20,6.5692,96829
2008-02-21,6.6048,105516
2008-02-22,6.5515,32579
2008-02-25,6.5692,9896
2008-02-26,6.5337,121039
2008-02-27,6.4003,15777
2008-02-28,6.4003,18668
2008-02-29,6.4715,44690
2008-03-03,6.4359,20646
2008-03-04,6.4626,48138
2008-03-05,6.4003,15015
2008-03-06,6.4092,30661
2008-03-07,6.267,42367
2008-03-10,6.4003,11014
2008-03-11,6.427,16997
2008-03-12,6.4003,8179
2008-03-13,6.2226,12069
2008-03-14,5.9559,8522
2008-03-17,5.867,36313
2008-03-18,6.0359,20192
2008-03-19,5.867,25294
2008-03-20,5.9114,3672
2008-03-25,5.8225,38844
2008-03-26,5.6892,44151
2008-03-27,5.7425,22017
2008-03-28,5.7781,40548
2008-03-31,5.7336,16553
2008-04-01,5.6981,4724
2008-04-02,5.6092,35563
2008-04-03,5.6181,17846
2008-04-04,5.6803,4915
2008-04-07,5.6003,41820
2008-04-08,5.6803,25458
2008-04-09,5.627,5943
2008-04-10,5.627,60
2008-04-11,5.5914,11735
2008-04-14,5.5914,9276
2008-04-15,5.6359,65215
2008-04-16,5.5647,68683
2008-04-17,5.6003,21035
2008-04-18,5.5559,7889
2008-04-21,5.6625,37078
2008-04-22,5.7514,40342
2008-04-23,5.6003,23027
2008-04-24,5.6892,28390
2008-04-28,5.6714,18964
2008-04-29,5.6892,11556
2008-04-30,5.867,48943
2008-05-01,6.0359,15029
2008-05-02,6.0359,7645
2008-05-05,6.0892,8883
2008-05-06,6.0003,19789
2008-05-07,5.9025,3802
2008-05-08,5.8225,11023
2008-05-09,5.8314,2362
2008-05-12,5.7959,26940
2008-05-13,5.8936,6124
2008-05-14,5.9114,12307
2008-05-15,5.9203,7453
2008-05-16,5.7781,9340
2008-05-19,5.8225,10590
2008-05-20,5.6447,17196
2008-05-21,5.7336,7920
2008-05-22,5.6625,9118
2008-05-23,5.6447,21203
2008-05-26,5.5114,13569
2008-05-27,5.5114,25948
2008-05-28,5.6447,5664
2008-05-29,5.6447,62700
2008-05-30,5.6536,5271
2008-06-02,5.6536,10414
2008-06-03,5.6536,18089
2008-06-04,5.7603,34388
2008-06-05,5.7336,1595
2008-06-06,5.6714,11186
2008-06-10,5.5292,23259
2008-06-11,5.5114,21205
2008-06-12,5.5114,76915
2008-06-13,5.5114,39491
2008-06-16,5.5203,25955
2008-06-17,5.5292,28664
2008-06-18,5.5025,49172
2008-06-19,5.4936,22145
2008-06-20,5.2447,39367
2008-06-23,5.1469,33167
2008-06-24,5.1558,44828
2008-06-25,5.1825,26752
2008-06-26,4.9336,16138
2008-06-27,5.1647,19436
2008-06-30,5.3336,68166
2008-07-01,5.467,844
2008-07-02,5.5292,16036
2008-07-03,5.5381,34483
2008-07-04,5.9114,18970
2008-07-07,5.867,244
2008-07-08,5.5025,25559
2008-07-09,5.6181,265
2008-07-10,5.6359,2450
2008-07-11,5.6181,36638
2008-07-14,5.3336,33153
2008-07-15,5.3336,
2008-07-16,4.7114,15043
2008-07-17,4.7736,4779
2008-07-18,4.4536,16587
2008-07-21,4.6047,16667
2008-07-22,5.0492,5017
2008-07-23,4.6225,3132
2008-07-24,4.8891,35437
2008-07-25,4.9336,7927
2008-07-28,4.8447,3641
2008-07-29,4.978,13382
2008-07-30,5.1825,2601
2008-07-31,5.2003,3885
2008-08-01,5.1647,1933
2008-08-04,5.1558,878
2008-08-05,4.8803,5292
2008-08-06,4.818,15191
2008-08-07,4.8891,12163
2008-08-08,4.658,23385
2008-08-11,4.6225,13960
2008-08-12,4.6314,15878
2008-08-13,4.578,23343
2008-08-14,4.6225,20715
2008-08-15,4.6225,66607
2008-08-18,4.6225,5939
2008-08-19,4.6225,12036
2008-08-20,4.7291,33541
2008-08-21,4.8003,14497
2008-08-22,5.0225,34642
2008-08-25,4.9869,19382
2008-08-26,5.0225,2868
2008-08-27,4.978,23865
2008-08-28,4.9336,27925
2008-08-29,5.0136,59080
2008-09-01,5.0136,7782
2008-09-02,4.978,10466
2008-09-03,5.0847,11627
2008-09-04,4.9869,8632
2008-09-05,5.0136,2788
2008-09-08,4.8714,16809
2008-09-09,4.7825,47894
2008-09-10,4.7025,20881
2008-09-11,4.7114,48135
2008-09-12,4.7025,4002
2008-09-15,4.6225,20679
2008-09-16,4.5069,42594
2008-09-17,4.4891,10249
2008-09-18,4.0002,29719
2008-09-19,4.4447,66994
2008-09-22,4.2758,45374
2008-09-23,4.1424,7820
2008-09-24,4.3558,19270
2008-09-25,4.3558,3612
2008-09-26,4.3113,1276
2008-09-29,4.3558,9224
2008-09-30,4.6225,28792
2008-10-01,4.6936,17549
2008-10-02,5.058,12051
2008-10-03,4.5336,19018
2008-10-06,4.5958,13153
2008-10-07,4.5336,83614
2008-10-08,4.5336,33744
2008-10-09,4.2669,40145
2008-10-10,4.3025,44292
2008-10-13,4.2669,24282
2008-10-14,4.0002,8150
2008-10-15,4.0891,2945
2008-10-16,4.0002,25105
2008-10-17,3.858,18372
2008-10-20,3.7335,3757
2008-10-21,3.698,9782
2008-10-22,3.858,11837
2008-10-23,3.7335,6000
2008-10-24,3.7335,2249
2008-10-27,3.5824,5137
2008-10-28,3.3513,19429
2008-10-29,3.3424,10977
2008-10-30,3.3513,26839
2008-10-31,3.4224,8450
2008-11-03,3.4224,22217
2008-11-04,3.378,3958
2008-11-05,3.4669,10180
2008-11-06,3.778,16748
2008-11-07,3.6446,3705
2008-11-10,3.7335,1050
2008-11-11,3.7158,4074
2008-11-12,3.5557,35998
2008-11-13,3.4757,19246
2008-11-14,3.2446,54524
2008-11-17,2.9424,26712
2008-11-18,3.2357,32147
2008-11-19,3.2535,9083
2008-11-20,2.9424,7497
2008-11-21,2.9424,10225
2008-11-24,2.9779,7649
2008-11-25,2.9335,41394
2008-11-26,2.889,7537
2008-11-27,2.9335,11558
2008-11-28,2.889,14927
2008-12-01,2.8001,2480
2008-12-02,2.6668,41061
2008-12-03,2.649,449
2008-12-04,2.6135,25319
2008-12-05,2.649,30900
2008-12-08,2.2757,37291
2008-12-09,2.0979,11167
2008-12-10,2.2223,14630
2008-12-11,2.0446,266317
2008-12-12,2.2223,16095
2008-12-15,2.1334,21486
2008-12-16,2.2223,31385
2008-12-17,2.089,23522
2008-12-18,2.089,11812
2008-12-19,2.1334,9077
2008-12-22,2.6579,39655
2008-12-23,2.6668,3993
2008-12-24,2.6579,2249
2008-12-29,2.6668,10135
2008-12-30,2.5957,2378
2008-12-31,2.5957,2378
2009-01-02,2.6668,4499
2009-01-05,2.649,24457
2009-01-06,2.7201,15382
2009-01-07,2.7557,23035
2009-01-08,2.6668,10054
2009-01-09,2.6668,3758
2009-01-12,2.6668,5287
2009-01-13,2.6935,67
2009-01-14,2.6846,16590
2009-01-15,2.6757,34425
2009-01-16,2.6668,27964
2009-01-19,2.7113,4349
2009-01-20,2.6668,18449
2009-01-21,2.6668,13205
2009-01-22,2.6935,11403
2009-01-23,2.6668,11818
2009-01-27,2.6668,8386
2009-01-28,2.5868,11249
2009-01-29,2.6224,1172
2009-01-30,2.6668,5062
2009-02-02,2.6935,12385
2009-02-03,2.6935,562
2009-02-04,2.6935,1124
2009-02-05,2.6668,6469
2009-02-06,2.6935,6324
2009-02-09,2.6846,7723
2009-02-10,2.6846,8999
2009-02-11,2.6668,4498
2009-02-12,2.5779,13836
2009-02-13,2.6224,4314
2009-02-16,2.6668,4691
2009-02-17,2.6668,6333
2009-02-18,2.6579,2249
2009-02-19,2.6668,11779
2009-02-20,2.6579,27031
2009-02-23,2.6224,6046
2009-02-24,2.6224,7368
2009-02-25,2.729,28137
2009-02-26,2.8001,27107
2009-02-27,2.8268,45312
2009-03-02,2.7201,17750
2009-03-03,2.7113,2249
2009-03-04,2.7379,4777
2009-03-05,2.6668,5356
2009-03-06,2.6846,43310
2009-03-09,2.6935,7312
2009-03-10,2.6935,11249
2009-03-11,2.7557,21936
2009-03-12,2.7557,17118
2009-03-13,2.7735,28123
2009-03-16,2.7735,14764
2009-03-17,2.8001,26436
2009-03-18,2.8001,16064
2009-03-19,2.889,23623
2009-03-20,2.889,9657
2009-03-23,3.0491,102640
2009-03-24,3.2446,11249
2009-03-25,3.2446,3937
2009-03-26,3.3335,18179
2009-03-27,3.3335,22076
2009-03-30,3.3068,7955
2009-03-31,3.3335,
2009-04-01,3.4402,14655
2009-04-02,3.5557,12715
2009-04-03,3.6002,44288
2009-04-06,3.5113,1236
2009-04-07,3.5113,
2009-04-08,3.5113,3712
2009-04-09,3.5557,12115
2009-04-14,3.538,11019
2009-04-15,3.5557,43593
2009-04-16,3.4491,35219
2009-04-17,3.1379,66541
2009-04-20,2.9779,37734
2009-04-21,3.0846,14849
2009-04-22,3.1113,62181
2009-04-23,3.1113,
2009-04-24,3.1113,
2009-04-27,2.5868,152106
2009-04-28,2.5157,142357
2009-04-29,2.5779,51603
2009-04-30,2.9335,50596
2009-05-01,2.9335,6622
2009-05-04,2.8535,8662
2009-05-05,2.9246,52445
2009-05-06,2.889,42775
2009-05-07,2.9335,27107
2009-05-08,2.9335,7966
2009-05-11,2.9335,6142
2009-05-12,2.9424,3956
2009-05-13,2.9779,25780
2009-05-14,2.889,10612
2009-05-15,2.889,20841
2009-05-18,2.6668,72329
2009-05-19,2.6757,87709
2009-05-20,2.6846,19287
2009-05-21,2.649,25211
2009-05-22,2.6668,5403
2009-05-25,2.5424,75098
2009-05-26,2.409,65522
2009-05-27,2.4001,71264
2009-05-28,2.3112,13101
2009-05-29,2.3112,33787
2009-06-01,2.4446,35048
2009-06-02,2.5068,55780
2009-06-03,2.5779,24208
2009-06-04,2.5779,61885
2009-06-05,2.5424,39235
2009-06-09,2.489,44213
2009-06-10,2.5779,10540
2009-06-11,2.489,19689
2009-06-12,2.1601,176322
2009-06-15,2.2846,43214
2009-06-16,2.3112,53627
2009-06-17,2.2312,22834
2009-06-18,2.1334,61770
2009-06-19,2.0534,75846
2009-06-22,1.9557,98460
2009-06-23,2.089,35872
2009-06-24,1.9468,116631
2009-06-25,1.9201,36511
2009-06-26,1.9201,29115
2009-06-29,1.9023,73671
2009-06-30,1.9201,69385
2009-07-01,1.9201,60506
2009-07-02,1.9023,29698
2009-07-03,1.9557,31983
2009-07-06,2.089,18324
2009-07-07,2.1779,27067
2009-07-08,2.1334,30105
2009-07-09,2.5335,148388
2009-07-10,2.5957,45322
2009-07-13,2.8001,11129
2009-07-14,2.6757,17203
2009-07-15,2.6935,43124
2009-07-16,2.7646,13270
2009-07-17,2.7824,10675
2009-07-20,2.8357,32297
2009-07-21,2.809,6412
2009-07-22,2.7735,20281
2009-07-23,2.7824,15523
2009-07-24,2.8446,28329
2009-07-27,2.8713,59806
2009-07-28,2.7557,30545
2009-07-29,2.809,2249
2009-07-30,2.7824,23595
2009-07-31,2.8001,24710
2009-08-03,2.8001,57782
2009-08-04,2.8001,7595
2009-08-05,2.7468,40259
2009-08-06,2.8268,14804
2009-08-07,2.8802,6576
2009-08-10,2.9779,23759
2009-08-11,2.9779,14691
2009-08-12,2.889,20190
2009-08-13,2.9068,20925
2009-08-14,2.9246,26355
2009-08-17,2.8446,13588
2009-08-18,2.9246,59621
2009-08-19,2.8624,8988
2009-08-20,2.8179,7600
2009-08-21,2.7557,18853
2009-08-24,2.7913,25412
2009-08-25,2.8624,69065
2009-08-26,2.8979,48158
2009-08-27,2.8446,9840
2009-08-28,2.8179,51391
2009-08-31,2.6046,111991
2009-09-01,2.489,106256
2009-09-02,2.5068,108884
2009-09-03,2.5779,69548
2009-09-04,2.6579,40592
2009-09-07,2.6224,47734
2009-09-08,2.7379,70498
2009-09-09,2.8001,60027
2009-09-10,2.9335,68012
2009-09-11,3.1291,53891
2009-09-14,3.0224,31089
2009-09-15,3.0491,14815
2009-09-16,3.0313,23844
2009-09-17,3.1646,61107
2009-09-18,3.2446,38205
2009-09-21,3.9558,131334
2009-09-22,3.9469,74744
2009-09-23,3.7335,8207
2009-09-24,3.698,22674
2009-09-25,4.0002,48987
2009-09-28,3.9113,8437
2009-09-29,4.0002,43539
2009-09-30,4.2669,41215
2009-10-01,4.2669,30203
2009-10-02,4.1869,18862
2009-10-05,4.1869,
2009-10-06,3.8669,32203
2009-10-07,3.7513,71169
2009-10-08,3.778,2457
2009-10-09,4.0002,23601
2009-10-12,4.2224,24452
2009-10-13,4.2224,4631
2009-10-14,4.0002,10686
2009-10-15,3.9558,10124
2009-10-16,4.0002,18587
2009-10-19,3.9113,5377
2009-10-20,3.8669,33138
2009-10-21,3.8224,13499
2009-10-22,3.8224,10563
2009-10-23,3.778,26715
2009-10-26,3.6446,26529
2009-10-27,3.6446,8358
2009-10-28,3.618,8799
2009-10-29,3.4669,63679
2009-10-30,3.5557,46403
2009-11-02,3.4669,6187
2009-11-03,3.5557,9477
2009-11-04,3.538,23775
2009-11-05,3.5113,10306
2009-11-06,3.6002,45821
2009-11-09,3.5557,3309
2009-11-10,3.5557,27223
2009-11-11,3.5202,18923
2009-11-12,3.4846,21908
2009-11-13,3.378,12639
2009-11-16,3.3335,51207
2009-11-17,3.2713,44144
2009-11-18,3.1735,85954
2009-11-19,3.2713,13957
2009-11-20,3.3335,103113
2009-11-23,3.3513,36722
2009-11-24,3.3691,122409
2009-11-25,3.298,5499
2009-11-26,3.2446,47661
2009-11-27,3.2446,35665
2009-11-30,3.2268,13611
2009-12-01,3.2446,55407
2009-12-02,3.3513,33328
2009-12-03,3.4224,7088
2009-12-04,3.4491,20252
2009-12-07,3.4224,6769
2009-12-08,3.3335,15331
2009-12-09,3.3424,5746
2009-12-10,3.2891,2249
2009-12-11,3.2891,
2009-12-14,3.4135,10729
2009-12-15,3.378,20147
2009-12-16,3.378,35464
2009-12-17,3.378,18352
2009-12-18,3.4224,7458
2009-12-21,3.458,21138
2009-12-22,3.5202,16375
2009-12-23,3.4669,22184
2009-12-24,3.4669,7165
2009-12-29,3.4669,3447
2009-12-30,3.4313,9036
2009-12-31,3.4491,7621
2010-01-04,3.3868,7416
2010-01-05,3.3513,23908
2010-01-06,3.2179,43273
2010-01-07,3.378,24061
2010-01-08,3.3691,2507
2010-01-11,3.378,6749
2010-01-12,3.378,3374
2010-01-13,3.7602,62151
2010-01-14,3.8758,73511
2010-01-15,3.8758,169606
2010-01-18,4.0535,119695
2010-01-19,4.0891,85216
2010-01-20,3.9913,37454
2010-01-21,3.9558,57682
2010-01-22,4.0002,56173
2010-01-25,4.0447,94544
2010-01-27,4.0713,36470
2010-01-28,4.018,16653
2010-01-29,3.9647,23342
2010-02-01,3.6713,45245
2010-02-02,3.7335,16932
2010-02-03,3.7335,35098
2010-02-04,3.6802,15336
2010-02-05,3.5557,17939
2010-02-08,3.5557,5950
2010-02-09,3.6357,12583
2010-02-10,3.5557,7421
2010-02-11,3.5557,5603
2010-02-12,3.5557,63535
2010-02-15,3.8224,62546
2010-02-16,3.8491,40218
2010-02-17,3.7335,29254
2010-02-18,3.7335,80100
2010-02-19,3.8402,18432
2010-02-22,3.9558,50668
2010-02-23,4.1069,39142
2010-02-24,3.9647,20586
2010-02-25,3.8935,6431
2010-02-26,3.8935,11078
2010-03-01,3.8669,10110
2010-03-02,3.8402,13389
2010-03-03,3.8669,15224
2010-03-04,3.9735,22271
2010-03-05,3.9024,12955
2010-03-08,3.8758,12050
2010-03-09,3.8758,3937
2010-03-10,3.9113,22934
2010-03-11,3.9113,
2010-03-12,3.9113,2847
2010-03-15,3.9558,22889
2010-03-16,3.9735,15570
2010-03-17,3.9913,17561
2010-03-18,3.9735,24188
2010-03-19,3.9735,37766
2010-03-22,3.9735,12808
2010-03-23,3.8491,8845
2010-03-24,3.6269,36121
2010-03-25,3.6446,17972
2010-03-26,3.6891,2037
2010-03-29,3.4313,47456
2010-03-30,3.5113,27865
2010-03-31,3.378,5114006
2010-04-01,3.4846,62196
2010-04-06,3.5469,114565
2010-04-07,3.618,53130
2010-04-08,3.6446,437019
2010-04-09,3.7958,41914
2010-04-12,4.0002,58968
2010-04-13,3.9469,67622
2010-04-14,4.0002,57748
2010-04-15,3.9913,17645
2010-04-16,3.9024,9412
2010-04-19,3.9291,27421
2010-04-20,3.9024,6787
2010-04-21,3.9024,16673
2010-04-22,4.0002,91381
2010-04-23,3.9735,48783
2010-04-27,4.0002,59509
2010-04-28,4.0002,85413
2010-04-29,4.0002,78472
2010-04-30,3.9558,89672
2010-05-03,3.9202,23359
2010-05-04,3.8758,61768
2010-05-05,3.7158,32869
2010-05-06,3.7602,30059
2010-05-07,3.9024,34690
2010-05-10,3.8046,9123
2010-05-11,3.6357,56564
2010-05-12,3.6446,14315
2010-05-13,3.698,27505
2010-05-14,3.6713,30609
2010-05-17,3.6891,45092
2010-05-18,3.7513,103080
2010-05-19,3.6891,27644
2010-05-20,3.8224,240176
2010-05-21,3.6891,137833
2010-05-24,3.7246,1567
2010-05-25,3.6002,1059
2010-05-26,3.5646,17898
2010-05-27,3.5557,19616
2010-05-28,3.5113,35625
2010-05-31,3.5113,39938
2010-06-01,3.4846,5767
2010-06-02,3.6269,383
2010-06-03,3.4935,14075
2010-06-04,3.4935,570
2010-06-07,3.4757,36434
2010-06-08,3.4669,4499
2010-06-09,3.4669,2389
2010-06-10,3.3602,12521
2010-06-11,3.3602,6711
2010-06-15,3.3246,17885
2010-06-16,3.298,12538
2010-06-17,3.3513,953
2010-06-18,3.3513,2865
2010-06-21,3.3513,13311
2010-06-22,3.3513,35095
2010-06-23,3.2802,21745
2010-06-24,3.2002,9178
2010-06-25,3.1824,13276
2010-06-28,3.2002,19195
2010-06-29,3.1646,4938
2010-06-30,3.0757,25217
2010-07-01,2.889,29394
2010-07-02,2.9068,34674
2010-07-05,2.9335,36534
2010-07-06,3.0224,48700
2010-07-07,3.0579,7953
2010-07-08,3.1113,4982
2010-07-09,3.1291,1136
2010-07-12,3.0935,7868
2010-07-13,3.0135,5548
2010-07-14,3.0757,2226
2010-07-15,3.0757,4643
2010-07-16,3.0224,15715
2010-07-19,3.0224,3993
2010-07-20,3.0224,
2010-07-21,2.889,44407
2010-07-22,2.8357,30833
2010-07-23,2.889,22283
2010-07-26,2.9335,10253
2010-07-27,2.9868,6028
2010-07-28,3.1113,19220
2010-07-29,3.1913,30850
2010-07-30,3.1913,12799
2010-08-02,3.2002,478
2010-08-03,3.3246,7492
2010-08-04,3.3513,3986
2010-08-05,3.3868,34665
2010-08-06,3.3868,2733
2010-08-09,3.4135,28665
2010-08-10,3.3957,48567
2010-08-11,3.3691,34570
2010-08-12,3.2091,11746
2010-08-13,3.2891,4468
2010-08-16,3.2891,4340
2010-08-17,3.3335,21387
2010-08-18,3.2713,2699
2010-08-19,3.2713,14061
2010-08-20,3.4772,191428
2010-08-23,3.4772,
2010-08-24,3.4772,
2010-08-25,3.4772,
2010-08-26,3.3083,52266
2010-08-27,3.1791,111179
2010-08-30,3.1791,51330
2010-08-31,3.1295,23242
2010-09-01,3.2785,31584
2010-09-02,3.1791,61317
2010-09-03,3.1493,33093
2010-09-06,3.1593,35504
2010-09-07,3.1394,294504
2010-09-08,3.1295,70232
2010-09-09,3.1394,106620
2010-09-10,3.1295,17672
2010-09-13,3.1195,23754
2010-09-14,3.1493,199546
2010-09-15,3.1394,43166
2010-09-16,3.1394,87714
2010-09-17,3.0897,106267
2010-09-20,3.0698,1057616
2010-09-21,3.05,121756
2010-09-22,3.0202,52209
2010-09-23,3.0599,20983
2010-09-24,3.0301,107895
2010-09-27,3.0798,91215
2010-09-28,3.1891,140190
2010-09-29,3.2288,138308
2010-09-30,3.1791,95459
2010-10-01,3.1791,97856
2010-10-04,3.3381,53385
2010-10-05,3.2983,34769
2010-10-06,3.2586,18905
2010-10-07,3.2586,13820
2010-10-08,3.2785,20211
2010-10-11,3.2586,38451
2010-10-12,3.199,39267
2010-10-13,3.2288,17454
2010-10-14,3.2487,7379
2010-10-15,3.2586,37390
2010-10-18,3.2685,26489
2010-10-19,3.2983,40464
2010-10-20,3.2785,22281
2010-10-21,3.2785,120255
2010-10-22,3.2785,21025
2010-10-25,3.2785,55226
2010-10-26,3.2189,34266
2010-10-27,3.1692,97062
2010-10-28,3.2288,135009
2010-10-29,3.199,35834
2010-11-01,3.199,44384
2010-11-02,3.2089,13045
2010-11-03,3.2288,43253
2010-11-04,3.2288,27916
2010-11-05,3.1295,63447
2010-11-08,3.1195,31653
2010-11-09,3.0897,40683
2010-11-10,3.0698,114160
2010-11-11,3.0798,122683
2010-11-12,3.1295,116885
2010-11-15,3.1096,19303
2010-11-16,3.04,70247
2010-11-17,2.9904,129180
2010-11-18,2.9804,243636
2010-11-19,3.0003,186350
2010-11-22,3.0798,269366
2010-11-23,3.0798,24938
2010-11-24,3.0599,69685
2010-11-25,3.1195,88099
2010-11-26,3.1692,92597
2010-11-29,3.1791,21862
2010-11-30,3.1791,79642
2010-12-01,3.1791,10591
2010-12-02,3.1791,36217
2010-12-03,3.2089,13128
2010-12-06,3.1891,62458
2010-12-07,3.0996,89460
2010-12-08,3.1295,24293
2010-12-09,3.1295,
2010-12-10,3.1791,80209
2010-12-13,3.1295,45037
2010-12-14,3.1692,37382
2010-12-15,3.1692,18446
2010-12-16,3.1692,56829
2010-12-17,3.1791,29766
2010-12-20,3.1593,12423
2010-12-21,3.1791,24413
2010-12-22,3.1791,69519
2010-12-23,3.1791,69893
2010-12-24,3.1791,
2010-12-29,3.1791,10368
2010-12-30,3.1791,21848
2010-12-31,3.1791,62471
2011-01-04,3.199,11991
2011-01-05,3.1791,31242
2011-01-06,3.1791,1610
2011-01-07,3.2685,15210
2011-01-10,3.2685,22415
2011-01-11,3.3977,38137
2011-01-12,3.2983,22593
2011-01-13,3.3778,21016
2011-01-14,3.3679,82949
2011-01-17,3.3878,90056
2011-01-18,3.3778,55524
2011-01-19,3.3679,49008
2011-01-20,3.3182,22416
2011-01-21,3.3083,14158
2011-01-24,3.348,15526
2011-01-25,3.4275,85725
2011-01-27,3.4076,36602
2011-01-28,3.358,44148
2011-01-31,3.3083,29863
2011-02-01,3.3182,13923
2011-02-02,3.3281,29974
2011-02-03,3.358,51752
2011-02-04,3.3679,119281
2011-02-07,3.3778,40215
2011-02-08,3.3778,13921
2011-02-09,3.3281,17421
2011-02-10,3.3182,36095
2011-02-11,3.3182,194048
2011-02-14,3.2785,50265
2011-02-15,3.2487,40121
2011-02-16,3.2387,33700
2011-02-17,3.1891,54204
2011-02-18,3.2288,17036
2011-02-21,3.2487,69283
2011-02-22,3.2785,20503
2011-02-23,3.2785,1581
2011-02-24,3.3182,25017
2011-02-25,3.2685,28723
2011-02-28,3.2487,72483
2011-03-01,3.2487,161105
2011-03-02,3.3778,56398
2011-03-03,3.2685,61052
2011-03-04,3.1493,41424
2011-03-07,3.0897,85473
2011-03-08,3.1791,18775
2011-03-09,3.1692,39256
2011-03-10,3.1493,31716
2011-03-11,3.1493,14763
2011-03-15,2.9606,138043
2011-03-16,2.8612,114790
2011-03-17,2.8711,111588
2011-03-18,2.9308,22818
2011-03-21,2.9208,66516
2011-03-22,2.9308,69481
2011-03-23,2.8413,105382
2011-03-24,3.0301,52274
2011-03-25,3.05,23778
2011-03-28,2.9705,43777
2011-03-29,2.9606,21977
2011-03-30,3.0202,15035
2011-03-31,2.9705,35428
2011-04-01,3.0698,6647
2011-04-04,2.9208,55279
2011-04-05,3.0202,13586
2011-04-06,3.0897,22820
2011-04-07,3.1593,39475
2011-04-08,3.0698,150629
2011-04-11,3.1593,102708
2011-04-12,3.0698,18351
2011-04-13,3.0798,109843
2011-04-14,3.0996,165496
2011-04-15,3.0798,56285
2011-04-18,3.0996,67236
2011-04-19,3.0798,168515
2011-04-20,3.0599,73777
2011-04-21,3.0599,8213
2011-04-27,3.0698,68341
2011-04-28,3.0599,89089
2011-04-29,3.1096,18012
2011-05-02,3.0798,39114
2011-05-03,2.9904,93483
2011-05-04,3.04,290291
2011-05-05,3.0003,121494
2011-05-06,3.04,20193
2011-05-09,2.4738,704485
2011-05-10,2.2155,759643
2011-05-11,2.1856,495532
2011-05-12,2.136,358271
2011-05-13,1.9969,237564
2011-05-16,2.136,192231
2011-05-17,2.1856,250145
2011-05-18,2.2254,72877
2011-05-19,2.2055,60958
2011-05-20,2.1956,45675
2011-05-23,2.2155,25285
2011-05-24,2.1856,39708
2011-05-25,2.1062,61275
2011-05-26,2.1062,3261
2011-05-27,2.0863,70286
2011-05-30,2.0664,3057
2011-05-31,2.1062,17222
2011-06-01,2.136,36020
2011-06-02,2.0863,19556
2011-06-03,2.126,27530
2011-06-06,2.1062,37566
2011-06-07,2.1161,9416
2011-06-08,2.0565,17789
2011-06-09,2.0366,24151
2011-06-10,2.0366,50048
2011-06-14,2.0267,18452
2011-06-15,2.0267,52064
2011-06-16,2.0168,22684
2011-06-17,2.0664,213208
2011-06-20,2.0565,83492
2011-06-21,1.987,65487
2011-06-22,1.977,50171
2011-06-23,1.9124,131526
2011-06-24,1.8479,86966
2011-06-27,1.823,54928
2011-06-28,1.8479,44153
2011-06-29,1.8131,64162
2011-06-30,1.828,79671
2011-07-01,1.8926,21560
2011-07-04,1.987,21135
2011-07-05,1.987,24334
2011-07-06,1.9373,64263
2011-07-07,1.9373,90159
2011-07-08,1.9621,28989
2011-07-11,1.9422,13447
2011-07-12,1.9472,29797
2011-07-13,1.982,18093
2011-07-14,1.987,36687
2011-07-15,1.987,84726
2011-07-18,1.9373,45846
2011-07-19,1.9075,86797
2011-07-20,1.9373,68832
2011-07-21,1.9124,65150
2011-07-22,1.8777,58563
2011-07-25,1.9174,39200
2011-07-26,1.8777,156454
2011-07-27,1.8379,34962
2011-07-28,1.8181,47989
2011-07-29,1.833,113251
2011-08-02,1.7286,129223
2011-08-03,1.7088,158187
2011-08-04,1.6094,69047
2011-08-05,1.52,161777
2011-08-08,1.4604,142823
2011-08-09,1.4455,98263
2011-08-10,1.5796,35364
2011-08-11,1.5995,114303
2011-08-12,1.6392,41671
2011-08-15,1.6094,50934
2011-08-16,1.5796,126803
2011-08-17,1.5399,69606
2011-08-18,1.52,75832
2011-08-19,1.5399,64563
2011-08-22,1.5647,92060
2011-08-23,1.5747,126110
2011-08-24,1.5747,103220
2011-08-25,1.5846,46070
2011-08-26,1.5747,39405
2011-08-29,1.4703,90965
2011-08-30,1.4703,16149
2011-08-31,1.4356,122232
2011-09-01,1.4505,32441
2011-09-02,1.4505,150534
2011-09-05,1.4505,89225
2011-09-06,1.4356,36694
2011-09-07,1.3809,123504
2011-09-08,1.3809,58442
2011-09-09,1.4306,98568
2011-09-12,1.4405,184701
2011-09-13,1.4207,52317
2011-09-14,1.3909,129136
2011-09-15,1.3263,255468
2011-09-16,1.3809,114149
2011-09-19,1.4405,44143
2011-09-20,1.4703,9855
2011-09-21,1.3909,104478
2011-09-22,1.3909,47274
2011-09-23,1.4107,99840
2011-09-26,1.3909,53353
2011-09-27,1.3809,66022
2011-09-28,1.3809,41840
2011-09-29,1.3809,13828
2011-09-30,1.3809,19121
2011-10-04,1.3412,107507
2011-10-05,1.3164,400433
2011-10-06,1.2965,127679
2011-10-07,1.3213,285113
2011-10-10,1.3263,82132
2011-10-11,1.3561,32407
2011-10-12,1.3511,59952
2011-10-13,1.3859,190109
2011-10-14,1.371,87655
2011-10-17,1.4902,436768
2011-10-18,1.4554,172940
2011-10-19,1.4902,140068
2011-10-20,1.4902,97086
2011-10-21,1.4604,21852
2011-10-24,1.4902,145546
2011-10-25,1.5846,348155
2011-10-26,1.52,89003
2011-10-27,1.5548,49755
2011-10-28,1.5399,74768
2011-10-31,1.6293,94879
2011-11-02,1.6194,96388
2011-11-03,1.6094,66411
2011-11-04,1.6392,106039
2011-11-07,1.679,132651
2011-11-08,1.8081,158497
2011-11-09,1.9571,237003
2011-11-10,1.9571,268560
2011-11-11,1.9273,99415
2011-11-14,2.1161,139465
2011-11-15,2.0863,112101
2011-11-16,1.9671,35635
2011-11-17,1.8677,110588
2011-11-18,1.8777,28953
2011-11-21,1.7883,130691
2011-11-22,1.8578,24218
2011-11-23,1.9075,32647
2011-11-24,1.8479,21822
2011-11-25,1.7883,30368
2011-11-28,1.7982,54127
2011-11-29,1.7883,17262
2011-11-30,1.823,3081
2011-12-01,1.8379,54861
2011-12-02,1.8379,26969
2011-12-05,1.9373,48098
2011-12-06,1.9671,91351
2011-12-07,1.977,137864
2011-12-08,1.9174,29513
2011-12-09,1.8876,10633
2011-12-12,1.9273,4929
2011-12-13,1.8479,25095
2011-12-14,1.8528,17799
2011-12-15,1.8528,45738
2011-12-16,1.7883,108278
2011-12-19,1.5001,335709
2011-12-20,1.6094,182183
2011-12-21,1.6442,50515
2011-12-22,1.6889,28376
2011-12-23,1.6889,
2011-12-28,1.679,10783
2011-12-29,1.6492,14633
2011-12-30,1.7088,31203
2012-01-03,1.679,25929
2012-01-04,1.7386,21471
2012-01-05,1.7386,8816
2012-01-06,1.7684,34919
2012-01-09,1.7436,106282
2012-01-10,1.7386,55015
2012-01-11,1.7634,20894
2012-01-12,1.7386,36417
2012-01-13,1.8081,31118
2012-01-16,1.7883,74164
2012-01-17,1.7485,4529
2012-01-18,1.7386,24138
2012-01-19,1.7386,15307
2012-01-20,1.7088,45881
2012-01-23,1.7088,23324
2012-01-24,1.6889,19553
2012-01-25,1.7088,1509
2012-01-27,1.7386,29802
2012-01-30,1.7684,41861
2012-01-31,1.7684,8230
2012-02-01,1.7684,36226
2012-02-02,1.7883,25308
2012-02-03,1.7684,28235
2012-02-06,1.7783,56785
2012-02-07,1.7883,26336
2012-02-08,1.8379,139064
2012-02-09,1.8379,12582
2012-02-10,1.8379,12666
2012-02-13,1.8379,18012
2012-02-14,1.8379,
2012-02-15,1.8379,17351
2012-02-16,1.8578,162690
2012-02-17,1.8379,30447
2012-02-20,1.833,9642
2012-02-21,1.8081,109245
2012-02-22,1.7982,23351
2012-02-23,1.8081,18801
2012-02-24,1.7883,31796
2012-02-27,1.7783,40386
2012-02-28,1.7485,41571
2012-02-29,1.6144,157565
2012-03-01,1.669,36713
2012-03-02,1.7187,17427
2012-03-05,1.6392,132849
2012-03-06,1.6094,743359
2012-03-07,1.6293,36073
2012-03-08,1.6094,6910
2012-03-09,1.5399,10857
2012-03-12,1.5896,41927
2012-03-13,1.6343,31206
2012-03-14,1.6094,51080
2012-03-15,1.6293,27982
2012-03-16,1.6094,36163
2012-03-19,1.6392,19832
2012-03-20,1.6094,15989
2012-03-21,1.6094,
2012-03-22,1.5945,16960
2012-03-23,1.6094,25164
2012-03-26,1.6144,83717
2012-03-27,1.6094,28888
2012-03-28,1.6293,37242
2012-03-29,1.5896,50026
2012-03-30,1.5598,21490
2012-04-02,1.5399,31298
2012-04-03,1.5846,59260
2012-04-04,1.5846,21049
2012-04-05,1.5796,23694
2012-04-10,1.5846,4080
2012-04-11,1.5647,5096
2012-04-12,1.5349,16406
2012-04-13,1.525,79614
2012-04-16,1.4753,60482
2012-04-17,1.4703,25113
2012-04-18,1.4554,24755
2012-04-19,1.5101,50991
2012-04-20,1.4902,21563
2012-04-23,1.4902,8482
2012-04-24,1.4256,43420
2012-04-26,1.3611,126564
2012-04-27,1.3809,37474
2012-04-30,1.4107,56737
2012-05-01,1.4207,71147
2012-05-02,1.4803,81597
2012-05-03,1.4803,18734
2012-05-04,1.4604,41369
2012-05-07,1.4604,22895
2012-05-08,1.4405,78661
2012-05-09,1.4157,75653
2012-05-10,1.3511,28491
2012-05-11,1.4157,6989
2012-05-14,1.4505,12464
2012-05-15,1.4803,13635
2012-05-16,1.4505,1006
2012-05-17,1.4256,5765
2012-05-18,1.4306,64321
2012-05-21,1.3511,46425
2012-05-22,1.4058,54032
2012-05-23,1.4058,2415
2012-05-24,1.3909,6562
2012-05-25,1.3809,29103
2012-05-28,1.3611,45173
2012-05-29,1.371,23181
2012-05-30,1.3561,2047
2012-05-31,1.3511,27453
2012-06-01,1.376,9417
2012-06-04,1.3561,84024
2012-06-05,1.3412,93973
2012-06-06,1.3213,76671
2012-06-07,1.3511,33622
2012-06-08,1.3114,44736
2012-06-12,1.3114,53228
2012-06-13,1.3164,95556
2012-06-14,1.3114,171872
2012-06-15,1.2716,424498
2012-06-18,1.3015,110528
2012-06-19,1.2716,57804
2012-06-20,1.2418,18059
2012-06-21,1.2518,44409
2012-06-22,1.2418,71490
2012-06-25,1.2071,78849
2012-06-26,1.1624,381522
2012-06-27,1.1624,1035562
2012-06-28,1.2716,1884479
2012-06-29,1.2915,121167
2012-07-02,1.3064,13700
2012-07-03,1.3561,51380
2012-07-04,1.3114,11241
2012-07-05,1.3313,37744
2012-07-06,1.3313,33216
2012-07-09,1.2816,42531
2012-07-10,1.2816,
2012-07-11,1.3015,5464
2012-07-12,1.3015,
2012-07-13,1.2816,27177
2012-07-16,1.222,79131
2012-07-17,1.2418,55223
2012-07-18,1.2617,42160
2012-07-19,1.2617,15098
2012-07-20,1.2369,24936
2012-07-23,1.2518,4119
2012-07-24,1.2319,4939
2012-07-25,1.222,15308
2012-07-26,1.2071,25445
2012-07-27,1.2716,5147
2012-07-30,1.2866,65527
2012-07-31,1.2915,57563
2012-08-01,1.2716,21231
2012-08-02,1.2766,77963
2012-08-03,1.2518,12302
2012-08-06,1.2716,15820
2012-08-07,1.2816,65109
2012-08-08,1.3114,15366
2012-08-09,1.3412,89207
2012-08-10,1.3412,15098
2012-08-13,1.3412,
2012-08-14,1.3114,122219
2012-08-15,1.2716,8688
2012-08-16,1.2716,
2012-08-17,1.2816,23324
2012-08-20,1.3213,22076
2012-08-21,1.3412,11516
2012-08-22,1.3412,72619
2012-08-23,1.3412,85558
2012-08-24,1.3412,29501
2012-08-27,1.2617,56761
2012-08-28,1.2915,6879
2012-08-29,1.3114,60595
2012-08-30,1.3213,40608
2012-08-31,1.2418,148636
2012-09-03,1.2418,58029
2012-09-04,1.2021,101077
2012-09-05,1.217,4509
2012-09-06,1.2021,74399
2012-09-07,1.1326,117353
2012-09-10,1.1723,209677
2012-09-11,1.1326,49928
2012-09-12,1.1326,45798
2012-09-13,1.1425,44703
2012-09-14,1.1226,111920
2012-09-17,1.1127,132094
2012-09-18,1.1127,
2012-09-19,1.1127,133250
2012-09-20,1.1326,40023
2012-09-21,1.1326,38437
2012-09-24,1.1425,37746
2012-09-25,1.1177,40262
2012-09-26,1.1226,21970
2012-09-27,1.1177,69554
2012-09-28,1.1425,48706
2012-10-01,1.1425,16554
2012-10-02,1.1574,46070
2012-10-03,1.1922,87421
2012-10-04,1.2369,56882
2012-10-05,1.217,108723
2012-10-08,1.222,14537
2012-10-09,1.222,8052
2012-10-10,1.1922,27363
2012-10-11,1.2021,79399
2012-10-12,1.2071,41376
2012-10-15,1.1971,14158
2012-10-16,1.1723,32012
2012-10-17,1.1723,72633
2012-10-18,1.1872,62006
2012-10-19,1.1723,34197
2012-10-22,1.1922,90955
2012-10-23,1.1822,65804
2012-10-24,1.1624,67912
2012-10-25,1.1624,35522
2012-10-26,1.1723,12252
2012-10-29,1.1574,79636
2012-10-30,1.1624,3597
2012-10-31,1.1624,90596
2012-11-01,1.1624,91334
2012-11-02,1.1574,71611
2012-11-05,1.212,101920
2012-11-06,1.2418,50460
2012-11-07,1.1922,15903
2012-11-08,1.1922,96175
2012-11-09,1.1922,71514
2012-11-12,1.2418,312726
2012-11-13,1.3213,26304
2012-11-14,1.3511,202803
2012-11-15,1.3164,57526
2012-11-16,1.3263,13644
2012-11-19,1.3412,17945
2012-11-20,1.3611,68432
2012-11-21,1.3511,82538
2012-11-22,1.3114,87941
2012-11-23,1.3114,71226
2012-11-26,1.3412,24654
2012-11-27,1.3909,50008
2012-11-28,1.4207,43215
2012-11-29,1.4058,21868
2012-11-30,1.3511,36870
2012-12-03,1.3412,2971
2012-12-04,1.3412,22959
2012-12-05,1.2816,33028
2012-12-06,1.3213,101180
2012-12-07,1.3313,12478
2012-12-10,1.3909,88728
2012-12-11,1.4107,55244
2012-12-12,1.371,55774
2012-12-13,1.3958,10850
2012-12-14,1.3809,13935
2012-12-17,1.3809,
2012-12-18,1.3909,51415
2012-12-19,1.4107,35229
2012-12-20,1.4008,8949
2012-12-21,1.3809,4126
2012-12-24,1.371,16390
2012-12-27,1.3611,4142
2012-12-28,1.366,21304
2012-12-31,1.3561,1682
2013-01-02,1.3511,45118
2013-01-03,1.3909,53822
2013-01-04,1.3909,32527
2013-01-07,1.3909,47617
2013-01-08,1.4207,67505
2013-01-09,1.4405,64729
2013-01-10,1.4902,62916
2013-01-11,1.4902,30146
2013-01-14,1.6094,48073
2013-01-15,1.6194,81989
2013-01-16,1.6293,32230
2013-01-17,1.833,127285
2013-01-18,1.7684,71269
2013-01-21,1.7386,91430
2013-01-22,1.7088,38253
2013-01-23,1.7088,
2013-01-24,1.7286,26002
2013-01-25,1.7585,20975
2013-01-29,1.7386,128380
2013-01-30,1.7386,40805
2013-01-31,1.7137,121097
2013-02-01,1.7684,49402
2013-02-04,1.7783,128902
2013-02-05,1.7386,579
2013-02-06,1.7286,24962
2013-02-07,1.7386,154469
2013-02-08,1.7436,24057
2013-02-11,1.7783,405251
2013-02-12,1.7883,143340
2013-02-13,1.7932,180816
2013-02-14,1.7932,81596
2013-02-15,1.7932,88647
2013-02-18,1.7883,54373
2013-02-19,1.7684,18800
2013-02-20,1.7684,41182
2013-02-21,1.7883,252866
2013-02-22,1.7585,266483
2013-02-25,1.8181,985625
2013-02-26,1.987,331058
2013-02-27,2.0068,181455
2013-02-28,2.0863,574600
2013-03-01,2.0863,94010
2013-03-04,2.0863,250122
2013-03-05,2.0863,236235
2013-03-06,2.1856,86486
2013-03-07,2.2254,171599
2013-03-08,2.3347,267383
2013-03-11,2.4539,71753
2013-03-12,2.444,203437
2013-03-13,2.5135,105164
2013-03-14,2.5334,108669
2013-03-15,2.5135,203320
2013-03-18,2.4539,175939
2013-03-19,2.5334,329312
2013-03-20,2.6029,118504
2013-03-21,2.7817,180865
2013-03-22,2.9904,219764
2013-03-25,2.8811,261746
2013-03-26,2.7619,124857
2013-03-27,2.7023,79922
2013-03-28,2.742,54262
2013-04-02,2.583,77505
2013-04-03,2.6228,95121
2013-04-04,2.583,45371
2013-04-05,2.4837,89044
2013-04-08,2.6029,107031
2013-04-09,2.583,124798
2013-04-10,2.7619,110931
2013-04-11,2.8314,91049
2013-04-12,2.8314,119530
2013-04-15,2.8215,147340
2013-04-16,2.8612,69149
2013-04-17,2.9208,58588
2013-04-18,2.8811,89414
2013-04-19,2.9109,55125
2013-04-22,3.0698,244691
2013-04-23,3.1791,209552
2013-04-24,3.1891,284126
2013-04-26,3.1493,73794
2013-04-29,3.2884,169296
2013-04-30,3.3778,559561
2013-05-01,3.3778,468178
2013-05-02,3.3083,70536
2013-05-03,3.3182,76814
2013-05-06,3.4672,266166
2013-05-07,3.3083,308520
2013-05-08,3.3281,115469
2013-05-09,3.2288,73448
2013-05-10,3.2288,126804
2013-05-13,3.1593,82845
2013-05-14,3.1195,267649
2013-05-15,3.2089,85552
2013-05-16,3.2089,94712
2013-05-17,3.2288,118803
2013-05-20,3.2487,130645
2013-05-21,3.2288,124197
2013-05-22,3.2387,84054
2013-05-23,3.0798,48789
2013-05-24,2.9407,110248
2013-05-27,2.9904,136051
2013-05-28,3.0301,19400
2013-05-29,3.04,97847
2013-05-30,3.1295,72875
2013-05-31,3.1593,13572
2013-06-03,3.0599,25387
2013-06-04,3.0003,48674
2013-06-05,2.9804,113217
2013-06-06,2.9506,78719
2013-06-07,3.0996,206157
2013-06-11,3.0996,33882
2013-06-12,3.0202,44436
2013-06-13,3.0102,46830
2013-06-14,3.0798,80217
2013-06-17,3.0698,36116
2013-06-18,3.1195,30230
2013-06-19,3.2089,91427
2013-06-20,3.1593,124537
2013-06-21,3.2189,112128
2013-06-24,3.1593,16397
2013-06-25,3.1394,29000
2013-06-26,3.1692,47039
2013-06-27,3.2487,511263
2013-06-28,3.2487,39174
2013-07-01,3.2288,44202
2013-07-02,3.4176,142082
2013-07-03,3.4672,37320
2013-07-04,3.4672,28926
2013-07-05,3.5765,123507
2013-07-08,3.6163,62553
2013-07-09,3.6163,85424
2013-07-10,3.6262,73235
2013-07-11,3.6163,274044
2013-07-12,3.6759,134839
2013-07-15,3.7653,118102
2013-07-16,3.7653,152060
2013-07-17,3.7255,97541
2013-07-18,3.4871,206512
2013-07-19,3.5765,91787
2013-07-22,3.7752,372012
2013-07-23,3.7255,272461
2013-07-24,3.7653,568631
2013-07-25,3.7454,29883
2013-07-26,3.7057,66179
2013-07-29,3.7057,42075
2013-07-30,3.6759,50766
2013-07-31,3.656,118240
2013-08-01,3.7255,77564
2013-08-02,3.7454,59184
2013-08-05,3.7553,58426
2013-08-06,3.7851,215390
2013-08-07,3.7553,53003
2013-08-08,3.8547,138383
2013-08-09,3.8746,63011
2013-08-12,3.8249,94247
2013-08-13,3.805,77252
2013-08-14,3.805,98974
2013-08-15,3.8845,119602
2013-08-16,3.9342,59385
2013-08-19,3.9143,66473
2013-08-20,3.8249,96274
2013-08-21,3.9242,29855
2013-08-22,3.9739,74178
2013-08-23,4.1925,507473
2013-08-26,4.3912,430535
2013-08-27,4.3018,66409
2013-08-28,4.2719,106372
2013-08-29,4.1527,169668
2013-08-30,4.2223,68543
2013-09-02,4.2123,157983
2013-09-03,4.3614,203534
2013-09-04,4.3614,124332
2013-09-05,4.2719,126994
2013-09-06,4.3216,289776
2013-09-09,4.2918,146950
2013-09-10,4.3514,162801
2013-09-11,4.3713,204364
2013-09-12,4.2719,132199
2013-09-13,4.3018,105596
2013-09-16,4.4706,263881
2013-09-17,4.5005,90749
2013-09-18,4.3912,173454
2013-09-19,4.2322,202074
2013-09-20,4.421,1457690
2013-09-23,4.5998,143038
2013-09-24,4.5998,221335
2013-09-25,4.6197,104075
2013-09-26,4.5998,107261
2013-09-27,4.57,63527
2013-09-30,4.5104,72255
2013-10-01,4.5005,57866
2013-10-02,4.3316,59192
2013-10-03,4.4309,88853
2013-10-04,4.4706,136950
2013-10-07,4.3614,49535
2013-10-08,4.2521,91210
2013-10-09,4.1726,101823
2013-10-10,4.0832,143545
2013-10-11,4.1925,194421
2013-10-14,4.1428,42322
2013-10-15,4.2322,64383
2013-10-16,4.2223,157268
2013-10-17,4.2024,65648
2013-10-18,4.1925,111453
2013-10-21,4.1428,138035
2013-10-22,4.0832,156257
2013-10-23,3.9342,292762
2013-10-24,3.9739,332662
2013-10-25,3.964,61247
2013-10-28,3.9938,122614
2013-10-29,4.3415,174780
2013-10-30,4.2421,87710
2013-10-31,4.1825,66937
2013-11-01,4.2918,33364
2013-11-04,4.3514,133812
2013-11-05,4.2521,75139
2013-11-06,4.3713,144482
2013-11-07,4.3514,110186
2013-11-08,4.3216,111698
2013-11-11,4.2719,98280
2013-11-12,4.2819,61284
2013-11-13,4.3117,61380
2013-11-14,4.3216,82441
2013-11-15,4.3614,247707
2013-11-18,4.421,329774
2013-11-19,4.4706,237315
2013-11-20,4.3912,150647
2013-11-21,4.5402,141029
2013-11-22,4.6495,299009
2013-11-25,4.8184,734910
2013-11-26,4.7786,176303
2013-11-27,4.7886,163279
2013-11-28,4.7488,157982
2013-11-29,4.7687,71055
2013-12-02,4.6594,196066
2013-12-03,4.6991,111827
2013-12-04,4.7091,41764
2013-12-05,4.7091,126280
2013-12-06,4.7091,109290
2013-12-09,4.4309,168605
2013-12-10,4.411,232125
2013-12-11,4.4309,93292
2013-12-12,4.6296,132125
2013-12-13,4.57,49806
2013-12-16,4.5601,23495
2013-12-17,4.4806,79618
2013-12-18,4.5601,21386
2013-12-19,4.6693,107014
2013-12-20,4.5998,210274
2013-12-23,4.7091,302695
2013-12-24,4.9574,128674
2013-12-27,5.0568,167901
2013-12-30,5.325,148610
2013-12-31,5.4641,301028
2014-01-02,5.6628,478782
2014-01-03,5.5734,136973
2014-01-06,5.4045,262067
2014-01-07,5.3747,43885
2014-01-08,5.2754,78118
2014-01-09,5.3747,56227
2014-01-10,5.3052,40189
2014-01-13,5.4244,53609
2014-01-14,5.4045,122696
2014-01-15,5.3548,52108
2014-01-16,5.4443,66339
2014-01-17,5.4641,45552
2014-01-20,5.6131,177856
2014-01-21,5.792,227202
2014-01-22,5.7423,330702
2014-01-23,5.9807,287299
2014-01-24,5.9609,181893
2014-01-28,5.8814,159450
2014-01-29,5.8218,106869
2014-01-30,5.7324,167247
2014-01-31,5.7324,68489
2014-02-03,5.8416,115558
2014-02-04,5.7125,126657
2014-02-05,5.8615,222953
2014-02-06,5.9112,354612
2014-02-07,6.2589,284901
2014-02-10,6.3483,199567
2014-02-11,6.5271,159992
2014-02-12,6.3185,289694
2014-02-13,6.2788,354434
2014-02-14,6.1298,241153
2014-02-17,6.1198,266526
2014-02-18,6.0999,195025
2014-02-19,6.2589,364597
2014-02-20,6.1794,196517
2014-02-21,6.1993,182895
2014-02-24,6.3284,191101
2014-02-25,6.6563,286407
2014-02-26,6.5073,284377
2014-02-27,6.5967,249305
2014-02-28,6.8252,480208
2014-03-03,7.0537,833916
2014-03-04,7.0437,424948
2014-03-05,7.0537,499282
2014-03-06,7.1232,240941
2014-03-07,7.0537,206438
2014-03-10,7.1232,198765
2014-03-11,7.1133,248482
2014-03-12,7.0934,424438
2014-03-13,7.1034,435551
2014-03-14,6.9146,200588
2014-03-17,6.696,398187
2014-03-18,6.7954,184944
2014-03-19,7.0736,143909
2014-03-20,6.9941,194216
2014-03-21,7.004,103583
2014-03-24,6.8153,151344
2014-03-25,6.6762,177034
2014-03-26,6.5569,170759
2014-03-27,6.6464,79334
2014-03-28,6.6762,113128
2014-03-31,6.5271,274280
2014-04-01,6.7358,174764
2014-04-02,6.7656,208099
2014-04-03,6.7854,154285
2014-04-04,6.7159,227260
2014-04-07,6.6066,192323
2014-04-08,6.706,250752
2014-04-09,6.6762,244946
2014-04-10,6.696,186015
2014-04-11,6.6364,139473
2014-04-14,6.4179,284875
2014-04-15,6.2192,585714
2014-04-16,6.3086,332829
2014-04-17,6.1695,263141
2014-04-22,6.3384,220204
2014-04-23,6.3284,131492
2014-04-24,6.398,107612
2014-04-28,6.3682,118018
2014-04-29,6.1596,160880
2014-04-30,6.2589,118070
2014-05-01,6.1993,71705
2014-05-02,6.1099,56303
2014-05-05,6.0602,450656
2014-05-06,6.2589,461463
2014-05-07,6.2192,159602
2014-05-08,6.2291,171217
2014-05-09,6.1695,71420
2014-05-12,5.3846,914731
2014-05-13,5.2654,1054778
2014-05-14,5.3052,449155
2014-05-15,5.2952,334507
2014-05-16,5.2257,558702
2014-05-19,5.1959,419538
2014-05-20,5.1263,254907
2014-05-21,4.8978,290504
2014-05-22,5.0667,448037
2014-05-23,5.2058,242121
2014-05-26,5.176,171159
2014-05-27,5.1263,144870
2014-05-28,5.2555,251268
2014-05-29,5.4641,309332
2014-05-30,5.5635,355410
2014-06-02,5.2654,425782
2014-06-03,5.176,286560
2014-06-04,5.1959,274172
2014-06-05,5.027,331582
2014-06-06,5.0866,142280
2014-06-10,4.9873,256738
2014-06-11,5.0667,113359
2014-06-12,5.0767,112909
2014-06-13,5.0071,118020
2014-06-16,4.9574,135826
2014-06-17,4.9773,189380
2014-06-18,5.1065,172866
2014-06-19,5.1363,238443
2014-06-20,4.9674,546884
2014-06-23,5.0965,177012
2014-06-24,5.0866,203330
2014-06-25,5.0965,200824
2014-06-26,5.1164,174277
2014-06-27,5.1164,185627
2014-06-30,5.1065,229686
2014-07-01,4.9177,188870
2014-07-02,4.8283,300343
2014-07-03,4.8382,245681
2014-07-04,4.9078,562248
2014-07-07,4.9873,217137
2014-07-08,5.0171,117566
2014-07-09,5.0667,135334
2014-07-10,4.9873,97703
2014-07-11,4.9773,93420
2014-07-14,5.0171,163657
2014-07-15,5.027,173196
2014-07-16,5.1164,96521
2014-07-17,5.0667,87457
2014-07-18,5.1263,111382
2014-07-21,5.1959,115699
2014-07-22,5.2158,135890
2014-07-23,5.2456,49316
2014-07-24,5.4443,193623
2014-07-25,5.3648,88069
2014-07-28,5.4343,104470
2014-07-29,5.3648,106005
2014-07-30,5.335,117619
2014-07-31,5.2456,153785
2014-08-01,5.1859,57832
2014-08-04,5.2158,75816
2014-08-05,5.2356,93236
2014-08-06,5.2356,131283
2014-08-07,5.2158,78784
2014-08-08,5.2257,55833
2014-08-11,5.2853,52779
2014-08-12,5.325,171444
2014-08-13,5.3548,49720
2014-08-14,5.6131,114143
2014-08-15,5.8615,255756
2014-08-18,5.9509,260212
2014-08-19,5.941,256073
2014-08-20,5.9112,118912
2014-08-21,5.9708,85737
2014-08-22,5.9311,69530
2014-08-25,5.9311,
2014-08-26,5.9311,
2014-08-27,5.8516,1650802
2014-08-28,5.8118,374999
2014-08-29,5.8416,366291
2014-09-01,5.7125,299806
2014-09-02,5.6529,388707
2014-09-03,5.7324,386475
2014-09-04,5.9807,547242
2014-09-05,6.0801,393485
2014-09-08,6.09,207155
2014-09-09,5.9907,166185
2014-09-10,5.941,187729
2014-09-11,5.9509,181042
2014-09-12,5.9807,264817
2014-09-15,6.09,136517
2014-09-16,6.0602,192554
2014-09-17,5.9708,109641
2014-09-18,5.9807,104941
2014-09-19,6.0105,69461
2014-09-22,6.0006,225285
2014-09-23,6.0403,200331
2014-09-24,6.0403,125253
2014-09-25,6.0602,170592
2014-09-26,6.0403,104159
2014-09-29,6.2589,162405
2014-09-30,6.1596,356297
2014-10-01,6.0701,353180
2014-10-02,6.0701,313815
2014-10-03,6.0701,121316
2014-10-06,6.2788,111057
2014-10-07,6.2291,152397
2014-10-08,6.1397,108604
2014-10-09,6.0205,61582
2014-10-10,5.9609,296582
2014-10-13,5.9112,173870
2014-10-14,5.8615,197627
2014-10-15,5.9509,233856
2014-10-16,5.8714,118330
2014-10-17,5.8416,390167
2014-10-20,5.9112,193805
2014-10-21,5.9509,85454
2014-10-22,6.1099,182314
2014-10-23,6.0801,117470
2014-10-24,6.1894,98198
2014-10-27,6.1596,136467
2014-10-28,6.2092,125066
2014-10-29,6.2291,114772
2014-10-30,6.239,178790
2014-10-31,6.249,127567
2014-11-03,6.3583,188703
2014-11-04,6.398,56351
2014-11-05,6.3185,40980
2014-11-06,6.3384,32508
2014-11-07,6.2986,121961
2014-11-10,6.249,111119
2014-11-11,6.3086,45441
2014-11-12,6.5868,255029
2014-11-13,6.5271,207420
2014-11-14,6.6265,122355
2014-11-17,6.696,177375
2014-11-18,6.6563,120750
2014-11-19,6.547,91986
2014-11-20,6.5271,143603
2014-11-21,6.4477,98337
2014-11-24,6.5569,148312
2014-11-25,6.5768,126125
2014-11-26,6.7457,112659
2014-11-27,6.8153,88667
2014-11-28,6.6364,128483
2014-12-01,6.3284,210334
2014-12-02,6.3483,127327
2014-12-03,6.5073,123182
2014-12-04,6.5271,115578
2014-12-05,6.5569,159874
2014-12-08,6.4477,60271
2014-12-09,6.1596,320991
2014-12-10,6.1794,356294
2014-12-11,6.1993,372730
2014-12-12,6.3881,87635
2014-12-15,6.2688,81907
2014-12-16,6.0205,87824
2014-12-17,6.0801,59113
2014-12-18,6.1695,148464
2014-12-19,6.4477,414691
2014-12-22,6.3086,97813
2014-12-23,6.3781,86559
2014-12-24,6.4477,48926
2014-12-29,6.5569,42709
2014-12-30,6.547,36917
2014-12-31,6.5569,14504
2015-01-02,6.5271,16990
2015-01-05,6.5371,44862
2015-01-06,6.4775,31630
2015-01-07,6.2788,81477
2015-01-08,6.1993,73382
2015-01-09,6.2688,79924
2015-01-12,6.2788,21787
2015-01-13,6.2589,33981
2015-01-14,6.249,172154
2015-01-15,6.1397,35752
2015-01-16,5.9211,207374
2015-01-19,6.0701,51135
2015-01-20,6.1993,95868
2015-01-21,6.2589,60901
2015-01-22,6.3086,86548
2015-01-23,6.3086,39106
2015-01-27,6.3583,71965
2015-01-28,6.2986,56215
2015-01-29,6.3583,287780
2015-01-30,6.5768,181759
2015-02-02,6.5569,167792
2015-02-03,6.4973,90914
2015-02-04,6.5569,340790
2015-02-05,6.6861,52712
2015-02-06,6.6364,61225
2015-02-09,6.7656,146998
2015-02-10,6.6762,83920
2015-02-11,6.6861,150103
2015-02-12,6.9543,200655
2015-02-13,6.9742,165350
2015-02-16,7.3219,584638
2015-02-17,7.3517,162943
2015-02-18,7.2822,132535
2015-02-19,7.3815,102206
2015-02-20,7.2921,128357
2015-02-23,6.9643,106582
2015-02-24,7.1332,81617
2015-02-25,7.4511,117945
2015-02-26,7.004,428659
2015-02-27,7.2226,82393
2015-03-02,7.3418,110299
2015-03-03,7.2424,279469
2015-03-04,7.3915,180031
2015-03-05,7.6498,274597
2015-03-06,7.5008,203979
2015-03-09,7.4511,265317
2015-03-10,7.5405,129200
2015-03-11,7.6299,179933
2015-03-12,7.5008,82939
2015-03-13,7.6299,187278
2015-03-16,7.5504,116929
2015-03-17,7.5802,144041
2015-03-18,7.5206,73269
2015-03-19,7.6696,207102
2015-03-20,7.6796,1224311
2015-03-23,7.6895,160666
2015-03-24,7.769,70316
2015-03-25,7.4809,84255
2015-03-26,7.3617,83538
2015-03-27,7.3319,35717
2015-03-30,7.2027,123289
2015-03-31,7.3617,135456
2015-04-01,7.5802,185915
2015-04-02,7.6398,109942
2015-04-07,7.5504,127684
2015-04-08,7.7392,72643
2015-04-09,7.7789,126520
2015-04-10,7.9478,130124
2015-04-13,8.0273,129240
2015-04-14,8.2161,240074
2015-04-15,8.0869,231121
2015-04-16,8.2061,146109
2015-04-17,8.2061,198406
2015-04-20,8.2856,130095
2015-04-21,8.4843,255992
2015-04-22,8.5936,261248
2015-04-23,8.6532,165298
2015-04-24,8.6929,245921
2015-04-27,8.7823,128064
2015-04-28,9.1002,192067
2015-04-29,8.9214,222711
2015-04-30,8.9016,98259
2015-05-01,9.0208,172732
2015-05-04,9.0804,345629
2015-05-05,9.2294,287692
2015-05-06,9.2691,248336
2015-05-07,9.0704,134139
2015-05-08,9.2294,247930
2015-05-11,9.1897,134373
2015-05-12,9.3089,305616
2015-05-13,9.6665,395972
2015-05-14,9.6467,214259
2015-05-15,9.5672,238889
2015-05-18,9.6566,318165
2015-05-19,9.7659,167003
2015-05-20,9.8752,277718
2015-05-21,10.1037,265880
2015-05-22,10.1037,281602
2015-05-25,10.3719,519977
2015-05-26,10.4017,249766
2015-05-27,10.352,218249
2015-05-28,10.4315,289282
2015-05-29,10.2725,3111947
2015-06-01,10.4812,405724
2015-06-02,10.2825,263428
2015-06-03,10.2924,434622
2015-06-04,9.8056,480384
2015-06-05,9.5871,440909
2015-06-09,9.7659,262983
2015-06-10,9.7261,216915
2015-06-11,9.9149,198995
2015-06-12,9.9149,165624
2015-06-15,9.895,223943
2015-06-16,9.895,294859
2015-06-17,10.0341,223907
2015-06-18,10.352,527930
2015-06-19,10.8488,717322
2015-06-22,11.1071,336787
2015-06-23,11.117,507732
2015-06-24,11.3554,254526
2015-06-25,11.3256,213919
2015-06-26,11.2263,720627
2015-06-29,10.9084,203257
2015-06-30,10.9282,465232
2015-07-01,11.1269,306600
2015-07-02,11.2462,323964
2015-07-03,11.1667,329609
2015-07-06,10.7792,279258
2015-07-07,11.1369,244569
2015-07-08,10.7991,224142
2015-07-09,10.5905,273842
2015-07-10,10.7097,279728
2015-07-13,10.9481,188244
2015-07-14,11.1269,226189
2015-07-15,12.1602,1255626
2015-07-16,12.2794,557727
2015-07-17,12.2098,372551
2015-07-20,12.7066,623153
2015-07-21,12.9549,509259
2015-07-22,12.7562,406014
2015-07-23,12.9947,261041
2015-07-24,13.0344,303017
2015-07-27,12.9251,189961
2015-07-28,12.9947,341408
2015-07-29,12.9053,164110
2015-07-30,12.9748,201381
2015-07-31,13.104,210767
2015-08-03,13.104,151618
2015-08-04,13.3921,327406
2015-08-05,13.094,364597
2015-08-06,12.0807,403251
2015-08-07,11.3256,754644
2015-08-10,11.8522,563451
2015-08-11,11.7628,422497
2015-08-12,11.5641,396843
2015-08-13,11.3952,629292
2015-08-14,11.5144,285084
2015-08-17,11.6336,154136
2015-08-18,11.7131,258398
2015-08-19,11.6137,277631
2015-08-20,11.3256,398372
2015-08-21,11.882,367283
2015-08-24,10.8786,888592
2015-08-25,11.2263,799840
2015-08-26,11.3058,536900
2015-08-27,12.0906,413690
2015-08-28,12.5675,435392
2015-08-31,11.9913,479040
2015-09-01,11.6237,233338
2015-09-02,11.2561,323353
2015-09-03,10.4911,439824
2015-09-04,10.9282,531011
2015-09-07,10.8289,220622
2015-09-08,11.3852,286682
2015-09-09,11.425,378873
2015-09-10,11.276,250987
2015-09-11,11.3554,116285
2015-09-14,11.5343,255241
2015-09-15,11.5541,252769
2015-09-16,11.7528,377591
2015-09-17,11.6833,250242
2015-09-18,11.8224,235083
2015-09-21,11.7032,210232
2015-09-22,11.5541,262954
2015-09-23,11.1965,164796
2015-09-24,11.574,213967
2015-09-25,11.6038,411530
2015-09-28,11.7826,99750
2015-09-29,10.9481,401935
2015-09-30,11.0475,428440
2015-10-01,10.8885,272647
2015-10-02,10.9779,163134
2015-10-05,11.276,168790
2015-10-06,11.3157,228267
2015-10-07,11.266,331291
2015-10-08,11.117,157135
2015-10-09,11.1369,228777
2015-10-12,10.7196,201093
2015-10-13,10.5309,118644
2015-10-14,10.501,432432
2015-10-15,10.4712,270240
2015-10-16,10.5905,178607
2015-10-19,10.2825,437387
2015-10-20,10.4216,270465
2015-10-21,10.7693,360745
2015-10-22,10.5805,195264
2015-10-23,10.8289,178322
2015-10-26,10.8786,601525
2015-10-27,10.4911,262947
2015-10-28,10.7892,149400
2015-10-29,10.2924,296544
2015-10-30,10.0937,441454
2015-11-02,10.2527,235689
2015-11-03,10.3123,154747
2015-11-04,10.4116,262386
2015-11-05,10.0937,190589
2015-11-06,9.8851,261764
2015-11-09,9.5274,381146
2015-11-10,9.6765,553585
2015-11-11,9.6765,319012
2015-11-12,9.5572,280442
2015-11-13,9.746,347673
2015-11-16,9.7063,386608
2015-11-17,9.9646,242901
2015-11-18,10.054,254811
2015-11-19,10.203,304366
2015-11-20,10.2725,289460
2015-11-23,10.2825,150240
2015-11-24,9.5473,525518
2015-11-25,9.3486,560421
2015-11-26,9.438,643692
2015-11-27,9.6963,445728
2015-11-30,9.1499,426822
2015-12-01,9.3287,460824
2015-12-02,9.3486,340830
2015-12-03,8.9512,467481
2015-12-04,8.6929,422153
2015-12-07,8.7625,427594
2015-12-08,8.0472,598535
2015-12-09,8.2061,1046133
2015-12-10,8.3353,571581
2015-12-11,8.2061,328136
2015-12-14,8.0968,342850
2015-12-15,7.9876,474367
2015-12-16,8.1664,343485
2015-12-17,8.2161,617097
2015-12-18,8.0968,364230
2015-12-21,8.0571,139143
2015-12-22,8.0472,223743
2015-12-23,8.077,289227
2015-12-24,8.1366,96099
2015-12-28,8.1366,
2015-12-29,8.0968,199839
2015-12-30,8.3949,217596
2015-12-31,8.4446,163428
2016-01-04,8.5439,468925
2016-01-05,8.4048,452048
2016-01-06,8.0968,411982
2016-01-07,7.7292,545887
2016-01-08,7.6001,413427
2016-01-11,7.5008,436670
2016-01-12,7.2524,302552
2016-01-13,7.0338,376461
2016-01-14,6.7258,443892
2016-01-15,6.5569,625693
2016-01-18,6.3881,547011
2016-01-19,6.0205,746941
2016-01-20,5.8516,1687906
2016-01-21,5.8913,679118
2016-01-22,5.6728,477473
2016-01-25,5.7423,453288
2016-01-27,5.3946,634155
2016-01-28,5.2356,590160
2016-01-29,5.2853,404826
2016-02-01,5.4741,410454
2016-02-02,5.2356,572512
2016-02-03,4.9773,581839
2016-02-04,5.0568,406147
2016-02-05,4.878,748669
2016-02-08,4.9574,710387
2016-02-09,4.868,649995
2016-02-10,4.7786,509254
2016-02-11,4.8581,394239
2016-02-12,4.6495,502294
2016-02-15,4.8084,268970
2016-02-16,5.0866,1420527
2016-02-17,5.176,1031122
2016-02-18,5.5933,973001
2016-02-19,5.5436,1074210
2016-02-22,5.3052,654774
2016-02-23,5.1263,821772
2016-02-24,5.2555,483791
2016-02-25,4.7985,2927489
2016-02-26,4.6097,1174224
2016-02-29,4.2521,1400538
2016-03-01,4.2719,1694190
2016-03-02,4.0534,1570493
2016-03-03,4.0633,759067
2016-03-04,4.2223,1421521
2016-03-07,4.4309,882759
2016-03-08,4.5501,986618
2016-03-09,4.719,739370
2016-03-10,4.7687,996297
2016-03-11,4.5998,849659
2016-03-14,4.7389,548295
2016-03-15,4.5005,1159786
2016-03-16,4.4905,1184704
2016-03-17,4.5005,766344
2016-03-18,4.3912,992407
2016-03-21,4.57,723634
2016-03-22,4.719,939053
2016-03-23,4.7289,949689
2016-03-24,4.7588,955968
2016-03-29,4.5899,1260654
2016-03-30,4.1925,2478442
2016-03-31,4.1031,1370955
2016-04-01,3.9739,1358272
2016-04-04,3.7653,1675251
2016-04-05,4.1031,1554029
2016-04-06,4.1726,1442588
2016-04-07,4.2223,987455
2016-04-08,4.0037,1054467
2016-04-11,4.0832,815122
2016-04-12,3.9938,857424
2016-04-13,4.0832,402569
2016-04-14,4.2918,837554
2016-04-15,4.4408,1050303
2016-04-18,4.7091,1083161
2016-04-19,5.0071,1547673
2016-04-20,5.325,1391347
2016-04-21,5.1959,1122272
2016-04-22,5.1462,785633
2016-04-26,4.9475,528866
2016-04-27,4.6495,1196447
2016-04-28,4.8879,762420
2016-04-29,4.9972,721949
2016-05-02,4.9177,573913
2016-05-03,4.9376,495946
2016-05-04,4.719,702401
2016-05-05,4.7985,636978
2016-05-06,4.8283,760004
2016-05-09,5.0965,487184
2016-05-10,5.2654,673894
2016-05-11,5.3151,687350
2016-05-12,5.4641,714665
2016-05-13,5.4244,716325
2016-05-16,5.2853,467074
2016-05-17,5.4144,426406
2016-05-18,5.335,636272
2016-05-19,5.1462,580892
2016-05-20,5.3052,458504
2016-05-23,5.3747,417932
2016-05-24,5.6628,870989
2016-05-25,5.941,1375508
2016-05-26,6.2887,1007543
2016-05-27,6.3284,1137989
2016-05-30,6.6563,1323679
2016-05-31,7.1034,1747747
2016-06-01,7.0437,1202655
2016-06-02,7.3617,1285827
2016-06-03,7.153,1057583
2016-06-06,7.2325,727693
2016-06-07,7.2723,626133
2016-06-08,7.3815,654456
2016-06-09,7.2921,390368
2016-06-10,7.1431,643055
2016-06-14,6.9047,860826
2016-06-15,6.5768,901149
2016-06-16,6.5868,1148100
2016-06-17,6.4278,1408163
2016-06-20,6.855,801735
2016-06-21,7.004,637695
2016-06-22,7.0437,640315
2016-06-23,7.0239,689373
2016-06-24,6.7258,773604
2016-06-27,6.6762,578898
2016-06-28,6.6364,509852
2016-06-29,6.6563,504349
2016-06-30,6.696,1907274
2016-07-01,6.8848,780555
2016-07-04,7.4809,881151
2016-07-05,7.3319,669029
2016-07-06,7.2027,618929
2016-07-07,7.2027,532974
2016-07-08,7.3418,497717
2016-07-11,7.5802,727123
2016-07-12,7.5604,686419
2016-07-13,7.5703,462110
2016-07-14,7.62,567219
2016-07-15,7.4014,409949
2016-07-18,7.4511,529994
2016-07-19,7.4709,366148
2016-07-20,7.5902,550384
2016-07-21,7.5703,543372
2016-07-22,7.5008,515186
2016-07-25,7.5405,249057
2016-07-26,7.7491,619181
2016-07-27,7.5703,499054
2016-07-28,7.5504,524474
2016-07-29,7.5604,555827
2016-08-01,7.5902,361139
2016-08-02,7.4709,520773
2016-08-03,7.0239,766452
2016-08-04,7.1332,395068
2016-08-05,7.312,418417
2016-08-08,7.3617,333341
2016-08-09,7.2723,253823
2016-08-10,7.1828,273267
2016-08-11,7.1928,336084
2016-08-12,7.1928,464905
2016-08-15,7.1431,250757
2016-08-16,7.0736,351520
2016-08-17,6.8153,475152
2016-08-18,6.4775,835749
2016-08-19,6.7556,685869
2016-08-22,6.8649,424670
2016-08-23,6.7457,423361
2016-08-24,6.7656,365591
2016-08-25,6.6861,396355
2016-08-26,6.2092,1774804
2016-08-29,6.4477,697520
2016-08-30,6.8649,879226
2016-08-31,6.6563,753852
2016-09-01,6.8649,755725
2016-09-02,6.249,1099605
2016-09-05,6.0602,807570
2016-09-06,6.2688,503293
2016-09-07,6.5172,739402
2016-09-08,6.1894,541461
2016-09-09,6.0006,555440
2016-09-12,5.792,603801
2016-09-13,5.6827,470832
2016-09-14,5.7622,569766
2016-09-15,5.8913,526749
2016-09-16,5.8416,2234928
2016-09-19,5.8019,103142
2016-09-20,5.484,717545
2016-09-21,5.6032,1005294
2016-09-22,5.8317,391161
2016-09-23,5.8615,436395
2016-09-26,5.8615,221638
2016-09-27,5.8019,522372
2016-09-28,5.6926,424343
2016-09-29,5.5833,561425
2016-09-30,5.633,452740
2016-10-03,5.7026,434466
2016-10-04,5.5635,568031
2016-10-05,5.6628,659428
2016-10-06,5.8416,548473
2016-10-07,6.0006,529364
2016-10-10,6.0403,456416
2016-10-11,6.249,714115
2016-10-12,6.2688,381464
2016-10-13,6.0999,786873
2016-10-14,6.3086,749537
2016-10-17,6.2986,672664
2016-10-18,6.2092,254255
2016-10-19,6.3086,287946
2016-10-20,6.3682,262935
2016-10-21,6.4278,259763
2016-10-24,6.398,243459
2016-10-25,6.5768,392993
2016-10-26,6.3483,383331
2016-10-27,6.2092,260590
2016-10-28,6.0503,595907
2016-10-31,6.0801,305412
2016-11-01,6.0403,127557
2016-11-02,6.0205,286683
2016-11-03,5.8913,180145
2016-11-04,6.0105,183509
2016-11-07,6.1794,359199
2016-11-08,6.3384,235248
2016-11-09,6.0105,396607
2016-11-10,6.5073,375182
2016-11-11,6.5967,388974
2016-11-14,6.6563,560634
2016-11-15,6.7656,328990
2016-11-16,6.7258,455289
2016-11-17,6.855,359324
2016-11-18,6.7755,469594
2016-11-21,6.855,209611
2016-11-22,6.9047,202336
2016-11-23,6.9444,203981
2016-11-24,6.8252,181581
2016-11-25,6.9643,345259
2016-11-28,6.7656,213384
2016-11-29,6.4973,489475
2016-11-30,6.2688,341713
2016-12-01,6.4874,406118
2016-12-02,6.1894,396929
2016-12-05,6.3781,251674
2016-12-06,6.3284,332238
2016-12-07,6.4079,208249
2016-12-08,6.4973,112043
2016-12-09,6.4973,291563
2016-12-12,6.5768,181692
2016-12-13,6.5967,443513
2016-12-14,6.6166,249056
2016-12-15,6.3682,239537
2016-12-16,6.239,404879
2016-12-19,6.3583,242481
2016-12-20,6.4775,178536
2016-12-21,6.5371,245682
2016-12-22,6.4576,146148
2016-12-23,6.4477,71582
2016-12-28,6.4973,130743
2016-12-29,6.8153,260848
2016-12-30,6.5967,138286
2017-01-03,6.696,485306
2017-01-04,6.6265,154467
2017-01-05,6.6265,256189
2017-01-06,6.5669,197969
2017-01-09,6.5569,140341
2017-01-10,6.398,190122
2017-01-11,6.3682,123345
2017-01-12,6.3384,191543
2017-01-13,6.3384,163673
2017-01-16,6.3583,71084
2017-01-17,6.3185,238374
2017-01-18,6.0006,550671
2017-01-19,6.0403,501760
2017-01-20,5.8913,511402
2017-01-23,5.7125,703584
2017-01-24,5.9211,319602
2017-01-25,5.8317,216327
2017-01-27,5.8814,283436
2017-01-30,5.7324,338912
2017-01-31,5.5535,420938
2017-02-01,5.4343,767683
2017-02-02,5.3449,425405
2017-02-03,5.1363,928437
2017-02-06,5.2654,313285
2017-02-07,5.2158,301966
2017-02-08,5.3052,431303
2017-02-09,5.2456,189876
2017-02-10,5.2456,272528
2017-02-13,5.5635,582583
2017-02-14,5.4244,455465
2017-02-15,5.5039,437712
2017-02-16,5.5833,294646
2017-02-17,5.484,260872
2017-02-20,5.5436,323843
2017-02-21,5.4741,182598
2017-02-22,5.6032,235795
2017-02-23,5.5535,321681
2017-02-24,5.4144,185511
2017-02-27,5.4045,279420
2017-02-28,5.176,929379
2017-03-01,5.2654,455222
2017-03-02,5.5734,662341
2017-03-03,5.9609,967561
2017-03-06,5.9112,379462
2017-03-07,5.8615,547862
2017-03-08,5.7622,875596
2017-03-09,5.792,315497
2017-03-10,5.8019,485919
2017-03-13,5.7423,429623
2017-03-14,5.7423,442582
2017-03-15,5.6728,575741
2017-03-16,5.6131,618971
2017-03-17,5.5436,301774
2017-03-20,5.6131,185047
2017-03-21,5.5933,305174
2017-03-22,5.4741,492595
2017-03-23,5.5734,178120
2017-03-24,5.6231,250831
2017-03-27,5.6231,278082
2017-03-28,5.792,371865
2017-03-29,5.9112,433450
2017-03-30,5.7721,320544
2017-03-31,5.8416,136112
2017-04-03,5.6728,459665
2017-04-04,5.633,155487
2017-04-05,5.6628,152271
2017-04-06,5.6429,328039
2017-04-07,5.5734,208767
2017-04-10,5.5635,268162
2017-04-11,5.6032,463937
2017-04-12,5.5535,231379
2017-04-13,5.5635,171277
2017-04-18,5.5237,184894
2017-04-19,5.4542,259300
2017-04-20,5.5138,118023
2017-04-21,5.6628,155938
2017-04-24,5.7224,171295
2017-04-26,5.8218,328507
2017-04-27,5.9013,356750
2017-04-28,5.4045,1251054
2017-05-01,5.0866,965872
2017-05-02,5.0767,686825
2017-05-03,5.0171,554373
2017-05-04,4.9972,521410
2017-05-05,4.9475,252016
2017-05-08,4.9873,366182
2017-05-09,4.9773,338473
2017-05-10,4.9177,349561
2017-05-11,5.0767,547722
2017-05-12,5.1661,423482
2017-05-15,5.0667,231362
2017-05-16,4.9078,952971
2017-05-17,4.9376,326059
2017-05-18,5.0667,652805
2017-05-19,5.0369,154117
2017-05-22,4.9376,287739
2017-05-23,4.878,447850
2017-05-24,4.6991,665662
2017-05-25,4.7985,416562
2017-05-26,4.3117,2475691
2017-05-29,4.0733,1051887
2017-05-30,4.0434,769993
2017-05-31,4.1428,774386
2017-06-01,4.1229,557430
2017-06-02,4.1031,377796
2017-06-05,4.0733,636416
2017-06-06,4.0037,1027303
2017-06-07,4.0534,308963
2017-06-08,4.1627,429529
2017-06-09,4.2123,246154
2017-06-13,4.3812,582227
2017-06-14,4.4806,470986
2017-06-15,4.4408,447544
2017-06-16,4.3415,307341
2017-06-19,4.4806,338061
2017-06-20,4.5303,388777
2017-06-21,4.4607,516403
2017-06-22,4.5402,354662
2017-06-23,4.5203,184438
2017-06-26,4.5005,260986
2017-06-27,4.4607,227837
2017-06-28,4.57,314632
2017-06-29,4.878,529415
2017-06-30,4.868,385897
2017-07-03,4.8382,308029
2017-07-04,4.9177,375382
2017-07-05,4.9972,133254
2017-07-06,4.9376,136953
2017-07-07,5.0071,249460
2017-07-10,5.0866,230614
2017-07-11,5.0369,243611
2017-07-12,4.8382,421824
2017-07-13,4.9078,197567
2017-07-14,4.868,113947
2017-07-17,5.0568,694296
2017-07-18,4.9873,460000
2017-07-19,5.0071,333755
2017-07-20,5.0171,261690
2017-07-21,5.0767,297509
2017-07-24,5.0965,327962
2017-07-25,5.1065,368810
2017-07-26,5.0369,453860
2017-07-27,4.9674,479820
2017-07-28,4.878,543977
2017-07-31,4.868,241232
2017-08-01,4.9475,204367
2017-08-02,4.8879,228709
2017-08-03,4.2223,2915093
2017-08-04,4.2918,1051317
2017-08-07,4.2421,814097
2017-08-08,4.2521,382064
2017-08-09,4.262,300343
2017-08-10,4.2719,223236
2017-08-11,4.2719,155569
2017-08-14,4.2719,260465
2017-08-15,4.262,198778
2017-08-16,4.2719,240095
2017-08-17,4.262,266478
2017-08-18,4.3018,190964
2017-08-21,4.2819,318849
2017-08-22,4.3018,119605
2017-08-23,4.2918,285702
2017-08-24,4.262,269751
2017-08-25,4.1925,825380
2017-08-28,4.0733,510837
2017-08-29,4.0733,562792
2017-08-30,4.0832,189921
2017-08-31,4.0832,370179
2017-09-01,4.0832,317998
2017-09-04,4.0733,784674
2017-09-05,4.0136,514468
2017-09-06,4.0136,570411
2017-09-07,4.0136,232063
2017-09-08,4.1229,122832
2017-09-11,4.1031,132104
2017-09-12,4.0335,147761
2017-09-13,4.1229,180107
2017-09-14,4.1428,209836
2017-09-15,4.0037,419282
2017-09-18,4.0335,180899
2017-09-19,4.0037,381190
2017-09-20,3.954,731948
2017-09-21,3.9441,261959
2017-09-22,3.954,148318
2017-09-25,3.9441,161234
2017-09-26,3.9441,97443
2017-09-27,3.8448,281182
2017-09-28,3.7653,374743
2017-09-29,3.8348,173176
2017-10-02,3.8845,124526
2017-10-03,3.9938,161272
2017-10-04,4.1726,346791
2017-10-05,4.1726,
2017-10-06,4.1726,
2017-10-09,5.2356,2228393
2017-10-10,5.0667,775531
2017-10-11,4.9674,635211
2017-10-12,4.9674,415009
2017-10-13,4.9078,281345
2017-10-16,4.9177,353081
2017-10-17,4.868,144182
2017-10-18,4.8581,230476
2017-10-19,4.8382,211869
2017-10-20,4.8184,225143
2017-10-23,4.719,219156
2017-10-24,4.7488,198400
2017-10-25,4.6793,298305
2017-10-26,4.7389,1008064
2017-10-27,4.6693,119775
2017-10-30,4.6594,155925
2017-10-31,4.6693,223135
2017-11-01,4.6892,184954
2017-11-02,4.7091,119208
2017-11-03,4.8978,130317
2017-11-06,4.8382,175440
2017-11-07,4.7488,119768
2017-11-08,4.7389,160899
2017-11-09,4.8184,86344
2017-11-10,4.6991,381986
2017-11-13,4.6594,572247
2017-11-14,4.7091,474284
2017-11-15,4.6495,310766
2017-11-16,4.719,335525
2017-11-17,4.6197,51045
2017-11-20,4.6097,148836
2017-11-21,4.57,156253
2017-11-22,4.4607,153222
2017-11-23,4.421,182259
2017-11-24,4.3614,232411
2017-11-27,4.3316,95773
2017-11-28,4.3018,297082
2017-11-29,4.3216,131953
2017-11-30,4.6197,297340
2017-12-01,4.6793,195974
2017-12-04,4.7687,279997
2017-12-05,4.7488,123235
2017-12-06,4.6793,92423
2017-12-07,4.6991,131418
2017-12-08,4.7488,97012
2017-12-11,4.7588,134060
2017-12-12,4.7488,149568
2017-12-13,4.57,113970
2017-12-14,4.5104,151049
2017-12-15,4.5104,711912
2017-12-18,4.5203,93513
2017-12-19,4.6395,117197
2017-12-20,4.5501,108578
2017-12-21,4.5402,167933
2017-12-22,4.5203,90665
2017-12-27,4.4508,157282
2017-12-28,4.5402,65656
2017-12-29,4.6892,158663
2018-01-02,4.6197,53540
2018-01-03,4.5501,58701
2018-01-04,4.5501,184027
2018-01-05,4.57,76235
2018-01-08,4.5501,314666
2018-01-09,4.5203,67048
2018-01-10,4.5303,270728
2018-01-11,4.5998,152727
2018-01-12,4.5402,148491
2018-01-15,4.6693,451043
2018-01-16,4.6197,548866
2018-01-17,4.7886,910622
2018-01-18,5.2754,1107078
2018-01-19,4.9773,418594
2018-01-22,4.9674,181071
2018-01-23,5.0667,198024
2018-01-24,5.0171,58109
2018-01-25,5.1959,193411
2018-01-29,5.1164,268139
2018-01-30,5.0369,116874
2018-01-31,5.0171,91662
2018-02-01,5.0469,85852
2018-02-02,5.0171,65800
2018-02-05,4.8184,226521
2018-02-06,4.5899,204962
2018-02-07,4.7091,348017
2018-02-08,4.7786,81827
2018-02-09,4.6395,62191
2018-02-12,4.7985,95738
2018-02-13,4.8581,81334
2018-02-14,4.7687,51126
2018-02-15,4.7985,67229
2018-02-16,4.719,82378
2018-02-19,4.7687,76460
2018-02-20,4.8382,54413
2018-02-21,4.8184,73322
2018-02-22,4.8283,61738
2018-02-23,4.8184,131757
2018-02-26,4.8283,107598
2018-02-27,4.6793,256879
2018-02-28,4.9177,543890
2018-03-01,4.9674,1150899
2018-03-02,5.1164,628581
2018-03-05,5.2555,363699
2018-03-06,5.2654,595451
2018-03-07,5.4045,400423
2018-03-08,5.5039,249939
2018-03-09,5.633,320532
2018-03-12,5.5635,357585
2018-03-13,5.5138,243148
2018-03-14,5.5535,114069
2018-03-15,5.5635,216799
2018-03-16,5.4939,306518
2018-03-19,5.4343,170866
2018-03-20,5.4443,76929
2018-03-21,5.6032,294580
2018-03-22,5.6131,155686
2018-03-23,5.4443,100529
2018-03-26,5.3648,156322
2018-03-27,5.5138,201973
2018-03-28,5.5535,126427
2018-03-29,5.5237,75828
2018-04-03,5.5933,223596
2018-04-04,5.5635,147775
2018-04-05,5.5436,112773
2018-04-06,5.5138,69733
2018-04-09,5.4641,66785
2018-04-10,5.5237,128105
2018-04-11,5.4542,74846
2018-04-12,5.7622,732044
2018-04-13,6.0403,1676999
2018-04-16,6.0105,175584
2018-04-17,6.2291,426410
2018-04-18,6.3583,347015
2018-04-19,6.3583,170971
2018-04-20,6.4179,188722
2018-04-23,6.3583,355463
2018-04-24,6.2589,191627
2018-04-26,6.3583,174008
2018-04-27,6.249,93947
2018-04-30,6.2092,209976
2018-05-01,6.0403,119382
2018-05-02,6.0801,171094
2018-05-03,6.0602,203706
2018-05-04,6.09,297223
2018-05-07,6.1695,191657
2018-05-08,6.239,107154
2018-05-09,6.2192,410430
2018-05-10,6.1894,223029
2018-05-11,6.2589,187826
2018-05-14,6.4775,290099
2018-05-15,6.4775,206270
2018-05-16,6.6166,340632
2018-05-17,6.8351,243231
2018-05-18,6.8749,240418
2018-05-21,6.7755,204646
2018-05-22,6.8252,119784
2018-05-23,6.7954,80779
2018-05-24,6.8351,94108
2018-05-25,6.8451,176598
2018-05-28,6.8649,107524
2018-05-29,6.9345,232975
2018-05-30,6.9543,406249
2018-05-31,6.9047,651500
2018-06-01,7.1133,388108
2018-06-04,7.1928,295803
2018-06-05,7.2027,349174
2018-06-06,7.153,330867
2018-06-07,7.1034,153487
2018-06-08,7.2027,137315
2018-06-12,7.2226,1222570
2018-06-13,7.2027,322068
2018-06-14,7.3021,380633
2018-06-15,7.3617,189829
2018-06-18,7.3716,387776
2018-06-19,7.1729,349483
2018-06-20,7.3617,270600
2018-06-21,7.4014,236921
2018-06-22,7.4014,160201
2018-06-25,7.3617,219161
2018-06-26,7.1232,499622
2018-06-27,7.1133,237895
2018-06-28,6.8947,294796
2018-06-29,6.855,368858
2018-07-02,6.8252,242527
2018-07-03,6.8351,211626
2018-07-04,6.547,390535
2018-07-05,6.7258,223530
2018-07-06,6.3583,241480
2018-07-09,5.9807,592086
2018-07-10,5.941,546212
2018-07-11,5.6628,610946
2018-07-12,5.7026,334965
2018-07-13,5.6827,196388
2018-07-16,5.9013,484347
2018-07-17,6.0105,570582
2018-07-18,6.1198,376715
2018-07-19,6.0602,292542
2018-07-20,6.0999,165337
2018-07-23,6.1397,221152
2018-07-24,6.0801,120220
2018-07-25,6.0801,122382
2018-07-26,6.0801,73912
2018-07-27,6.0503,102935
2018-07-30,6.0006,131593
2018-07-31,5.9609,172213
2018-08-01,6.1397,141678
2018-08-02,6.0701,60902
2018-08-03,6.1198,85450
2018-08-06,6.0999,150841
2018-08-07,5.8913,101547
2018-08-08,5.9609,109663
2018-08-09,5.8714,89762
2018-08-10,5.8416,74046
2018-08-13,5.8118,107901
2018-08-14,5.8218,64622
2018-08-15,5.8317,104990
2018-08-16,5.8218,67723
2018-08-17,5.8118,52699
2018-08-20,5.8317,65227
2018-08-21,5.8218,59473
2018-08-22,5.8118,201470
2018-08-23,5.6728,72255
2018-08-24,5.6628,195673
2018-08-27,5.5635,244905
2018-08-28,5.7026,452790
2018-08-29,5.7622,358894
2018-08-30,5.6827,182844
2018-08-31,5.6231,131388
2018-09-03,5.5436,98695
2018-09-04,5.5138,105332
2018-09-05,5.5237,85677
2018-09-06,5.4641,187801
2018-09-07,5.3548,80919
2018-09-10,5.2654,95336
2018-09-11,5.2158,128370
2018-09-12,5.3648,148592
2018-09-13,5.2356,87331
2018-09-14,5.2257,87950
2018-09-17,5.2456,69321
2018-09-18,5.1164,118220
2018-09-19,5.3648,163422
2018-09-20,5.1661,167042
2018-09-21,5.2158,236289
2018-09-24,5.2058,59059
2018-09-25,5.1661,123905
2018-09-26,5.1164,167341
2018-09-27,5.1164,209190
2018-09-28,5.2853,117841
2018-10-01,5.2853,59210
2018-10-02,5.2853,89056
2018-10-03,5.5039,139478
2018-10-04,5.4144,163007
2018-10-05,5.3648,83745
2018-10-08,5.335,150836
2018-10-09,5.2654,100107
2018-10-10,5.2952,107555
2018-10-11,5.0171,722522
2018-10-12,5.1462,133460
2018-10-15,5.1164,148374
2018-10-16,5.0667,183707
2018-10-17,5.1561,82271
2018-10-18,5.2654,73805
2018-10-19,5.2257,105775
2018-10-22,5.1661,221372
2018-10-23,5.1661,113554
2018-10-24,5.2158,103924
2018-10-25,5.1661,124507
2018-10-26,5.2158,91104
2018-10-29,5.1661,67631
2018-10-30,5.1661,86916
2018-10-31,5.1263,102182
2018-11-01,5.2058,27302
2018-11-02,5.1661,47975
2018-11-05,5.2555,71326
2018-11-06,5.3648,46203
2018-11-07,5.2654,49267
2018-11-08,5.3449,83105
2018-11-09,5.633,141633
2018-11-12,5.5535,65688
2018-11-13,5.4641,74889
2018-11-14,5.4144,87304
2018-11-15,5.5535,75733
2018-11-16,5.4641,39486
2018-11-19,5.6628,156413
2018-11-20,5.6529,62950
2018-11-21,5.5039,79802
2018-11-22,5.6131,56118
2018-11-23,5.5039,24638
2018-11-26,5.5237,60646
2018-11-27,5.5436,70666
2018-11-28,5.5237,226694
2018-11-29,5.6131,102470
2018-11-30,5.7622,220647
2018-12-03,6.1794,199109
2018-12-04,5.9609,146710
2018-12-05,5.8615,73707
2018-12-06,5.9907,115323
2018-12-07,6.0006,130382
2018-12-10,5.8218,188481
2018-12-11,5.8416,84408
2018-12-12,6.2092,277946
2018-12-13,6.2589,278650
2018-12-14,6.3781,160213
2018-12-17,6.3086,93778
2018-12-18,6.0602,234473
2018-12-19,6.0602,487895
2018-12-20,5.9708,185340
2018-12-21,5.9807,166273
2018-12-24,6.0403,29650
2018-12-27,6.0006,67415
2018-12-28,6.1099,83943
2018-12-31,6.0602,131732
2019-01-02,6.1099,139585
2019-01-03,6.0602,931355
2019-01-04,5.9112,43940
2019-01-07,5.9211,36236
2019-01-08,5.9311,16326
2019-01-09,6.1099,57823
2019-01-10,6.0304,80606
2019-01-11,6.2788,106931
2019-01-14,6.3682,172995
2019-01-15,6.1099,149097
2019-01-16,6.2589,72225
2019-01-17,6.3384,141531
2019-01-18,6.3583,84212
2019-01-21,6.2192,73090
2019-01-22,6.1596,42964
2019-01-23,6.1298,60050
2019-01-24,6.0701,24725
2019-01-25,6.09,47068
2019-01-29,5.9907,21759
2019-01-30,5.9708,172283
2019-01-31,5.9708,246114
2019-02-01,5.8118,63196
2019-02-04,5.8516,270475
2019-02-05,5.7721,49648
2019-02-06,6.0205,116284
2019-02-07,6.1099,110243
2019-02-08,5.9807,46712
2019-02-11,5.9609,32198
2019-02-12,6.0701,62282
2019-02-13,6.09,98776
2019-02-14,6.0999,38239
2019-02-15,6.0801,80873
2019-02-18,6.1596,103705
2019-02-19,6.0503,30527
2019-02-20,6.0105,90636
2019-02-21,6.0999,86458
2019-02-22,6.1198,71682
2019-02-25,6.2092,177644
2019-02-26,6.1099,684529
2019-02-27,6.0304,27339
2019-02-28,5.9013,153980
2019-03-01,5.8516,88645
2019-03-04,5.8814,81169
2019-03-05,5.8317,59766
2019-03-06,5.8714,68301
2019-03-07,5.941,1983624
2019-03-08,5.8416,106722
2019-03-11,5.7622,29083
2019-03-12,5.7721,33233
2019-03-13,5.782,96408
2019-03-14,5.8019,27694
2019-03-15,5.8317,52277
2019-03-18,5.8019,99613
2019-03-19,5.7224,88290
2019-03-20,5.8814,94701
2019-03-21,5.8118,32757
2019-03-22,5.9609,986934
2019-03-25,5.9509,467121
2019-03-26,5.9609,53102
2019-03-27,6.1198,206929
2019-03-28,6.1099,38316
2019-03-29,6.0403,35675
2019-04-01,6.4576,508656
2019-04-02,6.6464,320015
2019-04-03,6.5172,207558
2019-04-04,6.5768,157495
2019-04-05,6.4973,409032
2019-04-08,6.7556,196010
2019-04-09,6.7854,154860
2019-04-10,6.7358,135184
2019-04-11,6.6861,100635
2019-04-12,6.8153,86447
2019-04-15,6.8848,137759
2019-04-16,6.8451,97939
2019-04-17,6.6563,76944
2019-04-18,6.6563,58383
2019-04-23,6.706,87113
2019-04-24,6.696,68509
2019-04-26,6.5569,45061
2019-04-29,6.4477,81333
2019-04-30,6.3583,275921
2019-05-01,6.398,103397
2019-05-02,6.7556,237141
2019-05-03,6.5768,252799
2019-05-06,6.5073,68415
2019-05-07,6.3781,3487476
2019-05-08,6.2589,201814
2019-05-09,6.2589,130840
2019-05-10,6.4477,90360
2019-05-13,6.3583,118058
2019-05-14,6.2589,131716
2019-05-15,6.2788,80606
2019-05-16,6.2788,92084
2019-05-17,6.3583,150950
2019-05-20,6.3881,50783
2019-05-21,6.2887,64637
2019-05-22,6.3384,42360
2019-05-23,6.239,75569
2019-05-24,6.239,56393
2019-05-27,6.3185,72648
2019-05-28,6.5371,184582
2019-05-29,6.4477,43155
2019-05-30,6.3881,199335
2019-05-31,7.0139,448050
2019-06-03,7.004,255616
2019-06-04,7.0934,224308
2019-06-05,6.9941,100962
2019-06-06,6.7358,214973
2019-06-07,6.855,301850
2019-06-11,6.9643,242754
2019-06-12,6.9444,91789
2019-06-13,6.7556,223667
2019-06-14,6.7556,151384
2019-06-17,6.7556,222737
2019-06-18,6.855,286293
2019-06-19,6.9543,305854
2019-06-20,6.9543,116835
2019-06-21,7.1034,209918
2019-06-24,7.1034,81439
2019-06-25,7.153,251013
2019-06-26,7.1133,91331
2019-06-27,7.2027,197511
2019-06-28,7.2027,244281
2019-07-01,7.0934,89322
2019-07-02,7.0835,104002
2019-07-03,7.1034,121845
2019-07-04,7.4113,2907374
2019-07-05,7.3021,165440
2019-07-08,7.2126,102294
2019-07-09,7.2822,183887
2019-07-10,7.4113,125805
2019-07-11,7.3418,83619
2019-07-12,7.0736,63570
2019-07-15,7.0537,115271
2019-07-16,7.153,94419
2019-07-17,7.0835,42181
2019-07-18,7.0934,72631
2019-07-19,7.3219,215758
2019-07-22,7.3319,99879
2019-07-23,7.3219,57465
2019-07-24,7.4511,84301
2019-07-25,7.5902,246963
2019-07-26,7.4014,108769
2019-07-29,7.4411,144728
2019-07-30,7.4411,97417
2019-07-31,7.4113,73696
2019-08-01,7.4411,70939
2019-08-02,7.3915,49335
2019-08-05,7.3468,60124
2019-08-06,7.0338,662018
2019-08-07,6.9146,120605
2019-08-08,7.0537,56463
2019-08-09,7.0736,42036
2019-08-12,6.9941,71713
2019-08-13,7.004,118233
2019-08-14,7.1928,155835
2019-08-15,7.0636,182036
2019-08-16,7.0338,180835
2019-08-19,7.0537,204893
2019-08-20,7.0537,491426
2019-08-21,7.7591,537381
2019-08-22,7.7889,342849
2019-08-23,8.0472,289273
2019-08-26,7.9279,157918
2019-08-27,7.6597,215689
2019-08-28,7.7591,110300
2019-08-29,7.5802,87558
2019-08-30,7.7491,165337
2019-09-02,7.5405,112291
2019-09-03,7.5008,164259
2019-09-04,7.4511,78761
2019-09-05,7.4312,67203
2019-09-06,7.2921,78755
2019-09-09,7.4908,123937
2019-09-10,7.4908,62466
2019-09-11,7.5008,45058
2019-09-12,7.5504,92571
2019-09-13,7.4908,34395
2019-09-16,7.3418,80765
2019-09-17,7.5306,171373
2019-09-18,7.7094,597864
2019-09-19,7.7988,132967
2019-09-20,7.6994,114326
2019-09-23,7.5405,160208
2019-09-24,7.62,141435
2019-09-25,7.5902,103224
2019-09-26,7.6398,307190
2019-09-27,7.6994,114395
2019-09-30,7.6398,84915
2019-10-01,7.7889,109205
2019-10-02,7.918,177340
2019-10-03,7.7094,102760
2019-10-04,7.61,88022
2019-10-07,7.7889,106776
2019-10-08,7.7789,209737
2019-10-09,7.918,193266
2019-10-10,7.8087,127657
2019-10-11,7.6299,118377
2019-10-14,7.5703,71362
2019-10-15,7.5206,103810
2019-10-16,7.5504,65516
2019-10-17,7.5306,96143
2019-10-18,7.5504,82429
2019-10-21,7.769,117748
2019-10-22,7.7491,116317
2019-10-23,7.6398,61441
2019-10-24,7.5902,203539
2019-10-25,7.5405,68698
2019-10-28,7.3517,90794
2019-10-29,7.3418,241868
2019-10-30,7.4014,407410
2019-10-31,7.153,194682
2019-11-01,7.2424,153263
2019-11-04,7.2325,275464
2019-11-05,7.3319,88924
2019-11-06,7.3021,245359
2019-11-07,7.3517,89193
2019-11-08,7.2524,98450
2019-11-11,7.3815,88085
2019-11-12,7.3815,123157
2019-11-13,7.3517,81105
2019-11-14,7.3517,52421
2019-11-15,7.2524,48946
2019-11-18,7.3021,127384
2019-11-19,7.3517,65079
2019-11-20,7.312,75175
2019-11-21,7.3418,121085
2019-11-22,7.5206,383844
2019-11-25,7.461,134288
2019-11-26,7.4511,174495
2019-11-27,7.3617,93988
2019-11-28,7.1928,73313
2019-11-29,7.6895,552221
2019-12-02,8.1366,555089
2019-12-03,8.2558,426937
2019-12-04,8.3651,375194
2019-12-05,8.2459,216801
2019-12-06,8.2459,198544
2019-12-09,8.3949,1579931
2019-12-10,8.5439,729383
2019-12-11,8.4843,1158651
2019-12-12,8.4247,499230
2019-12-13,8.534,407827
2019-12-16,8.4644,143919
2019-12-17,8.4247,419105
2019-12-18,8.4247,510785
2019-12-19,8.4446,468840
2019-12-20,8.6134,596349
2019-12-23,8.5538,382989
2019-12-24,8.4644,69968
2019-12-27,8.3551,86472
2019-12-30,8.2955,150599
2019-12-31,8.3353,111983
2020-01-02,8.1664,197730
2020-01-03,8.1962,134010
2020-01-06,8.2657,221626
2020-01-07,8.3452,279165
2020-01-08,8.2955,592068
2020-01-09,8.3849,300554
2020-01-10,8.3849,282442
2020-01-13,8.4048,329083
2020-01-14,8.4147,318324
2020-01-15,8.4446,370576
2020-01-16,8.4545,288587
2020-01-17,8.3949,264571
2020-01-20,8.1068,308209
2020-01-21,8.1465,167601
2020-01-22,8.2359,346270
2020-01-23,8.3551,269937
2020-01-24,8.375,710051
2020-01-28,8.375,417003
2020-01-29,8.2359,107543
2020-01-30,8.3551,459938
2020-01-31,8.4843,365588
2020-02-03,8.4545,442296
2020-02-04,8.5042,310753
2020-02-05,8.6035,450154
2020-02-06,8.8916,611526
2020-02-07,9.1797,572136
2020-02-10,9.0406,274752
2020-02-11,9.0108,469987
2020-02-12,9.0406,333605
2020-02-13,8.9115,226977
2020-02-14,8.9413,647182
2020-02-17,8.7327,168849
2020-02-18,8.6532,166217
2020-02-19,8.6631,106808
2020-02-20,8.6234,110942
2020-02-21,8.1266,543448
2020-02-24,7.1431,1456108
2020-02-25,6.7755,879167
2020-02-26,6.4477,624047
2020-02-27,6.4377,671419
2020-02-28,6.2589,916923
2020-03-02,6.4179,973664
2020-03-03,6.5172,797363
2020-03-04,6.2986,336070
2020-03-05,6.4477,498335
2020-03-06,6.3284,696364
2020-03-09,5.8516,582245
2020-03-10,6.1894,717364
2020-03-11,5.782,634440
2020-03-12,5.5436,826071
2020-03-13,5.6429,533003
2020-03-16,5.3052,492895
2020-03-17,6.1298,722630
2020-03-18,6.239,886777
2020-03-19,6.2589,850348
2020-03-20,7.2524,1529104
2020-03-23,7.1431,1449901
2020-03-24,6.9742,918562
2020-03-25,7.0437,472102
2020-03-26,6.9742,364136
2020-03-27,7.004,492065
2020-03-30,7.2126,281753
2020-03-31,6.9345,490403
2020-04-01,6.706,500534
2020-04-02,6.8351,261396
2020-04-03,7.0239,214080
2020-04-06,7.153,274211
2020-04-07,7.3319,353136
2020-04-08,7.0338,142771
2020-04-09,7.0636,174854
2020-04-14,7.163,188329
2020-04-15,7.3815,402966
2020-04-16,7.3517,205084
2020-04-17,7.3418,486634
2020-04-20,7.4511,329992
2020-04-21,7.2524,318971
2020-04-22,7.3418,256589
2020-04-23,7.2921,619292
2020-04-24,7.1332,276205
2020-04-27,7.1034,425753
2020-04-28,6.8153,1584604
2020-04-29,7.1828,977722
2020-04-30,7.1828,517014
2020-05-01,6.9742,494196
2020-05-04,7.3021,426403
2020-05-05,7.4014,204018
2020-05-06,7.312,270590
2020-05-07,7.3021,161153
2020-05-08,7.3021,339660
2020-05-11,7.3517,148416
2020-05-12,7.3815,224872
2020-05-13,7.62,432350
2020-05-14,7.6001,407426
2020-05-15,7.7292,433732
2020-05-18,7.7889,252354
2020-05-19,7.8385,314604
2020-05-20,7.7193,227247
2020-05-21,7.5802,702715
2020-05-22,7.61,285050
2020-05-25,6.706,1555184
2020-05-26,6.6265,1036584
2020-05-27,6.3881,720486
2020-05-28,6.3781,543573
2020-05-29,6.1596,701740
2020-06-01,6.0999,674244
2020-06-02,6.0205,495994
2020-06-03,6.0403,678213
2020-06-04,6.2887,1192913
2020-06-05,6.3284,715129
2020-06-09,6.4973,602612
2020-06-10,6.6166,878999
2020-06-11,6.6861,693081
2020-06-12,6.4576,678015
2020-06-15,6.239,813709
2020-06-16,6.4675,496365
2020-06-17,6.5768,362505
2020-06-18,6.5669,556275
2020-06-19,6.4576,526813
2020-06-22,6.3583,427570
2020-06-23,6.3483,485231
2020-06-24,6.4179,748728
2020-06-25,6.2688,288261
2020-06-26,6.3483,498180
2020-06-29,6.2092,448575
2020-06-30,6.2688,284988
2020-07-01,6.3781,166548
2020-07-02,6.1695,328163
2020-07-03,6.0503,275226
2020-07-06,6.1397,244826
2020-07-07,6.0105,358693
2020-07-08,5.8714,921496
2020-07-09,5.6728,502082
2020-07-10,5.6529,546436
2020-07-13,5.7324,502748
2020-07-14,5.6827,421105
2020-07-15,5.5535,253528
2020-07-16,5.5138,810622
2020-07-17,5.7423,527560
2020-07-20,5.5933,377417
2020-07-21,5.6429,293694
2020-07-22,5.7125,163368
2020-07-23,5.7125,234106
2020-07-24,5.9609,363367
2020-07-27,5.7224,267582
2020-07-28,5.7721,360873
2020-07-29,5.7224,211139
2020-07-30,6.0503,354422
2020-07-31,5.9311,231546
2020-08-03,5.792,500869
2020-08-04,5.7125,352955
2020-08-05,5.6529,317633
2020-08-06,5.5734,313612
2020-08-07,5.5337,92034
2020-08-10,5.6131,121270
2020-08-11,5.6529,137587
2020-08-12,5.5635,135832
2020-08-13,5.6231,329825
2020-08-14,5.6231,113478
2020-08-17,5.5535,101351
2020-08-18,5.7026,173178
2020-08-19,5.6926,183238
2020-08-20,5.5635,278932
2020-08-21,5.5833,124342
2020-08-24,5.5833,101023
2020-08-25,5.5436,960553
2020-08-26,5.484,226187
2020-08-27,5.4443,145526
2020-08-28,5.4045,116799
2020-08-31,5.4144,177815
2020-09-01,5.2257,401473
2020-09-02,5.4343,173129
2020-09-03,5.4641,141074
2020-09-04,5.5337,286223
2020-09-07,5.5635,298247
2020-09-08,5.6131,211699
2020-09-09,5.5039,140607
2020-09-10,5.4144,445683
2020-09-11,5.4641,299027
2020-09-14,5.2853,323127
2020-09-15,5.325,182772
2020-09-16,5.3648,353658
2020-09-17,5.5734,392109
2020-09-18,5.5138,518165
2020-09-21,5.4741,141105
2020-09-22,5.5436,1019580
2020-09-23,5.6628,135993
2020-09-24,5.6628,96832
2020-09-25,5.6628,103731
2020-09-28,5.6131,91210
2020-09-29,5.5635,105289
2020-09-30,5.5337,235884
2020-10-01,5.4244,69469
2020-10-02,5.4244,
2020-10-05,5.4244,
2020-10-06,6.28,1268197
2020-10-07,6.62,685764
2020-10-08,6.75,407884
2020-10-09,6.58,271884
2020-10-12,6.46,379685
2020-10-13,6.45,231041
2020-10-14,6.45,375155
2020-10-15,6.35,629869
2020-10-16,6.18,615125
2020-10-19,6.23,248122
2020-10-20,6.26,191610
2020-10-21,6.16,133511
2020-10-22,6.1,247806
2020-10-23,6.2,195820
2020-10-26,6.21,192831
2020-10-27,5.8,537444
2020-10-28,5.89,98115
2020-10-29,5.69,691831
2020-10-30,6.12,629875
2020-11-02,6.08,514674
2020-11-03,5.74,288585
2020-11-04,5.62,333640
2020-11-05,5.85,470378
2020-11-06,5.76,137905
2020-11-09,5.88,128263
2020-11-10,5.91,143293
2020-11-11,6.0,142638
2020-11-12,6.07,340659
2020-11-13,6.05,207515
2020-11-16,6.13,31531
2020-11-17,6.11,333698
2020-11-18,6.24,319393
2020-11-19,6.29,154924
2020-11-20,6.13,172783
2020-11-23,6.36,318885
2020-11-24,6.31,159016
2020-11-25,6.3,141181
2020-11-26,6.29,205622
2020-11-27,6.21,107638
2020-11-30,5.89,802632
2020-12-01,5.85,515597
2020-12-02,5.56,451287
2020-12-03,5.73,236144
2020-12-04,5.41,658219
2020-12-07,5.31,483036
2020-12-08,5.33,489434
2020-12-09,5.26,614699
2020-12-10,5.32,481661
2020-12-11,5.29,289787
2020-12-14,5.35,383227
2020-12-15,5.2,790736
2020-12-16,5.21,458103
2020-12-17,5.33,256434
2020-12-18,5.34,623308
2020-12-21,5.1,559286
2020-12-22,5.2,400122
2020-12-23,5.16,129006
2020-12-24,5.23,111329
2020-12-29,5.29,134282
2020-12-30,5.21,100251
2020-12-31,5.22,61786
2021-01-04,5.29,77979
2021-01-05,5.38,187319
2021-01-06,5.34,147564
2021-01-07,5.22,231417
2021-01-08,5.28,160752
2021-01-11,5.25,121808
2021-01-12,5.2,108052
2021-01-13,5.15,434335
2021-01-14,5.14,60646
2021-01-15,5.11,252428
2021-01-18,4.96,295419
2021-01-19,5.18,317078
2021-01-20,5.27,170605
2021-01-21,5.05,341690
2021-01-22,5.03,122509
2021-01-25,5.02,195782
2021-01-27,5.05,624387
2021-01-28,5.12,150402
2021-01-29,5.21,373077
2021-02-01,5.27,251560
2021-02-02,5.31,249137
2021-02-03,5.4,267634
2021-02-04,5.38,135360
2021-02-05,5.3,179086
2021-02-08,5.37,108338
2021-02-09,5.5,267867
2021-02-10,5.52,217190
2021-02-11,5.44,109175
2021-02-12,5.4,227667
2021-02-15,5.48,541093
2021-02-16,5.63,334932
2021-02-17,5.47,346522
2021-02-18,5.3,208421
2021-02-19,5.31,197498
2021-02-22,5.32,71055
2021-02-23,5.36,106322
2021-02-24,5.49,151088
2021-02-25,5.37,206620
2021-02-26,5.26,243462
2021-03-01,5.47,308824
2021-03-02,5.46,166011
2021-03-03,5.37,205292
2021-03-04,5.45,251946
2021-03-05,5.27,232709
2021-03-08,5.37,210738
2021-03-09,5.51,208175
2021-03-10,5.46,94017
2021-03-11,5.35,55669
2021-03-12,5.49,78638
2021-03-15,5.51,62638
2021-03-16,5.65,305938
2021-03-17,5.97,432445
2021-03-18,5.95,279840
2021-03-19,6.15,749391
2021-03-22,5.97,283864
2021-03-23,6.02,189640
2021-03-24,6.06,268536
2021-03-25,5.95,369862
2021-03-26,5.99,179294
2021-03-29,6.11,212258
2021-03-30,6.3,545036
2021-03-31,6.25,562028
2021-04-01,6.13,348192
2021-04-06,6.27,313400
2021-04-07,6.3,373270
2021-04-08,6.33,372193
2021-04-09,6.35,113862
2021-04-12,6.26,128054
2021-04-13,6.31,185128
2021-04-14,6.27,110564
2021-04-15,6.27,70791
2021-04-16,6.2,120212
2021-04-19,6.18,108760
2021-04-20,6.21,155137
2021-04-21,6.15,105084
2021-04-22,6.16,121193
2021-04-23,6.14,202212
2021-04-26,6.04,83517
2021-04-27,6.0,172919
2021-04-28,6.17,119065
2021-04-29,6.1,60685
2021-04-30,6.14,89563
2021-05-03,6.08,130379
2021-05-04,6.1,110017
2021-05-05,6.14,68187
2021-05-06,6.13,44736
2021-05-07,6.12,114279
2021-05-10,6.16,55082
2021-05-11,6.1,29111
2021-05-12,6.16,134063
2021-05-13,6.0,207935
2021-05-14,6.04,40996
2021-05-17,6.19,154234
2021-05-18,6.13,200102
2021-05-19,6.1,90645
2021-05-20,6.13,109011
2021-05-21,6.18,111289
2021-05-24,6.09,36351
2021-05-25,6.09,485479
2021-05-26,6.2,208228
2021-05-27,5.96,255323
2021-05-28,5.9,1268339
2021-05-31,5.8,423889
2021-06-01,5.56,197581
2021-06-02,5.56,137244
2021-06-03,5.87,338162
2021-06-04,5.81,253897
2021-06-07,5.75,172249
2021-06-08,5.77,163258
2021-06-09,5.64,108427
2021-06-10,5.8,395155
2021-06-11,6.14,636907
2021-06-15,6.11,325200
2021-06-16,6.3,308517
2021-06-17,6.42,259254
2021-06-18,6.45,579925
2021-06-21,6.26,189500
2021-06-22,6.25,137356
2021-06-23,6.25,72277
2021-06-24,6.77,887730
2021-06-25,6.66,308542
2021-06-28,6.65,218368
2021-06-29,6.71,145027
2021-06-30,6.75,180286
2021-07-01,6.54,104506
2021-07-02,6.5,156296
2021-07-05,6.41,338791
2021-07-06,6.4,108389
2021-07-07,6.47,65257
2021-07-08,6.52,96634
2021-07-09,6.57,140584
2021-07-12,6.49,467822
2021-07-13,7.53,1260048
2021-07-14,7.22,613850
2021-07-15,7.3,674714
2021-07-16,7.25,327010
2021-07-19,7.15,302142
2021-07-20,7.17,284667
2021-07-21,7.09,321238
2021-07-22,7.05,167787
2021-07-23,7.37,691868
2021-07-26,7.7,488141
2021-07-27,7.53,316220
2021-07-28,7.66,339252
2021-07-29,7.82,684941
2021-07-30,7.95,490147
2021-08-02,8.08,453966
2021-08-03,8.1,418757
2021-08-04,7.79,187259
2021-08-05,8.02,348864
2021-08-06,8.0,501263
2021-08-09,7.9,315055
2021-08-10,7.89,126985
2021-08-11,7.95,229463
2021-08-12,7.87,200247
2021-08-13,7.89,196096
2021-08-16,8.0,248049
2021-08-17,7.97,214922
2021-08-18,8.12,642181
2021-08-19,7.86,169317
2021-08-20,8.03,308328
2021-08-23,8.26,695518
2021-08-24,8.19,260812
2021-08-25,8.26,423723
2021-08-26,8.34,239099
2021-08-27,8.36,265087
2021-08-30,8.6,316419
2021-08-31,8.7,462072
2021-09-01,8.65,114782
2021-09-02,8.6,239793
2021-09-03,8.88,266242
2021-09-06,8.92,789882
2021-09-07,8.71,85767
2021-09-08,8.76,264214
2021-09-09,8.65,389892
2021-09-10,8.57,211620
2021-09-13,8.39,398238
2021-09-14,8.49,340571
2021-09-15,8.33,241559
2021-09-16,8.32,260641
2021-09-17,8.2,204710
2021-09-20,8.2,276701
2021-09-21,8.22,325884
2021-09-22,8.13,162954
2021-09-23,8.32,179178
2021-09-24,8.2,295304
2021-09-27,8.28,289231
2021-09-28,8.13,294581
2021-09-29,8.08,578923
2021-09-30,8.29,368137
2021-10-01,8.27,217278
2021-10-04,8.23,187007
2021-10-05,8.35,369245
2021-10-06,8.13,90223
2021-10-07,8.1,305837
2021-10-08,7.99,288186
2021-10-11,7.82,168857
2021-10-12,7.98,294006
2021-10-13,7.9,384082
2021-10-14,8.01,384649
2021-10-15,8.1,317111
2021-10-18,8.06,55900
2021-10-19,7.96,61391
2021-10-20,7.93,238775
2021-10-21,7.81,124727
2021-10-22,7.62,218951
2021-10-25,7.6,253236
2021-10-26,7.59,109346
2021-10-27,7.6,326698
2021-10-28,7.47,146037
2021-10-29,7.39,237804
2021-11-01,7.3,307211
2021-11-02,6.92,418102
2021-11-03,6.97,381359
2021-11-04,6.8,525054
2021-11-05,6.87,259588
2021-11-08,6.75,124024
2021-11-09,6.67,123303
2021-11-10,6.56,248830
2021-11-11,6.48,152679
2021-11-12,6.5,230668
2021-11-15,6.65,529501
2021-11-16,6.61,291166
2021-11-17,6.78,456257
2021-11-18,6.74,313296
2021-11-19,6.86,169806
2021-11-22,6.75,99962
2021-11-23,6.64,124550
2021-11-24,7.06,376437
2021-11-25,6.95,172031
2021-11-26,6.88,344050
2021-11-29,6.8,376865
2021-11-30,6.54,1054245
2021-12-01,6.4,254064
2021-12-02,6.27,634819
2021-12-03,6.11,357317
2021-12-06,5.95,587329
2021-12-07,5.95,717718
2021-12-08,6.08,489577
2021-12-09,5.99,428377
2021-12-10,6.18,678915
2021-12-13,6.1,289701
2021-12-14,6.24,137334
2021-12-15,5.95,320113
2021-12-16,6.03,214553
2021-12-17,6.09,269328
2021-12-20,6.05,118735
2021-12-21,6.05,277399
2021-12-22,6.06,245476
2021-12-23,6.01,215741
2021-12-24,5.92,54860
2021-12-29,6.06,243140
2021-12-30,6.03,105433
2021-12-31,6.21,167363
2022-01-04,6.13,169618
2022-01-05,6.12,193700
2022-01-06,5.89,269811
2022-01-07,6.06,146629
2022-01-10,5.88,136804
2022-01-11,5.86,169555
2022-01-12,5.91,170767
2022-01-13,5.82,111395
2022-01-14,5.75,88234
2022-01-17,5.73,203641
2022-01-18,5.74,156741
2022-01-19,5.6,193233
2022-01-20,5.57,225985
2022-01-21,5.56,358634
2022-01-24,5.5,131922
2022-01-25,5.5,515788
2022-01-27,5.39,455074
2022-01-28,5.39,629549
2022-01-31,5.4,209237
2022-02-01,5.44,275666
2022-02-02,5.65,299621
2022-02-03,5.46,291888
2022-02-04,5.5,1142295
2022-02-07,5.5,183824
2022-02-08,5.5,184572
2022-02-09,5.66,209145
2022-02-10,5.57,260343
2022-02-11,5.61,88739
2022-02-14,5.66,157523
2022-02-15,5.52,253248
2022-02-16,5.53,177855
2022-02-17,5.56,116674
2022-02-18,5.62,88799
2022-02-21,5.74,154178
2022-02-22,5.65,337251
2022-02-23,5.67,132323
2022-02-24,5.4,388598
2022-02-25,5.57,157560
2022-02-28,5.51,478088
2022-03-01,5.65,358876
2022-03-02,5.55,207494
2022-03-03,5.45,225420
2022-03-04,5.4,215314
2022-03-07,5.25,417691
2022-03-08,5.17,518739
2022-03-09,5.26,293871
2022-03-10,5.2,379737
2022-03-11,5.21,232473
2022-03-14,5.21,201628
2022-03-15,5.03,430478
2022-03-16,5.14,213782
2022-03-17,5.22,152814
2022-03-18,5.2,361548
2022-03-21,5.1,292006
2022-03-22,5.1,329257
2022-03-23,5.07,548452
2022-03-24,5.19,232320
2022-03-25,5.38,304596
2022-03-28,5.42,439064
2022-03-29,5.43,245629
2022-03-30,5.43,332539
2022-03-31,5.35,537049
2022-04-01,5.4,197950
2022-04-04,5.57,321871
2022-04-05,5.45,187456
2022-04-06,5.41,283953
2022-04-07,5.35,145095
2022-04-08,5.67,315066
2022-04-11,5.95,659164
2022-04-12,5.72,622757
2022-04-13,5.88,331518
2022-04-14,5.96,381663
2022-04-19,6.08,554043
2022-04-20,6.22,504838
2022-04-21,6.45,423945
2022-04-22,6.33,573231
2022-04-26,6.4,366224
2022-04-27,6.43,340716
2022-04-28,6.5,218016
2022-04-29,6.57,214758
2022-05-02,6.41,269129
2022-05-03,6.2,502121
2022-05-04,6.26,539128
2022-05-05,6.25,180310
2022-05-06,6.15,229979
2022-05-09,5.97,343762
2022-05-10,6.12,268167
2022-05-11,6.33,260657
2022-05-12,6.01,180308
2022-05-13,6.09,177429
2022-05-16,6.06,137857
2022-05-17,6.13,97126
2022-05-18,6.37,210235
2022-05-19,6.06,160205
2022-05-20,5.99,384829
2022-05-23,6.08,209113
2022-05-24,6.01,157872
2022-05-25,5.99,70831
2022-05-26,5.98,247677
2022-05-27,5.63,504069
2022-05-30,5.61,307655
2022-05-31,5.88,403307
2022-06-01,5.83,274612
2022-06-02,5.95,415519
2022-06-03,5.87,720090
2022-06-06,5.86,393178
2022-06-07,5.85,347238
2022-06-08,5.75,401865
2022-06-09,5.71,298191
2022-06-10,5.54,292531
2022-06-14,5.31,435485
2022-06-15,5.37,343916
2022-06-16,5.36,461619
2022-06-17,5.42,740684
2022-06-20,5.34,243845
2022-06-21,5.54,208491
2022-06-22,5.51,172736
2022-06-23,5.28,208226
2022-06-24,5.25,187968
2022-06-27,5.3,546585
2022-06-28,5.27,395355
2022-06-29,5.01,1827357
2022-06-30,4.7,1206194
2022-07-01,4.67,1097627
2022-07-04,4.78,503108
2022-07-05,4.72,424350
2022-07-06,4.74,373166
2022-07-07,4.91,397214
2022-07-08,4.97,400521
2022-07-11,5.16,272849
2022-07-12,5.22,332264
2022-07-13,5.2,242455
2022-07-14,5.27,177241
2022-07-15,5.18,79697
2022-07-18,4.95,255246
2022-07-19,4.93,337701
2022-07-20,4.9,348599
2022-07-21,4.91,237585
2022-07-22,4.9,437476
2022-07-25,4.79,273433
2022-07-26,4.69,304634
2022-07-27,4.74,374689
2022-07-28,4.7,345288
2022-07-29,4.6,418770
2022-08-01,4.58,178477
2022-08-02,4.75,208583
2022-08-03,4.82,301149
2022-08-04,4.87,198973
2022-08-05,4.9,68125
2022-08-08,4.76,105728
2022-08-09,4.79,268771
2022-08-10,4.79,69683
2022-08-11,4.76,92736
2022-08-12,4.75,81596
2022-08-15,4.86,120067
2022-08-16,4.93,233612
2022-08-17,5.04,189550
2022-08-18,5.04,170978
2022-08-19,4.92,134808
2022-08-22,4.84,98382
2022-08-23,4.78,153274
2022-08-24,4.7,93739
2022-08-25,4.77,141266
2022-08-26,4.73,447046
2022-08-29,4.76,111890
2022-08-30,5.0,234871
2022-08-31,4.96,131698
2022-09-01,4.97,84833
2022-09-02,5.12,283528
2022-09-05,4.97,222278
2022-09-06,4.85,120386
2022-09-07,4.8,75041
2022-09-08,4.94,76771
2022-09-09,4.99,203521
2022-09-12,5.03,68244
2022-09-13,5.04,78378
2022-09-14,4.91,84497
2022-09-15,5.56,794741
2022-09-16,5.52,386077
2022-09-19,5.32,157806
2022-09-20,5.34,293606
2022-09-21,5.36,201844
2022-09-23,5.32,236691
2022-09-26,5.0,177215
2022-09-27,5.15,271005
2022-09-28,5.29,269493
2022-09-29,5.23,310314
2022-09-30,5.26,237185
2022-10-03,5.1,201147
2022-10-04,5.21,66499
2022-10-05,5.2,131549
2022-10-06,5.22,79511
2022-10-07,5.14,132020
2022-10-10,5.11,65431
2022-10-11,5.13,73621
2022-10-12,5.12,72101
2022-10-13,5.1,67875
2022-10-14,5.15,112879
2022-10-17,5.1,55950
2022-10-18,5.12,86861
2022-10-19,5.11,337582
2022-10-20,5.15,150637
2022-10-21,5.1,175509
2022-10-24,5.1,201877
2022-10-25,5.15,80415
2022-10-26,5.14,110679
2022-10-27,5.22,79822
2022-10-28,5.12,88206
2022-10-31,5.3,193686
2022-11-01,5.45,181399
2022-11-02,5.35,150426
2022-11-03,5.3,163168
2022-11-04,5.35,48912
2022-11-07,5.4,34001
2022-11-08,5.37,84278
2022-11-09,5.31,168713
2022-11-10,5.42,76130
2022-11-11,5.48,170318
2022-11-14,5.49,159328
2022-11-15,5.36,94535
2022-11-16,5.4,168441
2022-11-17,5.31,181797
2022-11-18,5.32,191606
2022-11-21,5.18,333256
2022-11-22,4.94,614992
2022-11-23,4.77,714035
2022-11-24,4.6,784532
2022-11-25,4.59,584636
2022-11-28,4.45,552420
2022-11-29,4.35,1436152
2022-11-30,4.38,486287
2022-12-01,4.44,429812
2022-12-02,4.34,290293
2022-12-05,4.4,177213
2022-12-06,4.3,276355
2022-12-07,4.28,185730
2022-12-08,4.27,240096
2022-12-09,4.25,160303
2022-12-12,4.17,305688
2022-12-13,4.2,234249
2022-12-14,4.21,414713
2022-12-15,4.09,1637217
2022-12-16,4.06,633935
2022-12-19,3.98,406001
2022-12-20,3.96,254059
2022-12-21,3.92,231993
2022-12-22,3.98,237060
2022-12-23,3.99,110879
2022-12-28,3.93,101725
2022-12-29,3.9,128448
2022-12-30,3.9,106358
2023-01-03,3.94,276700
2023-01-04,3.88,128469
2023-01-05,3.95,225406
2023-01-06,3.92,146106
2023-01-09,3.88,204730
2023-01-10,3.95,422364
2023-01-11,4.04,248630
2023-01-12,4.1,270885
2023-01-13,4.1,180713
2023-01-16,4.14,156821
2023-01-17,4.13,141727
2023-01-18,4.06,155650
2023-01-19,4.04,107199
2023-01-20,4.04,145429
2023-01-23,3.96,135384
2023-01-24,3.96,188087
2023-01-25,3.91,289252
2023-01-27,4.09,1073569
2023-01-30,4.0,295897
2023-01-31,4.0,362090
2023-02-01,3.85,421953
2023-02-02,3.86,411927
2023-02-03,4.0,351991
2023-02-06,3.98,142957
2023-02-07,3.9,234959
2023-02-08,3.83,311509
2023-02-09,3.76,150901
2023-02-10,3.88,232775
2023-02-13,3.85,224792
2023-02-14,3.88,159157
2023-02-15,3.85,112910
2023-02-16,3.92,129835
2023-02-17,3.94,115844
2023-02-20,3.99,201705
2023-02-21,3.96,151269
2023-02-22,3.96,120632
2023-02-23,3.95,85045
2023-02-24,3.98,228718
2023-02-27,4.1,204401
2023-02-28,4.18,375638
2023-03-01,4.16,172652
2023-03-02,4.11,75999
2023-03-03,4.13,103583
2023-03-06,4.13,200516
2023-03-07,4.1,121398
2023-03-08,4.03,110778
2023-03-09,4.02,201524
2023-03-10,4.02,145412
2023-03-13,4.03,128041
2023-03-14,4.02,231262
2023-03-15,4.07,104772
2023-03-16,4.04,87333
2023-03-17,4.16,1849469
2023-03-20,4.15,122968
2023-03-21,4.05,1204835
2023-03-22,3.95,303316
2023-03-23,3.92,124498
2023-03-24,4.0,209112
2023-03-27,4.0,101564
2023-03-28,4.06,225574
2023-03-29,4.2,212632
2023-03-30,4.32,619644
2023-03-31,4.14,176801
2023-04-03,4.14,310301
2023-04-04,4.25,238240
2023-04-05,4.25,178044
2023-04-06,4.28,223923
2023-04-11,4.35,472418
2023-04-12,4.42,635320
2023-04-13,4.36,508983
2023-04-14,4.48,569151
2023-04-17,4.48,148206
2023-04-18,4.36,133994
2023-04-19,4.22,123801
2023-04-20,4.38,387771
2023-04-21,4.48,298846
2023-04-24,4.49,668123
2023-04-26,4.4,280887
2023-04-27,4.4,208579
2023-04-28,4.42,137238
2023-05-01,4.46,133576
2023-05-02,4.55,197341
2023-05-03,4.69,394468
2023-05-04,4.66,141511
2023-05-05,4.5,106840
2023-05-08,4.6,167267
2023-05-09,4.62,576533
2023-05-10,4.56,1403477
2023-05-11,4.56,152612
2023-05-12,4.5,757337
2023-05-15,4.4,276295
2023-05-16,4.34,167998
2023-05-17,4.29,228233
2023-05-18,4.31,197068
2023-05-19,4.31,262748
2023-05-22,4.25,279460
2023-05-23,4.31,286934
2023-05-24,4.38,127054
2023-05-25,4.4,2110744
2023-05-26,4.36,131482
2023-05-29,4.74,899901
2023-05-30,4.68,571840
2023-05-31,4.45,345014
2023-06-01,4.53,201288
2023-06-02,4.49,137472
2023-06-05,4.49,201301
2023-06-06,4.45,138630
2023-06-07,4.45,210881
2023-06-08,4.4,183562
2023-06-09,4.36,144945
2023-06-13,4.36,311936
2023-06-14,4.41,333490
2023-06-15,4.35,235970
2023-06-16,4.31,436765
2023-06-19,4.28,391070
2023-06-20,4.3,184922
2023-06-21,4.35,70221
2023-06-22,4.31,203795
2023-06-23,4.2,100183
2023-06-26,4.21,126831
2023-06-27,4.19,199964
2023-06-28,4.2,219642
2023-06-29,4.1,239500
2023-06-30,4.15,362958
2023-07-03,4.07,278282
2023-07-04,4.03,543585
2023-07-05,4.17,318743
2023-07-06,4.09,127919
2023-07-07,4.14,151176
2023-07-10,4.2,155696
2023-07-11,4.26,224641
2023-07-12,4.3,197652
2023-07-13,4.3,189646
2023-07-14,4.22,301809
2023-07-17,4.2,134341
2023-07-18,4.2,113970
2023-07-19,4.18,210424
2023-07-20,4.2,162664
2023-07-21,4.21,351269
2023-07-24,4.22,96193
2023-07-25,4.22,105824
2023-07-26,4.2,114054
2023-07-27,4.28,143872
2023-07-28,4.17,716992
2023-07-31,4.2,128589
2023-08-01,4.22,138634
2023-08-02,4.22,89223
2023-08-03,4.2,254843
2023-08-04,4.14,97803
2023-08-07,4.25,162701
2023-08-08,4.21,125055
2023-08-09,4.08,238659
2023-08-10,4.1,337305
2023-08-11,4.55,717628
2023-08-14,4.45,322603
2023-08-15,4.51,156412
2023-08-16,4.44,279494
2023-08-17,4.39,157432
2023-08-18,4.39,89556
2023-08-21,4.34,113506
2023-08-22,4.57,157209
2023-08-23,4.38,213356
2023-08-24,4.33,100949
2023-08-25,4.23,179691
2023-08-28,4.31,114330
2023-08-29,4.2,70957
2023-08-30,4.21,92072
2023-08-31,4.19,418459
2023-09-01,4.19,54054
2023-09-04,4.12,124080
2023-09-05,4.13,99599
2023-09-06,4.11,120976
2023-09-07,4.05,196949
2023-09-08,4.01,246878
2023-09-11,4.03,226609
2023-09-12,4.45,493423
2023-09-13,4.36,218546
2023-09-14,4.14,384313
2023-09-15,4.13,829763
2023-09-18,4.12,262777
2023-09-19,4.02,207684
2023-09-20,3.98,405408
2023-09-21,4.0,94026
2023-09-22,3.98,78108
2023-09-25,3.96,82937
2023-09-26,3.94,243067
2023-09-27,4.02,148113
2023-09-28,4.02,673578
2023-09-29,4.01,76662
2023-10-02,3.98,105218
2023-10-03,4.01,133846
2023-10-04,4.03,118226
2023-10-05,4.05,62322
2023-10-06,4.02,168089
2023-10-09,4.0,114416
2023-10-10,4.03,92016
2023-10-11,4.11,266724
2023-10-12,4.12,286712
2023-10-13,4.17,83334
2023-10-16,4.15,64570
2023-10-17,4.23,315710
2023-10-18,4.35,164562
2023-10-19,4.3,315727
2023-10-20,4.15,105021
2023-10-23,4.2,272311
2023-10-24,4.04,185830
2023-10-25,4.01,208842
2023-10-26,3.96,222239
2023-10-27,3.85,216070
2023-10-30,3.83,123716
2023-10-31,3.87,117153
2023-11-01,4.01,364950
2023-11-02,3.91,154115
2023-11-03,4.07,211415
2023-11-06,4.05,97129
2023-11-07,4.07,69451
2023-11-08,4.12,291720
2023-11-09,4.11,194704
2023-11-10,4.14,96262
2023-11-13,4.08,135104
2023-11-14,4.13,82456
2023-11-15,4.28,179069
2023-11-16,4.46,265309
2023-11-17,4.36,245130
2023-11-20,4.28,96547
2023-11-21,4.32,77370
2023-11-22,4.33,126955
2023-11-23,4.37,205993
2023-11-24,3.91,334111
2023-11-27,3.69,2565619
2023-11-28,3.26,4542973
2023-11-29,3.45,849249
2023-11-30,3.38,457321
2023-12-01,3.25,284307
2023-12-04,3.34,366789
2023-12-05,3.22,671286
2023-12-06,3.39,248143
2023-12-07,3.22,386248
2023-12-08,3.3,323420
2023-12-11,3.3,417344
2023-12-12,3.31,249124
2023-12-13,3.16,414812
2023-12-14,3.19,501637
2023-12-15,3.12,402307
2023-12-18,3.07,439800
2023-12-19,3.03,583497
2023-12-20,2.95,1040130
2023-12-21,2.9,741106
2023-12-22,2.85,458603
2023-12-27,2.95,178809
2023-12-28,2.97,146231
2023-12-29,2.9,188222
2024-01-02,2.93,156768
2024-01-03,2.81,725366
2024-01-04,2.89,595391
2024-01-05,2.86,354292
2024-01-08,2.76,336057
2024-01-09,2.81,310084
2024-01-10,2.8,398750
2024-01-11,2.8,237817
2024-01-12,2.78,389572
2024-01-15,2.8,51144
2024-01-16,2.89,357396
2024-01-17,2.89,294632
2024-01-18,3.04,1091119
2024-01-19,2.96,310528
2024-01-22,2.95,432810
2024-01-23,2.93,234973
2024-01-24,2.94,413710
2024-01-25,3.03,486654
2024-01-29,3.16,568139
2024-01-30,3.18,512407
2024-01-31,3.72,921456
2024-02-01,3.96,493948
2024-02-02,3.95,384919
2024-02-05,3.91,191856
2024-02-06,3.88,247763
2024-02-07,3.95,366649
2024-02-08,3.92,396733
2024-02-09,3.89,399725
2024-02-12,3.83,219018
2024-02-13,3.74,804249
2024-02-14,3.77,356222
2024-02-15,3.93,315143
2024-02-16,4.1,598345
2024-02-19,4.11,176429
2024-02-20,4.05,361430
2024-02-21,3.94,366388
2024-02-22,4.09,164513
2024-02-23,4.15,203377
2024-02-26,4.12,271136
2024-02-27,4.15,324599
2024-02-28,4.19,204009
2024-02-29,4.41,7054836
2024-03-01,4.29,3031753
2024-03-04,4.25,372981
2024-03-05,4.24,413665
2024-03-06,4.34,898391
2024-03-07,4.31,257792
2024-03-08,4.39,207450
2024-03-11,4.31,153285
2024-03-12,4.28,239273
2024-03-13,4.3,146297
2024-03-14,4.07,376136
2024-03-15,4.14,283975
2024-03-18,4.03,217120
2024-03-19,4.13,428679
2024-03-20,4.12,184188
2024-03-21,4.13,291059
2024-03-22,4.18,149718
2024-03-25,4.11,98078
2024-03-26,4.19,147116
2024-03-27,4.35,347760
2024-03-28,4.45,409491
2024-04-02,4.43,227550
2024-04-03,4.35,139394
2024-04-04,4.32,140788
2024-04-05,4.26,89224
2024-04-08,4.22,216012
2024-04-09,4.26,206749
2024-04-10,4.31,103662
2024-04-11,4.24,84954
2024-04-12,4.2,166692
2024-04-15,4.23,86360
2024-04-16,4.0,315589
2024-04-17,4.02,167847
2024-04-18,4.0,186778
2024-04-19,3.94,114864
2024-04-22,4.09,54996
2024-04-23,3.7,1507904
2024-04-24,3.58,898073
2024-04-26,3.51,482986
2024-04-29,3.63,273613
2024-04-30,3.5,176543
2024-05-01,3.45,170620
2024-05-02,3.47,399604
2024-05-03,3.41,159457
2024-05-06,3.35,312468
2024-05-07,3.37,226316
2024-05-08,3.39,256877
2024-05-09,3.27,172715
2024-05-10,3.29,213304
2024-05-13,3.36,144660
2024-05-14,3.36,215598
2024-05-15,3.4,138001
2024-05-16,3.34,146244
2024-05-17,3.31,450088
2024-05-20,3.26,244667
2024-05-21,3.15,224066
2024-05-22,3.08,239156
2024-05-23,3.16,238360
2024-05-24,3.13,163791
2024-05-27,3.22,140043
2024-05-28,3.19,113605
2024-05-29,3.18,118149
2024-05-30,3.2,485003
2024-05-31,3.27,476669
2024-06-03,3.2,481089
2024-06-04,3.34,227984
2024-06-05,3.47,246239
2024-06-06,3.43,196027
2024-06-07,3.45,126794
2024-06-11,3.33,171140
2024-06-12,3.34,146969
2024-06-13,3.48,266238
2024-06-14,3.46,223706
2024-06-17,3.44,231804
2024-06-18,3.5,243760
2024-06-19,3.6,432936
2024-06-20,3.7,331601
2024-06-21,3.82,362515
2024-06-24,3.82,176787
2024-06-25,3.87,149925
2024-06-26,3.9,197938
2024-06-27,3.98,227272
2024-06-28,3.94,288112
2024-07-01,3.71,138422
2024-07-02,3.82,110780
2024-07-03,3.7,111020
2024-07-04,3.58,222351
2024-07-05,3.61,50393
2024-07-08,3.62,47119
2024-07-09,3.59,47863
2024-07-10,3.54,147629
2024-07-11,3.95,352462
2024-07-12,4.01,816570
2024-07-15,3.92,1250980
2024-07-16,3.95,164175
2024-07-17,4.04,104694
2024-07-18,4.25,496902
2024-07-19,4.38,551809
2024-07-22,4.4,548858
2024-07-23,4.36,234045
2024-07-24,4.39,256803
2024-07-25,4.31,130174
2024-07-26,4.21,78896
2024-07-29,4.34,140394
2024-07-30,4.32,151359
2024-07-31,4.3,192103
2024-08-01,4.21,221373
2024-08-02,4.24,197634
2024-08-05,3.99,162734
2024-08-06,4.09,110227
2024-08-07,4.07,76006
2024-08-08,4.14,203155
2024-08-09,4.2,65158
2024-08-12,4.19,146599
2024-08-13,4.18,43664
2024-08-14,4.17,82596
2024-08-15,4.21,111141
2024-08-16,4.18,119048
2024-08-19,4.13,110076
2024-08-20,4.11,47880
2024-08-21,4.1,151830
2024-08-22,4.1,67120
2024-08-23,3.98,249315
2024-08-26,3.99,150976
2024-08-27,4.06,317359
2024-08-28,4.01,54463
2024-08-29,4.02,261206
2024-08-30,4.08,97011
2024-09-02,4.21,135518
2024-09-03,4.18,93183
2024-09-04,4.18,165672
2024-09-05,4.15,129920
2024-09-06,4.1,146049
2024-09-09,4.08,45268
2024-09-10,4.08,134266
2024-09-11,4.11,63416
2024-09-12,4.19,70600
2024-09-13,4.2,86468
2024-09-16,4.1753,97025
2024-09-17,4.1261,178725
2024-09-18,4.4511,1144897
2024-09-19,4.4314,372089
2024-09-20,4.4314,
2024-09-23,3.65,1743288
2024-09-24,3.63,1970612
2024-09-25,3.6,557959
2024-09-26,3.68,554060
2024-09-27,3.68,237484
2024-09-30,3.68,264614
2024-10-01,3.63,439027
2024-10-02,3.63,258136
2024-10-03,3.5,441775
2024-10-04,3.54,383569
2024-10-07,3.65,239463
2024-10-08,3.79,1256626
2024-10-09,3.82,278039
2024-10-10,3.84,139652
2024-10-11,3.87,140616
2024-10-14,3.87,2660203
2024-10-15,3.91,430097
2024-10-16,4.02,1076662
2024-10-17,4.09,205005
2024-10-18,4.09,1690165
2024-10-21,3.96,300741
2024-10-22,3.93,125124
2024-10-23,3.91,166616
2024-10-24,3.96,97655
2024-10-25,3.94,128266
2024-10-28,3.95,97339
2024-10-29,3.8,328594
2024-10-30,3.7,140713
2024-10-31,3.62,170116
2024-11-01,3.61,106699
2024-11-04,3.56,89180
2024-11-05,3.49,82695
2024-11-06,3.65,138509
2024-11-07,3.68,107072
2024-11-08,3.76,236275
2024-11-11,3.77,198837
2024-11-12,3.85,271216
2024-11-13,3.86,248547
2024-11-14,3.73,217684
2024-11-15,3.66,101449
2024-11-18,3.66,66458
2024-11-19,3.6,96521
2024-11-20,3.58,159951
2024-11-21,3.63,266345
2024-11-22,3.66,79281
2024-11-25,3.68,228749
2024-11-26,3.68,112630
2024-11-27,3.77,154588
2024-11-28,3.9,353993
2024-11-29,3.69,763032
2024-12-02,4.05,640289
2024-12-03,4.18,553294
2024-12-04,4.24,6616462
2024-12-05,4.3,510903
2024-12-06,4.25,2154527
2024-12-09,4.28,189195
2024-12-10,4.27,441619
2024-12-11,4.29,571366
2024-12-12,4.26,117722
2024-12-13,4.21,257903
2024-12-16,4.18,257881
2024-12-17,4.26,194299
2024-12-18,4.23,199435
2024-12-19,4.14,121014
2024-12-20,4.04,313703
2024-12-23,4.19,157982
2024-12-24,4.24,68198
2024-12-27,4.32,224506
2024-12-30,4.33,117692
2024-12-31,4.25,52725
2025-01-02,4.3,50816
2025-01-03,4.38,186906
2025-01-06,4.43,465586
2025-01-07,4.5,698472
2025-01-08,4.38,576156
2025-01-09,4.5,1302030
2025-01-10,4.61,591209
2025-01-13,4.59,540037
2025-01-14,4.7,512526
2025-01-15,4.7,288495
2025-01-16,4.6,166038
2025-01-17,4.58,110153
2025-01-20,4.53,78937
2025-01-21,4.58,58695
2025-01-22,4.5,190239
2025-01-23,4.5,2248986
2025-01-24,4.54,164064
2025-01-28,4.59,107245
2025-01-29,4.57,176247
2025-01-30,4.59,402434
2025-01-31,4.64,88400
2025-02-03,4.53,97771
2025-02-04,4.54,193864
2025-02-05,4.59,145643
2025-02-06,4.67,390260
2025-02-07,5.0,844794
2025-02-10,4.86,281405
2025-02-11,4.8,940308
2025-02-12,4.66,256159
2025-02-13,4.7,127466
2025-02-14,4.71,251431
2025-02-17,4.97,810092
2025-02-18,4.86,1607801
2025-02-19,4.94,414446
2025-02-20,4.94,259967
2025-02-21,4.87,110230
2025-02-24,4.82,90333
2025-02-25,4.81,277140
2025-02-26,4.78,208715
2025-02-27,4.79,64530
2025-02-28,4.56,293146
2025-03-03,4.59,100493
2025-03-04,4.62,676407
2025-03-05,4.72,217108
2025-03-06,4.75,149627
2025-03-07,4.59,170843
2025-03-10,4.61,183275
2025-03-11,4.53,201477
2025-03-12,4.5,329081
2025-03-13,4.5,151154
2025-03-14,4.5,161040
2025-03-17,4.78,198896
2025-03-18,4.9,277962
2025-03-19,4.92,119087
2025-03-20,5.03,230633
2025-03-21,4.98,576204
2025-03-24,4.98,116651
2025-03-25,4.86,527674
2025-03-26,4.83,145585
2025-03-27,4.78,90240
2025-03-28,4.96,236285
2025-03-31,4.97,255436
2025-04-01,5.1,354221
2025-04-02,5.02,2712856
2025-04-03,5.17,522204
2025-04-04,5.0,769128
2025-04-07,4.98,459656
2025-04-08,5.11,420660
2025-04-09,5.13,830805
2025-04-10,5.24,845285
2025-04-11,5.24,353877
2025-04-14,5.26,318372
2025-04-15,5.41,1136977
2025-04-16,4.6,1539877
2025-04-17,5.01,756368
2025-04-22,4.93,375501
2025-04-23,4.92,215931
2025-04-24,4.98,298682
2025-04-28,4.98,323493
2025-04-29,5.13,1080860
2025-04-30,5.11,133828
2025-05-01,5.11,201785
2025-05-02,5.22,238640
2025-05-05,5.09,98762
2025-05-06,5.14,325143
2025-05-07,5.29,424612
2025-05-08,5.24,167338
2025-05-09,5.24,151551
2025-05-12,5.1,139611
2025-05-13,5.02,309881
2025-05-14,4.98,202543
2025-05-15,4.91,76208
2025-05-16,4.88,162930
2025-05-19,4.78,137325
2025-05-20,4.73,205282
2025-05-21,4.65,194224
2025-05-22,4.6,272608
2025-05-23,4.49,560038
2025-05-26,4.5,300465
2025-05-27,4.51,199659
2025-05-28,4.56,585716
2025-05-29,4.51,505589
2025-05-30,4.66,540919
2025-06-02,4.51,225692
2025-06-03,4.65,561322
2025-06-04,4.68,212923
2025-06-05,4.53,188243
2025-06-06,4.51,230848
2025-06-10,4.45,250990
2025-06-11,4.53,590004
2025-06-12,4.51,201597
2025-06-13,4.49,194923
2025-06-16,4.44,99524
2025-06-17,4.4,238610
2025-06-18,4.33,92780
2025-06-19,4.26,219210
2025-06-20,4.2,331254
2025-06-23,4.11,355665
2025-06-24,4.2,867923
2025-06-25,4.22,203264
2025-06-26,4.18,254673
2025-06-27,4.1,146396
2025-06-30,4.11,236168
2025-07-01,4.16,129089
2025-07-02,4.16,174167
2025-07-03,4.11,139148
2025-07-04,4.07,126302
2025-07-07,3.97,195107
2025-07-08,3.95,287590
2025-07-09,3.96,198942
2025-07-10,3.91,199733
2025-07-11,3.91,378602
2025-07-14,3.92,168044
2025-07-15,3.93,80880
2025-07-16,3.92,144008
2025-07-17,3.92,273726
2025-07-18,3.74,511459
2025-07-21,3.64,491259
2025-07-22,3.56,240486
2025-07-23,3.58,517369
2025-07-24,3.53,198499
2025-07-25,3.5,548435
2025-07-28,3.47,343705
2025-07-29,3.41,163825
2025-07-30,3.41,338160
2025-07-31,3.44,180614
2025-08-01,3.39,165125
2025-08-04,3.43,206819
2025-08-05,3.52,302287
2025-08-06,3.57,299941
2025-08-07,3.72,493427
2025-08-08,3.66,438488
2025-08-11,3.77,317798
2025-08-12,3.66,325119
2025-08-13,3.71,285749
2025-08-14,3.81,274753
2025-08-15,3.81,331998
2025-08-18,3.84,881960
2025-08-19,3.97,487918
2025-08-20,3.85,400397
2025-08-21,3.92,197035
2025-08-22,3.95,390514
2025-08-25,3.94,279463
2025-08-26,3.91,455174
2025-08-27,3.98,224713
2025-08-28,3.9,349930
2025-08-29,3.84,591555
2025-09-01,3.81,197786
2025-09-02,3.75,234442
2025-09-03,3.66,169464
2025-09-04,3.73,320018
2025-09-05,3.7,166001
2025-09-08,3.71,434928
2025-09-09,3.61,108650
2025-09-10,3.61,89816
2025-09-11,3.85,405613
2025-09-12,4.27,964322
2025-09-15,4.18,429581
2025-09-16,4.12,242617
2025-09-17,3.97,195079
2025-09-18,4.0,193094
2025-09-19,3.82,547692
2025-09-22,3.87,533606
2025-09-23,3.87,281878
2025-09-24,3.84,792816
2025-09-25,3.89,198830
2025-09-26,3.87,108536
2025-09-29,3.95,134914
2025-09-30,4.03,247802
2025-10-01,3.94,254268
2025-10-02,4.0,99568
2025-10-03,4.01,169808
2025-10-06,3.79,346359
2025-10-07,3.72,253061
2025-10-08,3.74,302218
2025-10-09,3.89,260042
2025-10-10,3.88,145474
2025-10-13,3.87,166279
2025-10-14,3.92,216389
2025-10-15,4.16,630606
2025-10-16,3.96,291144
2025-10-17,3.84,131710
2025-10-20,3.85,103893
2025-10-21,3.88,104795
2025-10-22,3.86,105160
2025-10-23,3.94,264778
2025-10-24,3.83,119986
2025-10-27,3.86,103442
2025-10-28,3.81,83128
2025-10-29,3.79,70546
2025-10-30,3.82,268105
2025-10-31,3.88,212441
2025-11-03,3.82,54279
2025-11-04,3.9,141976
2025-11-05,3.69,215745
2025-11-06,3.75,115238
2025-11-07,3.65,103466
2025-11-10,3.67,79178
2025-11-11,3.68,60221
2025-11-12,3.63,263376
2025-11-13,3.58,143981
2025-11-14,3.57,397654
2025-11-17,3.61,227146
2025-11-18,3.51,349085
2025-11-19,3.55,175364
2025-11-20,3.74,5286158
2025-11-21,3.87,298638
2025-11-24,3.88,350012
2025-11-25,4.0,421197
2025-11-26,4.16,3453938
2025-11-27,4.1,4621489
2025-11-28,4.49,810025
2025-12-01,4.58,494094
2025-12-02,4.78,803050
2025-12-03,4.87,721506
2025-12-04,5.0,1270276
2025-12-05,4.87,376226
2025-12-08,4.76,245853
2025-12-09,4.75,298336
2025-12-10,4.79,619142
2025-12-11,4.79,123303
2025-12-12,4.85,177898
2025-12-15,4.96,245018
2025-12-16,4.99,221394
2025-12-17,5.01,394641
2025-12-18,5.0,313241
2025-12-19,5.15,957268
2025-12-22,5.2,356318
2025-12-23,5.1,155194
2025-12-24,5.07,1417886
2025-12-29,5.15,225188
2025-12-30,4.96,156254
2025-12-31,4.99,79629
2026-01-02,4.93,118609
2026-01-05,4.89,188375
2026-01-06,4.88,246445
2026-01-07,4.99,162391
2026-01-08,4.97,123634
2026-01-09,4.94,111735
2026-01-12,5.03,201015
2026-01-13,5.01,146590
2026-01-14,5.05,223606
2026-01-15,4.94,271937
2026-01-16,4.92,292469
2026-01-19,5.0,167575
2026-01-20,5.04,827378
2026-01-21,4.91,200816
2026-01-22,5.0,344599
2026-01-23,4.99,243352
2026-01-27,4.96,174615
2026-01-28,4.73,312671
2026-01-29,4.64,799182
2026-01-30,4.44,1559503
2026-02-02,4.44,386217
2026-02-03,4.45,452953
2026-02-04,4.35,213330
2026-02-05,4.28,143950
2026-02-06,4.2,819071
2026-02-09,4.35,317152
2026-02-10,4.24,400382
2026-02-11,4.22,473085
2026-02-12,4.1,284555
2026-02-13,4.0,180420
2026-02-16,4.08,221537
2026-02-17,3.94,1304386
2026-02-18,3.71,517521
2026-02-19,3.71,185333
2026-02-20,3.74,217631
2026-02-23,3.9,343795
2026-02-24,3.79,282134
2026-02-25,3.84,220099
2026-02-26,3.99,296861
2026-02-27,4.03,207459
2026-03-02,3.96,511984
2026-03-03,3.86,302853
2026-03-04,3.77,310206
2026-03-05,3.73,194711
2026-03-06,3.96,539065
2026-03-09,3.83,404409
2026-03-10,3.93,404719
2026-03-11,3.99,510309
2026-03-12,3.85,327817
2026-03-13,3.81,173446
2026-03-16,3.86,328426
2026-03-17,3.87,374463
2026-03-18,3.96,271964
2026-03-19,3.83,314095
2026-03-20,3.86,1275088
2026-03-23,3.81,577590
2026-03-24,3.77,348245
2026-03-25,3.74,167984
2026-03-26,3.74,477763
2026-03-27,3.81,443299
2026-03-30,3.8,206497
2026-03-31,3.87,305950
2026-04-01,3.96,230788
2026-04-02,3.91,170598
2026-04-07,3.9,579243
2026-04-08,4.0,523560
2026-04-09,3.73,584360
2026-04-10,3.66,365381
2026-04-13,3.6,655796
2026-04-14,3.69,275095
2026-04-15,3.78,388664
2026-04-16,3.72,168624
2026-04-17,3.73,243409
2026-04-20,3.74,351271
2026-04-21,3.75,296383
2026-04-22,3.76,352694
2026-04-23,3.79,709446
2026-04-24,3.75,268203
2026-04-27,3.85,113468
2026-04-28,3.8,333963
2026-04-29,3.8,584694
2026-04-30,3.81,118788
2026-05-01,3.77,439896
2026-05-04,3.8,298350
2026-05-05,3.82,125998
2026-05-06,3.88,216131
2026-05-07,4.05,324939
2026-05-08,4.02,192323
2026-05-11,3.85,265035
2026-05-12,3.76,300463
2026-05-13,3.54,266052
2026-05-14,3.57,271918
2026-05-15,3.61,174231
2026-05-18,3.6,153483
2026-05-19,3.62,180586
2026-05-20,3.6,108629
2026-05-21,3.68,206388
2026-05-22,3.85,285787
2026-05-25,3.75,720123
2026-05-26,3.55,403481
2026-05-27,3.62,334094
2026-05-28,3.9,851915
2026-05-29,3.93,872143
2026-06-01,3.97,739550
2026-06-02,3.79,551147
2026-06-03,3.72,750787
2026-06-04,3.82,514908
2026-06-05,3.86,299639
2026-06-09,3.89,274146
2026-06-10,3.9,2053534
2026-06-11,3.81,1453111
2026-06-12,3.93,1259371
2026-06-15,3.91,650393
2026-06-16,3.98,2683777
2026-06-17,3.97,846595
2026-06-18,3.83,470892
2026-06-19,4.01,509989
2026-06-22,3.98,2990052
2026-06-23,3.91,326193
2026-06-24,3.82,538316
2026-06-25,3.81,302129
2026-06-26,3.82,350422
2026-06-29,3.82,291775
2026-06-30,3.68,1257130
2026-07-01,3.66,870255
2026-07-02,3.65,447841
2026-07-03,3.68,430609
2026-07-06,3.96,805689
2026-07-07,3.88,545090
2026-07-08,3.93,376307
2026-07-09,3.95,595138
2026-07-10,3.91,280631
2026-07-13,3.84,423096
2026-07-14,3.8,328236
2026-07-15,3.94,573916
2026-07-16,3.91,207277
2026-07-17,3.89,233357
2026-07-20,3.89,873977
2026-07-21,4.1,663913
2026-07-22,4.28,1218240
2026-07-23,4.29,586288
2026-07-24,4.41,1392764
2026-07-27,4.43,539391
2026-07-28,4.29,524638
2026-07-29,4.4,565039
2026-07-30,4.27,313338
2026-07-31,4.19,213092
2026-08-03,4.19,460766
2026-08-04,4.18,194577
2026-08-05,4.16,436068
2026-08-06,4.2,406052
2026-08-07,4.12,376893
2026-08-10,4.21,525821
2026-08-11,4.25,323143
2026-08-12,4.16,518241
2026-08-13,4.28,2175017
2026-08-14,4.25,463721
2026-08-17,4.31,327404
2026-08-18,4.43,478217
2026-08-19,4.5,1123713
2026-08-20,4.48,472755
2026-08-21,4.48,576101
2026-08-24,4.49,531222
2026-08-25,4.59,403250
2026-08-26,4.53,584215
2026-08-27,4.56,436313
2026-08-28,4.6,646832
2026-08-31,4.5,687638
2026-09-01,4.54,259185
2026-09-02,4.82,1552382
2026-09-03,4.9,555220
2026-09-04,4.89,1065733
2026-09-07,4.9,654685
2026-09-08,5.04,3685775
2026-09-09,4.67,1124228
2026-09-10,4.6,463367
2026-09-11,4.58,367953
2026-09-14,4.59,444304
2026-09-15,4.55,364313
2026-09-16,4.45,297971
2026-09-17,4.49,232619
2026-09-18,4.44,846224
2026-09-21,4.41,324235
2026-09-22,4.39,406548
2026-09-23,4.38,311212
2026-09-24,4.37,345142
2026-09-25,4.31,293040
2026-09-28,4.26,376163
