datum,schluss,volumen
2008-01-02,20.101,
2008-01-03,20.922,
2008-01-04,20.5794,
2008-01-07,20.5298,
2008-01-08,21.3216,
2008-01-09,21.1311,
2008-01-10,20.9737,
2008-01-11,21.0425,
2008-01-14,21.2919,
2008-01-15,20.6648,
2008-01-16,20.3808,
2008-01-17,20.2866,
2008-01-18,20.656,
2008-01-21,20.656,
2008-01-22,20.3217,
2008-01-23,19.7975,
2008-01-24,20.2635,
2008-01-25,20.4496,
2008-01-28,20.4568,
2008-01-29,21.3005,
2008-01-30,21.0322,
2008-01-31,21.6359,
2008-02-01,21.4106,
2008-02-04,21.3861,
2008-02-05,20.9043,
2008-02-06,21.2254,
2008-02-07,21.6988,
2008-02-08,22.1355,
2008-02-11,22.1555,
2008-02-12,22.0912,
2008-02-13,22.0406,
2008-02-14,22.1841,
2008-02-15,22.239,
2008-02-18,22.2398,
2008-02-19,23.0595,
2008-02-20,23.0035,
2008-02-21,23.7027,
2008-02-22,23.453,
2008-02-25,23.2712,
2008-02-26,23.5388,
2008-02-27,24.3849,
2008-02-28,24.9335,
2008-02-29,24.7439,
2008-03-03,25.2834,
2008-03-04,24.8892,
2008-03-05,25.613,
2008-03-06,25.2415,
2008-03-07,25.3243,
2008-03-10,24.5566,
2008-03-11,24.1978,
2008-03-12,24.6429,
2008-03-13,24.6147,
2008-03-14,24.5429,
2008-03-17,23.3143,
2008-03-18,23.7185,
2008-03-19,23.0125,
2008-03-20,22.389,
2008-03-25,22.9788,
2008-03-26,23.2167,
2008-03-27,24.0689,
2008-03-28,23.7601,
2008-03-31,23.5685,
2008-04-01,23.3779,
2008-04-02,23.4115,
2008-04-03,23.4108,
2008-04-04,23.7286,
2008-04-07,23.9615,
2008-04-08,23.6215,
2008-04-09,24.2846,
2008-04-10,23.9827,
2008-04-11,23.9682,
2008-04-14,23.7477,
2008-04-15,23.5193,
2008-04-16,24.0928,
2008-04-17,23.8733,
2008-04-18,23.7759,
2008-04-21,23.4958,
2008-04-22,23.9478,
2008-04-23,23.7868,
2008-04-24,23.4753,
2008-04-25,23.696,
2008-04-28,23.7398,
2008-04-29,23.3435,
2008-04-30,23.2074,
2008-05-01,22.4513,
2008-05-02,23.0203,
2008-05-06,23.4274,
2008-05-07,23.098,
2008-05-08,22.702,
2008-05-09,22.407,
2008-05-12,22.6202,
2008-05-13,22.8594,
2008-05-14,22.6328,
2008-05-15,22.9857,
2008-05-16,23.3478,
2008-05-19,22.9655,
2008-05-20,22.9442,
2008-05-21,22.7675,
2008-05-22,22.3273,
2008-05-23,22.5112,
2008-05-27,22.3651,
2008-05-28,22.0881,
2008-05-29,21.3342,
2008-05-30,21.6052,
2008-06-02,21.533,
2008-06-03,21.4474,
2008-06-04,21.3359,
2008-06-05,21.361,
2008-06-06,21.6515,
2008-06-09,21.6253,
2008-06-10,21.5916,
2008-06-11,21.6111,
2008-06-12,21.5572,
2008-06-13,21.6443,
2008-06-16,21.8623,
2008-06-17,22.0207,
2008-06-18,22.4362,
2008-06-19,22.2994,
2008-06-20,22.659,
2008-06-23,22.5154,
2008-06-24,22.2765,
2008-06-25,22.1092,
2008-06-26,22.5089,
2008-06-27,22.638,
2008-06-30,22.6183,
2008-07-01,22.7575,
2008-07-02,23.1189,
2008-07-03,22.6727,
2008-07-04,22.51,
2008-07-07,22.8685,
2008-07-08,21.9196,
2008-07-09,22.3601,
2008-07-10,22.8076,
2008-07-11,22.9527,
2008-07-14,22.829,
2008-07-15,22.2423,
2008-07-16,21.7549,
2008-07-17,22.0076,
2008-07-18,21.5645,
2008-07-21,21.6872,
2008-07-22,21.6558,
2008-07-23,21.543,
2008-07-24,20.9899,
2008-07-25,21.0598,
2008-07-28,21.3407,
2008-07-29,20.9953,
2008-07-30,21.1815,
2008-07-31,21.2708,
2008-08-01,20.8646,
2008-08-04,20.2646,
2008-08-05,20.1933,
2008-08-06,20.2702,
2008-08-07,20.3723,
2008-08-08,19.8331,
2008-08-11,19.6674,
2008-08-12,19.2557,
2008-08-13,19.8346,
2008-08-14,19.5999,
2008-08-15,19.6409,
2008-08-18,19.4652,
2008-08-19,20.0521,
2008-08-20,19.991,
2008-08-21,20.8934,
2008-08-22,20.4109,
2008-08-26,20.105,
2008-08-27,20.3328,
2008-08-28,20.0162,
2008-08-29,19.9284,
2008-09-01,19.7,
2008-09-02,19.4825,
2008-09-03,19.5387,
2008-09-04,19.4296,
2008-09-05,18.8137,
2008-09-08,18.8531,
2008-09-09,18.6028,
2008-09-10,18.7717,
2008-09-11,18.8288,
2008-09-12,19.3138,
2008-09-15,18.625,
2008-09-16,18.3196,
2008-09-17,18.0445,
2008-09-18,18.0464,
2008-09-19,18.5153,
2008-09-22,18.8583,
2008-09-23,18.3922,
2008-09-24,18.2899,
2008-09-25,18.3749,
2008-09-26,18.127,
2008-09-29,17.4356,
2008-09-30,17.2572,
2008-10-01,17.0063,
2008-10-02,16.1343,
2008-10-03,16.3992,
2008-10-06,15.5308,
2008-10-07,15.7326,
2008-10-08,14.9464,
2008-10-09,15.3052,
2008-10-10,14.2567,
2008-10-13,14.8317,
2008-10-14,15.0214,
2008-10-15,14.0687,
2008-10-16,13.5396,
2008-10-17,13.8766,
2008-10-20,13.4555,
2008-10-21,13.0097,
2008-10-22,12.3795,
2008-10-23,12.2511,
2008-10-24,11.8981,
2008-10-27,12.4888,
2008-10-28,12.8568,
2008-10-29,13.8095,
2008-10-30,12.7934,
2008-10-31,12.5706,
2008-11-03,12.6503,
2008-11-04,13.2739,
2008-11-05,12.7642,
2008-11-06,12.2077,
2008-11-07,11.8672,
2008-11-10,12.1077,
2008-11-11,11.7081,
2008-11-12,11.6863,
2008-11-13,11.8133,
2008-11-14,11.9311,
2008-11-17,11.633,
2008-11-18,11.7997,
2008-11-19,11.4348,
2008-11-20,11.0762,
2008-11-21,10.9766,
2008-11-24,11.4462,
2008-11-25,11.4499,
2008-11-26,11.5313,
2008-11-27,11.5311,
2008-11-28,11.2498,
2008-12-01,11.0018,
2008-12-02,10.8076,
2008-12-03,10.3968,
2008-12-04,10.1239,
2008-12-05,9.5173,
2008-12-08,9.9418,
2008-12-09,9.8167,
2008-12-10,10.0507,
2008-12-11,10.2736,
2008-12-12,9.8075,
2008-12-15,9.7091,
2008-12-16,9.5367,
2008-12-17,9.6547,
2008-12-18,9.4482,
2008-12-19,9.6863,
2008-12-22,9.864,
2008-12-23,9.6392,
2008-12-24,9.5354,
2008-12-29,9.5289,
2008-12-30,9.6229,
2008-12-31,10.122,
2009-01-02,10.58,
2009-01-05,10.49,
2009-01-06,10.76,1300
2009-01-07,10.66,5950
2009-01-08,10.39,1750
2009-01-09,10.65,2500
2009-01-12,10.15,
2009-01-13,10.22,105952
2009-01-14,10.07,
2009-01-15,10.17,
2009-01-16,10.13,52726
2009-01-19,10.13,
2009-01-20,10.06,
2009-01-21,9.55,58726
2009-01-22,9.36,76821
2009-01-23,9.66,210032
2009-01-26,10.24,15105
2009-01-27,9.64,15805
2009-01-28,9.92,80956
2009-01-29,9.63,2705
2009-01-30,9.46,6125
2009-02-02,9.59,89246
2009-02-03,9.99,
2009-02-04,10.23,46670
2009-02-05,9.89,3920
2009-02-06,10.32,
2009-02-09,10.32,97625
2009-02-10,10.0,45830
2009-02-11,9.88,255404
2009-02-12,9.88,
2009-02-13,9.84,128852
2009-02-16,9.56,
2009-02-17,9.28,125852
2009-02-18,9.26,63033
2009-02-19,9.46,39175
2009-02-20,9.08,43775
2009-02-23,9.2,814446
2009-02-24,9.31,98463
2009-02-25,9.52,2034
2009-02-26,9.78,33746
2009-02-27,9.54,
2009-03-02,9.36,5400
2009-03-03,9.57,8650
2009-03-04,10.12,
2009-03-05,9.91,6200
2009-03-06,9.98,134
2009-03-09,9.84,1400
2009-03-10,10.09,27700
2009-03-11,9.91,11000
2009-03-12,9.79,5000
2009-03-13,9.89,274571
2009-03-16,10.17,119104
2009-03-17,10.16,3595
2009-03-18,10.11,15941
2009-03-19,10.54,79175
2009-03-20,10.63,15490
2009-03-23,10.67,181048
2009-03-24,10.39,381750
2009-03-25,10.52,376440
2009-03-26,10.76,106934
2009-03-27,10.61,110614
2009-03-30,10.32,33857
2009-03-31,10.51,35700
2009-04-01,10.46,2520
2009-04-02,10.89,175679
2009-04-03,11.15,17160
2009-04-06,11.17,45480
2009-04-07,11.38,22888
2009-04-08,11.34,22634
2009-04-09,11.69,13742
2009-04-14,11.81,24693
2009-04-15,12.18,847
2009-04-16,12.02,540650
2009-04-17,12.2,34571
2009-04-20,11.7,51534
2009-04-21,11.56,124927
2009-04-22,11.6,5592
2009-04-23,11.38,9663
2009-04-24,11.52,210683
2009-04-27,11.27,6510
2009-04-28,10.97,1505
2009-04-29,11.37,204417
2009-04-30,11.51,43808
2009-05-01,11.89,86661
2009-05-05,11.87,14216
2009-05-06,12.33,106677
2009-05-07,12.39,759765
2009-05-08,12.26,82647
2009-05-11,12.1,276896
2009-05-12,12.24,188935
2009-05-13,11.78,74729
2009-05-14,11.7,367394
2009-05-15,11.75,22585
2009-05-18,11.88,85241
2009-05-19,11.89,285774
2009-05-20,11.96,219666
2009-05-21,11.53,8644
2009-05-22,11.77,134689
2009-05-26,11.89,45098
2009-05-27,11.82,11224
2009-05-28,11.94,20665
2009-05-29,12.19,34875
2009-06-01,12.73,27461
2009-06-02,12.67,33575
2009-06-03,12.47,25000
2009-06-04,12.71,138518
2009-06-05,12.77,227776
2009-06-08,12.88,16420
2009-06-09,13.23,24245
2009-06-10,13.3,48451
2009-06-11,13.79,27536
2009-06-12,13.61,19705
2009-06-15,12.9,9455
2009-06-16,12.91,95122
2009-06-17,12.91,193780
2009-06-18,12.95,30499
2009-06-19,13.09,9000
2009-06-22,12.55,27072
2009-06-23,12.55,165910
2009-06-24,13.12,5580
2009-06-25,13.36,1362
2009-06-26,13.19,9200
2009-06-29,13.17,2950
2009-06-30,12.78,24204
2009-07-01,13.33,73331
2009-07-02,13.1,2400
2009-07-03,13.1,
2009-07-06,12.87,8385
2009-07-07,12.87,
2009-07-08,12.42,12304
2009-07-09,12.51,230
2009-07-10,12.49,5733
2009-07-13,12.49,
2009-07-14,12.85,34
2009-07-15,13.33,34840
2009-07-16,13.4,15531
2009-07-17,13.63,62775
2009-07-20,13.75,9790
2009-07-21,13.89,31950
2009-07-22,13.95,72769
2009-07-23,14.17,70038
2009-07-24,14.25,2139530
2009-07-27,14.48,83523
2009-07-28,14.16,434095
2009-07-29,13.95,67295
2009-07-30,14.56,39468
2009-07-31,14.9,36400
2009-08-03,15.56,218301
2009-08-04,15.62,42940
2009-08-05,16.34,102773
2009-08-06,15.66,2116140
2009-08-07,16.01,68816
2009-08-10,15.94,23911
2009-08-11,15.57,47345
2009-08-12,15.76,11151
2009-08-13,16.45,287696
2009-08-14,15.81,19682
2009-08-17,15.4,12906
2009-08-18,15.57,88736
2009-08-19,15.22,63591
2009-08-20,15.36,3320
2009-08-21,15.75,8821
2009-08-24,15.87,8480
2009-08-25,15.85,6438
2009-08-26,15.61,17300
2009-08-27,15.56,11119
2009-08-28,15.95,6276
2009-09-01,15.43,24414
2009-09-02,15.42,81301
2009-09-03,15.43,15720
2009-09-04,15.36,22900
2009-09-07,15.58,17317
2009-09-08,16.02,11400
2009-09-09,15.77,12000
2009-09-10,15.41,11555
2009-09-11,15.37,4194
2009-09-14,15.04,35600
2009-09-15,15.18,6150
2009-09-16,15.66,5215
2009-09-17,15.94,28387
2009-09-18,15.94,
2009-09-21,15.43,7961
2009-09-22,15.53,3219
2009-09-23,15.35,84625
2009-09-24,14.9,5520
2009-09-25,14.94,14289
2009-09-28,14.92,199741
2009-09-29,15.03,64355
2009-09-30,15.37,1800
2009-10-01,15.08,17053
2009-10-02,14.86,26846
2009-10-05,14.71,4715
2009-10-06,15.26,4000
2009-10-07,15.39,800
2009-10-08,15.95,37184
2009-10-09,15.78,1833
2009-10-12,15.9,490
2009-10-13,15.52,37803
2009-10-14,15.6,19651
2009-10-15,15.74,2600
2009-10-16,15.69,33640
2009-10-19,16.14,40137
2009-10-20,16.13,64155
2009-10-21,16.5,127371
2009-10-22,16.65,106483
2009-10-23,16.54,89741
2009-10-26,16.67,23582
2009-10-27,16.57,2500
2009-10-28,16.03,11140
2009-10-29,16.51,17633
2009-10-30,16.15,21862
2009-11-02,16.19,46500
2009-11-03,16.08,29912
2009-11-04,16.27,11220
2009-11-05,16.24,15315
2009-11-06,15.95,9053
2009-11-09,15.55,50050
2009-11-10,15.97,39409
2009-11-11,16.12,183305
2009-11-12,15.88,32426
2009-11-13,15.94,12934
2009-11-16,16.53,23455
2009-11-17,16.7,18503
2009-11-18,16.76,22007
2009-11-19,16.52,32722
2009-11-20,16.61,36949
2009-11-23,16.88,42870
2009-11-24,16.52,8845
2009-11-25,16.8,32055
2009-11-26,16.58,3430
2009-11-27,16.47,20158
2009-11-30,16.7,77444
2009-12-01,17.11,165706
2009-12-02,17.3,21764
2009-12-03,17.27,26708
2009-12-04,17.12,102166
2009-12-07,16.94,24705
2009-12-08,16.96,61717
2009-12-09,17.1,103251
2009-12-10,16.93,8600
2009-12-11,17.1,28366
2009-12-14,17.2,5220
2009-12-15,17.11,7106
2009-12-16,17.59,13072
2009-12-17,17.31,28578
2009-12-18,17.17,6745
2009-12-21,17.49,36378
2009-12-22,17.34,6163
2009-12-23,17.63,13319
2009-12-24,17.9,9460
2009-12-29,18.12,113977
2009-12-30,18.11,38905
2009-12-31,18.11,
2010-01-04,18.3,71034
2010-01-05,18.35,192877
2010-01-06,19.06,36911
2010-01-07,18.56,23577
2010-01-08,18.21,4692
2010-01-11,18.42,99754
2010-01-12,18.09,348807
2010-01-13,18.21,73639
2010-01-14,18.45,49678
2010-01-15,18.2,40651
2010-01-18,18.29,29037
2010-01-19,18.35,152749
2010-01-20,17.95,69833
2010-01-21,17.75,76790
2010-01-22,17.84,39455
2010-01-25,17.87,23068
2010-01-26,17.72,14375
2010-01-27,17.32,52271
2010-01-28,16.73,15383
2010-01-29,16.52,156271
2010-02-01,16.59,34325
2010-02-02,16.62,20778
2010-02-03,16.39,11667
2010-02-04,15.76,13140
2010-02-05,15.46,27926
2010-02-08,15.69,143470
2010-02-09,15.99,1267646
2010-02-10,16.01,4533
2010-02-11,16.47,23220
2010-02-12,16.49,23529
2010-02-15,16.74,28874
2010-02-16,17.29,58091
2010-02-17,17.23,14815
2010-02-18,17.51,10433
2010-02-19,17.71,28897
2010-02-22,17.58,15545
2010-02-23,17.23,10668
2010-02-24,17.24,26219
2010-02-25,16.92,30762
2010-02-26,17.36,23334
2010-03-01,17.68,35126
2010-03-02,17.96,49520
2010-03-03,18.4,42140
2010-03-04,18.01,4317
2010-03-05,18.4,13260
2010-03-08,18.21,39030
2010-03-09,18.33,42450
2010-03-10,18.3,43700
2010-03-11,18.01,10675
2010-03-12,18.22,16784
2010-03-15,17.83,13993
2010-03-16,18.12,85980
2010-03-17,18.32,28076
2010-03-18,18.36,8140
2010-03-19,18.18,26215
2010-03-22,18.1,18117
2010-03-23,18.16,11408
2010-03-24,17.91,8458
2010-03-25,18.04,1266
2010-03-26,18.27,49756
2010-03-29,18.74,39154
2010-03-30,18.95,18762
2010-03-31,19.07,62853
2010-04-01,19.29,25368
2010-04-06,19.47,205621
2010-04-07,19.23,55680
2010-04-08,19.12,112775
2010-04-09,19.45,73205
2010-04-12,19.57,30327
2010-04-13,19.58,32069
2010-04-14,19.83,59960
2010-04-15,19.96,81655
2010-04-16,19.64,30363
2010-04-19,19.36,226966
2010-04-20,19.63,279547
2010-04-21,19.25,55854
2010-04-22,19.22,21710
2010-04-23,19.23,228440
2010-04-26,19.35,37206
2010-04-27,18.82,422307
2010-04-28,18.3,165684
2010-04-29,18.3,72473
2010-04-30,18.39,17085
2010-05-04,17.64,61997
2010-05-05,16.86,31474
2010-05-06,16.93,95078
2010-05-07,17.02,23511
2010-05-10,17.35,696095
2010-05-11,17.11,72692
2010-05-12,17.2,175422
2010-05-13,17.5,256008
2010-05-14,16.82,934376
2010-05-17,15.82,170492
2010-05-18,16.45,244734
2010-05-19,15.94,11665
2010-05-20,15.98,86580
2010-05-21,16.4,14522
2010-05-24,16.54,10625
2010-05-25,16.0,352200
2010-05-26,16.16,22187
2010-05-27,16.57,34227
2010-05-28,16.47,39379
2010-06-01,16.11,56423
2010-06-02,15.65,48988
2010-06-03,15.27,62134
2010-06-04,14.73,26442
2010-06-07,14.34,60317
2010-06-08,14.63,81830
2010-06-09,15.16,38533
2010-06-10,15.24,36963
2010-06-11,15.18,22606
2010-06-14,15.74,37700
2010-06-15,15.74,108469
2010-06-16,15.66,236093
2010-06-17,15.35,10191
2010-06-18,15.26,25037
2010-06-21,15.57,38818
2010-06-22,15.57,53364
2010-06-23,15.38,15177
2010-06-24,15.52,4961
2010-06-25,15.75,32198
2010-06-28,16.09,45608
2010-06-29,15.31,5020
2010-06-30,15.29,98491
2010-07-01,15.12,
2010-07-02,15.15,5385
2010-07-05,15.18,3498
2010-07-06,15.54,9883
2010-07-07,15.62,42684
2010-07-08,15.58,33708
2010-07-09,15.76,11076
2010-07-12,15.55,35052
2010-07-13,15.66,5882
2010-07-14,15.64,261997
2010-07-15,15.65,74489
2010-07-16,15.32,25103
2010-07-19,15.26,4165
2010-07-20,15.55,6322
2010-07-21,15.82,162418
2010-07-22,16.29,77840
2010-07-23,16.28,29028
2010-07-26,16.45,4750
2010-07-27,16.32,27457
2010-07-28,16.54,2382
2010-07-29,16.7,36117
2010-07-30,17.0,28843
2010-08-02,17.5,21386
2010-08-03,17.38,18983
2010-08-04,17.6,15379
2010-08-05,17.44,36288
2010-08-06,17.39,58009
2010-08-09,17.61,220
2010-08-10,17.23,4863
2010-08-11,16.92,117331
2010-08-12,17.1,303804
2010-08-13,16.77,70029
2010-08-16,16.97,36961
2010-08-17,17.32,25500
2010-08-18,17.11,160768
2010-08-19,16.99,8611
2010-08-20,16.71,26445
2010-08-23,16.69,2010
2010-08-24,16.45,102520
2010-08-25,16.23,618469
2010-08-26,16.65,14713
2010-08-27,16.88,10071
2010-08-31,16.84,43233
2010-09-01,17.28,36152
2010-09-02,17.46,77882
2010-09-03,17.52,27709
2010-09-06,17.71,
2010-09-07,17.53,102733
2010-09-08,17.82,138037
2010-09-09,17.46,52390
2010-09-10,17.38,1216
2010-09-13,17.59,61567
2010-09-14,17.69,4931
2010-09-15,17.62,3388
2010-09-16,17.74,8479
2010-09-17,17.82,17144
2010-09-20,17.92,74323
2010-09-21,17.65,1850
2010-09-22,17.97,59276
2010-09-23,18.26,16099
2010-09-24,18.44,2405
2010-09-27,18.24,6871
2010-09-28,18.41,28293
2010-09-29,18.53,17323
2010-09-30,18.44,7300
2010-10-01,18.67,111372
2010-10-04,18.69,16554
2010-10-05,19.02,39536
2010-10-06,19.1,155885
2010-10-07,18.65,38726
2010-10-08,19.15,427070
2010-10-11,19.16,12493
2010-10-12,19.32,49317
2010-10-13,19.42,55092
2010-10-14,19.43,100805
2010-10-15,19.38,49962
2010-10-18,19.38,49351
2010-10-19,18.93,90894
2010-10-20,19.09,18395
2010-10-21,19.21,26400
2010-10-22,19.18,28298
2010-10-25,19.46,26370
2010-10-26,19.46,37503
2010-10-27,18.97,924204
2010-10-28,19.11,42332
2010-10-29,18.86,54903
2010-11-01,19.12,12408
2010-11-02,19.3,159603
2010-11-03,19.16,5861
2010-11-04,19.77,180328
2010-11-05,19.85,28266
2010-11-08,19.71,46848
2010-11-09,20.0,136970
2010-11-10,19.8,286566
2010-11-11,20.02,11933
2010-11-12,19.43,39907
2010-11-15,19.11,41087
2010-11-16,18.18,25663
2010-11-17,18.2,41830
2010-11-18,18.47,117890
2010-11-19,18.46,143881
2010-11-22,18.18,5840
2010-11-23,18.03,15880
2010-11-24,18.27,21596
2010-11-25,18.45,3201
2010-11-26,18.24,1544
2010-11-29,18.16,150660
2010-11-30,18.53,1539
2010-12-01,18.9,15006
2010-12-02,19.26,66342
2010-12-03,19.06,90872
2010-12-06,19.14,1587
2010-12-07,19.45,29457
2010-12-08,19.48,4328
2010-12-09,19.54,23466
2010-12-10,19.42,188658
2010-12-13,19.74,12730
2010-12-14,19.81,12324
2010-12-15,19.63,58295
2010-12-16,19.44,21666
2010-12-17,19.61,41100
2010-12-20,19.9,45947
2010-12-21,20.22,21444
2010-12-22,20.18,15427
2010-12-23,20.07,28265
2010-12-24,20.09,31417
2010-12-29,20.3,43725
2010-12-30,20.0,32396
2010-12-31,20.74,2186
2011-01-04,20.63,77536
2011-01-05,20.69,31116
2011-01-06,20.55,22549
2011-01-07,20.59,61372
2011-01-10,20.26,75043
2011-01-11,20.51,22885
2011-01-12,20.93,51780
2011-01-13,20.84,12343
2011-01-14,20.78,21184
2011-01-17,20.78,74119
2011-01-18,20.82,22223
2011-01-19,20.57,46731
2011-01-20,20.15,13503
2011-01-21,20.4,102542
2011-01-24,20.39,66256
2011-01-25,19.9,35572
2011-01-26,20.03,93770
2011-01-27,20.28,15485
2011-01-28,20.58,77218
2011-01-31,21.06,9522
2011-02-01,21.52,44315
2011-02-02,21.52,81793
2011-02-03,21.43,34009
2011-02-04,21.66,11952
2011-02-07,21.74,38501
2011-02-08,21.68,25623
2011-02-09,21.42,146953
2011-02-10,21.36,6119
2011-02-11,21.33,277430
2011-02-14,21.65,19334
2011-02-15,21.57,57002
2011-02-16,21.38,30199
2011-02-17,21.23,59129
2011-02-18,21.68,31385
2011-02-21,21.66,22915
2011-02-22,21.18,126751
2011-02-23,20.99,14317
2011-02-24,20.94,41901
2011-02-25,21.26,12825
2011-02-28,21.61,15564
2011-03-01,21.48,29007
2011-03-02,21.55,24794
2011-03-03,21.64,4210
2011-03-04,21.49,53612
2011-03-07,21.04,42158
2011-03-08,20.9,16889
2011-03-09,20.32,16580
2011-03-10,20.2,38576
2011-03-11,20.17,45722
2011-03-14,20.28,34319
2011-03-15,19.99,165580
2011-03-16,20.0,91289
2011-03-17,20.53,6948
2011-03-18,20.64,32485
2011-03-21,20.57,108939
2011-03-22,20.68,23731
2011-03-23,21.19,46806
2011-03-24,21.3,15523
2011-03-25,21.16,27288
2011-03-28,20.85,7060
2011-03-29,20.95,93694
2011-03-30,20.59,16175
2011-03-31,20.64,62630
2011-04-01,20.59,50028
2011-04-04,20.67,12906
2011-04-05,20.71,12791
2011-04-06,21.08,16734
2011-04-07,21.28,165327
2011-04-08,21.62,10580
2011-04-11,21.68,20194
2011-04-12,21.09,7621
2011-04-13,20.88,82757
2011-04-14,20.73,47668
2011-04-15,20.89,23676
2011-04-18,20.46,8787
2011-04-19,20.67,16188
2011-04-20,21.04,25763
2011-04-21,21.23,35617
2011-04-26,20.96,13360
2011-04-27,20.69,27581
2011-04-28,20.84,18659
2011-04-29,20.84,
2011-05-03,20.89,86040
2011-05-04,20.37,5784
2011-05-05,19.62,69585
2011-05-06,19.7,608562
2011-05-09,19.64,4610
2011-05-10,19.79,60884
2011-05-11,19.37,14181
2011-05-12,19.44,47949
2011-05-13,19.4,114217
2011-05-16,19.36,13685
2011-05-17,19.14,80772
2011-05-18,19.65,1200
2011-05-19,19.37,12150
2011-05-20,19.44,15240
2011-05-23,18.92,129934
2011-05-24,19.27,22178
2011-05-25,19.63,33293
2011-05-26,19.54,25953
2011-05-27,19.8,22168
2011-05-31,20.11,41541
2011-06-01,19.93,291002
2011-06-02,19.49,2269
2011-06-03,19.69,3760
2011-06-06,19.87,42807
2011-06-07,19.93,195
2011-06-08,19.79,16855
2011-06-09,19.83,80850
2011-06-10,19.55,7220
2011-06-13,19.4,3362
2011-06-14,19.73,8324
2011-06-15,19.75,42860
2011-06-16,19.3,31920
2011-06-17,19.38,19153
2011-06-20,19.15,19017
2011-06-21,19.4,39597
2011-06-22,19.31,31610
2011-06-23,19.16,19831
2011-06-24,19.27,2964
2011-06-27,19.23,14754
2011-06-28,19.37,1725
2011-06-29,19.77,41000
2011-06-30,19.98,4218
2011-07-01,19.97,88706
2011-07-04,19.92,3000
2011-07-05,20.16,13825
2011-07-06,20.18,500
2011-07-07,20.49,25130
2011-07-08,20.18,48840
2011-07-11,19.88,6934
2011-07-12,20.06,89310
2011-07-13,20.28,13848
2011-07-14,20.15,2225
2011-07-15,20.195,
2011-07-18,20.23,737
2011-07-19,20.55,6644
2011-07-20,20.47,11105
2011-07-21,20.4,7428
2011-07-22,20.44,92533
2011-07-25,20.61,14440
2011-07-26,20.89,632
2011-07-27,20.79,2062
2011-07-28,20.84,29000
2011-07-29,20.72,8013
2011-08-01,20.67,38382
2011-08-02,20.41,5590
2011-08-03,20.12,44328
2011-08-04,19.72,557093
2011-08-05,19.14,51618
2011-08-08,18.44,356922
2011-08-09,18.49,1968263
2011-08-10,18.21,3195966
2011-08-11,18.6,207
2011-08-12,18.665,15342
2011-08-15,18.5,10831
2011-08-16,18.52,2609
2011-08-17,18.78,7417
2011-08-18,18.26,33575
2011-08-19,18.42,231822
2011-08-22,18.2,4835
2011-08-23,18.36,4160
2011-08-24,18.41,330
2011-08-25,18.6,
2011-08-26,18.78,517390
2011-08-30,19.11,23705
2011-08-31,19.31,178586
2011-09-01,18.98,938
2011-09-02,18.83,5536
2011-09-05,18.49,315
2011-09-06,18.45,23378
2011-09-07,18.87,4750
2011-09-08,19.0,4170
2011-09-09,18.45,13251
2011-09-12,18.37,16500
2011-09-13,18.38,9915
2011-09-14,18.12,59760
2011-09-15,18.4,101976
2011-09-16,18.3,5000
2011-09-19,17.78,258889
2011-09-20,17.74,11555
2011-09-21,17.49,41287
2011-09-22,16.58,15522
2011-09-23,16.29,17966
2011-09-26,15.95,130280
2011-09-27,16.55,19190
2011-09-28,16.16,5525
2011-09-29,15.98,339418
2011-09-30,15.51,50227
2011-10-03,15.7,21642
2011-10-04,15.55,18566
2011-10-05,15.31,6451
2011-10-06,15.85,5170
2011-10-07,16.06,3297
2011-10-10,16.34,7391
2011-10-11,15.97,5398
2011-10-12,16.375,
2011-10-13,15.96,19966
2011-10-14,16.2,197257
2011-10-17,16.2,9511
2011-10-18,15.92,140288
2011-10-19,15.88,429
2011-10-20,15.0,6459
2011-10-21,15.51,55241
2011-10-24,16.34,200
2011-10-25,16.28,8173
2011-10-26,16.26,5649
2011-10-27,17.06,26859
2011-10-28,17.06,631
2011-10-31,16.58,906
2011-11-01,16.11,15944
2011-11-02,16.4,25
2011-11-03,16.33,14702
2011-11-04,16.39,1142
2011-11-07,16.27,747
2011-11-08,16.23,3207
2011-11-09,16.03,10466
2011-11-10,15.73,13342
2011-11-11,16.13,63318
2011-11-14,16.22,30800
2011-11-15,15.98,846
2011-11-16,16.1,12641
2011-11-17,15.83,2534
2011-11-18,15.87,890
2011-11-21,15.48,15713
2011-11-22,15.59,21657
2011-11-23,15.23,8637
2011-11-24,15.26,12368
2011-11-25,15.24,53943
2011-11-28,15.59,1455
2011-11-29,15.465,
2011-11-30,16.31,1641
2011-12-01,16.17,6521
2011-12-02,16.39,123
2011-12-05,16.44,16151
2011-12-06,16.31,3000
2011-12-07,16.2,18928
2011-12-08,15.92,89183
2011-12-09,16.23,3554
2011-12-12,15.79,3418
2011-12-13,15.645,
2011-12-14,15.04,100
2011-12-15,15.1,51450
2011-12-16,15.39,14685
2011-12-19,15.21,348
2011-12-20,15.54,3505
2011-12-21,15.47,
2011-12-22,15.59,2307
2011-12-23,15.75,307
2011-12-28,15.33,10950
2011-12-29,15.33,1166
2011-12-30,15.52,200
2012-01-03,15.95,37484
2012-01-04,15.7,35933
2012-01-05,15.56,6238
2012-01-06,15.68,
2012-01-09,15.79,150
2012-01-10,16.21,4553
2012-01-11,16.225,
2012-01-12,16.59,7638
2012-01-13,16.41,23707
2012-01-16,16.59,298
2012-01-17,16.86,38587
2012-01-18,16.9,59933
2012-01-19,17.07,1355
2012-01-20,17.03,6796
2012-01-23,17.26,28711
2012-01-24,17.28,17679
2012-01-25,17.43,135143
2012-01-26,17.78,18938
2012-01-27,17.71,33240
2012-01-30,17.48,3879
2012-01-31,17.3,72747
2012-02-01,17.4,281687
2012-02-02,17.34,19024
2012-02-03,17.61,55466
2012-02-06,17.55,3197
2012-02-07,17.54,20291
2012-02-08,17.69,130
2012-02-09,17.91,6116
2012-02-10,17.37,14840
2012-02-13,17.21,39083
2012-02-14,17.04,13602
2012-02-15,16.98,237572
2012-02-16,16.75,17874
2012-02-17,16.62,6672
2012-02-20,16.7,15741
2012-02-21,17.21,3821
2012-02-22,17.28,88388
2012-02-23,17.23,14715
2012-02-24,17.46,1250
2012-02-27,17.56,578
2012-02-28,17.56,66430
2012-02-29,17.32,13592
2012-03-01,17.58,37748
2012-03-02,17.45,9503
2012-03-05,17.24,13612
2012-03-06,16.81,8442
2012-03-07,16.76,6190
2012-03-08,16.8,3707
2012-03-09,17.07,5773
2012-03-12,17.07,3317
2012-03-13,17.31,18379
2012-03-14,17.01,223
2012-03-15,17.17,9595
2012-03-16,17.12,1792
2012-03-19,17.2,2365
2012-03-20,16.92,435
2012-03-21,16.91,5717
2012-03-22,16.46,6510
2012-03-23,16.63,13947
2012-03-26,16.79,4835
2012-03-27,16.74,27825
2012-03-28,16.5,50604
2012-03-29,16.33,53157
2012-03-30,16.43,60212
2012-04-02,16.7,26185
2012-04-03,16.67,8172
2012-04-04,16.36,6353
2012-04-05,16.4,229680
2012-04-10,16.01,10766
2012-04-11,16.14,2991
2012-04-12,16.38,8723
2012-04-13,16.05,12654
2012-04-16,15.91,5752
2012-04-17,16.06,258006
2012-04-18,15.91,334500
2012-04-19,15.92,1230
2012-04-20,16.18,1195
2012-04-23,15.88,943
2012-04-24,16.05,26950
2012-04-25,16.08,6241
2012-04-26,16.36,394
2012-04-27,16.45,1000
2012-04-30,16.45,3099
2012-05-01,16.55,4396
2012-05-02,16.24,1088
2012-05-03,16.13,3863
2012-05-04,16.03,1202
2012-05-08,15.82,35512
2012-05-09,15.77,19449
2012-05-10,15.85,
2012-05-11,15.77,12970
2012-05-14,15.49,4550
2012-05-15,15.39,9260
2012-05-16,15.35,4753
2012-05-17,15.35,1220
2012-05-18,15.49,2228
2012-05-21,15.39,107577
2012-05-22,15.4,1989
2012-05-23,15.05,20908
2012-05-24,15.22,112
2012-05-25,15.27,43940
2012-05-29,15.35,
2012-05-30,14.96,2440
2012-05-31,14.91,720
2012-06-01,14.79,28264
2012-06-06,14.81,309755
2012-06-07,14.955,
2012-06-08,14.76,2675
2012-06-11,14.91,50710
2012-06-12,14.93,3909
2012-06-13,14.86,385
2012-06-14,14.86,
2012-06-15,14.895,
2012-06-18,14.84,6450
2012-06-19,14.93,1964
2012-06-20,14.865,
2012-06-21,14.44,6374
2012-06-22,14.38,64679
2012-06-25,14.35,13861
2012-06-26,14.28,3035
2012-06-27,14.35,14150
2012-06-28,14.32,2450
2012-06-29,14.91,4155
2012-07-02,14.89,37036
2012-07-03,15.36,26606
2012-07-04,15.12,13309
2012-07-05,15.03,179023
2012-07-06,14.66,60101
2012-07-09,14.78,222217
2012-07-10,14.66,1367
2012-07-11,14.63,5824
2012-07-12,14.55,53553
2012-07-13,14.86,45000
2012-07-16,14.84,86781
2012-07-17,14.74,4437
2012-07-18,14.8,18540
2012-07-19,15.01,1880
2012-07-20,14.71,1089
2012-07-23,14.42,15581
2012-07-24,14.41,30509
2012-07-25,14.42,776
2012-07-26,14.5,140
2012-07-27,14.62,2380
2012-07-30,14.65,249
2012-07-31,14.64,18300
2012-08-01,14.36,27004
2012-08-02,14.15,12364
2012-08-03,14.39,3000
2012-08-06,14.45,5025
2012-08-07,14.67,2352
2012-08-08,14.66,47632
2012-08-09,14.68,2300
2012-08-10,14.4,6143
2012-08-13,14.24,5220
2012-08-14,14.26,23780
2012-08-15,14.14,4457
2012-08-16,14.18,2451
2012-08-17,14.37,194
2012-08-20,14.23,410
2012-08-21,14.51,1736
2012-08-22,14.55,15000
2012-08-23,14.77,
2012-08-24,14.8,85241
2012-08-28,14.68,18275
2012-08-29,14.64,1001
2012-08-30,14.52,1113
2012-08-31,14.52,8624
2012-09-03,14.77,2514
2012-09-04,14.79,32380
2012-09-05,14.93,247582
2012-09-06,15.01,36326
2012-09-07,15.35,32113
2012-09-10,15.65,2990
2012-09-11,15.74,47370
2012-09-12,15.69,300071
2012-09-13,15.82,19282
2012-09-14,16.48,66589
2012-09-17,16.36,11000
2012-09-18,16.34,14785
2012-09-19,16.34,45580
2012-09-20,16.13,1510
2012-09-21,16.24,29566
2012-09-24,16.06,35678
2012-09-25,16.26,509
2012-09-26,15.91,54783
2012-09-27,16.03,23700
2012-09-28,16.22,13248
2012-10-01,16.3,6185
2012-10-02,16.3,1177
2012-10-03,16.19,360143
2012-10-04,16.25,364449
2012-10-05,16.22,
2012-10-08,15.925,
2012-10-09,15.79,100
2012-10-10,15.63,300
2012-10-11,15.71,26146
2012-10-12,15.42,345
2012-10-15,15.28,283249
2012-10-16,15.26,17031
2012-10-17,15.48,9547
2012-10-18,15.48,533
2012-10-19,15.26,2566
2012-10-22,15.0,966
2012-10-23,14.83,4964
2012-10-24,14.83,5724
2012-10-25,14.79,1213
2012-10-26,14.72,40935
2012-10-29,14.49,22590
2012-10-30,14.64,8500
2012-10-31,14.66,170294
2012-11-01,14.85,17880
2012-11-02,14.69,313
2012-11-05,14.59,140064
2012-11-06,14.66,53799
2012-11-07,14.56,650
2012-11-08,14.64,12428
2012-11-09,14.66,52138
2012-11-12,14.7,605
2012-11-13,14.87,1350
2012-11-14,14.86,170000
2012-11-15,14.8,1890
2012-11-16,14.61,1615
2012-11-19,14.94,23440
2012-11-20,14.97,16707
2012-11-21,14.78,8810
2012-11-22,14.84,177403
2012-11-23,15.0,158
2012-11-26,15.09,
2012-11-27,15.14,7773
2012-11-28,15.15,3761
2012-11-29,15.47,9280
2012-11-30,15.63,2774
2012-12-03,15.75,21004
2012-12-04,15.67,4500
2012-12-05,15.65,32059
2012-12-06,15.64,8131
2012-12-07,15.61,331
2012-12-10,15.93,410
2012-12-11,15.83,5301
2012-12-12,15.91,8346
2012-12-13,15.79,9743
2012-12-14,15.85,605
2012-12-17,15.74,23755
2012-12-18,15.76,6495
2012-12-19,15.61,177030
2012-12-20,15.4,9458
2012-12-21,15.54,84914
2012-12-24,15.53,42360
2012-12-27,15.52,
2012-12-28,15.43,2709
2012-12-31,15.46,450
2013-01-02,16.03,15222
2013-01-03,15.92,10822
2013-01-04,15.56,771
2013-01-07,15.5,1362
2013-01-08,15.47,935895
2013-01-09,15.64,10090
2013-01-10,15.68,3356
2013-01-11,15.58,4123
2013-01-14,15.44,10362
2013-01-15,15.32,7475
2013-01-16,15.34,21328
2013-01-17,15.43,3356
2013-01-18,15.53,2731
2013-01-21,15.46,4828
2013-01-22,15.56,2370
2013-01-23,15.69,40000
2013-01-24,15.67,20525
2013-01-25,15.45,
2013-01-28,15.51,3817
2013-01-29,15.64,365414
2013-01-30,15.96,2386
2013-01-31,15.98,37555
2013-02-01,16.09,25621
2013-02-04,16.14,20098
2013-02-05,16.08,2797
2013-02-06,15.95,571211
2013-02-07,15.89,10017
2013-02-08,16.05,2103
2013-02-11,15.94,1205
2013-02-12,15.97,720
2013-02-13,16.01,14464
2013-02-14,16.05,8725
2013-02-15,16.05,9823
2013-02-18,15.81,
2013-02-19,15.65,242475
2013-02-20,15.49,33491
2013-02-21,15.32,6452
2013-02-22,15.15,9858
2013-02-25,15.15,10738
2013-02-26,15.11,6448
2013-02-27,15.1,
2013-02-28,15.02,24764
2013-03-01,14.78,18605
2013-03-04,14.78,13884
2013-03-05,14.82,4076
2013-03-06,14.69,3501671
2013-03-07,14.77,546034
2013-03-08,14.74,4338
2013-03-11,14.71,4018
2013-03-12,14.89,9183
2013-03-13,14.82,10961
2013-03-14,14.83,234
2013-03-15,14.77,5800
2013-03-18,14.46,15596
2013-03-19,14.39,63645
2013-03-20,14.55,10915
2013-03-21,14.48,10205
2013-03-22,14.63,765
2013-03-25,14.56,380
2013-03-26,14.48,1791
2013-03-27,14.4,180
2013-03-28,14.34,318962
2013-04-02,14.09,12351
2013-04-03,14.03,18889
2013-04-04,14.15,40638
2013-04-05,14.08,2050
2013-04-08,14.1,4256
2013-04-09,14.32,1829
2013-04-10,14.25,3234
2013-04-11,14.23,
2013-04-12,13.95,21009
2013-04-15,13.73,34042
2013-04-16,13.96,350685
2013-04-17,13.7,210736
2013-04-18,13.73,209000
2013-04-19,13.57,
2013-04-22,13.51,3599
2013-04-23,13.52,5270
2013-04-24,13.68,15875
2013-04-25,13.98,185000
2013-04-26,13.68,
2013-04-29,13.75,1470
2013-04-30,13.51,63936
2013-05-01,13.21,138244
2013-05-02,13.14,
2013-05-03,13.74,3395
2013-05-07,13.74,781388
2013-05-08,14.01,22435
2013-05-09,13.88,
2013-05-10,13.74,10
2013-05-13,13.83,
2013-05-14,13.65,683
2013-05-15,13.46,40459
2013-05-16,13.61,24997
2013-05-17,13.66,18323
2013-05-20,13.8,105505
2013-05-21,13.71,700
2013-05-22,13.9,8805
2013-05-23,13.59,210
2013-05-24,13.59,376
2013-05-28,13.63,5187
2013-05-29,13.63,25775
2013-05-30,13.81,5419
2013-05-31,13.78,3670
2013-06-03,13.91,56211
2013-06-04,14.04,1415
2013-06-05,14.19,37600
2013-06-06,13.93,291982
2013-06-07,13.78,81037
2013-06-10,13.67,2430
2013-06-11,13.43,146095
2013-06-12,13.4,310713
2013-06-13,13.26,58792
2013-06-14,13.31,7278
2013-06-17,13.28,252033
2013-06-18,13.18,6968
2013-06-19,13.11,8865
2013-06-20,12.86,151567
2013-06-21,12.92,61255
2013-06-24,12.67,134215
2013-06-25,12.92,17352
2013-06-26,12.75,780
2013-06-27,12.79,407
2013-06-28,12.85,72563
2013-07-01,13.11,1013
2013-07-02,13.19,1000
2013-07-03,13.11,760
2013-07-04,13.04,4204
2013-07-05,12.76,1889
2013-07-08,12.89,100709
2013-07-09,12.73,700
2013-07-10,12.93,175
2013-07-11,13.13,3321272
2013-07-12,13.16,440
2013-07-15,12.98,1647195
2013-07-16,13.09,3990
2013-07-17,13.0,6203
2013-07-18,12.98,135
2013-07-19,13.05,180
2013-07-22,13.25,668
2013-07-23,13.2,
2013-07-24,13.26,3855
2013-07-25,13.16,4690
2013-07-26,12.88,10710
2013-07-29,12.85,117
2013-07-30,12.67,15763
2013-07-31,12.83,
2013-08-01,13.07,160254
2013-08-02,13.12,183761
2013-08-05,12.98,20500
2013-08-06,12.97,124356
2013-08-07,12.94,100
2013-08-08,13.31,722
2013-08-09,13.58,5000
2013-08-12,13.65,440
2013-08-13,13.56,1058
2013-08-14,13.64,89982
2013-08-15,13.62,264090
2013-08-16,13.85,1162005
2013-08-19,13.765,
2013-08-20,13.72,21000
2013-08-21,13.52,
2013-08-22,13.58,122506
2013-08-23,13.65,23117
2013-08-27,13.6,82230
2013-08-28,13.49,31637
2013-08-29,13.3,13700
2013-08-30,13.12,37773
2013-09-02,13.21,8182
2013-09-03,13.26,3692
2013-09-04,13.04,185
2013-09-05,12.97,2000
2013-09-06,13.15,231379
2013-09-09,13.14,800
2013-09-10,13.1,126829
2013-09-11,13.095,
2013-09-12,12.96,29952
2013-09-13,12.92,15000
2013-09-16,12.995,
2013-09-17,12.95,23675
2013-09-18,13.05,482
2013-09-19,13.39,994079
2013-09-20,13.21,666790
2013-09-23,13.18,991
2013-09-24,13.04,7000
2013-09-25,13.1,1742
2013-09-26,13.22,
2013-09-27,13.27,90059
2013-09-30,13.36,235015
2013-10-01,13.1,70101
2013-10-02,13.19,
2013-10-03,13.06,121
2013-10-04,13.18,
2013-10-07,13.21,2288
2013-10-08,13.24,440
2013-10-09,13.09,12800
2013-10-10,13.155,
2013-10-11,13.25,600
2013-10-14,13.33,100
2013-10-15,13.29,10000
2013-10-16,13.29,853
2013-10-17,13.22,16900
2013-10-18,13.28,460
2013-10-21,13.3,6629
2013-10-22,13.48,1084
2013-10-23,13.26,91003
2013-10-24,13.27,244
2013-10-25,13.3,9343
2013-10-28,13.4,25964
2013-10-29,13.42,6080
2013-10-30,13.51,3581
2013-10-31,13.37,5455
2013-11-01,13.31,
2013-11-04,13.14,
2013-11-05,13.1,2100
2013-11-06,13.02,1242
2013-11-07,13.0,7019
2013-11-08,13.02,307720
2013-11-11,13.0,2237
2013-11-12,12.9,480
2013-11-13,12.74,4593
2013-11-14,12.76,126496
2013-11-15,12.8,13571
2013-11-18,12.72,6162
2013-11-19,12.75,80990
2013-11-20,12.74,2405
2013-11-21,12.71,6203
2013-11-22,12.83,311700
2013-11-25,12.79,
2013-11-26,12.79,16000
2013-11-27,12.635,
2013-11-28,12.62,4593
2013-11-29,12.76,324254
2013-12-02,12.6,688
2013-12-03,12.59,7535
2013-12-04,12.8,1000
2013-12-05,12.8,515
2013-12-06,12.85,4500
2013-12-09,12.95,32100
2013-12-10,13.0,11700
2013-12-11,13.09,250236
2013-12-12,13.08,4905
2013-12-13,13.14,7239
2013-12-16,13.16,228850
2013-12-17,13.16,125471
2013-12-18,13.2,9215
2013-12-19,13.06,145343
2013-12-20,13.18,565
2013-12-23,13.17,155684
2013-12-24,13.17,
2013-12-27,13.41,2455
2013-12-30,13.41,2750
2013-12-31,13.36,
2014-01-02,13.3,2200
2014-01-03,13.17,227500
2014-01-06,13.11,257
2014-01-07,13.15,278825
2014-01-08,13.1,980
2014-01-09,12.92,32835
2014-01-10,13.08,4166
2014-01-13,13.15,151
2014-01-14,13.16,247
2014-01-15,13.29,3387
2014-01-16,13.31,309079
2014-01-17,13.4,3028
2014-01-20,13.3,12553
2014-01-21,13.34,2292
2014-01-22,13.28,176055
2014-01-23,13.12,82554
2014-01-24,13.04,8186
2014-01-27,12.95,12494
2014-01-28,12.94,19538
2014-01-29,12.84,597
2014-01-30,12.72,4613
2014-01-31,12.64,102304
2014-02-03,12.55,4973494
2014-02-04,12.56,943757
2014-02-05,12.6,4864134
2014-02-06,12.72,405747
2014-02-07,12.81,61494
2014-02-10,12.73,4522
2014-02-11,12.7,1622
2014-02-12,12.89,344000
2014-02-13,12.83,28000
2014-02-14,12.94,77000
2014-02-17,12.98,6731
2014-02-18,13.06,160530
2014-02-19,13.09,456321
2014-02-20,13.0,15778
2014-02-21,13.0,1026
2014-02-24,12.89,260
2014-02-25,12.91,109380
2014-02-26,12.91,231
2014-02-27,12.9,38
2014-02-28,12.9,73075
2014-03-03,12.78,245888
2014-03-04,13.03,78926
2014-03-05,13.08,
2014-03-06,13.12,105875
2014-03-07,12.78,789223
2014-03-10,12.67,116094
2014-03-11,12.55,191182
2014-03-12,12.53,133997
2014-03-13,12.41,30000
2014-03-14,12.44,870
2014-03-17,12.45,35665
2014-03-18,12.49,1171
2014-03-19,12.45,
2014-03-20,12.325,
2014-03-21,12.43,1970
2014-03-24,12.44,49935
2014-03-25,12.61,37976
2014-03-26,12.465,
2014-03-27,12.5,104639
2014-03-28,12.64,2605
2014-03-31,12.66,28363
2014-04-01,12.71,28795
2014-04-02,12.83,1029
2014-04-03,12.85,
2014-04-04,12.84,185594
2014-04-07,12.85,2015
2014-04-08,12.9,134912
2014-04-09,12.87,85356
2014-04-10,13.105,
2014-04-11,13.17,3680
2014-04-14,13.2,2000
2014-04-15,13.02,4600
2014-04-16,13.21,5124
2014-04-17,13.16,5080
2014-04-22,13.29,69682
2014-04-23,13.28,1062
2014-04-24,13.4,145733
2014-04-25,13.29,115517
2014-04-28,13.24,6317
2014-04-29,13.135,
2014-04-30,13.06,452872
2014-05-01,12.97,669
2014-05-02,13.05,1957
2014-05-06,13.08,23465
2014-05-07,13.02,39802
2014-05-08,13.16,2
2014-05-09,13.22,27437
2014-05-12,13.51,50308
2014-05-13,13.54,73289
2014-05-14,13.52,77296
2014-05-15,13.27,13929
2014-05-16,13.25,6381
2014-05-19,13.47,4250
2014-05-20,13.34,2432
2014-05-21,13.27,
2014-05-22,13.42,76032
2014-05-23,13.5,185000
2014-05-27,13.54,53109
2014-05-28,13.49,4426
2014-05-29,13.38,13548
2014-05-30,13.39,930
2014-06-02,13.53,8150
2014-06-03,13.48,192985
2014-06-04,13.36,68910
2014-06-05,13.37,81450
2014-06-06,13.36,60968
2014-06-09,13.44,100003
2014-06-10,13.37,12762
2014-06-11,13.31,83855
2014-06-12,13.07,2490
2014-06-13,13.12,942
2014-06-16,13.22,119402
2014-06-17,13.33,10289
2014-06-18,13.335,
2014-06-19,13.37,3300
2014-06-20,13.42,5533
2014-06-23,13.54,226588
2014-06-24,13.52,3422
2014-06-25,13.56,
2014-06-26,13.6,2079
2014-06-27,13.62,166
2014-06-30,13.71,167112
2014-07-01,13.71,14240
2014-07-02,13.99,2700
2014-07-03,14.09,36400
2014-07-04,13.97,24303
2014-07-07,13.95,1317540
2014-07-08,14.04,81171
2014-07-09,14.06,12511
2014-07-10,13.98,4540
2014-07-11,14.04,40070
2014-07-14,14.05,28896
2014-07-15,14.05,4150
2014-07-16,14.05,19577
2014-07-17,13.99,13410
2014-07-18,13.83,130342
2014-07-21,14.0,153089
2014-07-22,14.14,13336
2014-07-23,14.13,8079
2014-07-24,14.27,44779
2014-07-25,14.18,16471
2014-07-28,14.18,34985
2014-07-29,14.03,55446
2014-07-30,14.15,193938
2014-07-31,14.03,78480
2014-08-01,13.93,15486
2014-08-04,14.13,32697
2014-08-05,13.99,29030
2014-08-06,13.99,65740
2014-08-07,14.0,331266
2014-08-08,13.91,38049
2014-08-11,13.95,50668
2014-08-12,14.0,561
2014-08-13,13.84,9819
2014-08-14,13.68,5533
2014-08-15,13.69,5527
2014-08-18,13.77,513
2014-08-19,13.8,7352
2014-08-20,14.09,7453
2014-08-21,14.08,12575
2014-08-22,14.1,42075
2014-08-26,14.18,5188
2014-08-27,14.08,11397
2014-08-28,13.955,
2014-08-29,14.08,4164
2014-09-01,14.04,26391
2014-09-02,14.09,39210
2014-09-03,14.0,9687
2014-09-04,14.14,83288
2014-09-05,14.16,56090
2014-09-08,14.32,15924
2014-09-09,13.84,39356
2014-09-10,13.81,1932
2014-09-11,13.72,29512
2014-09-12,13.66,32101
2014-09-15,13.55,25014
2014-09-16,13.6,24356
2014-09-17,13.67,8383
2014-09-18,13.5,39413
2014-09-19,13.46,11212
2014-09-22,13.22,90805
2014-09-23,13.28,9918
2014-09-24,13.33,903757
2014-09-25,13.27,4250
2014-09-26,13.24,6759
2014-09-29,13.24,320954
2014-09-30,13.17,36164
2014-10-01,13.05,41108
2014-10-02,12.91,10901
2014-10-03,13.02,3586
2014-10-06,13.2,60556
2014-10-07,13.25,52079
2014-10-08,13.13,1263
2014-10-09,13.26,57799
2014-10-10,13.09,7984
2014-10-13,13.14,86423
2014-10-14,13.24,62989
2014-10-15,12.98,4325
2014-10-16,12.77,108709
2014-10-17,13.02,
2014-10-20,12.86,1515
2014-10-21,13.0,919
2014-10-22,13.08,101538
2014-10-23,13.1,6610
2014-10-24,13.03,5967
2014-10-27,13.04,40959
2014-10-28,13.19,11065
2014-10-29,13.38,18776
2014-10-30,13.27,500
2014-10-31,13.27,16238
2014-11-03,13.32,8254
2014-11-04,13.16,13880
2014-11-05,13.12,154310
2014-11-06,13.2,19058
2014-11-07,13.26,1971
2014-11-10,13.14,8476
2014-11-11,13.165,
2014-11-12,13.31,34140
2014-11-13,13.12,2810
2014-11-14,13.19,10160
2014-11-17,13.2,871
2014-11-18,13.07,8514
2014-11-19,13.21,1900
2014-11-20,13.19,39055
2014-11-21,13.6,13365
2014-11-24,13.39,9892
2014-11-25,13.26,4700
2014-11-26,13.23,21400
2014-11-27,13.13,3122
2014-11-28,12.83,60000
2014-12-01,12.94,1997
2014-12-02,12.85,251469
2014-12-03,12.825,
2014-12-04,13.05,8433
2014-12-05,12.97,2222
2014-12-08,12.88,13161
2014-12-09,12.93,14987
2014-12-10,12.84,2730
2014-12-11,12.79,98245
2014-12-12,12.88,1434
2014-12-15,12.72,198360
2014-12-16,12.57,79084
2014-12-17,12.49,43
2014-12-18,12.42,79373
2014-12-19,12.57,5960
2014-12-22,12.52,2078
2014-12-23,12.42,735
2014-12-24,12.39,
2014-12-29,12.27,27220
2014-12-30,12.35,19960
2014-12-31,12.315,
2015-01-02,12.21,765
2015-01-05,12.1,25012
2015-01-06,12.08,28494
2015-01-07,12.02,53560
2015-01-08,11.98,103764
2015-01-09,12.11,36354
2015-01-12,11.98,1211
2015-01-13,11.7,3709
2015-01-14,11.37,61909
2015-01-15,11.49,52919
2015-01-16,11.69,11842
2015-01-19,11.62,14350
2015-01-20,11.66,186
2015-01-21,11.86,27600
2015-01-22,11.75,60304
2015-01-23,11.44,14390
2015-01-26,11.66,146495
2015-01-27,11.46,17712
2015-01-28,11.56,7729
2015-01-29,11.37,23334
2015-01-30,11.55,150264
2015-02-02,11.65,412570
2015-02-03,11.84,21571
2015-02-04,11.86,384528
2015-02-05,11.82,388576
2015-02-06,11.82,1150
2015-02-09,11.83,222350
2015-02-10,11.61,131041
2015-02-11,11.55,83076
2015-02-12,11.69,217758
2015-02-13,11.76,70004
2015-02-16,11.7,202801
2015-02-17,11.52,492978
2015-02-18,11.67,434903
2015-02-19,11.56,59925
2015-02-20,11.52,33961
2015-02-23,11.47,236074
2015-02-24,11.7,84595
2015-02-25,11.61,96222
2015-02-26,11.72,84596
2015-02-27,11.68,92960
2015-03-02,11.68,100857
2015-03-03,11.49,239845
2015-03-04,11.57,62119
2015-03-05,11.64,36607
2015-03-06,11.51,41820
2015-03-09,11.66,2139700
2015-03-10,11.44,53879
2015-03-11,11.37,19630
2015-03-12,11.44,581677
2015-03-13,11.56,14474
2015-03-16,11.53,79864
2015-03-17,11.45,105539
2015-03-18,11.25,13455
2015-03-19,11.51,10000
2015-03-20,11.81,2065
2015-03-23,11.94,389816
2015-03-24,11.91,47993
2015-03-25,11.8,96311
2015-03-26,11.91,252847
2015-03-27,11.74,76769
2015-03-30,11.77,923
2015-03-31,11.65,344414
2015-04-01,11.64,127077
2015-04-02,11.67,52475
2015-04-07,11.74,770187
2015-04-08,11.64,2630
2015-04-09,11.65,38256
2015-04-10,11.68,12404
2015-04-13,11.68,98632
2015-04-14,11.59,3761
2015-04-15,11.69,48892
2015-04-16,11.89,189970
2015-04-17,11.8,626696
2015-04-20,11.72,4211
2015-04-21,11.68,107343
2015-04-22,11.67,8012
2015-04-23,11.59,178730
2015-04-24,11.85,66351
2015-04-27,12.07,136361
2015-04-28,12.07,35827
2015-04-29,12.14,400
2015-04-30,12.42,111512
2015-05-01,12.53,44435
2015-05-05,12.76,652882
2015-05-06,12.51,423768
2015-05-07,12.51,189790
2015-05-08,12.51,34199
2015-05-11,12.4,660574
2015-05-12,12.53,31242
2015-05-13,12.45,24496
2015-05-14,12.38,289614
2015-05-15,12.35,54587
2015-05-18,12.24,398710
2015-05-19,11.92,199570
2015-05-20,11.85,72854
2015-05-21,11.92,102493
2015-05-22,11.75,37158
2015-05-26,11.66,52792
2015-05-27,11.62,992611
2015-05-28,11.68,20705
2015-05-29,11.51,78561
2015-06-01,11.53,96812
2015-06-02,11.56,54259
2015-06-03,11.57,230748
2015-06-04,11.44,66996
2015-06-05,11.44,2527
2015-06-08,11.48,650675
2015-06-09,11.6,11224
2015-06-10,11.66,1124
2015-06-11,11.42,203468
2015-06-12,11.4,10542
2015-06-15,11.24,24952
2015-06-16,11.13,432629
2015-06-17,11.13,6698
2015-06-18,11.13,71357
2015-06-19,11.01,105265
2015-06-22,10.95,570786
2015-06-23,11.17,12074
2015-06-24,11.13,161799
2015-06-25,11.11,91132
2015-06-26,11.07,50035
2015-06-29,10.98,53933
2015-06-30,10.93,998
2015-07-01,11.09,12530
2015-07-02,11.1,307429
2015-07-03,10.99,182
2015-07-06,10.79,72381
2015-07-07,10.25,73778
2015-07-08,10.52,281176
2015-07-09,10.74,59020
2015-07-10,10.7,3985
2015-07-13,10.84,40789
2015-07-14,10.77,98
2015-07-15,10.84,77989
2015-07-16,10.79,8000
2015-07-17,10.74,138293
2015-07-20,10.7,105884
2015-07-21,10.63,457
2015-07-22,10.46,4316
2015-07-23,10.34,1551760
2015-07-24,10.31,47376
2015-07-27,10.19,345189
2015-07-28,10.39,9204
2015-07-29,10.38,36128
2015-07-30,10.26,729
2015-07-31,10.21,190720
2015-08-03,10.06,2031
2015-08-04,10.13,65061
2015-08-05,10.06,43319
2015-08-06,9.98,98538
2015-08-07,10.01,29646
2015-08-10,10.22,628999
2015-08-11,9.88,87777
2015-08-12,9.94,121500
2015-08-13,9.93,6559
2015-08-14,9.91,53799
2015-08-17,9.83,465
2015-08-18,9.66,143993
2015-08-19,9.64,8018
2015-08-20,9.82,296902
2015-08-21,9.64,206635
2015-08-24,9.37,153469
2015-08-25,9.59,90909
2015-08-26,9.41,66703
2015-08-27,9.72,29647
2015-08-28,9.9,39856
2015-09-01,9.76,863062
2015-09-02,9.79,18895
2015-09-03,9.99,4285
2015-09-04,9.79,348231
2015-09-07,9.76,266563
2015-09-08,10.06,122978
2015-09-09,10.1,80817
2015-09-10,10.13,3012
2015-09-11,10.11,32769
2015-09-14,9.95,13947
2015-09-15,9.95,24209
2015-09-16,10.06,1361603
2015-09-17,10.05,153984
2015-09-18,9.8313,
2015-09-21,9.83,39822
2015-09-22,9.55,26417
2015-09-23,9.57,41120
2015-09-24,9.56,1506
2015-09-25,9.51,26441
2015-09-28,9.36,424800
2015-09-29,9.435,
2015-09-30,9.69,66561
2015-10-01,9.68,10538
2015-10-02,9.55,11703
2015-10-05,9.65,10249
2015-10-06,9.66,1009
2015-10-07,9.72,137688
2015-10-08,9.62,16997
2015-10-09,10.03,332249
2015-10-12,10.02,36801
2015-10-13,9.91,67448
2015-10-14,9.93,57685
2015-10-15,9.91,3562
2015-10-16,9.87,558645
2015-10-19,9.74,241
2015-10-20,9.72,48535
2015-10-21,9.62,48043
2015-10-22,9.67,28200
2015-10-23,9.63,109
2015-10-26,9.595,
2015-10-27,9.61,65940
2015-10-28,9.62,147715
2015-10-29,9.48,255663
2015-10-30,9.41,126155
2015-11-02,9.4,94645
2015-11-03,9.44,104182
2015-11-04,9.43,17115
2015-11-05,9.29,69581
2015-11-06,9.28,29867
2015-11-09,9.27,78183
2015-11-10,9.14,43023
2015-11-11,9.175,
2015-11-12,9.06,251313
2015-11-13,9.05,41943
2015-11-16,8.85,344050
2015-11-17,8.82,122232
2015-11-18,8.71,131078
2015-11-19,8.68,25000
2015-11-20,8.67,20083
2015-11-23,8.45,63421
2015-11-24,8.6687,
2015-11-25,8.665,
2015-11-26,8.84,15300
2015-11-27,8.64,85014
2015-11-30,8.6412,
2015-12-01,8.69,37844
2015-12-02,8.71,38484
2015-12-03,8.6,3155
2015-12-04,8.78,312759
2015-12-07,8.65,210257
2015-12-08,8.63,167992
2015-12-09,8.66,168516
2015-12-10,8.61,152355
2015-12-11,8.76,35209
2015-12-14,8.75,133467
2015-12-15,8.57,143628
2015-12-16,8.66,134560
2015-12-17,8.53,97287
2015-12-18,8.72,221775
2015-12-21,8.87,16415
2015-12-22,8.76,34880
2015-12-23,8.84,38139
2015-12-24,8.89,846
2015-12-29,8.98,4469
2015-12-30,8.9,
2015-12-31,8.9025,
2016-01-04,8.63,154
2016-01-05,8.68,32530
2016-01-06,8.64,14916
2016-01-07,8.56,321079
2016-01-08,8.51,
2016-01-11,8.33,22598
2016-01-12,8.28,115777
2016-01-13,8.32,33513
2016-01-14,8.44,233769
2016-01-15,8.31,16982
2016-01-18,8.41,24885
2016-01-19,8.45,100457
2016-01-20,8.34,74858
2016-01-21,8.45,5824
2016-01-22,8.53,2894
2016-01-25,8.45,15121
2016-01-26,8.64,66384
2016-01-27,8.76,3501
2016-01-28,8.65,3000
2016-01-29,8.76,172175
2016-02-01,8.72,43036
2016-02-02,8.71,63688
2016-02-03,8.85,142682
2016-02-04,8.92,2846
2016-02-05,8.77,54433
2016-02-08,8.78,3914
2016-02-09,8.58,18549
2016-02-10,8.53,214616
2016-02-11,8.49,72647
2016-02-12,8.58,9793
2016-02-15,8.72,102823
2016-02-16,8.7,4507
2016-02-17,8.7,14507
2016-02-18,8.75,111379
2016-02-19,8.89,48058
2016-02-22,9.07,110020
2016-02-23,8.93,78
2016-02-24,8.94,234963
2016-02-25,8.87,157938
2016-02-26,8.99,3109
2016-02-29,9.02,16173
2016-03-01,9.05,162252
2016-03-02,9.2,203801
2016-03-03,9.34,246206
2016-03-04,9.48,279385
2016-03-07,9.48,55190
2016-03-08,9.21,173425
2016-03-09,9.3,31550
2016-03-10,9.19,1906
2016-03-11,9.32,35561
2016-03-14,9.2,42933
2016-03-15,9.14,121458
2016-03-16,9.12,18086
2016-03-17,9.32,315
2016-03-18,9.31,3631
2016-03-21,9.33,59112
2016-03-22,9.32,4915
2016-03-23,9.14,8523
2016-03-24,9.1,923
2016-03-29,9.01,13851
2016-03-30,9.03,1380
2016-03-31,9.03,7489
2016-04-01,9.115,
2016-04-04,9.04,187596
2016-04-05,8.96,74675
2016-04-06,9.02,63380
2016-04-07,8.78,3819
2016-04-08,8.85,374217
2016-04-11,8.84,82902
2016-04-12,9.03,61638
2016-04-13,9.23,16923
2016-04-14,9.18,500
2016-04-15,9.16,66712
2016-04-18,9.24,130428
2016-04-19,9.41,36489
2016-04-20,9.5,237182
2016-04-21,9.55,168798
2016-04-22,9.61,2099
2016-04-25,9.55,7451
2016-04-26,9.48,3346
2016-04-27,9.44,9720
2016-04-28,9.51,44
2016-04-29,9.66,2679
2016-05-03,9.48,148303
2016-05-04,9.44,240310
2016-05-05,9.24,3634
2016-05-06,9.28,113987
2016-05-09,9.0,318499
2016-05-10,8.97,65352
2016-05-11,9.09,138895
2016-05-12,8.93,98979
2016-05-13,8.95,9274
2016-05-16,9.0,13800
2016-05-17,9.0063,
2016-05-18,8.96,31534
2016-05-19,8.89,1380
2016-05-20,8.9075,
2016-05-23,8.86,143280
2016-05-24,8.89,27876
2016-05-25,8.9,92
2016-05-26,8.9625,
2016-05-27,9.0,352
2016-05-31,9.0,6805
2016-06-01,9.01,19956
2016-06-02,8.9788,
2016-06-03,9.1,2737
2016-06-06,9.18,86
2016-06-07,8.99,35595
2016-06-08,9.16,7286
2016-06-09,9.08,56286
2016-06-10,9.1038,
2016-06-13,9.17,280980
2016-06-14,9.11,7102
2016-06-15,9.25,855183
2016-06-16,9.08,786673
2016-06-17,9.11,6000
2016-06-20,9.28,8275
2016-06-21,9.29,49050
2016-06-22,9.36,15460
2016-06-23,9.43,8015
2016-06-24,9.29,20774
2016-06-27,9.21,522
2016-06-28,9.47,9363
2016-06-29,9.54,323420
2016-06-30,9.57,61230
2016-07-01,9.77,861683
2016-07-04,9.76,361017
2016-07-05,9.57,38
2016-07-06,9.56,166
2016-07-07,9.49,169745
2016-07-08,9.57,411
2016-07-11,9.64,1450
2016-07-12,9.8,2251
2016-07-13,9.89,282845
2016-07-14,9.92,
2016-07-15,9.68,22670
2016-07-18,9.91,385785
2016-07-19,9.95,455290
2016-07-20,9.9,121695
2016-07-21,9.91,
2016-07-22,9.79,11915
2016-07-25,9.82,20792
2016-07-26,9.79,187
2016-07-27,9.6625,
2016-07-28,9.75,510
2016-07-29,9.87,6739
2016-08-01,9.91,25949
2016-08-02,9.89,195223
2016-08-03,9.88,25068
2016-08-04,9.77,1257
2016-08-05,9.775,
2016-08-08,9.81,5509
2016-08-09,9.78,850
2016-08-10,9.86,84853
2016-08-11,9.86,2117
2016-08-12,9.72,2510
2016-08-15,9.755,
2016-08-16,9.82,1600
2016-08-17,9.79,1825046
2016-08-18,9.86,193700
2016-08-19,9.82,4324
2016-08-22,9.74,44660
2016-08-23,9.72,81504
2016-08-24,9.57,37465
2016-08-25,9.54,722026
2016-08-26,9.55,166747
2016-08-30,9.49,55855
2016-08-31,9.5,15468
2016-09-01,9.47,270074
2016-09-02,9.51,1686
2016-09-05,9.51,11719
2016-09-06,9.4925,
2016-09-07,9.53,77700
2016-09-08,9.5425,
2016-09-09,9.51,242
2016-09-12,9.43,13134
2016-09-13,9.37,2289
2016-09-14,9.56,887
2016-09-15,9.47,633
2016-09-16,9.46,628
2016-09-19,9.535,
2016-09-20,9.63,122544
2016-09-21,9.59,55410
2016-09-22,9.8,36369
2016-09-23,9.82,
2016-09-26,9.83,32151
2016-09-27,9.79,1181
2016-09-28,9.86,285262
2016-09-29,9.86,1867
2016-09-30,9.97,82553
2016-10-03,9.87,2063
2016-10-04,9.8225,
2016-10-05,9.79,11562
2016-10-06,9.74,5911
2016-10-07,9.81,198
2016-10-10,9.88,570845
2016-10-11,9.7675,
2016-10-12,9.8,21168
2016-10-13,9.67,129885
2016-10-14,9.66,100002
2016-10-17,9.61,5000
2016-10-18,9.61,361
2016-10-19,9.59,387004
2016-10-20,9.5,834
2016-10-21,9.47,211036
2016-10-24,9.53,375953
2016-10-25,9.74,365420
2016-10-26,9.75,209766
2016-10-27,9.82,57234
2016-10-28,9.95,55053
2016-10-31,10.1,70494
2016-11-01,10.07,242502
2016-11-02,10.04,337012
2016-11-03,10.17,627100
2016-11-04,10.17,205575
2016-11-07,10.3,9137
2016-11-08,10.5,6508
2016-11-09,10.71,270203
2016-11-10,10.97,3106804
2016-11-11,10.77,68244
2016-11-14,10.83,46353
2016-11-15,10.8,14415
2016-11-16,10.66,428797
2016-11-17,10.69,22501
2016-11-18,10.59,19742
2016-11-21,10.85,150135
2016-11-22,10.93,224541
2016-11-23,11.17,22780
2016-11-24,11.35,46000
2016-11-25,11.37,1417779
2016-11-28,11.54,215362
2016-11-29,11.07,10357
2016-11-30,11.13,13096
2016-12-01,11.16,323390
2016-12-02,11.11,12124
2016-12-05,11.35,266555
2016-12-06,11.27,10990
2016-12-07,11.2,13590
2016-12-08,11.05,725157
2016-12-09,11.19,91201
2016-12-12,11.16,124785
2016-12-13,11.05,164452
2016-12-14,11.12,397870
2016-12-15,11.23,252341
2016-12-16,10.93,14496
2016-12-19,10.7,32605
2016-12-20,10.76,515778
2016-12-21,10.73,183423
2016-12-22,10.73,79957
2016-12-23,10.69,9430
2016-12-28,10.6,2020
2016-12-29,10.46,1394
2016-12-30,10.56,165
2017-01-03,10.46,263896
2017-01-04,10.68,292922
2017-01-05,10.69,9664
2017-01-06,10.67,1400
2017-01-09,10.76,103909
2017-01-10,11.03,1028643
2017-01-11,11.0,10997
2017-01-12,11.11,107402
2017-01-13,11.23,9864
2017-01-16,11.15,133620
2017-01-17,11.02,34192
2017-01-18,11.12,11087
2017-01-19,11.07,111010
2017-01-20,11.1,5000
2017-01-23,11.18,68670
2017-01-24,11.33,301459
2017-01-25,11.26,139294
2017-01-26,11.07,20361
2017-01-27,11.12,27179
2017-01-30,11.05,8865
2017-01-31,11.3,280027
2017-02-01,11.34,819187
2017-02-02,11.3,188440
2017-02-03,11.16,144179
2017-02-06,11.22,1414653
2017-02-07,11.19,1298472
2017-02-08,11.32,380098
2017-02-09,11.28,62812
2017-02-10,11.61,13869
2017-02-13,11.68,463678
2017-02-14,11.57,215745
2017-02-15,11.66,9749
2017-02-16,11.57,8005
2017-02-17,11.49,140476
2017-02-20,11.68,223935
2017-02-21,11.62,458950
2017-02-22,11.56,491892
2017-02-23,11.3,65594
2017-02-24,11.45,139527
2017-02-27,11.48,16964
2017-02-28,11.55,950311
2017-03-01,11.68,45792
2017-03-02,11.44,1025189
2017-03-03,11.4,72145
2017-03-06,11.34,286351
2017-03-07,11.16,19155
2017-03-08,11.13,19796
2017-03-09,11.0,1365781
2017-03-10,11.01,28928
2017-03-13,11.18,7446
2017-03-14,11.19,119830
2017-03-15,11.24,106673
2017-03-16,11.31,13131
2017-03-17,11.38,6737
2017-03-20,11.35,179950
2017-03-21,11.24,18355
2017-03-22,11.24,6842
2017-03-23,11.27,4646
2017-03-24,11.25,212054
2017-03-27,11.08,488114
2017-03-28,11.32,746497
2017-03-29,11.44,13971
2017-03-30,11.54,513802
2017-03-31,11.33,53833
2017-04-03,11.14,232824
2017-04-04,11.18,416072
2017-04-05,11.36,93873
2017-04-06,11.3,371
2017-04-07,11.23,13737
2017-04-10,11.1,145282
2017-04-11,11.01,20600
2017-04-12,10.83,99536
2017-04-13,10.93,672301
2017-04-18,10.72,956795
2017-04-19,10.76,167012
2017-04-20,10.89,2085
2017-04-21,10.84,465
2017-04-24,10.85,593509
2017-04-25,10.92,1643148
2017-04-26,10.97,146617
2017-04-27,10.86,18752
2017-04-28,10.94,175428
2017-05-02,11.02,299589
2017-05-03,10.78,50781
2017-05-04,10.62,352319
2017-05-05,10.7,10780
2017-05-08,10.55,348288
2017-05-09,10.63,12969
2017-05-10,10.56,76630
2017-05-11,10.63,14480
2017-05-12,10.66,
2017-05-15,10.75,8374
2017-05-16,10.74,1061436
2017-05-17,10.76,13300
2017-05-18,10.68,8022
2017-05-19,10.9,6007
2017-05-22,10.93,624803
2017-05-23,10.93,5090
2017-05-24,10.86,8645
2017-05-25,10.94,8289
2017-05-26,10.88,18
2017-05-30,10.81,323102
2017-05-31,10.76,17046
2017-06-01,10.81,16617
2017-06-02,10.74,40
2017-06-05,10.64,827
2017-06-06,10.6,234782
2017-06-07,10.56,5729
2017-06-08,10.68,1478
2017-06-09,10.79,2930
2017-06-12,10.69,99166
2017-06-13,10.62,1326184
2017-06-14,10.63,3908
2017-06-15,10.58,498
2017-06-16,10.61,15396
2017-06-19,10.73,184765
2017-06-20,10.61,5239
2017-06-21,10.74,2032
2017-06-22,10.79,9196
2017-06-23,10.86,23081
2017-06-26,10.83,1974
2017-06-27,10.97,3538
2017-06-28,11.0,1248
2017-06-29,11.11,5973
2017-06-30,11.08,10048
2017-07-03,11.12,1675
2017-07-04,11.11,5877
2017-07-05,11.02,42804
2017-07-06,11.07,954
2017-07-07,10.99,5494
2017-07-10,10.94,96
2017-07-11,11.04,100
2017-07-12,11.07,1754
2017-07-13,11.0975,
2017-07-14,11.15,2675
2017-07-17,11.26,1266618
2017-07-18,11.24,4404
2017-07-19,11.18,2304
2017-07-20,11.1,122984
2017-07-21,11.17,189037
2017-07-24,11.23,152585
2017-07-25,11.49,49489
2017-07-26,11.6,84615
2017-07-27,11.6,6056
2017-07-28,11.57,2101
2017-07-31,11.6,27735
2017-08-01,11.53,535708
2017-08-02,11.61,56420
2017-08-03,11.6,120
2017-08-04,11.59,1491
2017-08-07,11.76,881643
2017-08-08,11.96,19207
2017-08-09,11.97,10541
2017-08-10,12.035,
2017-08-11,11.96,24710
2017-08-14,11.88,769992
2017-08-15,11.92,20112
2017-08-16,12.33,128066
2017-08-17,12.19,15778
2017-08-18,12.25,15509
2017-08-21,12.39,456071
2017-08-22,12.4,42749
2017-08-23,12.43,100
2017-08-24,12.62,17206
2017-08-25,12.42,2137
2017-08-29,12.63,7673
2017-08-30,12.6,175730
2017-08-31,12.68,1734
2017-09-01,12.81,41105
2017-09-04,12.91,941
2017-09-05,12.78,4666
2017-09-06,12.78,2073626
2017-09-07,12.79,695
2017-09-08,12.48,1253798
2017-09-11,12.6,71506
2017-09-12,12.58,14200
2017-09-13,12.35,55301
2017-09-14,12.22,11511
2017-09-15,12.13,297
2017-09-18,12.3,1091716
2017-09-19,12.36,8160
2017-09-20,12.45,14772
2017-09-21,12.38,4504
2017-09-22,12.16,18263
2017-09-25,12.19,175550
2017-09-26,12.19,26633
2017-09-27,12.11,38616
2017-09-28,12.25,803
2017-09-29,12.31,103072
2017-10-02,12.2,32869
2017-10-03,12.33,20
2017-10-04,12.44,502218
2017-10-05,12.57,8849
2017-10-06,12.49,894860
2017-10-09,12.55,379
2017-10-10,12.69,46291
2017-10-11,12.6,17054
2017-10-12,12.7775,
2017-10-13,12.78,1179173
2017-10-16,13.03,161622
2017-10-17,12.84,18096
2017-10-18,12.83,30172
2017-10-19,12.83,3495
2017-10-20,12.81,32115
2017-10-23,12.87,2934
2017-10-24,12.96,157924
2017-10-25,12.96,35
2017-10-26,12.97,2746
2017-10-27,12.73,7768
2017-10-30,12.79,76294
2017-10-31,12.86,16906
2017-11-01,13.07,30431
2017-11-02,13.03,43790
2017-11-03,13.01,9017
2017-11-06,13.1,7650
2017-11-07,12.82,88181
2017-11-08,12.83,5729
2017-11-09,12.72,1445
2017-11-10,12.7,15948
2017-11-13,12.85,1886
2017-11-14,12.57,91316
2017-11-15,12.59,112783
2017-11-16,12.54,23824
2017-11-17,12.58,45509
2017-11-20,12.58,57860
2017-11-21,12.69,55577
2017-11-22,12.8,241973
2017-11-23,12.83,18241
2017-11-24,12.92,10784
2017-11-27,12.78,31209
2017-11-28,12.56,2055112
2017-11-29,12.44,27347
2017-11-30,12.42,487730
2017-12-01,12.54,305462
2017-12-04,12.49,4816
2017-12-05,12.12,66982
2017-12-06,12.04,100
2017-12-07,12.08,8826102
2017-12-08,12.08,2233
2017-12-11,12.22,14462
2017-12-12,12.22,
2017-12-13,12.26,11323
2017-12-14,12.4,14205
2017-12-15,12.6,4714
2017-12-18,12.64,20220
2017-12-19,12.7,7024
2017-12-20,12.89,12970
2017-12-21,12.98,52470
2017-12-22,12.99,380
2017-12-27,13.25,878
2017-12-28,13.41,13372
2017-12-29,13.36,3000
2018-01-02,13.44,140373
2018-01-03,13.28,24933
2018-01-04,13.36,3150
2018-01-05,13.23,105172
2018-01-08,13.23,58130
2018-01-09,13.15,85497
2018-01-10,13.24,19551
2018-01-11,13.22,207284
2018-01-12,13.27,44338
2018-01-15,13.43,28385
2018-01-16,13.18,16840
2018-01-17,13.11,14457
2018-01-18,13.24,163936
2018-01-19,13.28,21328
2018-01-22,13.31,312661
2018-01-23,13.19,27264
2018-01-24,13.55,3859
2018-01-25,13.56,2768
2018-01-26,13.52,12879
2018-01-29,13.57,19979
2018-01-30,13.38,5428
2018-01-31,13.5,9965
2018-02-01,13.59,1420
2018-02-02,13.38,88043
2018-02-05,13.55,110573
2018-02-06,13.33,300048
2018-02-07,13.07,18012
2018-02-08,13.06,64302
2018-02-09,12.89,31870
2018-02-12,12.95,81218
2018-02-13,13.21,19347
2018-02-14,13.56,10022
2018-02-15,13.6,5903
2018-02-16,13.67,3816
2018-02-19,13.51,17423
2018-02-20,13.47,22753
2018-02-21,13.51,21638
2018-02-22,13.53,18441
2018-02-23,13.4,57346
2018-02-26,13.44,25380
2018-02-27,13.31,3050
2018-02-28,13.2,912673
2018-03-01,13.12,35247
2018-03-02,13.08,6650
2018-03-05,13.03,308027
2018-03-06,13.13,221111
2018-03-07,12.98,49426
2018-03-08,12.81,28918
2018-03-09,13.08,27478
2018-03-12,12.95,27679
2018-03-13,13.03,36790
2018-03-14,13.01,58681
2018-03-15,12.91,40780
2018-03-16,12.9,13904
2018-03-19,12.87,402274
2018-03-20,12.72,466730
2018-03-21,12.79,47812
2018-03-22,12.62,304167
2018-03-23,12.56,49554
2018-03-26,12.52,675930
2018-03-27,12.56,7670
2018-03-28,12.55,43293
2018-03-29,12.59,26447
2018-04-03,12.69,235133
2018-04-04,12.53,63947
2018-04-05,12.63,86037
2018-04-06,12.62,3529
2018-04-09,12.85,50831
2018-04-10,13.13,97674
2018-04-11,13.24,22813
2018-04-12,13.06,20337
2018-04-13,13.19,62156
2018-04-16,13.43,5641
2018-04-17,13.39,82364
2018-04-18,13.97,189292
2018-04-19,13.78,116187
2018-04-20,13.77,1988
2018-04-23,13.36,197130
2018-04-24,13.28,33525
2018-04-25,13.21,45009
2018-04-26,13.26,118163
2018-04-27,13.1,1876
2018-04-30,13.02,30088
2018-05-01,12.92,21222
2018-05-02,13.11,33204
2018-05-03,13.04,129041
2018-05-04,13.16,41269
2018-05-08,13.06,17590
2018-05-09,13.18,425144
2018-05-10,13.23,95265
2018-05-11,13.19,59895
2018-05-14,13.27,221745
2018-05-15,13.22,324934
2018-05-16,13.24,135578
2018-05-17,13.29,58824
2018-05-18,13.24,267956
2018-05-21,13.3,16792
2018-05-22,13.33,236508
2018-05-23,13.16,19648
2018-05-24,13.26,108158
2018-05-25,13.23,22279
2018-05-29,13.24,81453
2018-05-30,13.29,10568
2018-05-31,13.36,663
2018-06-01,13.4,1904
2018-06-04,13.56,174
2018-06-05,13.76,62198
2018-06-06,13.87,119049
2018-06-07,13.89,98976
2018-06-08,13.83,45277
2018-06-11,13.76,17079
2018-06-12,13.74,180683
2018-06-13,13.8,10345
2018-06-14,13.63,146857
2018-06-15,13.35,92601
2018-06-18,13.29,25797
2018-06-19,13.01,69925
2018-06-20,12.97,44201
2018-06-21,12.95,129517
2018-06-22,12.99,10850
2018-06-25,12.84,99598
2018-06-26,12.76,13989
2018-06-27,12.8,121956
2018-06-28,12.73,4966
2018-06-29,12.69,54199
2018-07-02,12.52,261307
2018-07-03,12.42,246348
2018-07-04,12.18,20018
2018-07-05,12.19,44742
2018-07-06,12.13,15685
2018-07-09,12.26,49519
2018-07-10,12.09,210781
2018-07-11,11.84,973
2018-07-12,11.93,15431
2018-07-13,11.88,1545
2018-07-16,11.75,137779
2018-07-17,11.71,551
2018-07-18,11.75,312099
2018-07-19,11.6,90753
2018-07-20,11.76,710666
2018-07-23,11.78,138966
2018-07-24,12.01,40583
2018-07-25,11.92,16578
2018-07-26,11.96,61460
2018-07-27,11.98,9649
2018-07-30,11.98,405123
2018-07-31,12.05,9000
2018-08-01,11.81,500
2018-08-02,11.7,2000
2018-08-03,11.84,9476
2018-08-06,11.77,530
2018-08-07,11.85,10008
2018-08-08,11.98,71638
2018-08-09,11.97,120982
2018-08-10,11.95,93278
2018-08-13,11.77,694806
2018-08-14,11.61,20653
2018-08-15,11.14,10270
2018-08-16,11.45,238446
2018-08-17,11.41,118845
2018-08-20,11.54,137877
2018-08-21,11.63,1000
2018-08-22,11.6,3009
2018-08-23,11.55,2397
2018-08-24,11.79,39118
2018-08-28,11.91,18194
2018-08-29,11.86,48624
2018-08-30,11.71,288
2018-08-31,11.56,14120
2018-09-03,11.5,21258
2018-09-04,11.22,322542
2018-09-05,11.29,48000
2018-09-06,11.31,27910
2018-09-07,11.32,16905
2018-09-10,11.31,21538
2018-09-11,11.13,277
2018-09-12,11.37,4547851
2018-09-13,11.41,7679
2018-09-14,11.32,11957
2018-09-17,11.215,
2018-09-18,11.215,
2018-09-19,11.215,
2018-09-20,11.48,236056
2018-09-21,11.92,122866
2018-09-24,11.91,
2018-09-25,11.79,128339
2018-09-26,11.8,156503
2018-09-27,11.59,457
2018-09-28,11.76,66416
2018-10-01,11.78,20203
2018-10-02,11.89,4200
2018-10-03,11.98,5116
2018-10-04,11.97,174987
2018-10-05,11.77,53612
2018-10-08,11.72,16984
2018-10-09,11.88,87239
2018-10-10,11.75,283789
2018-10-11,11.74,46150
2018-10-12,11.82,21824
2018-10-15,11.81,12260
2018-10-16,11.69,8867
2018-10-17,11.68,49474
2018-10-18,11.6475,
2018-10-19,11.66,2700
2018-10-22,11.7,4310
2018-10-23,11.67,713
2018-10-24,11.595,
2018-10-25,11.6,220
2018-10-26,11.51,5499
2018-10-29,11.4425,
2018-10-30,11.28,4074
2018-10-31,11.14,13792
2018-11-01,11.32,194685
2018-11-02,11.52,215237
2018-11-05,11.39,50796
2018-11-06,11.31,454
2018-11-07,11.3,164528
2018-11-08,11.39,12000
2018-11-09,11.21,201936
2018-11-12,11.15,55225
2018-11-13,11.12,43642
2018-11-14,11.15,462000
2018-11-15,11.27,52112
2018-11-16,11.31,2678
2018-11-19,11.33,8231
2018-11-20,11.25,
2018-11-21,11.29,1764
2018-11-22,11.31,11341
2018-11-23,11.2225,
2018-11-26,11.18,74036
2018-11-27,11.055,
2018-11-28,11.13,51374
2018-11-29,11.22,261388
2018-11-30,11.28,1370
2018-12-03,11.44,6307
2018-12-04,11.33,1810
2018-12-05,11.35,200
2018-12-06,11.12,3084
2018-12-07,11.24,600
2018-12-10,11.08,9243
2018-12-11,11.19,5675
2018-12-12,11.17,2203
2018-12-13,11.18,3554
2018-12-14,11.1425,
2018-12-17,11.16,4800
2018-12-18,10.97,91053
2018-12-19,11.03,429093
2018-12-20,11.01,935202
2018-12-21,10.94,21016
2018-12-24,10.895,
2018-12-27,10.8,13189
2018-12-28,10.7725,
2018-12-31,10.77,1199
2019-01-02,10.58,18098
2019-01-03,10.49,935
2019-01-04,10.84,2791
2019-01-07,10.915,
2019-01-08,10.88,31057
2019-01-09,10.88,1950
2019-01-10,10.86,908
2019-01-11,10.88,77649
2019-01-14,10.82,47495
2019-01-15,10.92,142817
2019-01-16,10.99,5000
2019-01-17,11.03,68666
2019-01-18,11.17,22950
2019-01-21,11.1,2451
2019-01-22,11.07,139028
2019-01-23,11.17,2518
2019-01-24,11.16,55160
2019-01-25,11.35,69103
2019-01-28,11.23,6500
2019-01-29,11.32,143406
2019-01-30,11.46,108572
2019-01-31,11.575,32515
2019-02-01,11.5725,30000
2019-02-04,11.735,167459
2019-02-05,11.7325,
2019-02-06,11.7225,27308
2019-02-07,11.7375,
2019-02-08,11.58,41111
2019-02-11,11.455,47253
2019-02-12,11.3575,686
2019-02-13,11.3575,26500
2019-02-14,11.2975,10658
2019-02-15,11.435,
2019-02-18,11.5075,85000
2019-02-19,11.585,5053
2019-02-20,11.7625,35000
2019-02-21,11.7825,3262
2019-02-22,11.945,76678
2019-02-25,11.895,16857
2019-02-26,11.93,12141
2019-02-27,11.9725,20962
2019-02-28,11.9975,9120
2019-03-01,11.965,17725
2019-03-04,11.85,32990
2019-03-05,12.01,32726
2019-03-06,11.935,730
2019-03-07,11.82,375
2019-03-08,11.785,67585
2019-03-11,11.74,11936
2019-03-12,11.955,22040
2019-03-13,11.995,9769
2019-03-14,11.89,
2019-03-15,11.87,9980
2019-03-18,11.905,10312
2019-03-19,12.07,147591
2019-03-20,12.0875,5596
2019-03-21,11.9,15902
2019-03-22,11.775,75473
2019-03-25,11.79,106496
2019-03-26,11.8575,12106
2019-03-27,11.905,28316
2019-03-28,11.8975,18379
2019-03-29,12.1075,11350
2019-04-01,12.14,42386
2019-04-02,11.9425,12943
2019-04-03,12.1075,42142
2019-04-04,11.99,1528
2019-04-05,11.99,22214
2019-04-08,12.01,10200
2019-04-09,12.03,44280
2019-04-10,11.98,7445
2019-04-11,11.875,2647
2019-04-12,11.9825,25453
2019-04-15,11.93,483
2019-04-16,11.8975,3704
2019-04-17,11.9725,5134
2019-04-18,11.825,417
2019-04-23,11.7175,3016
2019-04-24,11.74,8009
2019-04-25,11.645,987
2019-04-26,11.675,4820
2019-04-29,11.67,81090
2019-04-30,11.64,10328
2019-05-01,11.45,9877
2019-05-02,11.3975,172476
2019-05-03,11.485,11245
2019-05-07,11.325,12929
2019-05-08,11.285,1000
2019-05-09,11.145,5559
2019-05-10,11.2025,21000
2019-05-13,11.06,25955
2019-05-14,11.16,32717
2019-05-15,11.2875,57138
2019-05-16,11.3725,9731
2019-05-17,11.2375,
2019-05-20,11.145,667
2019-05-21,11.1275,2
2019-05-22,10.985,227
2019-05-23,10.9675,5292
2019-05-24,11.1425,19500
2019-05-28,11.125,132
2019-05-29,11.04,2414
2019-05-30,11.0075,10842
2019-05-31,11.0,30601
2019-06-03,10.845,20747
2019-06-04,10.915,37919
2019-06-05,10.825,83008
2019-06-06,10.8375,5043
2019-06-07,10.76,9870
2019-06-10,10.845,13662
2019-06-11,10.96,48436
2019-06-12,10.935,1160
2019-06-13,10.8925,916
2019-06-14,10.83,30106
2019-06-17,10.83,1160
2019-06-18,11.02,62000
2019-06-19,11.0,45689
2019-06-20,11.0525,507
2019-06-21,11.0075,709
2019-06-24,11.0475,575
2019-06-25,11.22,72099
2019-06-26,11.1975,11500
2019-06-27,11.135,1547
2019-06-28,11.1875,2000
2019-07-01,11.04,91499
2019-07-02,10.94,1987
2019-07-03,10.99,197729
2019-07-04,10.995,1800
2019-07-05,10.975,2745
2019-07-08,10.985,2153
2019-07-09,10.8775,
2019-07-10,11.1375,5000
2019-07-11,11.165,13618
2019-07-12,11.18,1759
2019-07-15,11.2875,6060
2019-07-16,11.45,4316
2019-07-17,11.43,12514
2019-07-18,11.54,75743
2019-07-19,11.5475,1230
2019-07-22,11.38,536
2019-07-23,11.35,814575
2019-07-24,11.4425,4983
2019-07-25,11.365,18021
2019-07-26,11.2575,20000
2019-07-29,11.3875,1200
2019-07-30,11.3375,6179
2019-07-31,11.2975,10071
2019-08-01,11.27,1820
2019-08-02,11.045,3129768
2019-08-05,11.03,536
2019-08-06,11.0225,1385
2019-08-07,10.935,32675
2019-08-08,11.295,10424
2019-08-09,11.13,2975
2019-08-12,11.15,
2019-08-13,11.28,978
2019-08-14,11.19,2938
2019-08-15,11.27,4
2019-08-16,11.2575,
2019-08-19,11.2325,6852
2019-08-20,11.1175,
2019-08-21,11.2075,
2019-08-22,11.0675,10029
2019-08-23,11.0725,705
2019-08-27,11.1125,5740
2019-08-28,11.13,
2019-08-29,11.245,
2019-08-30,11.3525,2500
2019-09-02,11.395,5205
2019-09-03,11.2825,135
2019-09-04,11.5475,1998
2019-09-05,11.5925,175
2019-09-06,11.605,
2019-09-09,11.63,12637
2019-09-10,11.675,
2019-09-11,11.71,9000
2019-09-12,11.665,21011
2019-09-13,11.8,3846
2019-09-16,11.635,51752
2019-09-17,11.505,54685
2019-09-18,11.4975,19991
2019-09-19,11.5175,
2019-09-20,11.5575,440
2019-09-23,11.555,
2019-09-24,11.445,
2019-09-25,11.45,40000
2019-09-26,11.385,43880
2019-09-27,11.425,130000
2019-09-30,11.5125,85091
2019-10-01,11.375,246
2019-10-02,11.4175,1578
2019-10-03,11.395,
2019-10-04,11.38,
2019-10-07,11.47,
2019-10-08,11.42,
2019-10-09,11.4,
2019-10-10,11.6025,
2019-10-11,11.61,1101
2019-10-14,11.5625,10637
2019-10-15,11.535,4758
2019-10-16,11.395,
2019-10-17,11.405,650
2019-10-18,11.495,5108
2019-10-21,11.485,653
2019-10-22,11.4825,
2019-10-23,11.605,
2019-10-24,11.6475,298
2019-10-25,11.7,633
2019-10-28,11.725,
2019-10-29,11.7625,
2019-10-30,11.7725,
2019-10-31,11.5925,
2019-11-01,11.7075,
2019-11-04,11.74,9808
2019-11-05,11.75,3125
2019-11-06,11.7025,3448
2019-11-07,11.765,833
2019-11-08,11.6575,33900
2019-11-11,11.545,13830
2019-11-12,11.495,700
2019-11-13,11.375,
2019-11-14,11.26,
2019-11-15,11.27,
2019-11-18,11.1525,13663
2019-11-19,11.16,15780
2019-11-20,11.1325,3470
2019-11-21,11.08,
2019-11-22,11.1275,
2019-11-25,11.1025,1815
2019-11-26,11.165,
2019-11-27,11.205,1241
2019-11-28,11.08,1164
2019-11-29,11.0075,2265
2019-12-02,11.0325,
2019-12-03,10.8575,22693
2019-12-04,10.9025,500
2019-12-05,10.875,1639
2019-12-06,11.0375,32261
2019-12-09,11.075,45000
2019-12-10,11.0875,21666
2019-12-11,11.1975,4618
2019-12-12,11.2525,
2019-12-13,11.2225,700
2019-12-16,11.3625,9990
2019-12-17,11.3275,1976
2019-12-18,11.32,15292
2019-12-19,11.4375,4175
2019-12-20,11.455,961
2019-12-23,11.4275,974
2019-12-24,11.44,
2019-12-27,11.4575,128
2019-12-30,11.46,6215
2019-12-31,11.4425,1146
2020-01-02,11.43,9719
2020-01-03,11.33,10325
2020-01-06,11.3325,3348
2020-01-07,11.37,2813
2020-01-08,11.435,8900
2020-01-09,11.4425,38780
2020-01-10,11.49,5000
2020-01-13,11.515,9700
2020-01-14,11.4925,570
2020-01-15,11.575,
2020-01-16,11.565,11445
2020-01-17,11.5425,1285
2020-01-20,11.5825,7840
2020-01-21,11.505,21348
2020-01-22,11.3475,
2020-01-23,11.135,5407
2020-01-24,11.03,11
2020-01-27,10.7575,
2020-01-28,10.6975,23360
2020-01-29,10.58,
2020-01-30,10.5275,
2020-01-31,10.505,23684
2020-02-03,10.3925,2600
2020-02-04,10.475,3035
2020-02-05,10.6575,22508
2020-02-06,10.715,22316
2020-02-07,10.505,5520
2020-02-10,10.4625,1415
2020-02-11,10.605,606
2020-02-12,10.6525,1993
2020-02-13,10.7175,75
2020-02-14,10.605,3000
2020-02-17,10.68,
2020-02-18,10.595,614
2020-02-19,10.5475,7354
2020-02-20,10.4825,2250
2020-02-21,10.5075,1000
2020-02-24,10.3575,200
2020-02-25,10.34,6000
2020-02-26,10.335,2350
2020-02-27,10.2525,
2020-02-28,10.2175,15083
2020-03-02,10.38,
2020-03-03,10.2775,5362
2020-03-04,10.3425,
2020-03-05,10.42,13900
2020-03-06,10.255,1500
2020-03-09,10.1625,5965
2020-03-10,10.2175,3739
2020-03-11,10.14,
2020-03-12,9.9,2102
2020-03-13,10.0275,26198
2020-03-16,9.8188,3075
2020-03-17,9.6075,2525
2020-03-18,9.2625,7432
2020-03-19,9.2537,83915
2020-03-20,9.1925,590
2020-03-23,8.8888,
2020-03-24,9.1275,2548
2020-03-25,9.1587,4859
2020-03-26,9.0925,11000
2020-03-27,9.1425,16523
2020-03-30,9.0775,
2020-03-31,9.1987,930
2020-04-01,9.0363,12975
2020-04-02,9.1163,490
2020-04-03,9.04,924
2020-04-06,9.0675,7600
2020-04-07,9.2725,1889
2020-04-08,9.1775,5675
2020-04-09,9.2212,1843
2020-04-14,9.3825,20400
2020-04-15,9.3625,46966
2020-04-16,9.39,23749
2020-04-17,9.4613,18946
2020-04-20,9.5025,25500
2020-04-21,9.2775,2237
2020-04-22,9.3313,537
2020-04-23,9.3787,292
2020-04-24,9.3737,2654
2020-04-27,9.4362,14168
2020-04-28,9.4637,30700
2020-04-29,9.54,7600
2020-04-30,9.4487,4714
2020-05-01,9.305,
2020-05-04,9.2675,9600
2020-05-05,9.3112,
2020-05-06,9.4362,6800
2020-05-07,9.5387,11985
2020-05-11,9.5775,2173
2020-05-12,9.5013,1232
2020-05-13,9.4575,1537
2020-05-14,9.3925,21910
2020-05-15,9.3375,640
2020-05-18,9.6062,8293
2020-05-19,9.645,40000
2020-05-20,9.79,697
2020-05-21,9.7075,23000
2020-05-22,9.5562,6220
2020-05-26,9.6263,1587
2020-05-27,9.4587,25668
2020-05-28,9.5588,14230
2020-05-29,9.655,5961
2020-06-01,9.795,1950
2020-06-02,9.8575,26350
2020-06-03,9.915,14344
2020-06-04,9.925,
2020-06-05,10.1125,203885
2020-06-08,10.12,1559
2020-06-09,10.1325,4113
2020-06-10,10.2925,2650
2020-06-11,10.085,95974
2020-06-12,10.0425,75188
2020-06-15,9.9937,802
2020-06-16,10.0575,90000
2020-06-17,10.11,
2020-06-18,10.1725,
2020-06-19,10.2075,18000
2020-06-22,10.2425,
2020-06-23,10.1825,
2020-06-24,10.1275,65
2020-06-25,10.1225,5300
2020-06-26,10.2275,1100
2020-06-29,10.2775,645
2020-06-30,10.3275,10009
2020-07-01,10.33,31432
2020-07-02,10.355,9
2020-07-03,10.31,
2020-07-06,10.515,8860
2020-07-07,10.56,5179
2020-07-08,10.6725,3329
2020-07-09,10.7425,39020
2020-07-10,10.9125,3646
2020-07-13,11.135,2849
2020-07-14,10.9775,3646
2020-07-15,10.895,3700
2020-07-16,10.92,1910
2020-07-17,10.85,630
2020-07-20,10.9375,16600
2020-07-21,11.065,376
2020-07-22,10.94,2978
2020-07-23,11.06,3042
2020-07-24,10.95,69059
2020-07-27,11.0,12755
2020-07-28,11.085,65020
2020-07-29,11.1425,14260
2020-07-30,11.085,39700
2020-07-31,11.1025,8846
2020-08-03,11.22,51262
2020-08-04,11.2075,1209
2020-08-05,11.415,1011
2020-08-06,11.36,571
2020-08-07,11.215,8500
2020-08-10,11.2775,350
2020-08-11,11.2925,3074
2020-08-12,11.3225,10058
2020-08-13,11.105,
2020-08-14,11.1975,1081
2020-08-17,11.36,11000
2020-08-18,11.5025,
2020-08-19,11.6675,5000
2020-08-20,11.56,12100
2020-08-21,11.4425,1570
2020-08-24,11.4575,150
2020-08-25,11.515,
2020-08-26,11.59,36789
2020-08-27,11.6,16516
2020-08-28,11.76,112618
2020-09-01,11.8575,28542
2020-09-02,11.7625,6922
2020-09-03,11.55,59657
2020-09-04,11.6875,958
2020-09-07,11.78,326
2020-09-08,11.565,43000
2020-09-09,11.61,250
2020-09-10,11.5425,1615
2020-09-11,11.6525,18462
2020-09-14,11.7625,13000
2020-09-15,11.7475,250
2020-09-16,11.7925,900
2020-09-17,11.72,
2020-09-18,11.7875,820
2020-09-21,11.5525,
2020-09-22,11.6275,
2020-09-23,11.3775,13680
2020-09-24,11.2525,1000
2020-09-25,11.31,2008
2020-09-28,11.4275,1029
2020-09-29,11.4425,1686
2020-09-30,11.4975,5474
2020-10-01,11.115,3300
2020-10-02,11.315,1344
2020-10-05,11.295,2149
2020-10-06,11.33,11960
2020-10-07,11.4775,25197
2020-10-08,11.54,4
2020-10-09,11.76,1210
2020-10-12,11.77,6436
2020-10-13,11.71,12200
2020-10-14,11.7425,
2020-10-15,11.8,
2020-10-16,11.8325,600
2020-10-19,11.92,122
2020-10-20,12.05,6250
2020-10-21,12.15,13019
2020-10-22,12.1275,100
2020-10-23,12.035,17016
2020-10-26,11.9375,1200
2020-10-27,11.9375,7112
2020-10-28,11.87,36665
2020-10-29,11.8325,19333
2020-10-30,11.8325,32533
2020-11-02,11.875,10290
2020-11-03,12.075,61159
2020-11-04,12.065,25619
2020-11-05,12.1,22684
2020-11-06,12.1875,20256
2020-11-09,12.1975,15769
2020-11-10,12.23,5367
2020-11-11,12.2,69515
2020-11-12,12.2775,16890
2020-11-13,12.2975,31681
2020-11-16,12.425,7560
2020-11-17,12.4525,
2020-11-18,12.5575,16669
2020-11-19,12.585,3995
2020-11-20,12.775,5321
2020-11-23,12.595,50000
2020-11-24,12.7575,17730
2020-11-25,12.71,5799
2020-11-26,12.8175,11254
2020-11-27,12.9875,12058
2020-11-30,13.065,16893
2020-12-01,13.1775,53511
2020-12-02,13.0925,21682
2020-12-03,13.0375,1000
2020-12-04,13.18,3090
2020-12-07,13.135,202303
2020-12-08,13.09,17589
2020-12-09,13.275,4751
2020-12-10,13.5125,2753
2020-12-11,13.2875,9636
2020-12-14,13.36,798311
2020-12-15,13.37,5884
2020-12-16,13.4075,8998
2020-12-17,13.5125,5883
2020-12-18,13.555,702850
2020-12-21,13.335,778387
2020-12-22,13.1525,1688
2020-12-23,13.28,4063
2020-12-24,13.3275,3011
2020-12-29,13.24,11189
2020-12-30,13.235,38806
2020-12-31,13.08,11212
2021-01-04,13.3525,26430
2021-01-05,13.5175,12686
2021-01-06,13.5825,7375
2021-01-07,13.7375,31721
2021-01-08,13.5825,5281
2021-01-11,13.2525,14879
2021-01-12,13.4325,7547
2021-01-13,13.435,4763
2021-01-14,13.5125,6054
2021-01-15,13.33,246
2021-01-18,13.3,17143
2021-01-19,13.32,21272
2021-01-20,13.395,327
2021-01-21,13.4425,9283
2021-01-22,13.3925,28896
2021-01-25,13.3775,4261
2021-01-26,13.3625,1550
2021-01-27,13.1,67643
2021-01-28,13.16,42596
2021-01-29,13.08,21440
2021-02-01,13.045,6444
2021-02-02,13.015,21574
2021-02-03,13.0975,10964
2021-02-04,13.11,5576
2021-02-05,13.305,51952
2021-02-08,13.42,123322
2021-02-09,13.575,48560
2021-02-10,13.79,63218
2021-02-11,13.8625,234128
2021-02-12,13.9,60973
2021-02-15,13.98,10609
2021-02-16,13.9825,140623
2021-02-17,14.005,94975
2021-02-18,14.2425,147130
2021-02-19,14.555,23597
2021-02-22,14.67,67814
2021-02-23,14.6425,55085
2021-02-24,14.8225,40355
2021-02-25,14.9475,78911
2021-02-26,14.4525,21566
2021-03-01,14.36,63708
2021-03-02,14.6475,35452
2021-03-03,14.3975,87357
2021-03-04,13.98,74697
2021-03-05,14.025,27198
2021-03-08,14.0975,45206
2021-03-09,13.92,124513
2021-03-10,13.975,100723
2021-03-11,14.165,29965
2021-03-12,14.14,15686
2021-03-15,14.31,11210
2021-03-16,14.115,19130
2021-03-17,14.2275,2280
2021-03-18,14.1775,36845
2021-03-19,14.2875,53108
2021-03-22,14.42,47831
2021-03-23,14.215,17577
2021-03-24,14.225,65220
2021-03-25,13.985,18342
2021-03-26,14.3025,13921
2021-03-29,14.1775,17036
2021-03-30,14.05,19613
2021-03-31,14.0175,29611
2021-04-01,14.0025,123588
2021-04-06,14.3425,119636
2021-04-07,14.28,59587
2021-04-08,14.3625,51104
2021-04-09,14.28,16069
2021-04-12,14.08,26678
2021-04-13,14.1825,19469
2021-04-14,14.3925,17972
2021-04-15,14.5925,13101
2021-04-16,14.5075,16158
2021-04-19,14.585,44672
2021-04-20,14.45,26194
2021-04-21,14.63,20921
2021-04-22,14.635,6869
2021-04-23,14.775,24706
2021-04-26,15.06,12791
2021-04-27,15.1725,81072
2021-04-28,15.23,63448
2021-04-29,15.27,59909
2021-04-30,15.2025,23141
2021-05-04,15.44,164024
2021-05-05,15.4225,55531
2021-05-06,15.6075,77425
2021-05-07,15.98,83175
2021-05-10,15.8725,108639
2021-05-11,15.93,52091
2021-05-12,15.7875,150706
2021-05-13,15.5775,29910
2021-05-14,15.59,49366
2021-05-17,15.845,74083
2021-05-18,15.8825,138284
2021-05-19,15.3125,37911
2021-05-20,15.2975,63317
2021-05-21,15.12,88611
2021-05-24,15.2125,78773
2021-05-25,15.1375,44963
2021-05-26,15.28,27357
2021-05-27,15.72,18018
2021-05-28,15.78,38720
2021-06-01,15.76,176850
2021-06-02,15.725,47482
2021-06-03,15.2475,141264
2021-06-04,15.485,58630
2021-06-07,15.3775,77488
2021-06-08,15.4525,20353
2021-06-09,15.5325,23764
2021-06-10,15.495,45655
2021-06-11,15.6025,77096
2021-06-14,15.665,40399
2021-06-15,15.305,28451
2021-06-16,15.2925,41455
2021-06-17,14.83,41705
2021-06-18,14.5975,23920
2021-06-21,14.685,31509
2021-06-22,14.9025,181994
2021-06-23,15.0625,14248
2021-06-24,15.095,10006
2021-06-25,15.18,124104
2021-06-28,15.145,4307
2021-06-29,15.2875,11647
2021-06-30,15.2675,8620
2021-07-01,15.19,37425
2021-07-02,15.305,6020
2021-07-05,15.415,12454
2021-07-06,15.18,48333
2021-07-07,15.27,16171
2021-07-08,15.085,38192
2021-07-09,15.3775,28673
2021-07-12,15.2975,55006
2021-07-13,15.33,9094
2021-07-14,15.245,4960
2021-07-15,15.42,22536
2021-07-16,15.3925,42858
2021-07-19,15.04,25218
2021-07-20,15.1525,5118
2021-07-21,15.145,18019
2021-07-22,15.2875,38175
2021-07-23,15.48,15523
2021-07-26,15.855,12477
2021-07-27,15.7075,44852
2021-07-28,15.695,30465
2021-07-29,15.9475,13163
2021-07-30,15.8425,7813
2021-08-02,15.8925,8044
2021-08-03,15.625,21146
2021-08-04,15.525,19015
2021-08-05,15.6875,2583
2021-08-06,15.585,1480
2021-08-09,15.32,32118
2021-08-10,15.5375,40076
2021-08-11,15.6675,15065
2021-08-12,15.64,43956
2021-08-13,15.895,20564
2021-08-16,15.66,19319
2021-08-17,15.4925,15322
2021-08-18,15.2,12999
2021-08-19,14.9825,28430
2021-08-20,15.0775,48135
2021-08-23,15.355,17554
2021-08-24,15.5775,26700
2021-08-25,15.5875,50127
2021-08-26,15.5125,112889
2021-08-27,15.6075,16109
2021-08-31,15.9125,43744
2021-09-01,15.68,18139
2021-09-02,15.72,13218
2021-09-03,15.885,3476
2021-09-06,15.9875,7981
2021-09-07,15.8775,16418
2021-09-08,15.9275,8335
2021-09-09,16.165,27205
2021-09-10,16.56,26116
2021-09-13,16.345,3516
2021-09-14,16.1,36978
2021-09-15,16.3975,5591
2021-09-16,16.105,1586
2021-09-17,16.145,83708
2021-09-20,15.8275,25611
2021-09-21,15.5675,3234
2021-09-22,16.085,29176
2021-09-23,16.15,8691
2021-09-24,16.1875,88507
2021-09-27,16.055,49613
2021-09-28,16.1,66094
2021-09-29,15.92,28067
2021-09-30,15.62,135835
2021-10-01,15.67,30421
2021-10-04,15.885,21351
2021-10-05,15.88,29007
2021-10-06,15.7175,29458
2021-10-07,16.0125,86496
2021-10-08,16.3225,153811
2021-10-11,16.7175,19751
2021-10-12,16.6975,66100
2021-10-13,16.91,28216
2021-10-14,17.41,38360
2021-10-15,17.995,108931
2021-10-18,17.87,62897
2021-10-19,17.64,261346
2021-10-20,17.6975,108200
2021-10-21,16.9775,154776
2021-10-22,16.755,231427
2021-10-25,16.95,73293
2021-10-26,16.725,35154
2021-10-27,16.1575,69099
2021-10-28,16.41,92411
2021-10-29,16.215,14923
2021-11-01,16.3,54734
2021-11-02,16.185,5133
2021-11-03,16.015,3469
2021-11-04,15.69,121361
2021-11-05,15.7875,30888
2021-11-08,15.98,12302
2021-11-09,15.8375,27453
2021-11-10,15.935,28014
2021-11-11,16.135,71647
2021-11-12,16.2675,9480
2021-11-15,16.085,46683
2021-11-16,15.81,26113
2021-11-17,15.76,3384
2021-11-18,15.75,16699
2021-11-19,16.1675,43680
2021-11-22,16.365,12395
2021-11-23,16.3125,6839
2021-11-24,16.5475,15327
2021-11-25,16.45,5510
2021-11-26,15.86,33900
2021-11-29,15.9975,58506
2021-11-30,15.87,12889
2021-12-01,15.94,30742
2021-12-02,15.835,16256
2021-12-03,15.83,83330
2021-12-06,15.76,48239
2021-12-07,16.0075,432
2021-12-08,16.1775,13564
2021-12-09,15.9975,41183
2021-12-10,15.9675,14137
2021-12-13,15.99,8124
2021-12-14,15.915,22933
2021-12-15,15.625,70265
2021-12-16,16.16,25612
2021-12-17,16.19,3950
2021-12-20,16.045,50484
2021-12-21,16.34,9506
2021-12-22,16.66,65767
2021-12-23,16.7225,80239
2021-12-24,16.71,3330
2021-12-29,16.7075,25783
2021-12-30,16.7875,5828
2021-12-31,16.83,2542
2022-01-04,16.96,102991
2022-01-05,17.0475,12854
2022-01-06,16.8375,933
2022-01-07,16.9275,27665
2022-01-10,16.895,39599
2022-01-11,17.2175,37643
2022-01-12,17.5525,32709
2022-01-13,17.44,65360
2022-01-14,17.2675,35377
2022-01-17,17.3025,34702
2022-01-18,17.355,8448
2022-01-19,17.66,40429
2022-01-20,18.0,872828
2022-01-21,18.005,25662
2022-01-24,17.44,55069
2022-01-25,17.56,41862
2022-01-26,17.7175,51945
2022-01-27,17.6625,223609
2022-01-28,17.465,85608
2022-01-31,17.305,33149
2022-02-01,17.5375,55521
2022-02-02,17.5725,155746
2022-02-03,17.66,29841
2022-02-04,17.655,33235
2022-02-07,17.9,12175
2022-02-08,17.795,9384
2022-02-09,18.2275,30963
2022-02-10,18.4275,12514
2022-02-11,17.785,3596
2022-02-14,17.97,72856
2022-02-15,18.0275,23908
2022-02-16,18.165,45175
2022-02-17,18.2325,22154
2022-02-18,18.2425,60701
2022-02-21,18.2625,15568
2022-02-22,18.375,34225
2022-02-23,18.275,40828
2022-02-24,18.535,118441
2022-02-25,18.4425,90361
2022-02-28,18.505,95947
2022-03-01,18.98,41633
2022-03-02,19.4225,68063
2022-03-03,20.06,100021
2022-03-04,20.99,159770
2022-03-07,23.16,238278
2022-03-08,20.99,138870
2022-03-09,19.6525,53913
2022-03-10,19.8275,35628
2022-03-11,19.65,48398
2022-03-14,19.1525,47564
2022-03-15,18.8775,72176
2022-03-16,19.14,34009
2022-03-17,19.6425,13768
2022-03-18,20.1525,33143
2022-03-21,20.135,22512
2022-03-22,19.805,33188
2022-03-23,20.795,34685
2022-03-24,21.5025,15121
2022-03-25,21.13,53919
2022-03-28,20.85,30712
2022-03-29,20.34,36453
2022-03-30,20.785,23293
2022-03-31,20.645,20258
2022-04-01,20.89,60220
2022-04-04,20.97,24239
2022-04-05,20.9425,57683
2022-04-06,20.815,26007
2022-04-07,20.585,81496
2022-04-08,20.7,24207
2022-04-11,20.2425,202219
2022-04-12,20.415,7636
2022-04-13,20.51,49554
2022-04-14,20.56,21894
2022-04-19,20.755,73930
2022-04-20,20.49,53624
2022-04-21,20.72,11014
2022-04-22,20.495,124601
2022-04-25,19.6025,20078
2022-04-26,19.65,30789
2022-04-27,19.7525,56579
2022-04-28,19.5275,58204
2022-04-29,19.335,14321
2022-05-03,18.5475,58688
2022-05-04,18.615,41590
2022-05-05,18.4425,129874
2022-05-06,18.1925,67582
2022-05-09,17.415,70353
2022-05-10,17.425,33680
2022-05-11,17.62,30099
2022-05-12,17.215,53512
2022-05-13,17.2375,45863
2022-05-16,17.34,27192
2022-05-17,17.59,65116
2022-05-18,17.3675,26214
2022-05-19,17.7875,49817
2022-05-20,18.025,14067
2022-05-23,18.1325,23281
2022-05-24,17.8325,38563
2022-05-25,17.715,62453
2022-05-26,17.7975,47680
2022-05-27,18.12,8290
2022-05-30,18.29,10190
2022-05-31,18.0225,51838
2022-06-01,17.8875,36635
2022-06-06,18.2775,14090
2022-06-07,18.175,84309
2022-06-08,18.28,40567
2022-06-09,17.875,62705
2022-06-10,17.4425,61740
2022-06-13,16.985,5248
2022-06-14,16.7475,15875
2022-06-15,16.915,16988
2022-06-16,16.4875,8748
2022-06-17,16.355,40204
2022-06-20,16.4775,20603
2022-06-21,16.5725,53608
2022-06-22,16.15,67103
2022-06-23,15.7675,190745
2022-06-24,15.365,79472
2022-06-27,15.505,89856
2022-06-28,15.4975,11019
2022-06-29,15.59,81310
2022-06-30,15.14,78970
2022-07-01,14.77,70183
2022-07-04,14.94,14203
2022-07-05,14.5575,56078
2022-07-06,14.4125,22779
2022-07-07,14.655,58708
2022-07-08,14.6475,3001
2022-07-11,14.3925,16931
2022-07-12,14.185,73158
2022-07-13,14.04,42785
2022-07-14,13.605,35359
2022-07-15,13.7275,22036
2022-07-18,14.1675,292956
2022-07-19,14.045,235835
2022-07-20,14.2925,3533
2022-07-21,14.115,145756
2022-07-22,14.5625,2543
2022-07-25,14.3925,6806
2022-07-26,14.5225,241372
2022-07-27,14.535,1637
2022-07-28,14.77,8953
2022-07-29,15.28,10784
2022-08-01,15.23,7889
2022-08-02,14.985,7540
2022-08-03,14.8,9671
2022-08-04,15.045,382
2022-08-05,15.18,315456
2022-08-08,15.2275,13905
2022-08-09,15.3375,15772
2022-08-10,15.6,8194
2022-08-11,15.955,13637
2022-08-12,15.5375,35625
2022-08-15,15.25,12557
2022-08-16,15.4325,9898
2022-08-17,15.2225,7766
2022-08-18,15.2275,9772
2022-08-19,15.29,5531
2022-08-22,15.2575,24612
2022-08-23,15.3425,10415
2022-08-24,15.2825,13257
2022-08-25,15.3825,7306
2022-08-26,15.4875,6140
2022-08-30,15.0625,23504
2022-08-31,14.935,14707
2022-09-01,14.3125,5233
2022-09-02,14.305,12055
2022-09-05,14.465,51610
2022-09-06,14.3725,250
2022-09-07,14.3175,8791
2022-09-08,14.4775,2405
2022-09-09,14.76,4946
2022-09-12,15.1025,67553
2022-09-13,15.0725,4354
2022-09-14,14.975,4044
2022-09-15,14.815,3586
2022-09-16,14.865,25623
2022-09-20,14.9025,130484
2022-09-21,14.7525,3702
2022-09-22,14.735,6249
2022-09-23,14.24,8877
2022-09-26,13.89,998648
2022-09-27,13.7525,7269
2022-09-28,13.7425,112499
2022-09-29,14.1975,75507
2022-09-30,14.115,22508
2022-10-03,14.0975,151258
2022-10-04,14.5575,25359
2022-10-05,14.5975,11062
2022-10-06,14.63,90179
2022-10-07,14.375,53564
2022-10-10,14.34,8036
2022-10-11,14.1675,5
2022-10-12,14.28,9405
2022-10-13,14.365,903021
2022-10-14,14.305,2634
2022-10-17,14.035,245493
2022-10-18,13.91,3232
2022-10-19,13.9275,9020
2022-10-20,14.205,10640
2022-10-21,14.1375,112951
2022-10-24,14.185,8865
2022-10-25,14.1775,774
2022-10-26,14.635,10330
2022-10-27,14.5475,30680
2022-10-28,14.075,2720
2022-10-31,13.8625,75919
2022-11-01,14.27,38397
2022-11-02,14.385,54841
2022-11-03,14.23,192934
2022-11-04,15.01,4719
2022-11-07,14.7425,40972
2022-11-08,15.05,3575
2022-11-09,15.02,4771
2022-11-10,15.22,51955
2022-11-11,15.92,77752
2022-11-14,16.175,294100
2022-11-15,16.545,6596
2022-11-16,15.8475,4210
2022-11-17,15.36,6583
2022-11-18,15.425,84719
2022-11-21,15.035,65319
2022-11-22,15.345,36871
2022-11-23,15.305,172619
2022-11-24,15.29,39152
2022-11-25,15.165,10149
2022-11-28,15.1275,2469
2022-11-29,15.4475,17006
2022-11-30,15.8225,7311
2022-12-01,16.0225,9445
2022-12-02,16.2625,100944
2022-12-05,16.355,1219
2022-12-06,16.4225,13689
2022-12-07,16.455,402216
2022-12-08,16.675,25880
2022-12-09,16.74,24707
2022-12-12,16.35,81937
2022-12-13,16.52,51484
2022-12-14,16.375,16110
2022-12-15,16.0675,32252
2022-12-16,15.95,27948
2022-12-19,15.765,14748
2022-12-20,16.0625,27055
2022-12-21,16.07,23614
2022-12-22,15.955,12589
2022-12-23,16.0775,29775
2022-12-28,16.305,31213
2022-12-29,16.2425,26432
2022-12-30,16.34,1431
2023-01-03,16.1125,77170
2023-01-04,15.8175,1090
2023-01-05,15.655,5977
2023-01-06,15.87,174251
2023-01-09,16.4025,28932
2023-01-10,16.4475,67107
2023-01-11,16.72,120367
2023-01-12,16.79,53917
2023-01-13,16.9675,7153
2023-01-16,16.9875,2249
2023-01-17,16.99,9981
2023-01-18,17.2325,25269
2023-01-19,17.245,7024
2023-01-20,17.2425,7751
2023-01-23,17.27,6122
2023-01-24,17.4325,11245
2023-01-25,17.42,49431
2023-01-26,17.425,14321
2023-01-27,17.3725,15149
2023-01-30,17.305,45159
2023-01-31,17.4,14202
2023-02-01,17.205,14196
2023-02-02,17.215,3105
2023-02-03,16.7725,19015
2023-02-06,16.435,10404
2023-02-07,16.43,140610
2023-02-08,16.3475,122856
2023-02-09,16.5425,24109
2023-02-10,16.2,314035
2023-02-13,16.185,26653
2023-02-14,16.1375,27318
2023-02-15,15.8925,5271
2023-02-16,16.0125,25322
2023-02-17,16.025,36756
2023-02-20,16.45,4153
2023-02-21,16.55,121528
2023-02-22,16.215,14230
2023-02-23,15.915,4664
2023-02-24,15.5925,2838
2023-02-27,15.745,6173
2023-02-28,15.8375,5473
2023-03-01,16.1375,10740
2023-03-02,15.8825,5595
2023-03-03,15.955,4863
2023-03-06,15.8525,1934
2023-03-07,15.5275,7378
2023-03-08,15.66,95727
2023-03-09,15.405,145014
2023-03-10,15.4025,6865
2023-03-13,15.535,9813
2023-03-14,15.435,8236
2023-03-15,15.0325,9468
2023-03-16,15.0175,90640
2023-03-17,15.1775,3845
2023-03-20,15.19,3248
2023-03-21,15.1525,22391
2023-03-22,15.3025,3469
2023-03-23,15.4775,6589
2023-03-24,15.5025,4121
2023-03-27,15.645,4871
2023-03-28,15.7475,1943
2023-03-29,15.74,10428
2023-03-30,15.6625,5781
2023-03-31,15.6925,21549
2023-04-03,15.6325,7914
2023-04-04,15.3775,11254
2023-04-05,15.2025,25728
2023-04-06,15.21,6944
2023-04-11,15.1375,23121
2023-04-12,15.3875,8593
2023-04-13,15.6375,37694
2023-04-14,15.6575,2756
2023-04-17,15.6275,8508
2023-04-18,15.895,3376
2023-04-19,15.8125,26638
2023-04-20,15.6975,20589
2023-04-21,15.47,16193
2023-04-24,15.3275,2101
2023-04-25,14.96,6296
2023-04-26,14.9925,76268
2023-04-27,15.0425,52056
2023-04-28,15.1,8556
2023-05-02,15.1575,35531
2023-05-03,15.08,3119
2023-05-04,14.9075,5029
2023-05-05,15.0625,6611
2023-05-09,15.0375,3187
2023-05-10,14.71,33062
2023-05-11,14.285,1449
2023-05-12,14.41,35095
2023-05-15,14.405,673
2023-05-16,14.225,4533
2023-05-17,14.425,2841
2023-05-18,14.23,739
2023-05-19,14.38,2211
2023-05-22,14.175,3288
2023-05-23,14.03,3308
2023-05-24,13.745,1921
2023-05-25,13.9,33563
2023-05-26,14.02,5735
2023-05-30,13.94,7946
2023-05-31,13.815,2069
2023-06-01,14.01,2037
2023-06-02,14.15,2101
2023-06-05,14.12,234
2023-06-06,14.0575,280
2023-06-07,14.215,46534
2023-06-08,14.2725,353
2023-06-09,14.3175,7181
2023-06-12,14.0875,9842
2023-06-13,14.32,5175
2023-06-14,14.6,48274
2023-06-15,14.6825,2045
2023-06-16,14.74,2463
2023-06-19,14.555,10457
2023-06-20,14.425,21977
2023-06-21,14.4725,16870
2023-06-22,14.425,11033
2023-06-23,14.1675,16621
2023-06-26,13.985,7691
2023-06-27,14.17,8682
2023-06-28,13.9425,2487
2023-06-29,13.8075,5447
2023-06-30,13.9675,2591
2023-07-03,14.055,987
2023-07-04,14.085,2340
2023-07-05,14.035,9349
2023-07-06,13.945,1490
2023-07-07,14.02,6595
2023-07-10,14.0325,2507
2023-07-11,14.01,3791
2023-07-12,14.41,5410
2023-07-13,14.65,2146
2023-07-14,14.635,6276
2023-07-17,14.345,1849
2023-07-18,14.24,31946
2023-07-19,14.175,18821
2023-07-20,14.275,2245
2023-07-21,14.22,6457
2023-07-24,14.3775,1252
2023-07-25,14.7125,8173
2023-07-26,14.55,5627
2023-07-27,14.465,5112
2023-07-28,14.6525,15805
2023-07-31,14.935,5457
2023-08-01,14.7725,22366
2023-08-02,14.4625,2551
2023-08-03,14.575,22449
2023-08-04,14.475,6805
2023-08-07,14.415,3864
2023-08-08,14.24,5825
2023-08-09,14.22,1273
2023-08-10,14.205,2067
2023-08-11,14.005,9167
2023-08-14,13.87,6457
2023-08-15,13.775,5902
2023-08-16,13.71,8936
2023-08-17,13.83,6249
2023-08-18,13.83,6159
2023-08-21,13.875,2784
2023-08-22,14.015,5936
2023-08-23,14.185,6235
2023-08-24,14.1,8303
2023-08-25,14.0875,5356
2023-08-29,14.24,28347
2023-08-30,14.275,5632
2023-08-31,14.2625,2106
2023-09-01,14.475,1251
2023-09-04,14.39,3373
2023-09-05,14.39,4627
2023-09-06,14.24,192
2023-09-07,14.21,2100
2023-09-08,14.045,7229
2023-09-11,14.305,684
2023-09-12,14.21,1081
2023-09-13,14.32,3661
2023-09-14,14.42,13842
2023-09-15,14.2725,10321
2023-09-18,14.28,3695
2023-09-19,14.18,5349
2023-09-20,14.33,12376
2023-09-21,14.05,10047
2023-09-22,14.195,4117
2023-09-25,14.075,1513
2023-09-26,14.01,6177
2023-09-27,13.955,6104
2023-09-28,14.3025,5135
2023-09-29,14.46,73376
2023-10-02,14.22,2932
2023-10-03,14.03,733
2023-10-04,13.885,4417
2023-10-05,13.775,1105
2023-10-06,13.9475,5507
2023-10-09,13.985,1125
2023-10-10,13.7975,1010
2023-10-11,13.81,1401
2023-10-12,13.705,3405
2023-10-13,13.675,4836
2023-10-16,13.6925,930
2023-10-17,13.6275,11590
2023-10-18,13.69,5666
2023-10-19,13.63,42310
2023-10-20,13.7,24384
2023-10-23,13.6325,1030
2023-10-24,13.7475,1325
2023-10-25,13.8125,6233
2023-10-26,13.6725,5495
2023-10-27,13.875,26958
2023-10-30,13.94,1448
2023-10-31,13.865,936
2023-11-01,13.88,1361
2023-11-02,13.87,5701
2023-11-03,14.0225,605
2023-11-06,14.185,5049
2023-11-07,14.045,5955
2023-11-08,14.1,2230
2023-11-09,14.0325,2953
2023-11-10,13.795,731
2023-11-13,13.88,578
2023-11-14,14.055,1066
2023-11-15,14.1425,6422
2023-11-16,13.96,7900
2023-11-17,13.95,42450
2023-11-20,14.165,11185
2023-11-21,14.1475,17621
2023-11-22,13.91,2033
2023-11-23,14.015,16965
2023-11-24,13.95,2951
2023-11-27,13.8675,3245
2023-11-28,14.01,1204
2023-11-29,13.95,8152
2023-11-30,13.88,9184
2023-12-01,14.09,18345
2023-12-04,13.825,1216
2023-12-05,13.63,2750
2023-12-06,13.59,18242
2023-12-07,13.555,1360
2023-12-08,13.665,6729
2023-12-11,13.5675,10422
2023-12-12,13.595,4913
2023-12-13,13.6,1854
2023-12-14,13.9975,827
2023-12-15,14.1275,5180
2023-12-18,14.11,2534
2023-12-19,14.175,4808
2023-12-20,14.145,1973
2023-12-21,14.14,1713
2023-12-22,14.25,6957
2023-12-27,14.5275,4799
2023-12-28,14.49,452
2023-12-29,14.415,1556
2024-01-02,14.3225,8125
2024-01-03,14.195,4370
2024-01-04,13.99,4446
2024-01-05,14.0425,1028
2024-01-08,13.9125,4977
2024-01-09,13.8575,3533
2024-01-10,13.8275,1965
2024-01-11,13.8625,27831
2024-01-12,13.815,15605
2024-01-15,13.855,923
2024-01-16,13.82,6849
2024-01-17,13.63,3631
2024-01-18,13.635,7333
2024-01-19,13.655,1089
2024-01-22,13.64,29473
2024-01-23,13.9175,3514
2024-01-24,14.1375,1758
2024-01-25,14.135,1406
2024-01-26,14.205,1200
2024-01-29,14.135,1622
2024-01-30,14.185,3549
2024-01-31,14.1525,281
2024-02-01,13.9775,11430
2024-02-02,13.91,8991
2024-02-05,13.7,3613
2024-02-06,13.75,3058
2024-02-07,13.6625,5384
2024-02-08,13.5275,4759
2024-02-09,13.435,3135
2024-02-12,13.5275,3139
2024-02-13,13.56,5333
2024-02-14,13.565,8232
2024-02-15,13.6725,1522
2024-02-16,13.795,4238
2024-02-19,13.735,6400
2024-02-20,13.745,10439
2024-02-21,13.9325,1549
2024-02-22,14.01,2258
2024-02-23,13.9725,3357
2024-02-26,13.87,18382
2024-02-27,13.95,3192
2024-02-28,13.93,1928
2024-02-29,14.065,5400
2024-03-01,14.0675,6524
2024-03-04,14.11,12716
2024-03-05,14.05,10274
2024-03-06,14.16,13879
2024-03-07,14.33,6258
2024-03-08,14.26,9825
2024-03-11,14.435,676
2024-03-12,14.4725,36803
2024-03-13,14.635,7945
2024-03-14,14.49,5691
2024-03-15,14.6725,6876
2024-03-18,14.61,10299
2024-03-19,14.4275,83687
2024-03-20,14.405,5689
2024-03-21,14.485,7432
2024-03-22,14.3525,1900
2024-03-25,14.3625,3966
2024-03-26,14.2125,4878
2024-03-27,14.17,1552
2024-03-28,14.29,14925
2024-04-02,14.525,19260
2024-04-03,14.8875,59107
2024-04-04,15.1175,38652
2024-04-05,15.095,66843
2024-04-08,15.235,52529
2024-04-09,15.34,23122
2024-04-10,15.3625,21339
2024-04-11,15.2375,37467
2024-04-12,15.49,9724
2024-04-15,15.5975,191812
2024-04-16,15.5275,88355
2024-04-17,15.765,8727
2024-04-18,15.9625,11780
2024-04-19,16.2475,21518
2024-04-22,16.285,200432
2024-04-23,15.935,13277
2024-04-24,16.035,12450
2024-04-25,16.105,4918
2024-04-26,16.135,9802
2024-04-29,16.3775,23547
2024-04-30,16.335,34606
2024-05-01,16.135,10561
2024-05-02,15.915,104777
2024-05-03,16.115,29019
2024-05-07,16.3175,22343
2024-05-08,16.0875,4462
2024-05-09,16.1725,977
2024-05-10,16.23,4832
2024-05-13,16.46,45934
2024-05-14,16.78,10682
2024-05-15,16.82,27289
2024-05-16,16.7725,12495
2024-05-17,17.2875,7394
2024-05-20,17.5,13608
2024-05-21,17.7575,40971
2024-05-22,17.0125,5559
2024-05-23,16.895,69600
2024-05-24,16.925,15118
2024-05-28,17.235,13913
2024-05-29,17.19,4591
2024-05-30,16.845,41412
2024-05-31,16.49,21592
2024-06-03,16.56,34285
2024-06-04,16.3625,12174
2024-06-05,16.12,9647
2024-06-06,16.415,9533
2024-06-07,15.79,6089
2024-06-10,15.9,12537
2024-06-11,15.685,16472
2024-06-12,16.005,9704
2024-06-13,15.7975,4949
2024-06-14,15.58,20839
2024-06-17,15.575,9329
2024-06-18,15.4825,14781
2024-06-19,15.6325,27334
2024-06-20,15.745,4973
2024-06-21,15.575,41051
2024-06-24,15.555,14292
2024-06-25,15.4925,19360
2024-06-26,15.525,31358
2024-06-27,15.495,12597
2024-06-28,15.6425,24009
2024-07-01,15.6525,12221
2024-07-02,15.64,22110
2024-07-03,15.96,16550
2024-07-04,15.9,4950
2024-07-05,16.06,3376
2024-07-08,16.0,11352
2024-07-09,15.765,11196
2024-07-10,15.84,4871
2024-07-11,15.6675,9863
2024-07-12,15.73,10238
2024-07-15,15.64,4166
2024-07-16,15.35,2264
2024-07-17,15.25,16514
2024-07-18,14.995,11751
2024-07-19,14.835,59383
2024-07-22,14.6125,26908
2024-07-23,14.5025,8169
2024-07-24,14.42,4392
2024-07-25,14.3725,7246
2024-07-26,14.4025,8303
2024-07-29,14.25,53945
2024-07-30,14.19,49201
2024-07-31,14.5675,55656
2024-08-01,14.4725,11808
2024-08-02,14.38,3621
2024-08-05,14.17,14097
2024-08-06,14.2225,7135
2024-08-07,14.1825,18836
2024-08-08,14.1625,9954
2024-08-09,14.3475,10499
2024-08-12,14.5175,22773
2024-08-13,14.44,12356
2024-08-14,14.465,4636
2024-08-15,14.705,2578
2024-08-16,14.6725,8342
2024-08-19,14.955,19413
2024-08-20,15.1075,2156
2024-08-21,15.1325,9163
2024-08-22,15.0075,277
2024-08-23,15.325,23514
2024-08-27,15.4825,36737
2024-08-28,15.1925,4476
2024-08-29,15.095,5862
2024-08-30,15.07,5782
2024-09-02,14.915,9696
2024-09-03,14.725,26450
2024-09-04,14.645,4533
2024-09-05,14.575,15274
2024-09-06,14.4275,17260
2024-09-09,14.47,12847
2024-09-10,14.3725,3820
2024-09-11,14.5975,18653
2024-09-12,14.8425,3207
2024-09-13,15.015,11094
2024-09-16,15.255,9361
2024-09-17,15.2075,2434
2024-09-18,15.2475,30687
2024-09-19,15.3425,2411
2024-09-20,15.21,7428
2024-09-23,15.2975,53273
2024-09-24,15.69,21786
2024-09-25,15.7,14131
2024-09-26,16.0825,26594
2024-09-27,16.13,11177
2024-09-30,16.02,84853
2024-10-01,16.25,18183
2024-10-02,16.4625,25183
2024-10-03,16.135,4077
2024-10-04,16.2275,3077
2024-10-07,16.285,14236
2024-10-08,15.8675,21289
2024-10-09,15.64,44955
2024-10-10,15.835,2588
2024-10-11,16.1025,5498
2024-10-14,15.8125,7617
2024-10-15,15.6675,1886
2024-10-16,15.7,4061
2024-10-17,15.5675,7029
2024-10-18,15.7525,6028
2024-10-21,15.625,12185
2024-10-22,15.735,2893
2024-10-23,15.7275,5756
2024-10-24,15.735,1637
2024-10-25,15.75,20210
2024-10-28,15.6575,2529
2024-10-29,15.6525,15951
2024-10-30,15.5225,2764
2024-10-31,15.46,25349
2024-11-01,15.5575,27939
2024-11-04,15.67,21943
2024-11-05,15.83,45617
2024-11-06,15.4,14375
2024-11-07,15.845,18932
2024-11-08,15.49,27506
2024-11-11,15.2975,21282
2024-11-12,15.0825,68879
2024-11-13,14.99,233761
2024-11-14,14.8925,91165
2024-11-15,15.075,20354
2024-11-18,15.0625,30218
2024-11-19,15.2,20379
2024-11-20,15.2725,12963
2024-11-21,15.1625,7749
2024-11-22,15.12,10623
2024-11-25,15.3125,20426
2024-11-26,15.2325,7494
2024-11-27,15.21,4235
2024-11-28,15.225,3092
2024-11-29,15.22,19091
2024-12-02,15.18,7488
2024-12-03,15.3775,97218
2024-12-04,15.46,26919
2024-12-05,15.4075,27020
2024-12-06,15.3275,14445
2024-12-09,15.42,41135
2024-12-10,15.395,11852
2024-12-11,15.395,52638
2024-12-12,15.345,21109
2024-12-13,15.27,10548
2024-12-16,15.145,33291
2024-12-17,15.0,7172
2024-12-18,14.94,10112
2024-12-19,14.7325,51507
2024-12-20,14.8475,8690
2024-12-23,14.84,43265
2024-12-24,15.03,368
2024-12-27,14.975,5627
2024-12-30,14.9125,21858
2024-12-31,14.8575,202
2025-01-02,14.6625,4507
2025-01-03,14.645,14347
2025-01-06,14.8025,1982
2025-01-07,14.8725,5489
2025-01-08,14.865,33981
2025-01-09,15.005,16069
2025-01-10,15.13,10349
2025-01-13,15.195,2082
2025-01-14,15.195,3271
2025-01-15,15.28,45907
2025-01-16,15.445,25773
2025-01-17,15.53,4227
2025-01-20,15.515,38827
2025-01-21,15.425,88239
2025-01-22,15.28,28077
2025-01-23,15.225,9424
2025-01-24,15.25,6320
2025-01-27,15.085,20748
2025-01-28,14.945,14733
2025-01-29,15.14,4641
2025-01-30,15.17,20244
2025-01-31,15.0075,3093
2025-02-03,15.12,19587
2025-02-04,15.23,60259
2025-02-05,15.3,88869
2025-02-06,15.41,12178
2025-02-07,15.6,7452
2025-02-10,15.755,29774
2025-02-11,15.565,15077
2025-02-12,15.675,3522
2025-02-13,15.745,3080
2025-02-14,15.67,10097
2025-02-17,15.6275,50387
2025-02-18,15.62,13183
2025-02-19,15.6675,24835
2025-02-20,15.865,81864
2025-02-21,15.71,131144
2025-02-24,15.515,16492
2025-02-25,15.41,4112
2025-02-26,15.52,10568
2025-02-27,15.58,332
2025-02-28,15.3675,7659
2025-03-03,15.585,27011
2025-03-04,15.485,5686
2025-03-05,15.9525,4393
2025-03-06,16.1325,187
2025-03-07,16.0325,34176
2025-03-10,15.92,32288
2025-03-11,16.1,17808
2025-03-12,16.2625,6133
2025-03-13,16.3575,17719
2025-03-14,16.26,149771
2025-03-17,16.33,14163
2025-03-18,16.34,32074
2025-03-19,16.48,20276
2025-03-20,16.4625,34055
2025-03-21,16.375,40943
2025-03-24,16.365,35606
2025-03-25,16.555,6949
2025-03-26,16.51,15811
2025-03-27,16.315,27663
2025-03-28,16.27,5474
2025-03-31,15.9975,10817
2025-04-01,15.985,35288
2025-04-02,15.8875,4002
2025-04-03,15.47,11153
2025-04-04,14.69,166744
2025-04-07,14.2225,56444
2025-04-08,14.09,97969
2025-04-09,14.0775,18533
2025-04-10,14.56,4551
2025-04-11,14.7675,19429
2025-04-14,14.8675,20634
2025-04-15,14.96,18750
2025-04-16,15.0075,7263
2025-04-17,14.97,19293
2025-04-22,15.23,15356
2025-04-23,15.3575,7471
2025-04-24,15.45,3270
2025-04-25,15.305,14844
2025-04-28,15.3375,12090
2025-04-29,15.4,22218
2025-04-30,14.92,17544
2025-05-01,14.92,13365
2025-05-02,15.1125,3826
2025-05-06,15.2175,15843
2025-05-07,14.93,102182
2025-05-08,14.94,26256
2025-05-09,15.095,5753
2025-05-12,15.165,144474
2025-05-13,15.33,50613
2025-05-14,15.41,22165
2025-05-15,15.275,2442
2025-05-16,15.135,3326
2025-05-19,15.15,154962
2025-05-20,15.165,2594
2025-05-21,15.2325,13036
2025-05-22,15.185,18326
2025-05-23,15.355,22171
2025-05-27,15.31,10444
2025-05-28,15.115,68906
2025-05-29,15.1575,321
2025-05-30,15.035,7138
2025-06-02,15.47,38359
2025-06-03,15.395,3084
2025-06-04,15.4625,1832
2025-06-05,15.5975,27112
2025-06-06,15.405,2033
2025-06-09,15.48,7810
2025-06-10,15.4925,1418
2025-06-11,15.3825,95034
2025-06-12,15.38,70232
2025-06-13,15.3175,537
2025-06-16,15.375,9332
2025-06-17,15.355,14063
2025-06-18,15.44,802
2025-06-19,15.33,202
2025-06-20,15.3875,9446
2025-06-23,15.5325,7548
2025-06-24,15.5725,64
2025-06-25,15.6125,924
2025-06-26,15.95,87370
2025-06-27,15.97,5707
2025-06-30,15.895,2228
2025-07-01,15.905,74903
2025-07-02,16.09,8060
2025-07-03,16.0275,12442
2025-07-04,15.865,1022
2025-07-07,15.7225,4488
2025-07-08,15.72,74867
2025-07-09,16.31,100425
2025-07-10,16.595,79749
2025-07-11,16.485,6562
2025-07-14,16.385,223459
2025-07-15,16.335,36509
2025-07-16,16.375,78256
2025-07-17,16.325,90255
2025-07-18,16.6225,51030
2025-07-21,16.755,15079
2025-07-22,16.9,21526
2025-07-23,17.115,32632
2025-07-24,17.0,4855
2025-07-25,16.875,55645
2025-07-28,16.685,48956
2025-07-29,16.65,30261
2025-07-30,16.505,11848
2025-07-31,14.92,42621
2025-08-01,14.94,65609
2025-08-04,14.99,19980
2025-08-05,14.9475,4363
2025-08-06,15.095,29786
2025-08-07,15.125,10709
2025-08-08,15.2275,723
2025-08-11,15.195,16006
2025-08-12,15.325,38912
2025-08-13,15.29,2686
2025-08-14,15.24,5154
2025-08-15,15.2325,3299
2025-08-18,15.1425,1171
2025-08-19,15.03,35501
2025-08-20,15.085,6340
2025-08-21,15.08,30130
2025-08-22,15.25,83774
2025-08-26,15.2725,6324
2025-08-27,15.0925,20420
2025-08-28,15.185,3885
2025-08-29,15.33,146512
2025-09-01,15.3325,1036
2025-09-02,15.41,14249
2025-09-03,15.405,6774
2025-09-04,15.29,1900
2025-09-05,15.295,10814
2025-09-08,15.35,40452
2025-09-09,15.295,5961
2025-09-10,15.4,6010
2025-09-11,15.54,954
2025-09-12,15.655,6324
2025-09-15,15.8,22880
2025-09-16,15.81,9788
2025-09-17,15.635,7282
2025-09-18,15.54,18133
2025-09-19,15.5425,5341
2025-09-22,15.485,32979
2025-09-23,15.5075,20229
2025-09-24,15.8125,2944
2025-09-25,15.75,10055
2025-09-26,15.645,3922
2025-09-29,15.91,20163
2025-09-30,15.89,4243
2025-10-01,15.96,9265
2025-10-02,16.1075,3892
2025-10-03,16.36,11941
2025-10-06,16.295,50311
2025-10-07,16.4525,29959
2025-10-08,16.36,45484
2025-10-09,16.565,84760
2025-10-10,16.2775,19433
2025-10-13,16.455,32721
2025-10-14,16.1325,7897
2025-10-15,16.18,6310
2025-10-16,16.2775,131450
2025-10-17,16.12,14319
2025-10-20,16.3,1680
2025-10-21,16.215,4059
2025-10-22,16.33,143550
2025-10-23,16.615,384986
2025-10-24,16.6467,
2025-10-27,16.72,15610
2025-10-28,16.77,7603
2025-10-29,16.91,6992
2025-10-30,16.63,3916
2025-10-31,16.645,70913
2025-11-03,16.69,14627
2025-11-04,16.45,3523
2025-11-05,16.395,257
2025-11-06,16.4,18537
2025-11-07,16.435,12352
2025-11-10,16.57,9421
2025-11-11,16.61,982
2025-11-12,16.7375,13988
2025-11-13,16.72,17814
2025-11-14,16.53,39690
2025-11-17,16.3125,14114
2025-11-18,16.21,935
2025-11-19,16.245,2116
2025-11-20,16.275,453
2025-11-21,16.225,10705
2025-11-24,16.28,23898
2025-11-25,16.2975,1295
2025-11-26,16.5825,12920
2025-11-27,16.4675,2307
2025-11-28,16.745,22329
2025-12-01,16.86,41348
2025-12-02,16.695,6670
2025-12-03,16.945,14263
2025-12-04,16.91,29514
2025-12-05,17.005,45409
2025-12-08,16.96,1792
2025-12-09,16.755,138876
2025-12-10,16.765,62052
2025-12-11,17.0875,20656
2025-12-12,16.8225,8422
2025-12-15,16.805,46562
2025-12-16,16.6975,10177
2025-12-17,16.8775,10511
2025-12-18,16.975,174029
2025-12-19,17.1275,24137
2025-12-22,17.21,10490
2025-12-23,17.35,31376
2025-12-24,17.5125,946
2025-12-29,17.425,28745
2025-12-30,17.85,29701
2025-12-31,17.745,15521
2026-01-02,17.845,21330
2026-01-05,18.32,37387
2026-01-06,18.8725,12644
2026-01-07,18.41,66100
2026-01-08,18.14,29159
2026-01-09,18.47,20179
2026-01-12,18.81,94905
2026-01-13,18.7375,61958
2026-01-14,18.99,70593
2026-01-15,18.905,109933
2026-01-16,18.4,63821
2026-01-19,18.625,34223
2026-01-20,18.29,119587
2026-01-21,18.34,30695
2026-01-22,18.35,54222
2026-01-23,18.805,53158
2026-01-26,18.925,62297
2026-01-27,18.76,135378
2026-01-28,18.895,170958
2026-01-29,19.21,492926
2026-01-30,18.735,140641
2026-02-02,18.26,118257
2026-02-03,18.74,63713
2026-02-04,18.39,26588
2026-02-05,18.1525,32326
2026-02-06,18.3325,43171
2026-02-09,18.59,53601
2026-02-10,18.53,35661
2026-02-11,18.655,39257
2026-02-12,18.36,32880
2026-02-13,18.25,40963
2026-02-16,18.17,24238
2026-02-17,17.955,57939
2026-02-18,18.31,5416
2026-02-19,18.225,48655
2026-02-20,18.39,125088
2026-02-23,18.32,72112
2026-02-24,18.58,26899
2026-02-25,18.825,110025
2026-02-26,18.78,10902
2026-02-27,18.695,19033
2026-03-02,18.545,127663
2026-03-03,18.46,28972
2026-03-04,18.765,117244
2026-03-05,18.475,19079
2026-03-06,18.785,45165
2026-03-09,18.795,66279
2026-03-10,18.9375,14977
2026-03-11,18.965,10402
2026-03-12,19.01,126640
2026-03-13,18.69,30795
2026-03-16,18.675,52979
2026-03-17,18.5775,7717
2026-03-18,18.29,18524
2026-03-19,17.795,140380
2026-03-20,17.6375,88667
2026-03-23,17.775,142236
2026-03-24,17.79,14868
2026-03-25,18.0075,60738
2026-03-26,17.9525,19374
2026-03-27,18.015,31755
2026-03-30,18.3,36669
2026-03-31,18.465,46304
2026-04-01,18.72,22853
2026-04-02,18.55,78509
2026-04-07,18.54,29238
2026-04-08,18.79,55121
2026-04-09,18.78,44478
2026-04-10,18.9875,13135
2026-04-13,19.345,22273
2026-04-14,19.51,46266
2026-04-15,19.62,17470
2026-04-16,19.72,55824
2026-04-17,19.65,38426
2026-04-20,19.5675,15237
2026-04-21,19.5575,8587
2026-04-22,19.81,25523
2026-04-23,19.82,28964
2026-04-24,19.775,43985
2026-04-27,19.655,20234
2026-04-28,19.525,14220
2026-04-29,19.32,11557
2026-04-30,19.375,51612
2026-05-01,19.505,11188
2026-05-05,19.675,29066
2026-05-06,19.745,7782
2026-05-07,19.775,7492
2026-05-08,19.88,18936
2026-05-11,20.31,7581
2026-05-12,20.37,8834
2026-05-13,20.71,153962
2026-05-14,20.62,3427
2026-05-15,19.9725,18652
2026-05-18,20.01,23326
2026-05-19,19.91,27453
2026-05-20,20.18,14849
2026-05-21,20.125,43687
2026-05-22,20.3125,6717
2026-05-26,20.4,13649
2026-05-27,20.24,33114
2026-05-28,20.41,11960
2026-05-29,20.43,9853
2026-06-01,20.75,39544
2026-06-02,21.01,55208
2026-06-03,20.635,12472
2026-06-04,20.5525,8458
2026-06-05,20.05,24301
2026-06-08,20.1475,48939
2026-06-09,19.995,6815
2026-06-10,19.655,43793
2026-06-11,19.69,28683
2026-06-12,20.04,13147
2026-06-15,19.905,26670
2026-06-16,19.97,18835
2026-06-17,20.025,27617
2026-06-18,19.895,65285
2026-06-19,19.6825,174983
2026-06-22,19.765,33206
2026-06-23,19.095,58897
2026-06-24,18.565,41211
2026-06-25,18.795,21302
2026-06-26,18.8725,11360
2026-06-29,18.64,28289
2026-06-30,18.84,4431
2026-07-01,18.71,5268
2026-07-02,18.69,12786
2026-07-03,18.7725,8146
2026-07-06,18.905,11842
2026-07-07,18.89,14386
2026-07-08,18.63,11170
2026-07-09,19.13,39954
2026-07-10,19.0775,8607
2026-07-13,19.1275,4327
2026-07-14,19.2475,8706
2026-07-15,19.1125,22612
2026-07-16,19.275,9691
2026-07-17,19.02,8429
2026-07-20,19.07,13275
2026-07-21,19.4025,38934
2026-07-22,19.5,4505
2026-07-23,19.2625,2199
2026-07-24,19.28,2890
2026-07-27,19.295,57038
2026-07-28,19.195,18995
2026-07-29,19.2125,7506
2026-07-30,19.4725,14819
2026-07-31,19.51,5308
2026-08-03,19.545,21730
2026-08-04,19.77,12237
2026-08-05,19.89,7549
2026-08-06,19.905,5914
2026-08-07,19.795,17785
2026-08-10,19.945,7962
2026-08-11,19.99,10399
2026-08-12,19.9525,24085
2026-08-13,19.7875,34293
2026-08-14,19.775,12865
2026-08-17,19.8375,8801
2026-08-18,19.555,40531
2026-08-19,19.61,2952
2026-08-20,19.585,6899
2026-08-21,19.85,4341
2026-08-24,19.9,46220
2026-08-25,20.035,35084
2026-08-26,19.9,57663
2026-08-27,19.875,20631
2026-08-28,19.9075,4601
2026-09-01,19.855,43881
2026-09-02,19.845,49156
2026-09-03,20.02,18056
2026-09-04,20.0375,18228
2026-09-07,20.1,1587
2026-09-08,20.405,32169
2026-09-09,20.415,8401
2026-09-10,19.79,23030
2026-09-11,19.74,25480
2026-09-14,19.41,40352
2026-09-15,19.4175,14545
2026-09-16,19.585,83429
2026-09-17,19.91,23384
2026-09-18,19.94,3676
2026-09-21,20.07,5291
2026-09-22,20.16,33478
2026-09-23,20.05,14119
2026-09-24,20.11,40014
2026-09-25,20.055,9577
2026-09-28,19.78,27207
2026-09-29,19.7,14014
2026-09-30,19.575,184924
2026-10-01,19.225,8981
2026-10-02,19.225,21690
2026-10-05,19.435,18884
2026-10-06,19.455,44045
2026-10-07,19.445,9651
2026-10-08,19.175,414191
