datum,schluss,volumen
2008-01-02,34.0947,
2008-01-03,36.2864,
2008-01-04,35.3413,
2008-01-07,35.3375,
2008-01-08,37.4667,
2008-01-09,36.9779,
2008-01-10,35.9759,
2008-01-11,35.9154,
2008-01-14,36.7148,
2008-01-15,35.6309,
2008-01-16,34.9423,
2008-01-17,34.5531,
2008-01-18,36.027,
2008-01-21,36.027,
2008-01-22,34.4524,
2008-01-23,33.6902,
2008-01-24,34.1124,
2008-01-25,33.6426,
2008-01-28,33.8009,
2008-01-29,34.7319,
2008-01-30,34.1076,
2008-01-31,34.2974,
2008-02-01,35.0463,
2008-02-04,33.8978,
2008-02-05,33.5221,
2008-02-06,33.645,
2008-02-07,34.3437,
2008-02-08,35.4171,
2008-02-11,35.1575,
2008-02-12,35.1587,
2008-02-13,35.0323,
2008-02-14,34.9073,
2008-02-15,34.5584,
2008-02-18,34.5596,
2008-02-19,35.2736,
2008-02-20,35.1497,
2008-02-21,36.5856,
2008-02-22,35.5236,
2008-02-25,35.3309,
2008-02-26,34.9506,
2008-02-27,36.5241,
2008-02-28,38.9087,
2008-02-29,39.4103,
2008-03-03,41.5323,
2008-03-04,41.0704,
2008-03-05,41.7614,
2008-03-06,41.1305,
2008-03-07,41.7007,
2008-03-10,40.5629,
2008-03-11,39.431,
2008-03-12,39.8454,
2008-03-13,40.1876,
2008-03-14,40.6911,
2008-03-17,36.737,
2008-03-18,37.62,
2008-03-19,36.6252,
2008-03-20,35.6866,
2008-03-25,36.9134,
2008-03-26,37.1894,
2008-03-27,39.1858,
2008-03-28,38.0596,
2008-03-31,37.1212,
2008-04-01,36.6086,
2008-04-02,35.3584,
2008-04-03,36.1749,
2008-04-04,36.4106,
2008-04-07,36.1984,
2008-04-08,36.0037,
2008-04-09,36.5987,
2008-04-10,36.1623,
2008-04-11,35.5378,
2008-04-14,36.018,
2008-04-15,36.0057,
2008-04-16,37.1337,
2008-04-17,36.4484,
2008-04-18,35.8915,
2008-04-21,35.4393,
2008-04-22,36.0003,
2008-04-23,35.7522,
2008-04-24,36.0142,
2008-04-25,36.756,
2008-04-28,36.4885,
2008-04-29,35.6913,
2008-04-30,35.5685,
2008-05-01,35.3197,
2008-05-02,35.3762,
2008-05-06,35.9875,
2008-05-07,35.547,
2008-05-08,34.1828,
2008-05-09,33.2112,
2008-05-12,33.0498,
2008-05-13,33.6737,
2008-05-14,33.0528,
2008-05-15,32.7481,
2008-05-16,32.8673,
2008-05-19,32.4828,
2008-05-20,32.3578,
2008-05-21,31.3634,
2008-05-22,29.2433,
2008-05-23,29.9922,
2008-05-27,28.9842,
2008-05-28,27.9826,
2008-05-29,27.6216,
2008-05-30,27.4914,
2008-06-02,27.5981,
2008-06-03,27.7272,
2008-06-04,28.3428,
2008-06-05,28.3622,
2008-06-06,27.3587,
2008-06-09,27.3868,
2008-06-10,29.1605,
2008-06-11,28.9421,
2008-06-12,30.5653,
2008-06-13,29.9422,
2008-06-16,29.8806,
2008-06-17,30.1872,
2008-06-18,28.6988,
2008-06-19,27.7014,
2008-06-20,27.9518,
2008-06-23,27.26,
2008-06-24,26.8239,
2008-06-25,27.0756,
2008-06-26,27.1947,
2008-06-27,27.3827,
2008-06-30,27.3834,
2008-07-01,26.8869,
2008-07-02,26.3813,
2008-07-03,26.0076,
2008-07-04,25.6,
2008-07-07,26.0963,
2008-07-08,25.6912,
2008-07-09,26.7544,
2008-07-10,27.3168,
2008-07-11,26.9429,
2008-07-14,25.8761,
2008-07-15,26.0014,
2008-07-16,25.4347,
2008-07-17,25.8971,
2008-07-18,25.4293,
2008-07-21,25.6108,
2008-07-22,25.5488,
2008-07-23,24.8693,
2008-07-24,23.4025,
2008-07-25,22.9944,
2008-07-28,23.3907,
2008-07-29,22.5044,
2008-07-30,23.3925,
2008-07-31,22.8872,
2008-08-01,22.8189,
2008-08-04,22.4635,
2008-08-05,21.9456,
2008-08-06,22.1917,
2008-08-07,23.5088,
2008-08-08,22.6527,
2008-08-11,22.4571,
2008-08-12,22.5949,
2008-08-13,24.344,
2008-08-14,23.8452,
2008-08-15,23.3464,
2008-08-18,22.5355,
2008-08-19,24.2153,
2008-08-20,24.8795,
2008-08-21,26.8468,
2008-08-22,26.042,
2008-08-26,25.0123,
2008-08-27,26.2195,
2008-08-28,25.5951,
2008-08-29,25.2584,
2008-09-01,24.73,
2008-09-02,24.2566,
2008-09-03,24.4366,
2008-09-04,23.9737,
2008-09-05,23.2135,
2008-09-08,23.5226,
2008-09-09,23.0846,
2008-09-10,23.0847,
2008-09-11,23.0852,
2008-09-12,24.0226,
2008-09-15,22.5864,
2008-09-16,21.6995,
2008-09-17,21.2125,
2008-09-18,20.8689,
2008-09-19,21.1226,
2008-09-22,21.7684,
2008-09-23,21.409,
2008-09-24,21.4011,
2008-09-25,21.2451,
2008-09-26,21.1392,
2008-09-29,20.3836,
2008-09-30,19.6777,
2008-10-01,19.7966,
2008-10-02,18.9908,
2008-10-03,18.8035,
2008-10-06,17.7354,
2008-10-07,17.6214,
2008-10-08,16.3479,
2008-10-09,16.5956,
2008-10-10,15.0678,
2008-10-13,15.8261,
2008-10-14,15.8197,
2008-10-15,14.7024,
2008-10-16,13.3202,
2008-10-17,13.3385,
2008-10-20,13.0298,
2008-10-21,13.2028,
2008-10-22,12.3393,
2008-10-23,11.5349,
2008-10-24,12.3371,
2008-10-27,13.6908,
2008-10-28,14.7581,
2008-10-29,16.8187,
2008-10-30,14.6777,
2008-10-31,14.9184,
2008-11-03,14.7209,
2008-11-04,15.893,
2008-11-05,15.1508,
2008-11-06,14.0449,
2008-11-07,13.5119,
2008-11-10,13.9115,
2008-11-11,13.1697,
2008-11-12,12.9173,
2008-11-13,14.0892,
2008-11-14,13.5338,
2008-11-17,13.0956,
2008-11-18,13.2162,
2008-11-19,12.5984,
2008-11-20,12.2331,
2008-11-21,12.292,
2008-11-24,13.1215,
2008-11-25,12.9044,
2008-11-26,13.0282,
2008-11-27,13.0279,
2008-11-28,12.5354,
2008-12-01,12.0369,
2008-12-02,11.6666,
2008-12-03,11.2871,
2008-12-04,11.3412,
2008-12-05,11.0979,
2008-12-08,11.428,
2008-12-09,11.5214,
2008-12-10,12.624,
2008-12-11,13.6246,
2008-12-12,13.0489,
2008-12-15,12.5185,
2008-12-16,11.8694,
2008-12-17,12.0007,
2008-12-18,11.9637,
2008-12-19,12.6059,
2008-12-22,12.5982,
2008-12-23,11.9248,
2008-12-24,11.7715,
2008-12-29,11.8567,
2008-12-30,13.0914,
2008-12-31,14.3023,
2009-01-02,15.96,5484
2009-01-05,15.68,3917
2009-01-06,15.94,3172
2009-01-07,15.09,4234
2009-01-08,14.21,1060
2009-01-09,14.5,869
2009-01-12,12.94,543
2009-01-13,13.52,4096
2009-01-14,12.98,796
2009-01-15,13.12,3096
2009-01-16,13.28,1251
2009-01-19,13.66,796
2009-01-20,14.04,14847
2009-01-21,13.47,
2009-01-22,13.41,
2009-01-23,14.5,1962
2009-01-26,14.66,19307
2009-01-27,13.77,2351
2009-01-28,14.43,3270
2009-01-29,13.84,3284
2009-01-30,13.85,4770
2009-02-02,13.84,
2009-02-03,14.15,
2009-02-04,14.54,14180
2009-02-05,13.9,2533
2009-02-06,14.34,
2009-02-09,14.17,635
2009-02-10,13.25,270
2009-02-11,12.91,47138
2009-02-12,12.5,702
2009-02-13,12.69,2482
2009-02-16,12.51,2380
2009-02-17,12.1,
2009-02-18,11.86,2780
2009-02-19,12.14,1800
2009-02-20,11.54,7315
2009-02-23,11.66,707
2009-02-24,11.9,1550
2009-02-25,12.11,5544
2009-02-26,12.36,1480
2009-02-27,12.01,4300
2009-03-02,11.72,2000
2009-03-03,11.79,200
2009-03-04,12.21,600
2009-03-05,11.85,13300
2009-03-06,11.97,
2009-03-09,11.86,
2009-03-10,12.01,
2009-03-11,11.85,550
2009-03-12,11.64,500
2009-03-13,11.64,2538
2009-03-16,12.3,7010
2009-03-17,12.11,1
2009-03-18,11.95,810
2009-03-19,12.17,887
2009-03-20,12.05,1400
2009-03-23,11.98,10173
2009-03-24,11.67,31655
2009-03-25,11.69,2500
2009-03-26,11.85,7020
2009-03-27,11.65,2450
2009-03-30,11.66,4100
2009-03-31,11.61,284
2009-04-01,11.86,10333
2009-04-02,12.81,3152
2009-04-03,13.1,500
2009-04-06,12.91,10700
2009-04-07,13.32,9248
2009-04-08,13.24,1000
2009-04-09,13.38,5593
2009-04-14,13.9,24460
2009-04-15,14.87,2770
2009-04-16,14.88,35073
2009-04-17,15.23,5674
2009-04-20,14.57,21130
2009-04-21,14.0,4327
2009-04-22,13.89,20427
2009-04-23,13.66,19200
2009-04-24,13.86,
2009-04-27,13.66,582
2009-04-28,13.13,
2009-04-29,13.74,1170
2009-04-30,14.02,23708
2009-05-01,14.16,
2009-05-05,14.1,18918
2009-05-06,15.13,12008
2009-05-07,15.86,35228
2009-05-08,15.92,2400
2009-05-11,15.71,4457
2009-05-12,15.91,11022
2009-05-13,15.08,8272
2009-05-14,14.91,4973
2009-05-15,14.95,2049
2009-05-18,14.96,9598
2009-05-19,15.07,3677
2009-05-20,15.2,1300
2009-05-21,14.67,8000
2009-05-22,15.21,2149
2009-05-26,15.82,11793
2009-05-27,16.11,1700
2009-05-28,16.29,11800
2009-05-29,16.71,12500
2009-06-01,17.49,55324
2009-06-02,17.61,2200
2009-06-03,17.21,204800
2009-06-04,17.43,1460
2009-06-05,17.47,22709
2009-06-08,17.37,2560
2009-06-09,17.9,16184
2009-06-10,18.35,10523
2009-06-11,19.09,3300
2009-06-12,18.78,14335
2009-06-15,17.76,17409
2009-06-16,17.85,10647
2009-06-17,17.88,5840
2009-06-18,18.13,26500
2009-06-19,18.16,428
2009-06-22,17.57,434
2009-06-23,17.56,1300
2009-06-24,18.52,5000
2009-06-25,18.75,25609
2009-06-26,19.02,2355
2009-06-29,18.9,17240
2009-06-30,18.4,19969
2009-07-01,19.6,13274
2009-07-02,19.53,31218
2009-07-03,19.53,
2009-07-06,18.91,250
2009-07-07,18.77,11595
2009-07-08,18.11,25113
2009-07-09,17.7,14014
2009-07-10,17.46,32650
2009-07-13,17.66,7465
2009-07-14,18.62,9750
2009-07-15,18.97,48759
2009-07-16,18.97,
2009-07-17,19.32,5249
2009-07-20,19.51,1900
2009-07-21,19.51,
2009-07-22,19.33,200
2009-07-23,19.64,640
2009-07-24,19.92,2027
2009-07-27,20.29,7677
2009-07-28,20.02,100
2009-07-29,19.49,2350
2009-07-30,20.5,9891
2009-07-31,21.3,7490
2009-08-03,22.52,5400
2009-08-04,23.19,63312
2009-08-05,24.27,101812
2009-08-06,23.54,106100
2009-08-07,23.52,32665
2009-08-10,24.1,12253
2009-08-11,23.52,9270
2009-08-12,23.63,5590
2009-08-13,24.67,36070
2009-08-14,23.34,49216
2009-08-17,22.5,13705
2009-08-18,22.65,16469
2009-08-19,22.22,13010
2009-08-20,22.51,500
2009-08-21,23.11,2827
2009-08-24,23.33,1967
2009-08-25,23.25,12503
2009-08-26,22.89,13269
2009-08-27,22.82,4640
2009-08-28,22.82,
2009-09-01,21.93,74510
2009-09-02,21.87,13589
2009-09-03,21.69,1910
2009-09-04,20.89,50000
2009-09-07,20.89,
2009-09-08,21.96,2400
2009-09-09,21.43,4553
2009-09-10,20.76,2330
2009-09-11,20.58,15459
2009-09-14,19.8,2800
2009-09-15,20.11,3010
2009-09-16,20.73,200
2009-09-17,21.04,83482
2009-09-18,20.62,1500
2009-09-21,20.85,910
2009-09-22,21.12,229
2009-09-23,21.27,24344
2009-09-24,20.54,67
2009-09-25,20.12,50485
2009-09-28,20.08,1500
2009-09-29,20.37,479
2009-09-30,20.37,
2009-10-01,20.77,39641
2009-10-02,20.84,27000
2009-10-05,20.68,
2009-10-06,21.55,2450
2009-10-07,22.24,16002
2009-10-08,23.05,11827
2009-10-09,22.58,3000
2009-10-12,22.34,3544
2009-10-13,21.96,1158
2009-10-14,21.75,130
2009-10-15,22.41,885
2009-10-16,22.17,480
2009-10-19,22.79,50978
2009-10-20,22.62,8950
2009-10-21,23.29,47279
2009-10-22,23.08,2056
2009-10-23,22.56,20809
2009-10-26,22.37,4785
2009-10-27,22.29,1069
2009-10-28,21.14,11600
2009-10-29,22.03,42373
2009-10-30,21.77,5302
2009-11-02,21.57,18861
2009-11-03,21.39,15009
2009-11-04,21.55,20400
2009-11-05,21.31,25377
2009-11-06,20.66,47606
2009-11-09,21.91,73700
2009-11-10,20.04,91732
2009-11-11,20.15,52513
2009-11-12,19.09,13165
2009-11-13,19.21,3650
2009-11-16,19.92,15897
2009-11-17,20.1,10370
2009-11-18,20.35,15589
2009-11-19,20.06,6830
2009-11-20,19.98,2700
2009-11-23,20.13,6000
2009-11-24,19.59,169
2009-11-25,20.06,1800
2009-11-26,19.8,10009
2009-11-27,19.33,2200
2009-11-30,19.11,23631
2009-12-01,19.54,25725
2009-12-02,19.46,5538
2009-12-03,19.11,13482
2009-12-04,19.04,13454
2009-12-07,19.1,16678
2009-12-08,19.17,11939
2009-12-09,19.67,1010
2009-12-10,19.65,10040
2009-12-11,19.6,21550
2009-12-14,19.98,3302
2009-12-15,20.04,2926
2009-12-16,20.6,4619
2009-12-17,20.44,27620
2009-12-18,20.31,490
2009-12-21,21.23,23370
2009-12-22,21.12,7155
2009-12-23,21.65,16380
2009-12-24,22.33,17282
2009-12-29,22.58,39156
2009-12-30,22.38,14715
2009-12-31,22.24,3000
2010-01-04,22.33,16630
2010-01-05,22.18,14150
2010-01-06,22.8,8060
2010-01-07,21.95,93275
2010-01-08,21.45,23559
2010-01-11,21.28,5280
2010-01-12,20.94,33811
2010-01-13,21.27,24000
2010-01-14,21.88,13510
2010-01-15,22.04,10100
2010-01-18,22.28,3350
2010-01-19,22.74,15223
2010-01-20,22.26,4139
2010-01-21,22.16,22525
2010-01-22,21.83,9234
2010-01-25,21.51,1132
2010-01-26,21.58,8755
2010-01-27,21.42,5694
2010-01-28,21.65,7450
2010-01-29,21.97,1990
2010-02-01,21.45,29307
2010-02-02,21.54,19150
2010-02-03,21.52,7748
2010-02-04,20.98,2973
2010-02-05,20.51,58165
2010-02-08,20.22,33950
2010-02-09,20.6,460
2010-02-10,21.08,1000
2010-02-11,21.46,4790
2010-02-12,21.86,20591
2010-02-15,22.66,319525
2010-02-16,23.76,38155
2010-02-17,23.61,31515
2010-02-18,24.01,195931
2010-02-19,24.27,5200
2010-02-22,24.13,2230
2010-02-23,23.69,11785
2010-02-24,23.88,13955
2010-02-25,23.96,34230
2010-02-26,24.77,65678
2010-03-01,25.44,12045
2010-03-02,26.22,105000
2010-03-03,27.0,5300
2010-03-04,26.28,58692
2010-03-05,26.47,10625
2010-03-08,26.18,3250
2010-03-09,26.14,10809
2010-03-10,25.63,39280
2010-03-11,25.06,13499
2010-03-12,25.58,5000
2010-03-15,25.26,15360
2010-03-16,25.77,16493
2010-03-17,26.09,773
2010-03-18,26.78,14270
2010-03-19,26.44,2200
2010-03-22,26.16,3024
2010-03-23,26.43,1670
2010-03-24,26.15,14864
2010-03-25,26.73,6458
2010-03-26,27.83,263348
2010-03-29,28.25,42775
2010-03-30,28.38,150
2010-03-31,29.32,4646
2010-04-01,29.58,58653
2010-04-06,29.27,16653
2010-04-07,29.05,60
2010-04-08,28.95,13545
2010-04-09,29.68,22777
2010-04-12,30.2,20162
2010-04-13,30.45,302284
2010-04-14,30.96,2494
2010-04-15,31.84,820
2010-04-16,31.44,40121
2010-04-19,31.54,17880
2010-04-20,32.19,1874
2010-04-21,31.6,16450
2010-04-22,31.75,21012
2010-04-23,31.6,7489
2010-04-26,32.07,1435
2010-04-27,30.93,64743
2010-04-28,29.83,6105
2010-04-29,30.12,2466
2010-04-30,30.28,4801
2010-05-04,29.22,11800
2010-05-05,26.08,90712
2010-05-06,25.65,62346
2010-05-07,26.42,46593
2010-05-10,27.16,24376
2010-05-11,26.53,728210
2010-05-12,26.76,700
2010-05-13,27.07,650
2010-05-14,25.57,3850
2010-05-17,24.23,23250
2010-05-18,25.81,11230
2010-05-19,25.11,100
2010-05-20,24.92,29
2010-05-21,25.06,8220
2010-05-24,25.97,8000
2010-05-25,24.56,700
2010-05-26,24.77,7100
2010-05-27,25.4,1800
2010-05-28,25.15,4000
2010-06-01,24.34,21000
2010-06-02,23.05,15880
2010-06-03,22.11,36364
2010-06-04,21.28,10300
2010-06-07,21.19,7602
2010-06-08,21.56,10539
2010-06-09,22.62,367
2010-06-10,22.61,17500
2010-06-11,22.76,13000
2010-06-14,23.6,26153
2010-06-15,23.72,
2010-06-16,23.2,5369
2010-06-17,23.1,2250
2010-06-18,23.04,
2010-06-21,23.28,600
2010-06-22,23.39,
2010-06-23,22.64,15550
2010-06-24,22.76,
2010-06-25,23.03,
2010-06-28,23.91,3779
2010-06-29,22.63,6300
2010-06-30,22.6,26200
2010-07-01,22.53,1260
2010-07-02,22.03,21100
2010-07-05,21.96,3266
2010-07-06,22.39,5000
2010-07-07,22.41,
2010-07-08,22.59,3749
2010-07-09,22.78,2550
2010-07-12,22.41,1420
2010-07-13,22.77,2700
2010-07-14,22.68,
2010-07-15,22.6,17500
2010-07-16,22.21,1083
2010-07-19,21.9,8013
2010-07-20,22.38,1000
2010-07-21,22.66,6000
2010-07-22,23.54,
2010-07-23,23.93,12400
2010-07-26,24.13,400
2010-07-27,24.01,11860
2010-07-28,23.93,10852
2010-07-29,24.11,
2010-07-30,24.71,
2010-08-02,25.51,15203
2010-08-03,25.26,
2010-08-04,25.56,
2010-08-05,25.73,253
2010-08-06,25.8,26600
2010-08-09,26.7,4260
2010-08-10,26.04,5700
2010-08-11,25.3,500
2010-08-12,25.2,
2010-08-13,24.85,25283
2010-08-16,25.17,62568
2010-08-17,25.84,
2010-08-18,25.6,3345
2010-08-19,25.44,80000
2010-08-20,25.07,3000
2010-08-23,24.81,
2010-08-24,24.14,
2010-08-25,23.53,21372
2010-08-26,23.97,4300
2010-08-27,24.56,
2010-08-31,24.11,4695
2010-09-01,24.81,50765
2010-09-02,25.34,72396
2010-09-03,25.37,23585
2010-09-06,25.7,9847
2010-09-07,25.74,11002
2010-09-08,26.74,1000
2010-09-09,26.45,1455
2010-09-10,26.42,484160
2010-09-13,26.83,2721
2010-09-14,27.02,14492
2010-09-15,27.07,
2010-09-16,27.12,850
2010-09-17,27.2,610
2010-09-20,27.11,2250
2010-09-21,26.3,7419
2010-09-22,26.4,500
2010-09-23,26.46,450
2010-09-24,26.72,1600
2010-09-27,26.71,18349
2010-09-28,27.07,10552
2010-09-29,26.97,14533
2010-09-30,27.16,5166
2010-10-01,27.6,6165
2010-10-04,27.8,13426
2010-10-05,28.7,11228
2010-10-06,28.94,12393
2010-10-07,27.97,18900
2010-10-08,28.35,374255
2010-10-11,28.33,539
2010-10-12,28.34,1986
2010-10-13,28.31,11300
2010-10-14,28.62,8000
2010-10-15,28.07,1000
2010-10-18,27.92,10661
2010-10-19,27.24,88298
2010-10-20,27.75,20444
2010-10-21,27.59,2560
2010-10-22,27.16,4100
2010-10-25,27.51,3800
2010-10-26,27.12,9041
2010-10-27,26.53,9006
2010-10-28,26.92,5400
2010-10-29,26.71,1039
2010-11-01,27.02,100
2010-11-02,27.27,4609
2010-11-03,27.42,3750
2010-11-04,28.34,26814
2010-11-05,28.47,17553
2010-11-08,28.28,692
2010-11-09,28.34,219
2010-11-10,28.24,12200
2010-11-11,28.07,5930
2010-11-12,26.7,8776
2010-11-15,26.23,5995
2010-11-16,24.84,26645
2010-11-17,25.15,28988
2010-11-18,25.29,16100
2010-11-19,25.35,700
2010-11-22,25.06,144
2010-11-23,25.26,2027
2010-11-24,26.04,1122
2010-11-25,26.44,
2010-11-26,26.33,42
2010-11-29,26.06,5480
2010-11-30,26.73,375
2010-12-01,27.24,2510
2010-12-02,27.69,3759
2010-12-03,27.4,2470
2010-12-06,27.5,8203
2010-12-07,27.92,3700
2010-12-08,27.86,97
2010-12-09,27.72,1473
2010-12-10,27.87,535
2010-12-13,28.35,5200
2010-12-14,28.54,3742
2010-12-15,28.25,15856
2010-12-16,28.52,
2010-12-17,28.74,3063
2010-12-20,28.96,4318
2010-12-21,28.84,1730
2010-12-22,28.19,140
2010-12-23,27.78,700
2010-12-24,27.73,
2010-12-29,27.9,150
2010-12-30,27.15,
2010-12-31,28.77,192
2011-01-04,28.89,23159
2011-01-05,28.9,13000
2011-01-06,28.51,720
2011-01-07,28.18,535
2011-01-10,27.85,18000
2011-01-11,28.58,700
2011-01-12,29.84,25000
2011-01-13,30.05,43169
2011-01-14,29.96,7600
2011-01-17,30.0,8049
2011-01-18,30.42,5650
2011-01-19,30.0,17997
2011-01-20,29.82,
2011-01-21,30.4,40083
2011-01-24,30.34,6360
2011-01-25,29.99,7272
2011-01-26,30.51,780
2011-01-27,30.86,12009
2011-01-28,30.69,6593
2011-01-31,31.61,30027
2011-02-01,32.47,12879
2011-02-02,32.43,2090
2011-02-03,32.37,7010
2011-02-04,32.72,6389
2011-02-07,32.98,21130
2011-02-08,32.75,10429
2011-02-09,32.71,150
2011-02-10,32.35,8496
2011-02-11,32.56,7000
2011-02-14,33.44,1230
2011-02-15,33.28,
2011-02-16,33.06,223
2011-02-17,32.76,3000
2011-02-18,33.78,17222
2011-02-21,33.98,5275
2011-02-22,33.1,5195
2011-02-23,33.1,4934
2011-02-24,32.1,28109
2011-02-25,32.12,2849
2011-02-28,33.54,2603
2011-03-01,33.28,12900
2011-03-02,33.08,15250
2011-03-03,33.32,2921
2011-03-04,33.27,690
2011-03-07,32.05,2500
2011-03-08,31.13,37493
2011-03-09,30.52,82
2011-03-10,29.77,11690
2011-03-11,30.22,3778
2011-03-14,29.95,17077
2011-03-15,28.86,17572
2011-03-16,28.97,12799
2011-03-17,29.99,174
2011-03-18,30.54,1553
2011-03-21,30.95,1424
2011-03-22,30.7,17900
2011-03-23,31.13,5500
2011-03-24,31.48,450
2011-03-25,31.48,
2011-03-28,30.62,396
2011-03-29,30.77,1504
2011-03-30,30.14,5330
2011-03-31,30.24,17095
2011-04-01,29.64,614
2011-04-04,29.445,
2011-04-05,29.44,8680
2011-04-06,30.46,9212
2011-04-07,31.27,8000
2011-04-08,31.84,3150
2011-04-11,32.04,12321
2011-04-12,30.87,539
2011-04-13,30.43,5371
2011-04-14,29.99,564
2011-04-15,30.26,20000
2011-04-18,29.63,2400
2011-04-19,29.59,12400
2011-04-20,30.38,6195
2011-04-21,30.93,9740
2011-04-26,30.89,196
2011-04-27,30.64,350
2011-04-28,30.84,1972
2011-04-29,30.84,
2011-05-03,31.42,28772
2011-05-04,30.06,9100
2011-05-05,28.55,19790
2011-05-06,28.82,52959
2011-05-09,28.45,5589
2011-05-10,28.57,12730
2011-05-11,28.06,957
2011-05-12,28.29,34870
2011-05-13,28.24,6811
2011-05-16,28.07,5450
2011-05-17,27.82,2
2011-05-18,28.47,10138
2011-05-19,27.59,30246
2011-05-20,27.18,27224
2011-05-23,25.94,8595
2011-05-24,26.39,8242
2011-05-25,27.06,915
2011-05-26,26.41,11164
2011-05-27,26.51,8032
2011-05-31,27.04,9946
2011-06-01,26.88,300
2011-06-02,26.03,100
2011-06-03,26.14,1057
2011-06-06,26.235,
2011-06-07,26.3,35383
2011-06-08,26.2,14950
2011-06-09,26.54,8976
2011-06-10,26.35,8236
2011-06-13,25.7,
2011-06-14,25.82,4536
2011-06-15,25.71,13402
2011-06-16,25.12,8000
2011-06-17,25.21,4495
2011-06-20,25.07,7428
2011-06-21,25.42,14999
2011-06-22,25.25,3822
2011-06-23,25.29,4775
2011-06-24,25.42,1000
2011-06-27,25.52,2966
2011-06-28,26.13,894
2011-06-29,26.66,2300
2011-06-30,27.06,17881
2011-07-01,26.86,17330
2011-07-04,26.62,1690
2011-07-05,26.86,1470
2011-07-06,27.01,4284
2011-07-07,27.48,7176
2011-07-08,27.21,5487
2011-07-11,26.75,6370
2011-07-12,27.16,2900
2011-07-13,27.595,
2011-07-14,27.75,10791
2011-07-15,28.17,6108
2011-07-18,27.39,12694
2011-07-19,27.7,2134
2011-07-20,27.5,1732
2011-07-21,27.715,
2011-07-22,27.57,385
2011-07-25,27.6,463
2011-07-26,27.91,110
2011-07-27,27.97,261
2011-07-28,28.31,486
2011-07-29,28.28,5697
2011-08-01,28.6,1100
2011-08-02,28.43,
2011-08-03,27.65,12821
2011-08-04,27.07,1546
2011-08-05,26.29,11585
2011-08-08,25.08,7155
2011-08-09,25.03,7474
2011-08-10,24.4,24807
2011-08-11,24.43,4185
2011-08-12,24.905,11005
2011-08-15,24.58,2389
2011-08-16,24.87,4776
2011-08-17,25.22,1944
2011-08-18,24.47,5133
2011-08-19,24.43,1029
2011-08-22,23.92,2007
2011-08-23,23.96,7560
2011-08-24,24.14,1988
2011-08-25,24.12,3754
2011-08-26,24.84,
2011-08-30,25.29,1200
2011-08-31,25.72,31569
2011-09-01,24.98,1289
2011-09-02,24.53,19453
2011-09-05,23.96,5500
2011-09-06,23.76,10886
2011-09-07,24.95,74001
2011-09-08,25.25,2575
2011-09-09,24.45,715
2011-09-12,24.63,614
2011-09-13,24.58,48
2011-09-14,24.38,7388
2011-09-15,25.02,150
2011-09-16,24.73,664
2011-09-19,24.33,64
2011-09-20,24.28,1653
2011-09-21,23.6,15093
2011-09-22,22.04,3019
2011-09-23,21.38,34380
2011-09-26,21.09,169
2011-09-27,21.86,110
2011-09-28,21.37,14411
2011-09-29,21.31,6864
2011-09-30,20.65,1201
2011-10-03,21.75,1500
2011-10-04,21.66,9008
2011-10-05,21.13,600
2011-10-06,21.64,115286
2011-10-07,21.8,250
2011-10-10,22.07,
2011-10-11,21.65,720
2011-10-12,22.0,4090
2011-10-13,21.18,914
2011-10-14,21.61,
2011-10-17,21.63,265
2011-10-18,21.75,19
2011-10-19,21.74,2
2011-10-20,20.66,488
2011-10-21,21.62,532
2011-10-24,22.73,
2011-10-25,22.93,10699
2011-10-26,22.05,21003
2011-10-27,22.99,67003
2011-10-28,22.77,152
2011-10-31,22.12,160000
2011-11-01,21.38,10570
2011-11-02,21.48,
2011-11-03,21.17,1893
2011-11-04,21.41,20003
2011-11-07,21.45,194
2011-11-08,21.12,4200
2011-11-09,20.89,30504
2011-11-10,20.63,210
2011-11-11,21.13,6375
2011-11-14,20.62,600
2011-11-15,20.2,423
2011-11-16,20.63,
2011-11-17,20.59,446
2011-11-18,20.5,4987
2011-11-21,20.18,810
2011-11-22,20.31,
2011-11-23,19.65,6029
2011-11-24,19.57,
2011-11-25,19.55,13155
2011-11-28,19.77,
2011-11-29,19.49,1634
2011-11-30,20.26,10972
2011-12-01,19.37,1274
2011-12-02,19.67,14202
2011-12-05,21.04,25961
2011-12-06,21.045,
2011-12-07,20.64,11
2011-12-08,20.68,8570
2011-12-09,21.31,11122
2011-12-12,20.95,8
2011-12-13,20.93,
2011-12-14,20.2,64
2011-12-15,20.19,12500
2011-12-16,21.135,
2011-12-19,21.09,13
2011-12-20,21.65,280
2011-12-21,21.53,168
2011-12-22,21.455,
2011-12-23,21.53,4000
2011-12-28,20.79,1660
2011-12-29,20.67,5558
2011-12-30,20.98,1660
2012-01-03,21.665,
2012-01-04,21.24,145
2012-01-05,21.29,2405
2012-01-06,21.57,677
2012-01-09,21.695,
2012-01-10,22.28,3351
2012-01-11,22.15,8575
2012-01-12,22.65,8619
2012-01-13,22.22,2758
2012-01-16,22.08,3720
2012-01-17,22.35,660
2012-01-18,22.22,
2012-01-19,22.7,6446
2012-01-20,23.42,7153
2012-01-23,23.56,200
2012-01-24,23.44,266
2012-01-25,23.77,2129
2012-01-26,24.58,1718
2012-01-27,24.72,19
2012-01-30,24.43,70
2012-01-31,23.79,1183
2012-02-01,23.86,2982
2012-02-02,23.81,2746
2012-02-03,24.45,31971
2012-02-06,24.44,8034
2012-02-07,24.65,59
2012-02-08,24.95,4252
2012-02-09,24.8,11670
2012-02-10,23.69,199
2012-02-13,23.55,67
2012-02-14,22.88,698
2012-02-15,22.88,236
2012-02-16,22.75,2650
2012-02-17,22.26,152
2012-02-20,22.53,60
2012-02-21,23.29,57016
2012-02-22,23.04,7804
2012-02-23,22.88,552
2012-02-24,22.84,83213
2012-02-27,23.085,
2012-02-28,22.73,
2012-02-29,22.3,2270
2012-03-01,22.42,90196
2012-03-02,22.09,15949
2012-03-05,21.78,7492
2012-03-06,21.3,486
2012-03-07,21.51,966
2012-03-08,21.47,8604
2012-03-09,21.73,3530
2012-03-12,21.905,
2012-03-13,22.22,400
2012-03-14,22.07,696
2012-03-15,22.15,500
2012-03-16,21.64,95598
2012-03-19,21.41,27278
2012-03-20,21.38,10488
2012-03-21,21.44,400
2012-03-22,20.8,5800
2012-03-23,20.85,8842
2012-03-26,20.69,3875
2012-03-27,20.39,63195
2012-03-28,20.02,24500
2012-03-29,19.72,28500
2012-03-30,19.91,5139
2012-04-02,20.78,2177
2012-04-03,20.98,32749
2012-04-04,20.54,240
2012-04-05,20.76,2407
2012-04-10,20.34,676
2012-04-11,20.62,5064
2012-04-12,20.89,49538
2012-04-13,20.69,6207
2012-04-16,20.21,726
2012-04-17,20.3,1422
2012-04-18,20.24,4619
2012-04-19,20.11,1900
2012-04-20,20.37,369
2012-04-23,19.98,462
2012-04-24,19.89,14228
2012-04-25,20.03,1187
2012-04-26,20.66,2709
2012-04-27,20.64,80
2012-04-30,20.165,
2012-05-01,20.185,
2012-05-02,19.62,34701
2012-05-03,19.85,2895
2012-05-04,19.76,6552
2012-05-08,19.5,2756
2012-05-09,19.51,3000
2012-05-10,19.52,1350
2012-05-11,19.47,2220
2012-05-14,19.21,4602
2012-05-15,19.18,1015
2012-05-16,19.36,2540
2012-05-17,19.44,2645
2012-05-18,19.435,
2012-05-21,19.195,
2012-05-22,19.28,2800
2012-05-23,18.98,13341
2012-05-24,19.24,3599
2012-05-25,19.31,3529
2012-05-29,19.17,158
2012-05-30,18.335,
2012-05-31,18.49,220
2012-06-01,18.33,107
2012-06-06,18.11,27330
2012-06-07,18.66,10616
2012-06-08,18.77,34695
2012-06-11,19.2,2500
2012-06-12,19.53,502
2012-06-13,19.31,
2012-06-14,18.975,
2012-06-15,18.95,
2012-06-18,18.94,1733
2012-06-19,19.15,82
2012-06-20,19.31,454
2012-06-21,18.65,36
2012-06-22,18.6,6885
2012-06-25,18.44,115
2012-06-26,18.31,1578
2012-06-27,18.34,
2012-06-28,18.25,9709
2012-06-29,18.88,54
2012-07-02,18.9,7318
2012-07-03,19.62,605
2012-07-04,19.17,238
2012-07-05,19.01,4
2012-07-06,18.46,3044
2012-07-09,18.46,69
2012-07-10,18.26,
2012-07-11,18.23,730
2012-07-12,17.86,10307
2012-07-13,18.32,594
2012-07-16,18.26,260
2012-07-17,18.17,
2012-07-18,18.19,2885
2012-07-19,18.32,120
2012-07-20,17.95,601
2012-07-23,17.7,8186
2012-07-24,17.69,3429
2012-07-25,17.91,3691
2012-07-26,17.96,5108
2012-07-27,17.95,991
2012-07-30,18.22,20946
2012-07-31,18.04,5079
2012-08-01,17.65,4672
2012-08-02,17.2,4630
2012-08-03,17.67,976
2012-08-06,17.65,
2012-08-07,17.83,2099
2012-08-08,17.66,134
2012-08-09,17.48,266
2012-08-10,17.29,73
2012-08-13,17.32,61
2012-08-14,17.45,7000
2012-08-15,17.2,53
2012-08-16,17.43,1240
2012-08-17,17.54,1571
2012-08-20,17.48,164
2012-08-21,17.84,23577
2012-08-22,18.07,70202
2012-08-23,18.47,3410
2012-08-24,18.56,587
2012-08-28,18.26,721
2012-08-29,18.42,1307
2012-08-30,18.13,8711
2012-08-31,17.88,38460
2012-09-03,18.31,588
2012-09-04,18.08,7191
2012-09-05,18.06,2463
2012-09-06,18.15,33232
2012-09-07,18.41,1000
2012-09-10,18.84,652
2012-09-11,18.94,360746
2012-09-12,18.7,339
2012-09-13,18.85,100069
2012-09-14,19.95,19358
2012-09-17,20.42,3687
2012-09-18,20.13,6512
2012-09-19,20.12,27410
2012-09-20,19.95,1153
2012-09-21,20.34,2627
2012-09-24,20.31,3266
2012-09-25,20.66,10961
2012-09-26,20.32,14575
2012-09-27,20.51,4535
2012-09-28,20.77,188464
2012-10-01,21.02,498
2012-10-02,20.88,442
2012-10-03,20.81,102387
2012-10-04,20.92,569
2012-10-05,20.66,608
2012-10-08,20.23,37
2012-10-09,20.12,4887
2012-10-10,19.85,77
2012-10-11,19.8,12559
2012-10-12,19.26,5090
2012-10-15,19.08,26149
2012-10-16,19.04,2060
2012-10-17,19.2,10495
2012-10-18,19.4,181
2012-10-19,19.01,2
2012-10-22,18.635,
2012-10-23,18.35,3297
2012-10-24,18.41,17967
2012-10-25,18.26,632
2012-10-26,17.98,3080
2012-10-29,17.74,967
2012-10-30,17.96,1292
2012-10-31,18.15,9350
2012-11-01,18.31,1983
2012-11-02,17.91,52897
2012-11-05,17.86,14600
2012-11-06,17.93,915
2012-11-07,17.84,4042
2012-11-08,18.02,13702
2012-11-09,17.94,626
2012-11-12,17.9,20
2012-11-13,18.13,1654
2012-11-14,18.16,1353
2012-11-15,17.94,611
2012-11-16,17.935,
2012-11-19,18.29,50
2012-11-20,18.64,10
2012-11-21,18.63,1456
2012-11-22,18.68,1022
2012-11-23,18.67,93966
2012-11-26,18.67,21031
2012-11-27,18.78,7201
2012-11-28,19.05,39
2012-11-29,19.19,8849
2012-11-30,19.41,43705
2012-12-03,19.74,2161
2012-12-04,19.29,2591
2012-12-05,19.53,7775
2012-12-06,19.34,14705
2012-12-07,19.22,6485
2012-12-10,19.86,3012
2012-12-11,19.83,600
2012-12-12,19.85,4373
2012-12-13,19.59,1682
2012-12-14,19.96,19828
2012-12-17,19.78,757
2012-12-18,19.8,3736
2012-12-19,19.75,17
2012-12-20,19.49,40439
2012-12-21,19.57,31
2012-12-24,19.245,
2012-12-27,19.22,692
2012-12-28,19.165,
2012-12-31,19.14,190
2013-01-02,19.64,1058
2013-01-03,19.72,348
2013-01-04,19.5,1010
2013-01-07,19.21,1622
2013-01-08,19.17,1884
2013-01-09,19.5,512
2013-01-10,19.47,557
2013-01-11,19.415,
2013-01-14,19.39,4164
2013-01-15,19.22,5013
2013-01-16,19.55,6046
2013-01-17,19.46,200087
2013-01-18,19.55,4000
2013-01-21,19.43,1833
2013-01-22,19.315,
2013-01-23,19.51,3310
2013-01-24,19.375,
2013-01-25,19.29,16351
2013-01-28,19.48,9964
2013-01-29,19.88,6935
2013-01-30,20.4,53047
2013-01-31,20.61,4513
2013-02-01,20.71,6905
2013-02-04,20.78,6058
2013-02-05,20.79,13544
2013-02-06,20.44,1859
2013-02-07,20.24,3303
2013-02-08,20.45,316
2013-02-11,20.29,28451
2013-02-12,20.32,1487
2013-02-13,20.37,1878
2013-02-14,20.26,7994
2013-02-15,20.31,13
2013-02-18,19.85,8817
2013-02-19,19.31,23519
2013-02-20,18.96,6500
2013-02-21,18.66,2800
2013-02-22,18.58,5834
2013-02-25,18.6,500
2013-02-26,18.44,14855
2013-02-27,18.65,130
2013-02-28,18.52,14290
2013-03-01,18.55,734
2013-03-04,18.48,19897
2013-03-05,18.36,330
2013-03-06,18.51,5400
2013-03-07,18.44,98
2013-03-08,18.54,
2013-03-11,18.65,1030
2013-03-12,18.92,1163
2013-03-13,18.84,2902
2013-03-14,18.96,4330
2013-03-15,18.925,
2013-03-18,18.45,590
2013-03-19,18.31,590
2013-03-20,18.69,148
2013-03-21,18.71,53000
2013-03-22,19.04,16430
2013-03-25,18.89,300
2013-03-26,18.67,10
2013-03-27,18.59,212
2013-03-28,18.445,
2013-04-02,18.01,1735
2013-04-03,17.87,406
2013-04-04,17.97,8
2013-04-05,17.775,
2013-04-08,17.82,916
2013-04-09,17.975,
2013-04-10,17.91,306118
2013-04-11,17.81,27025
2013-04-12,17.61,3218
2013-04-15,17.33,7576
2013-04-16,17.56,4203
2013-04-17,17.06,2034
2013-04-18,17.12,
2013-04-19,16.95,43
2013-04-22,16.91,
2013-04-23,16.76,89
2013-04-24,16.84,860
2013-04-25,17.2,1978
2013-04-26,16.885,
2013-04-29,17.09,17891
2013-04-30,16.82,1117
2013-05-01,16.405,
2013-05-02,16.16,
2013-05-03,16.59,1000
2013-05-07,16.69,8463
2013-05-08,17.07,5024
2013-05-09,17.01,20990
2013-05-10,16.9,6627
2013-05-13,16.975,
2013-05-14,16.71,1029
2013-05-15,16.43,29
2013-05-16,16.435,
2013-05-17,16.41,391
2013-05-20,16.665,
2013-05-21,16.51,902
2013-05-22,16.78,1162
2013-05-23,16.45,1000
2013-05-24,16.33,10320
2013-05-28,16.33,
2013-05-29,16.32,1491
2013-05-30,16.36,138
2013-05-31,16.19,140000
2013-06-03,16.66,13342
2013-06-04,16.76,1343064
2013-06-05,16.97,61001
2013-06-06,16.56,16627
2013-06-07,16.51,9265
2013-06-10,16.43,4177
2013-06-11,16.06,1343
2013-06-12,15.76,24177
2013-06-13,15.51,907
2013-06-14,15.68,298
2013-06-17,15.67,1000
2013-06-18,15.62,3297
2013-06-19,15.51,1712
2013-06-20,15.21,1101
2013-06-21,15.47,
2013-06-24,15.08,2776
2013-06-25,15.32,654
2013-06-26,15.04,814
2013-06-27,15.24,200
2013-06-28,15.24,
2013-07-01,15.32,739
2013-07-02,15.44,304
2013-07-03,15.245,
2013-07-04,15.21,11850
2013-07-05,14.78,57614
2013-07-08,14.73,8718
2013-07-09,14.59,502
2013-07-10,15.01,1706
2013-07-11,14.96,1033
2013-07-12,15.115,
2013-07-15,14.85,445
2013-07-16,15.1,2452
2013-07-17,15.33,3597
2013-07-18,15.365,
2013-07-19,15.49,150
2013-07-22,15.59,2000
2013-07-23,15.46,6869
2013-07-24,15.55,500
2013-07-25,15.62,2995
2013-07-26,15.23,1500
2013-07-29,15.06,3663
2013-07-30,14.89,11615
2013-07-31,15.11,3910
2013-08-01,15.28,1764
2013-08-02,15.335,
2013-08-05,15.23,365
2013-08-06,15.125,
2013-08-07,15.15,2247
2013-08-08,15.73,3423
2013-08-09,16.145,
2013-08-12,16.22,141
2013-08-13,16.145,
2013-08-14,16.29,227
2013-08-15,16.14,
2013-08-16,16.19,13475
2013-08-19,16.22,2095
2013-08-20,16.17,26456
2013-08-21,15.77,10590
2013-08-22,15.82,54625
2013-08-23,15.86,10003
2013-08-27,15.82,215
2013-08-28,15.59,27100
2013-08-29,15.39,
2013-08-30,15.145,
2013-09-02,15.07,
2013-09-03,14.98,13200
2013-09-04,15.0,117
2013-09-05,14.9,6800
2013-09-06,15.27,
2013-09-09,15.23,1307
2013-09-10,15.03,300
2013-09-11,15.02,2463
2013-09-12,15.04,20280
2013-09-13,14.94,344
2013-09-16,15.22,871
2013-09-17,15.14,15200
2013-09-18,15.245,
2013-09-19,15.7,424
2013-09-20,15.3,426
2013-09-23,15.25,100
2013-09-24,15.03,749
2013-09-25,15.12,
2013-09-26,15.185,
2013-09-27,15.22,
2013-09-30,15.275,
2013-10-01,15.04,7042
2013-10-02,15.04,35273
2013-10-03,14.805,
2013-10-04,14.88,57495
2013-10-07,15.28,
2013-10-08,15.15,1156
2013-10-09,15.04,9
2013-10-10,15.045,
2013-10-11,15.195,
2013-10-14,15.345,
2013-10-15,15.33,
2013-10-16,15.29,2250
2013-10-17,15.23,46671
2013-10-18,15.485,
2013-10-21,15.66,5904
2013-10-22,16.09,1790
2013-10-23,15.83,1340
2013-10-24,15.94,26430
2013-10-25,15.87,21216
2013-10-28,15.895,
2013-10-29,15.91,
2013-10-30,16.05,112
2013-10-31,15.86,1000
2013-11-01,15.85,200
2013-11-04,15.6,695
2013-11-05,15.6,1348
2013-11-06,15.39,23509
2013-11-07,15.2,1000
2013-11-08,15.13,188
2013-11-11,15.01,21900
2013-11-12,14.82,531
2013-11-13,14.78,45636
2013-11-14,14.87,20
2013-11-15,14.99,1135
2013-11-18,14.805,
2013-11-19,14.8,300
2013-11-20,14.74,833
2013-11-21,14.59,387
2013-11-22,14.635,
2013-11-25,14.67,1924
2013-11-26,14.7,116
2013-11-27,14.45,13000
2013-11-28,14.49,
2013-11-29,14.8,
2013-12-02,14.59,
2013-12-03,14.63,
2013-12-04,14.83,1153
2013-12-05,14.99,
2013-12-06,14.98,3022
2013-12-09,15.09,99
2013-12-10,15.14,973
2013-12-11,15.3,20
2013-12-12,15.18,44848
2013-12-13,15.28,
2013-12-16,15.27,20000
2013-12-17,15.24,12604
2013-12-18,15.35,105
2013-12-19,15.38,14000
2013-12-20,15.57,2000
2013-12-23,15.57,57230
2013-12-24,15.37,
2013-12-27,15.42,38705
2013-12-30,15.24,
2013-12-31,15.13,
2014-01-02,14.95,
2014-01-03,14.99,190024
2014-01-06,14.71,10354
2014-01-07,14.63,41634
2014-01-08,14.58,
2014-01-09,14.46,17797
2014-01-10,14.91,7172
2014-01-13,15.32,199432
2014-01-14,15.48,23757
2014-01-15,15.72,30584
2014-01-16,15.84,63261
2014-01-17,15.91,81171
2014-01-20,15.77,76789
2014-01-21,15.94,85
2014-01-22,16.02,10033
2014-01-23,15.74,151600
2014-01-24,15.69,34185
2014-01-27,15.39,6683
2014-01-28,15.39,400
2014-01-29,15.185,
2014-01-30,14.99,6000
2014-01-31,14.96,57
2014-02-03,15.0,
2014-02-04,14.94,24450
2014-02-05,14.94,3225
2014-02-06,15.08,10003
2014-02-07,15.29,635
2014-02-10,15.29,2303
2014-02-11,15.29,240
2014-02-12,15.55,750
2014-02-13,15.39,27065
2014-02-14,15.42,1145
2014-02-17,15.56,
2014-02-18,15.72,
2014-02-19,15.73,1284
2014-02-20,15.56,14254
2014-02-21,15.53,525
2014-02-24,15.425,
2014-02-25,15.45,26403
2014-02-26,15.46,80100
2014-02-27,15.46,200
2014-02-28,15.89,15000
2014-03-03,15.86,18367
2014-03-04,16.31,305702
2014-03-05,16.54,74512
2014-03-06,16.77,12924
2014-03-07,16.55,847
2014-03-10,16.56,4362
2014-03-11,16.87,26525
2014-03-12,16.97,2799
2014-03-13,17.01,25000
2014-03-14,17.03,7698
2014-03-17,17.18,1296
2014-03-18,17.47,2962
2014-03-19,17.49,606978
2014-03-20,17.13,7513
2014-03-21,17.36,287670
2014-03-24,17.43,2286
2014-03-25,17.45,212000
2014-03-26,17.07,1236
2014-03-27,16.99,1194635
2014-03-28,17.0,2510
2014-03-31,16.98,317139
2014-04-01,17.3,2393
2014-04-02,17.43,1050
2014-04-03,17.55,5332
2014-04-04,17.77,4077
2014-04-07,17.76,10279
2014-04-08,17.72,100
2014-04-09,17.82,18168
2014-04-10,18.52,18666
2014-04-11,18.83,4185
2014-04-14,19.23,11520
2014-04-15,18.95,23000
2014-04-16,19.34,10460
2014-04-17,19.32,583
2014-04-22,19.71,428923
2014-04-23,19.86,22761
2014-04-24,19.83,620550
2014-04-25,19.84,244077
2014-04-28,19.58,42903
2014-04-29,19.46,17730
2014-04-30,19.73,131378
2014-05-01,19.68,531
2014-05-02,19.66,300
2014-05-06,19.86,453794
2014-05-07,20.03,561508
2014-05-08,21.05,240639
2014-05-09,21.45,41686
2014-05-12,22.38,83982
2014-05-13,22.77,167718
2014-05-14,21.66,27291
2014-05-15,20.18,11492
2014-05-16,20.57,29362
2014-05-19,21.54,13406
2014-05-20,21.27,14413
2014-05-21,20.99,10300
2014-05-22,21.22,9250
2014-05-23,21.1,5476
2014-05-27,21.16,20660
2014-05-28,20.64,32680
2014-05-29,20.33,453883
2014-05-30,20.6,9090
2014-06-02,20.94,6669
2014-06-03,20.57,283934
2014-06-04,20.6,34676
2014-06-05,20.47,800
2014-06-06,20.36,81
2014-06-09,20.37,191
2014-06-10,20.1,301052
2014-06-11,19.73,42310
2014-06-12,19.27,21674
2014-06-13,19.45,35735
2014-06-16,19.92,430
2014-06-17,20.54,63430
2014-06-18,20.1,38004
2014-06-19,19.94,110000
2014-06-20,19.66,155490
2014-06-23,19.77,500
2014-06-24,19.49,1600
2014-06-25,19.77,43252
2014-06-26,20.06,7515
2014-06-27,20.29,64795
2014-06-30,20.31,1713
2014-07-01,20.54,1000
2014-07-02,21.05,17372
2014-07-03,21.23,10550
2014-07-04,20.8,2143
2014-07-07,20.69,1943
2014-07-08,21.04,94473
2014-07-09,20.97,7352
2014-07-10,20.565,
2014-07-11,20.73,8014
2014-07-14,20.67,5000
2014-07-15,20.67,2900
2014-07-16,20.65,1130
2014-07-17,20.44,13180
2014-07-18,19.91,
2014-07-21,20.05,2970
2014-07-22,20.36,155205
2014-07-23,20.37,4950
2014-07-24,20.53,38997
2014-07-25,20.5,6970
2014-07-28,20.15,9229
2014-07-29,19.95,5027
2014-07-30,20.27,6775
2014-07-31,19.925,
2014-08-01,19.82,641
2014-08-04,19.84,9680
2014-08-05,19.74,438
2014-08-06,20.05,18147
2014-08-07,20.36,43888
2014-08-08,19.87,7766
2014-08-11,19.96,1
2014-08-12,20.1,444747
2014-08-13,19.94,2082
2014-08-14,19.78,1087
2014-08-15,19.96,6350
2014-08-18,19.84,461
2014-08-19,19.82,2290
2014-08-20,20.26,1202
2014-08-21,20.085,
2014-08-22,20.02,
2014-08-26,20.24,16704
2014-08-27,20.04,1111
2014-08-28,19.89,362
2014-08-29,19.93,1157
2014-09-01,19.99,4923
2014-09-02,19.87,102405
2014-09-03,20.23,800
2014-09-04,20.63,2120
2014-09-05,20.81,5576
2014-09-08,21.22,6063
2014-09-09,20.25,1035
2014-09-10,19.92,51428
2014-09-11,19.7,1414
2014-09-12,19.64,18125
2014-09-15,19.42,412
2014-09-16,19.24,565
2014-09-17,19.35,21846
2014-09-18,19.13,139
2014-09-19,18.93,6465
2014-09-22,18.06,36580
2014-09-23,18.21,15050
2014-09-24,18.37,70030
2014-09-25,18.38,14574
2014-09-26,18.18,63076
2014-09-29,17.77,283882
2014-09-30,17.38,43300
2014-10-01,17.19,4140
2014-10-02,17.12,1500
2014-10-03,17.62,8231
2014-10-06,17.78,1550
2014-10-07,17.97,622
2014-10-08,17.66,4050
2014-10-09,17.73,1243
2014-10-10,17.47,55500
2014-10-13,17.52,2406
2014-10-14,17.42,
2014-10-15,16.92,500
2014-10-16,16.48,21309
2014-10-17,16.86,2289
2014-10-20,16.2,1868
2014-10-21,16.36,14800
2014-10-22,16.24,31353
2014-10-23,16.23,11281
2014-10-24,16.01,12069
2014-10-27,15.68,13069
2014-10-28,16.35,13947
2014-10-29,16.63,936691
2014-10-30,16.7,25427
2014-10-31,16.7,1805
2014-11-03,16.67,63202
2014-11-04,16.22,300
2014-11-05,16.16,3637
2014-11-06,16.37,5
2014-11-07,16.41,1110
2014-11-10,16.09,14470
2014-11-11,16.35,70
2014-11-12,16.68,1814
2014-11-13,16.33,1960
2014-11-14,16.49,49
2014-11-17,16.69,2644
2014-11-18,16.57,6700
2014-11-19,17.09,
2014-11-20,17.39,10584
2014-11-21,17.65,3494
2014-11-24,17.69,149457
2014-11-25,17.32,570
2014-11-26,17.38,68702
2014-11-27,17.37,11700
2014-11-28,17.13,117623
2014-12-01,17.24,210184
2014-12-02,17.18,
2014-12-03,17.6,93000
2014-12-04,18.11,29570
2014-12-05,17.93,4210
2014-12-08,17.62,35906
2014-12-09,17.47,55
2014-12-10,17.39,
2014-12-11,17.19,8573
2014-12-12,17.64,27681
2014-12-15,17.49,547
2014-12-16,17.02,601
2014-12-17,16.45,104414
2014-12-18,16.36,40502
2014-12-19,16.56,1735
2014-12-22,16.59,27900
2014-12-23,16.41,94
2014-12-24,16.28,1634
2014-12-29,15.91,10277
2014-12-30,15.99,2811
2014-12-31,15.91,600
2015-01-02,15.72,230
2015-01-05,15.81,1000
2015-01-06,16.24,1810
2015-01-07,16.33,1207
2015-01-08,16.17,83105
2015-01-09,16.375,
2015-01-12,15.95,27600
2015-01-13,15.63,3767
2015-01-14,15.23,89623
2015-01-15,15.23,42684
2015-01-16,15.37,1396
2015-01-19,15.335,
2015-01-20,15.48,250712
2015-01-21,15.86,36990
2015-01-22,15.69,21727
2015-01-23,15.06,817
2015-01-26,15.55,80423
2015-01-27,15.48,5922
2015-01-28,15.77,239509
2015-01-29,15.68,868849
2015-01-30,15.795,
2015-02-02,16.15,61951
2015-02-03,16.32,765
2015-02-04,15.97,5446
2015-02-05,15.89,
2015-02-06,16.0,
2015-02-09,15.98,100000
2015-02-10,15.56,7100
2015-02-11,15.36,7882
2015-02-12,15.5,32659
2015-02-13,15.45,8529
2015-02-16,15.31,18840
2015-02-17,14.905,
2015-02-18,14.96,2900
2015-02-19,14.77,9001
2015-02-20,14.87,38898
2015-02-23,14.935,
2015-02-24,15.17,9574
2015-02-25,15.07,26785
2015-02-26,15.09,
2015-02-27,14.77,85026
2015-03-02,14.67,142426
2015-03-03,14.38,6710
2015-03-04,14.68,39672
2015-03-05,14.91,4000
2015-03-06,15.09,8650
2015-03-09,15.39,3560
2015-03-10,14.85,5445
2015-03-11,14.55,1100
2015-03-12,14.61,8560
2015-03-13,14.85,29005
2015-03-16,14.7,5700
2015-03-17,14.39,100100
2015-03-18,14.26,47200
2015-03-19,14.44,90542
2015-03-20,14.86,99
2015-03-23,15.02,949
2015-03-24,14.81,32032
2015-03-25,14.35,65425
2015-03-26,14.34,67870
2015-03-27,14.04,81188
2015-03-30,13.63,4200
2015-03-31,13.14,3270
2015-04-01,13.38,10540
2015-04-02,13.69,11304
2015-04-07,13.41,25812
2015-04-08,13.33,12590
2015-04-09,13.2,5268
2015-04-10,13.3,4600
2015-04-13,13.27,10
2015-04-14,13.04,22880
2015-04-15,13.22,4687
2015-04-16,13.4,
2015-04-17,13.21,17190
2015-04-20,13.27,11077
2015-04-21,13.4,1641
2015-04-22,13.34,1712
2015-04-23,13.355,
2015-04-24,13.75,22682
2015-04-27,14.26,6608
2015-04-28,14.03,42709
2015-04-29,14.12,50
2015-04-30,14.46,15200
2015-05-01,14.49,
2015-05-05,15.01,19652
2015-05-06,14.71,12542
2015-05-07,14.86,491
2015-05-08,14.92,5496
2015-05-11,14.94,776
2015-05-12,14.9,2992
2015-05-13,14.77,13501
2015-05-14,14.48,7107
2015-05-15,14.56,17297
2015-05-18,14.39,126286
2015-05-19,13.75,5605
2015-05-20,13.58,1127
2015-05-21,13.78,101690
2015-05-22,13.38,32649
2015-05-26,13.3,75
2015-05-27,13.44,2304
2015-05-28,13.39,9560
2015-05-29,13.18,1400
2015-06-01,13.51,19824
2015-06-02,13.63,203
2015-06-03,13.6,6310
2015-06-04,13.45,2130
2015-06-05,13.6325,
2015-06-08,13.98,10903
2015-06-09,14.0,3052
2015-06-10,14.11,266
2015-06-11,13.9,5767
2015-06-12,13.67,1129
2015-06-15,13.5,11419
2015-06-16,13.26,1434
2015-06-17,13.4,3000
2015-06-18,13.33,1000
2015-06-19,13.2,4908
2015-06-22,13.07,88888
2015-06-23,13.38,150314
2015-06-24,13.2975,
2015-06-25,13.21,3800
2015-06-26,13.02,163774
2015-06-29,12.36,95060
2015-06-30,12.43,64259
2015-07-01,12.5,24224
2015-07-02,12.66,98224
2015-07-03,12.48,1180
2015-07-06,12.18,71094
2015-07-07,11.16,414790
2015-07-08,11.29,91475
2015-07-09,11.77,45314
2015-07-10,11.72,747491
2015-07-13,11.95,103750
2015-07-14,12.09,15777
2015-07-15,12.06,526758
2015-07-16,11.99,409194
2015-07-17,11.97,170200
2015-07-20,12.17,85705
2015-07-21,12.24,1326
2015-07-22,12.03,6130
2015-07-23,11.83,143862
2015-07-24,11.81,1318471
2015-07-27,11.51,701
2015-07-28,11.77,19645
2015-07-29,11.75,1392
2015-07-30,11.51,1294
2015-07-31,11.55,1758
2015-08-03,11.24,15322
2015-08-04,11.37,42000
2015-08-05,11.34,8840
2015-08-06,11.28,7983
2015-08-07,11.33,300
2015-08-10,11.61,1881
2015-08-11,11.16,25645
2015-08-12,11.08,37312
2015-08-13,11.01,88247
2015-08-14,10.97,4483
2015-08-17,11.05,25392
2015-08-18,10.82,5922
2015-08-19,10.83,130673
2015-08-20,10.85,70
2015-08-21,10.54,88313
2015-08-24,9.96,183640
2015-08-25,10.01,278343
2015-08-26,9.95,98000
2015-08-27,10.42,122830
2015-08-28,10.54,42367
2015-09-01,10.17,37550
2015-09-02,10.25,11556
2015-09-03,10.37,14080
2015-09-04,10.13,1
2015-09-07,10.16,43966
2015-09-08,10.4,168940
2015-09-09,10.39,18603
2015-09-10,10.81,23190
2015-09-11,10.65,1270
2015-09-14,10.3,564
2015-09-15,10.4,62410
2015-09-16,10.52,15550
2015-09-17,10.3775,
2015-09-18,10.15,14578
2015-09-21,10.18,332000
2015-09-22,10.06,2261
2015-09-23,10.19,39761
2015-09-24,10.25,3540
2015-09-25,10.29,90
2015-09-28,10.17,75995
2015-09-29,10.21,4945
2015-09-30,10.6,5950
2015-10-01,10.6,19531
2015-10-02,10.33,2215
2015-10-05,10.38,1780
2015-10-06,10.35,879
2015-10-07,10.53,43000
2015-10-08,10.53,36314
2015-10-09,10.93,41052
2015-10-12,10.88,3764
2015-10-13,10.815,
2015-10-14,10.84,2300
2015-10-15,10.92,51100
2015-10-16,10.94,6018
2015-10-19,10.74,
2015-10-20,10.7575,
2015-10-21,10.65,6600
2015-10-22,10.79,6250
2015-10-23,10.9,11310
2015-10-26,10.85,100
2015-10-27,10.9,6136
2015-10-28,10.94,800
2015-10-29,10.79,3240
2015-10-30,10.49,13453
2015-11-02,10.4,65099
2015-11-03,10.33,12134
2015-11-04,10.21,6940
2015-11-05,10.1,14180
2015-11-06,10.03,30
2015-11-09,9.9,3452
2015-11-10,9.83,1112
2015-11-11,9.8888,
2015-11-12,9.81,23900
2015-11-13,9.77,48410
2015-11-16,9.62,5450
2015-11-17,9.48,1298
2015-11-18,9.36,3650
2015-11-19,9.26,66600
2015-11-20,9.09,588
2015-11-23,8.52,95807
2015-11-24,9.03,32481
2015-11-25,9.24,5000
2015-11-26,9.5,51371
2015-11-27,9.08,13901
2015-11-30,9.25,18650
2015-12-01,9.2,500
2015-12-02,9.3013,
2015-12-03,9.05,2300
2015-12-04,9.285,
2015-12-07,9.08,1893
2015-12-08,8.99,4325
2015-12-09,8.96,1500
2015-12-10,8.87,338
2015-12-11,8.95,2500
2015-12-14,9.0,12245
2015-12-15,8.9087,
2015-12-16,9.0,11100
2015-12-17,8.91,20017
2015-12-18,9.035,
2015-12-21,9.1637,
2015-12-22,8.9875,
2015-12-23,8.94,
2015-12-24,8.8825,
2015-12-29,9.0,18400
2015-12-30,8.94,1511
2015-12-31,9.0238,
2016-01-04,8.74,8370
2016-01-05,8.8188,
2016-01-06,8.81,671
2016-01-07,8.73,22153
2016-01-08,8.77,2400
2016-01-11,8.62,8000
2016-01-12,8.47,12571
2016-01-13,8.51,48666
2016-01-14,8.83,40332
2016-01-15,8.7,22500
2016-01-18,8.84,37550
2016-01-19,8.85,7223
2016-01-20,8.77,3238
2016-01-21,8.9,41830
2016-01-22,8.95,3229
2016-01-25,8.84,1039
2016-01-26,8.91,
2016-01-27,8.9913,
2016-01-28,8.86,1824
2016-01-29,8.88,84204
2016-02-01,8.78,35
2016-02-02,8.67,33316
2016-02-03,8.71,6218
2016-02-04,8.75,200
2016-02-05,8.46,3500
2016-02-08,8.49,10000
2016-02-09,8.37,10300
2016-02-10,8.19,1894
2016-02-11,7.83,40109
2016-02-12,7.99,11390
2016-02-15,8.47,646
2016-02-16,8.54,1564
2016-02-17,8.5575,
2016-02-18,8.5925,
2016-02-19,8.68,65
2016-02-22,8.99,1141
2016-02-23,8.87,8600
2016-02-24,8.8,34300
2016-02-25,8.6425,
2016-02-26,8.7,6652
2016-02-29,8.69,72047
2016-03-01,8.88,9310
2016-03-02,9.0,150951
2016-03-03,9.19,29562
2016-03-04,9.54,19018
2016-03-07,9.58,32618
2016-03-08,9.02,6196
2016-03-09,9.12,96153
2016-03-10,8.98,424203
2016-03-11,9.04,6620
2016-03-14,8.85,5745
2016-03-15,8.81,18305
2016-03-16,8.81,107134
2016-03-17,9.07,22673
2016-03-18,8.99,13922
2016-03-21,9.0037,
2016-03-22,8.97,6168
2016-03-23,8.87,10982
2016-03-24,8.89,60
2016-03-29,8.7013,
2016-03-30,8.71,11509
2016-03-31,8.66,3152
2016-04-01,8.615,
2016-04-04,8.56,2000
2016-04-05,8.65,6000
2016-04-06,8.76,200
2016-04-07,8.64,556
2016-04-08,8.82,242
2016-04-11,8.81,12364
2016-04-12,9.0,7776
2016-04-13,9.18,2657
2016-04-14,9.19,7963
2016-04-15,9.11,
2016-04-18,9.29,2824
2016-04-19,9.42,31722
2016-04-20,9.48,60
2016-04-21,9.39,29672
2016-04-22,9.39,39055
2016-04-25,9.35,650
2016-04-26,9.35,1937
2016-04-27,9.4,4476
2016-04-28,9.45,1900
2016-04-29,9.62,25736
2016-05-03,9.74,61700
2016-05-04,9.65,2000
2016-05-05,9.27,1263
2016-05-06,9.28,9341
2016-05-09,8.88,12245
2016-05-10,8.88,74828
2016-05-11,9.0,63063
2016-05-12,8.83,22675
2016-05-13,8.87,145800
2016-05-16,8.92,100
2016-05-17,8.96,11148
2016-05-18,8.81,16933
2016-05-19,8.75,4212
2016-05-20,8.67,5632
2016-05-23,8.62,4331
2016-05-24,8.62,1600
2016-05-25,8.56,13000
2016-05-26,8.52,20444
2016-05-27,8.59,6977
2016-05-31,8.66,32499
2016-06-01,8.6,7833
2016-06-02,8.62,26623
2016-06-03,8.69,14781
2016-06-06,8.86,7378
2016-06-07,8.75,2231
2016-06-08,9.0612,
2016-06-09,9.09,1512
2016-06-10,9.11,23894
2016-06-13,9.05,26084
2016-06-14,9.02,10900
2016-06-15,9.18,3800
2016-06-16,9.005,
2016-06-17,9.17,24620
2016-06-20,9.42,1724
2016-06-21,9.31,312
2016-06-22,9.4,17651
2016-06-23,9.38,5455
2016-06-24,9.21,20048
2016-06-27,9.11,37045
2016-06-28,9.45,117987
2016-06-29,9.55,18269
2016-06-30,9.53,11784
2016-07-01,10.0,181188
2016-07-04,10.4,115331
2016-07-05,9.87,262877
2016-07-06,10.07,19391
2016-07-07,9.94,200
2016-07-08,10.05,25807
2016-07-11,10.28,41538
2016-07-12,10.54,124808
2016-07-13,10.51,11599
2016-07-14,10.54,16727
2016-07-15,10.5025,
2016-07-18,10.65,81168
2016-07-19,10.64,87575
2016-07-20,10.7,6096
2016-07-21,10.93,67546
2016-07-22,10.66,10462
2016-07-25,10.63,95710
2016-07-26,10.54,3000
2016-07-27,10.54,621
2016-07-28,10.76,195
2016-07-29,10.74,5600
2016-08-01,10.91,41619
2016-08-02,10.81,9085
2016-08-03,10.88,81304
2016-08-04,10.76,5090
2016-08-05,10.79,1000
2016-08-08,10.92,133
2016-08-09,10.89,23232
2016-08-10,10.97,12825
2016-08-11,10.9,250
2016-08-12,10.53,20232
2016-08-15,10.55,22286
2016-08-16,10.47,33562
2016-08-17,10.38,75934
2016-08-18,10.51,7051
2016-08-19,10.52,150
2016-08-22,10.41,250500
2016-08-23,10.4,19087
2016-08-24,10.2,27778
2016-08-25,10.03,42320
2016-08-26,9.99,24055
2016-08-30,10.02,7143
2016-08-31,9.93,39495
2016-09-01,9.94,33549
2016-09-02,10.13,9042
2016-09-05,10.1975,
2016-09-06,10.27,19456
2016-09-07,10.3,30125
2016-09-08,10.44,
2016-09-09,10.5025,
2016-09-12,10.2,4831
2016-09-13,10.045,
2016-09-14,10.0,16500
2016-09-15,9.84,8130
2016-09-16,9.82,6280
2016-09-19,10.17,17280
2016-09-20,10.42,4625
2016-09-21,10.45,11443
2016-09-22,10.7,108604
2016-09-23,10.77,16390
2016-09-26,10.66,2846
2016-09-27,10.74,7301
2016-09-28,10.76,42098
2016-09-29,10.57,5966
2016-09-30,10.77,17061
2016-10-03,10.44,2307
2016-10-04,10.17,5280
2016-10-05,10.14,806
2016-10-06,10.31,15143
2016-10-07,10.36,111
2016-10-10,10.56,722851
2016-10-11,10.48,156344
2016-10-12,10.65,1566
2016-10-13,10.52,21363
2016-10-14,10.56,12477
2016-10-17,10.44,880
2016-10-18,10.52,595
2016-10-19,10.41,21
2016-10-20,10.23,1632
2016-10-21,10.1,15624
2016-10-24,10.17,4780
2016-10-25,10.34,5049
2016-10-26,10.35,8440
2016-10-27,10.43,20340
2016-10-28,10.4875,
2016-10-31,10.64,14495
2016-11-01,10.53,19018
2016-11-02,10.44,2967
2016-11-03,10.55,38044
2016-11-04,10.6,994
2016-11-07,11.07,185411
2016-11-08,11.36,10517
2016-11-09,11.6,110273
2016-11-10,11.67,32060
2016-11-11,11.37,71475
2016-11-14,11.28,885047
2016-11-15,11.34,1063
2016-11-16,11.39,19336
2016-11-17,11.37,6770
2016-11-18,10.99,6814
2016-11-21,11.4,12705
2016-11-22,11.48,12994
2016-11-23,11.64,31605
2016-11-24,11.73,23496
2016-11-25,11.67,20139
2016-11-28,11.83,64794
2016-11-29,11.17,799008
2016-11-30,11.24,15092
2016-12-01,11.3,7182
2016-12-02,11.58,3156
2016-12-05,11.75,36700
2016-12-06,11.75,21205
2016-12-07,11.5,19894
2016-12-08,11.26,19570
2016-12-09,11.46,9519
2016-12-12,11.48,9104
2016-12-13,11.39,1900
2016-12-14,11.5,5345
2016-12-15,11.48,9576
2016-12-16,11.23,41500
2016-12-19,10.92,24619
2016-12-20,11.02,72558
2016-12-21,10.92,1600
2016-12-22,10.79,300
2016-12-23,10.68,674
2016-12-28,10.22,75029
2016-12-29,10.1,172676
2016-12-30,10.15,5128
2017-01-03,10.05,40866
2017-01-04,10.23,16571
2017-01-05,10.31,18702
2017-01-06,10.28,1238
2017-01-09,10.38,4084
2017-01-10,10.58,530
2017-01-11,10.46,30539
2017-01-12,10.22,330147
2017-01-13,10.4,48153
2017-01-16,10.38,250
2017-01-17,10.23,17874
2017-01-18,10.21,
2017-01-19,9.97,2278
2017-01-20,9.79,51388
2017-01-23,9.81,87999
2017-01-24,9.81,7393
2017-01-25,9.79,28068
2017-01-26,9.42,39170
2017-01-27,9.52,35231
2017-01-30,9.65,2977
2017-01-31,10.01,985049
2017-02-01,10.21,302457
2017-02-02,10.39,358582
2017-02-03,10.3,37121
2017-02-06,10.43,1094
2017-02-07,10.35,8782
2017-02-08,10.47,321481
2017-02-09,10.31,9187
2017-02-10,10.64,45767
2017-02-13,10.77,13126
2017-02-14,10.75,3142
2017-02-15,10.88,311646
2017-02-16,11.03,1098531
2017-02-17,11.04,6000
2017-02-20,11.17,35768
2017-02-21,10.92,101242
2017-02-22,10.85,25499
2017-02-23,10.6,6218
2017-02-24,10.87,12016
2017-02-27,11.02,488957
2017-02-28,10.92,3185
2017-03-01,11.1,5932
2017-03-02,10.8,10210
2017-03-03,10.96,2643
2017-03-06,11.05,3260
2017-03-07,10.68,981
2017-03-08,10.3,9478
2017-03-09,10.14,9573
2017-03-10,9.93,25154
2017-03-13,10.14,10959
2017-03-14,10.25,13181
2017-03-15,10.23,7559
2017-03-16,10.19,241010
2017-03-17,10.2,4209
2017-03-20,10.16,80748
2017-03-21,10.12,190040
2017-03-22,10.01,20255
2017-03-23,9.98,409
2017-03-24,9.85,2100
2017-03-27,9.73,3568
2017-03-28,9.93,393315
2017-03-29,10.05,
2017-03-30,10.1075,
2017-03-31,9.93,167530
2017-04-03,9.85,3105
2017-04-04,9.91,6150
2017-04-05,10.18,1845
2017-04-06,10.12,4570
2017-04-07,10.13,4700
2017-04-10,10.16,5778
2017-04-11,9.8088,
2017-04-12,9.7,2373
2017-04-13,9.73,3693
2017-04-18,9.34,6786
2017-04-19,9.38,7060
2017-04-20,9.43,1889
2017-04-21,9.36,8649
2017-04-24,9.27,32600
2017-04-25,9.25,1088195
2017-04-26,9.26,12399
2017-04-27,9.26,8595
2017-04-28,9.49,13100
2017-05-02,9.52,500
2017-05-03,9.2,4300
2017-05-04,8.96,5595
2017-05-05,9.14,16743
2017-05-08,9.09,3700
2017-05-09,9.19,3723
2017-05-10,9.05,1734
2017-05-11,9.23,380
2017-05-12,9.29,500
2017-05-15,9.29,100
2017-05-16,9.11,16517
2017-05-17,9.18,28197
2017-05-18,9.1,116409
2017-05-19,9.35,7411
2017-05-22,9.32,373
2017-05-23,9.3,1830
2017-05-24,9.05,27
2017-05-25,9.04,1420
2017-05-26,9.0,18928
2017-05-30,9.06,8247
2017-05-31,8.84,16966
2017-06-01,8.84,125
2017-06-02,8.8,49000
2017-06-05,8.83,1000
2017-06-06,8.84,15926
2017-06-07,8.77,33906
2017-06-08,8.77,1000
2017-06-09,8.9,42172
2017-06-12,8.73,2889
2017-06-13,8.71,9565
2017-06-14,8.75,1275
2017-06-15,8.81,1030
2017-06-16,8.88,41332
2017-06-19,9.0,5350
2017-06-20,8.78,305
2017-06-21,8.91,4280
2017-06-22,8.97,450
2017-06-23,9.0475,
2017-06-26,8.95,376
2017-06-27,9.16,6050
2017-06-28,9.21,350
2017-06-29,9.21,3240
2017-06-30,9.22,2300
2017-07-03,9.23,4120
2017-07-04,9.13,1000
2017-07-05,9.01,70000
2017-07-06,9.02,1764
2017-07-07,8.84,100000
2017-07-10,8.86,205588
2017-07-11,9.07,32883
2017-07-12,9.14,329416
2017-07-13,9.12,9892
2017-07-14,9.43,25761
2017-07-17,9.59,12532
2017-07-18,9.62,
2017-07-19,9.58,886
2017-07-20,9.4,178830
2017-07-21,9.44,18716
2017-07-24,9.61,16358
2017-07-25,9.87,92001
2017-07-26,9.92,66752
2017-07-27,10.07,194000
2017-07-28,10.16,8085
2017-07-31,10.16,26367
2017-08-01,10.12,1240064
2017-08-02,10.21,31135
2017-08-03,10.23,2318
2017-08-04,10.17,5352
2017-08-07,10.25,2071
2017-08-08,10.47,51164
2017-08-09,10.62,46719
2017-08-10,10.82,43475
2017-08-11,10.53,55106
2017-08-14,10.29,681
2017-08-15,10.26,22760
2017-08-16,10.65,325174
2017-08-17,10.6,23631
2017-08-18,10.86,3586
2017-08-21,11.15,31713
2017-08-22,11.18,44956
2017-08-23,11.5,119888
2017-08-24,11.58,25650
2017-08-25,11.38,30932
2017-08-29,11.57,22856
2017-08-30,11.42,16381
2017-08-31,11.61,2580
2017-09-01,11.89,96974
2017-09-04,12.09,7019
2017-09-05,11.86,39169
2017-09-06,11.99,132406
2017-09-07,11.95,53815
2017-09-08,11.41,11494
2017-09-11,11.56,60960
2017-09-12,11.73,26398
2017-09-13,11.29,24057
2017-09-14,11.06,26835
2017-09-15,10.73,77406
2017-09-18,11.03,12354
2017-09-19,11.04,43770
2017-09-20,11.16,237282
2017-09-21,10.94,19850
2017-09-22,10.3,29309
2017-09-25,10.35,3120
2017-09-26,10.35,70165
2017-09-27,10.08,84107
2017-09-28,10.31,49869
2017-09-29,10.55,73736
2017-10-02,10.16,284718
2017-10-03,10.41,67820
2017-10-04,10.51,382788
2017-10-05,10.38,122988
2017-10-06,10.37,36658
2017-10-09,10.72,31140
2017-10-10,10.86,48452
2017-10-11,10.97,115662
2017-10-12,11.2,123548
2017-10-13,11.4,679354
2017-10-16,11.68,60029
2017-10-17,11.53,13789
2017-10-18,11.54,83033
2017-10-19,11.56,47280
2017-10-20,11.57,142447
2017-10-23,11.72,52109
2017-10-24,11.75,77561
2017-10-25,11.65,47961
2017-10-26,11.52,31618
2017-10-27,11.32,37670
2017-10-30,11.37,39959
2017-10-31,11.77,74971
2017-11-01,12.48,260128
2017-11-02,12.33,221650
2017-11-03,12.47,199009
2017-11-06,12.65,51458
2017-11-07,12.37,128455
2017-11-08,12.44,85019
2017-11-09,12.13,21818
2017-11-10,11.93,21537
2017-11-13,12.24,7116
2017-11-14,11.6,56295
2017-11-15,11.49,118035
2017-11-16,11.22,69677
2017-11-17,11.33,7764
2017-11-20,11.46,8429
2017-11-21,11.57,20246
2017-11-22,11.67,3900
2017-11-23,11.65,900
2017-11-24,11.83,5802
2017-11-27,11.39,1865
2017-11-28,11.14,199344
2017-11-29,11.18,11503
2017-11-30,11.01,15823
2017-12-01,11.11,60339
2017-12-04,11.11,4358
2017-12-05,10.68,56865
2017-12-06,10.56,79946
2017-12-07,10.75,5457
2017-12-08,10.73,2490
2017-12-11,10.97,158022
2017-12-12,10.85,21818
2017-12-13,10.92,13061
2017-12-14,10.98,2241
2017-12-15,11.3,24584
2017-12-18,11.57,47275
2017-12-19,11.54,4393
2017-12-20,11.76,23393
2017-12-21,11.81,3645
2017-12-22,11.77,3776
2017-12-27,11.8,21937
2017-12-28,12.04,39742
2017-12-29,12.06,59009
2018-01-02,12.44,9701
2018-01-03,12.15,10602
2018-01-04,12.32,24982
2018-01-05,12.24,46653
2018-01-08,12.35,13597
2018-01-09,12.37,7103
2018-01-10,12.59,83764
2018-01-11,12.34,14636
2018-01-12,12.36,31752
2018-01-15,12.61,2576
2018-01-16,12.21,110869
2018-01-17,12.15,9345
2018-01-18,12.22,7250
2018-01-19,12.43,141817
2018-01-22,12.45,107040
2018-01-23,12.54,19611
2018-01-24,13.29,38623
2018-01-25,13.42,113116
2018-01-26,13.36,15784
2018-01-29,13.54,112229
2018-01-30,13.0,73234
2018-01-31,13.26,181790
2018-02-01,13.63,148549
2018-02-02,13.06,58182
2018-02-05,13.4,29317
2018-02-06,13.12,18257
2018-02-07,12.92,11501
2018-02-08,12.8,215132
2018-02-09,12.59,11695
2018-02-12,12.78,5360
2018-02-13,13.18,14507
2018-02-14,13.74,137084
2018-02-15,13.9,62171
2018-02-16,13.63,36786
2018-02-19,13.29,17525
2018-02-20,13.44,13533
2018-02-21,13.47,11144
2018-02-22,13.47,25904
2018-02-23,13.49,22127
2018-02-26,13.57,12199
2018-02-27,13.45,12133
2018-02-28,13.45,4182
2018-03-01,13.15,32646
2018-03-02,13.11,20188
2018-03-05,13.08,27105
2018-03-06,13.29,20095
2018-03-07,13.15,6527
2018-03-08,12.91,67870
2018-03-09,13.47,8006
2018-03-12,13.44,5092
2018-03-13,13.48,8008
2018-03-14,13.49,35747
2018-03-15,13.31,5754
2018-03-16,13.27,2376
2018-03-19,13.18,4066
2018-03-20,13.14,1125
2018-03-21,13.21,19864
2018-03-22,12.77,40533
2018-03-23,12.86,24547
2018-03-26,12.63,5705
2018-03-27,12.7,32173
2018-03-28,12.77,17776
2018-03-29,12.94,29596
2018-04-03,13.21,31689
2018-04-04,12.9,61290
2018-04-05,12.98,39922
2018-04-06,12.84,17904
2018-04-09,13.08,9012
2018-04-10,13.36,1731
2018-04-11,13.51,22000
2018-04-12,13.37,17366
2018-04-13,13.6,133091
2018-04-16,13.89,91904
2018-04-17,13.85,22060
2018-04-18,14.96,183536
2018-04-19,14.65,282843
2018-04-20,14.4,55169
2018-04-23,13.86,79421
2018-04-24,13.81,51018
2018-04-25,13.73,36656
2018-04-26,13.89,1549
2018-04-27,13.56,25847
2018-04-30,13.41,33119
2018-05-01,13.39,33313
2018-05-02,13.63,1563
2018-05-03,13.56,6018
2018-05-04,13.61,7950
2018-05-08,13.42,22117
2018-05-09,13.51,53641
2018-05-10,13.5325,
2018-05-11,13.7,2231
2018-05-14,14.06,16608
2018-05-15,14.12,17711
2018-05-16,14.13,33539
2018-05-17,14.34,56821
2018-05-18,14.35,49756
2018-05-21,14.31,8209
2018-05-22,14.39,6096
2018-05-23,14.18,18780
2018-05-24,14.47,3337
2018-05-25,14.4,10155
2018-05-29,14.49,5420
2018-05-30,14.72,78400
2018-05-31,14.91,208000
2018-06-01,14.94,57514
2018-06-04,14.97,96963
2018-06-05,15.35,22370
2018-06-06,15.29,59597
2018-06-07,15.21,30995
2018-06-08,15.06,18042
2018-06-11,14.87,13332
2018-06-12,14.84,8188
2018-06-13,15.19,59226
2018-06-14,14.83,22034
2018-06-15,14.79,14442
2018-06-18,14.61,11710
2018-06-19,14.32,105473
2018-06-20,14.5,17117
2018-06-21,14.6,1021
2018-06-22,14.87,13807
2018-06-25,14.61,150
2018-06-26,14.44,95028
2018-06-27,14.48,12708
2018-06-28,14.43,1681
2018-06-29,14.45,2095
2018-07-02,14.22,1158
2018-07-03,14.01,42874
2018-07-04,13.72,7009
2018-07-05,13.88,8463
2018-07-06,13.61,24582
2018-07-09,13.77,15835
2018-07-10,13.7,41181
2018-07-11,13.46,30102
2018-07-12,13.81,611
2018-07-13,13.6,2440
2018-07-16,13.45,352
2018-07-17,13.1,62117
2018-07-18,13.19,1047
2018-07-19,13.03,3007
2018-07-20,13.13,816
2018-07-23,13.07,562
2018-07-24,13.3,7094
2018-07-25,13.28,43428
2018-07-26,13.37,8915
2018-07-27,13.46,1239
2018-07-30,13.46,5135
2018-07-31,13.6,1197
2018-08-01,13.26,8213
2018-08-02,12.96,26780
2018-08-03,13.12,21458
2018-08-06,13.26,3709
2018-08-07,13.43,4441
2018-08-08,13.6,5713
2018-08-09,13.51,2034
2018-08-10,13.4,265
2018-08-13,13.18,9574
2018-08-14,13.09,5668
2018-08-15,12.46,41772
2018-08-16,13.01,28946
2018-08-17,13.05,4597
2018-08-20,13.24,2698
2018-08-21,13.23,11828
2018-08-22,13.12,1973
2018-08-23,12.91,2003
2018-08-24,13.09,18017
2018-08-28,13.22,83776
2018-08-29,13.09,5050
2018-08-30,12.89,4240
2018-08-31,12.45,7920
2018-09-03,12.4,3501
2018-09-04,12.06,17797
2018-09-05,12.18,1005
2018-09-06,12.12,5
2018-09-07,12.07,8044
2018-09-10,12.03,7545
2018-09-11,11.85,14878
2018-09-12,12.2,1894
2018-09-13,12.27,3821
2018-09-14,12.29,2058
2018-09-17,12.0,994
2018-09-18,11.96,10942
2018-09-19,12.19,1286
2018-09-20,12.28,3627
2018-09-21,12.69,1678
2018-09-24,12.69,3718
2018-09-25,12.52,1916
2018-09-26,12.48,5812
2018-09-27,12.17,722
2018-09-28,12.28,2885
2018-10-01,12.09,27922
2018-10-02,12.12,55716
2018-10-03,12.11,6707
2018-10-04,12.09,1911
2018-10-05,12.14,2856
2018-10-08,12.16,5535
2018-10-09,12.44,6800
2018-10-10,12.35,30627
2018-10-11,12.27,9463
2018-10-12,12.28,17185
2018-10-15,12.34,325
2018-10-16,12.15,52394
2018-10-17,11.99,114904
2018-10-18,12.02,39428
2018-10-19,12.16,5959
2018-10-22,12.16,14167
2018-10-23,12.05,773
2018-10-24,11.83,27701
2018-10-25,11.85,1528
2018-10-26,11.54,26583
2018-10-29,11.41,6020
2018-10-30,11.39,9583
2018-10-31,11.2125,
2018-11-01,11.46,500
2018-11-02,11.63,82341
2018-11-05,11.4,44605
2018-11-06,11.39,8800
2018-11-07,11.32,7000
2018-11-08,11.42,
2018-11-09,11.07,29587
2018-11-12,11.05,46987
2018-11-13,10.95,9000
2018-11-14,10.94,5000
2018-11-15,11.05,7716
2018-11-16,10.995,
2018-11-19,10.85,1100
2018-11-20,10.68,14000
2018-11-21,10.66,1600
2018-11-22,10.64,7055
2018-11-23,10.57,3533
2018-11-26,10.45,1250
2018-11-27,10.41,5010
2018-11-28,10.44,1014
2018-11-29,10.5775,
2018-11-30,10.75,9400
2018-12-03,10.89,17107
2018-12-04,10.74,1000
2018-12-05,10.8225,
2018-12-06,10.42,10300
2018-12-07,10.5575,
2018-12-10,10.42,4736
2018-12-11,10.47,9971
2018-12-12,10.41,1820
2018-12-13,10.45,5811
2018-12-14,10.6,5000
2018-12-17,10.65,9533
2018-12-18,10.45,1636
2018-12-19,10.57,3000
2018-12-20,10.55,23000
2018-12-21,10.53,1225
2018-12-24,10.535,
2018-12-27,10.35,3126
2018-12-28,10.29,36457
2018-12-31,10.31,1114
2019-01-02,10.32,1300
2019-01-03,10.41,
2019-01-04,10.72,3940
2019-01-07,10.77,12521
2019-01-08,10.84,3816
2019-01-09,10.84,8646
2019-01-10,10.84,4973
2019-01-11,11.02,29517
2019-01-14,11.02,4400
2019-01-15,11.21,17436
2019-01-16,11.23,1090
2019-01-17,11.23,8671
2019-01-18,11.41,6971
2019-01-21,11.42,30727
2019-01-22,11.17,1490
2019-01-23,11.28,1073
2019-01-24,11.34,551
2019-01-25,11.54,5700
2019-01-28,11.4575,
2019-01-29,11.73,10933
2019-01-30,11.875,115257
2019-01-31,12.0,11820
2019-02-01,12.14,4941
2019-02-04,12.6875,56622
2019-02-05,12.4925,35658
2019-02-06,12.475,20702
2019-02-07,12.54,8666
2019-02-08,12.1325,12850
2019-02-11,12.01,17024
2019-02-12,11.855,10456
2019-02-13,11.905,5591
2019-02-14,11.7275,4627
2019-02-15,11.9225,288
2019-02-18,12.0275,1648
2019-02-19,12.12,4928
2019-02-20,12.4375,31752
2019-02-21,12.4075,1700
2019-02-22,12.5725,1268
2019-02-25,12.4725,3153
2019-02-26,12.4975,6169
2019-02-27,12.5575,4996
2019-02-28,12.6275,18531
2019-03-01,12.6575,6405
2019-03-04,12.7375,55972
2019-03-05,13.1875,6305
2019-03-06,13.09,10232
2019-03-07,12.6775,3158
2019-03-08,12.655,2350
2019-03-11,12.4725,2063
2019-03-12,12.7425,185
2019-03-13,12.7025,1000
2019-03-14,12.38,4312
2019-03-15,12.465,1000
2019-03-18,12.515,5164
2019-03-19,12.7625,3150
2019-03-20,12.795,1250
2019-03-21,12.43,2378
2019-03-22,12.475,5353
2019-03-25,12.445,8235
2019-03-26,12.61,1051
2019-03-27,12.5075,2200
2019-03-28,12.3925,
2019-03-29,12.6425,713
2019-04-01,12.6925,5944
2019-04-02,12.6125,5300
2019-04-03,12.8675,346
2019-04-04,12.5575,4994
2019-04-05,12.64,1500
2019-04-08,12.7275,2867
2019-04-09,12.7375,
2019-04-10,12.755,
2019-04-11,12.43,943
2019-04-12,12.4975,2107
2019-04-15,12.4,1600
2019-04-16,12.4875,3094
2019-04-17,12.4625,8163
2019-04-18,12.205,4153
2019-04-23,11.9625,3340
2019-04-24,11.96,3210
2019-04-25,11.875,9600
2019-04-26,11.975,2255
2019-04-29,11.97,3340
2019-04-30,11.785,2950
2019-05-01,11.73,119100
2019-05-02,11.7125,4872
2019-05-03,11.795,7309
2019-05-07,11.57,1715
2019-05-08,11.505,50
2019-05-09,11.31,39329
2019-05-10,11.475,20306
2019-05-13,11.31,38445
2019-05-14,11.475,10000
2019-05-15,11.66,938
2019-05-16,11.73,6980
2019-05-17,11.5625,2807
2019-05-20,11.5725,106
2019-05-21,11.615,
2019-05-22,11.5075,200
2019-05-23,11.4025,7333
2019-05-24,11.915,550
2019-05-28,11.66,
2019-05-29,11.5725,100
2019-05-30,11.68,6
2019-05-31,11.6225,275
2019-06-03,11.4125,71
2019-06-04,11.38,1070
2019-06-05,11.3025,1850
2019-06-06,11.18,1
2019-06-07,11.1675,12264
2019-06-10,11.215,1000
2019-06-11,11.4575,419
2019-06-12,11.4125,
2019-06-13,11.3675,8467
2019-06-14,11.445,43449
2019-06-17,11.3,38
2019-06-18,11.495,4756
2019-06-19,11.6825,4134
2019-06-20,11.785,2000
2019-06-21,11.66,215
2019-06-24,11.605,4344
2019-06-25,11.8175,2000
2019-06-26,11.96,2100
2019-06-27,12.1875,12200
2019-06-28,12.22,1326
2019-07-01,11.825,6795
2019-07-02,11.615,6709
2019-07-03,11.8075,
2019-07-04,11.835,
2019-07-05,11.925,4500
2019-07-08,12.115,
2019-07-09,12.1125,420
2019-07-10,12.42,3367
2019-07-11,12.6025,7752
2019-07-12,12.75,3271
2019-07-15,12.98,9014
2019-07-16,13.625,34212
2019-07-17,13.71,18098
2019-07-18,14.37,90533
2019-07-19,14.0125,92041
2019-07-22,13.6575,2458
2019-07-23,13.63,4108
2019-07-24,13.975,7254
2019-07-25,13.4925,17778
2019-07-26,13.53,418
2019-07-29,13.72,2626
2019-07-30,13.77,973
2019-07-31,13.8825,698
2019-08-01,13.985,4931
2019-08-02,14.015,
2019-08-05,14.36,404374
2019-08-06,14.3375,4411
2019-08-07,14.1325,2034
2019-08-08,15.4475,33173
2019-08-09,14.9625,22010
2019-08-12,15.065,27931
2019-08-13,15.145,35712
2019-08-14,15.265,21598
2019-08-15,15.715,32592
2019-08-16,15.4875,4322
2019-08-19,15.305,45803
2019-08-20,15.085,71746
2019-08-21,15.2175,886
2019-08-22,15.055,30338
2019-08-23,15.135,900
2019-08-27,15.145,2505
2019-08-28,15.47,64989
2019-08-29,15.91,29507
2019-08-30,17.18,117356
2019-09-02,17.505,84879
2019-09-03,17.235,142772
2019-09-04,17.3275,63763
2019-09-05,16.8375,26720
2019-09-06,16.9975,10704
2019-09-09,17.24,25542
2019-09-10,17.3575,91558
2019-09-11,17.4175,
2019-09-12,17.235,44701
2019-09-13,17.05,72658
2019-09-16,16.69,5636
2019-09-17,16.34,33695
2019-09-18,16.585,7510
2019-09-19,16.6225,12141
2019-09-20,16.9425,35356
2019-09-23,16.92,1924
2019-09-24,16.6275,10844
2019-09-25,16.7125,14685
2019-09-26,16.675,6585
2019-09-27,16.6775,1060
2019-09-30,17.035,48092
2019-10-01,16.765,1146
2019-10-02,16.97,348
2019-10-03,17.0825,7179
2019-10-04,17.1675,2153
2019-10-07,17.1525,1200
2019-10-08,16.825,9592
2019-10-09,16.8025,50
2019-10-10,16.9925,121
2019-10-11,16.9775,12370
2019-10-14,16.745,4143
2019-10-15,16.3875,705
2019-10-16,16.025,1582
2019-10-17,15.7575,3012
2019-10-18,15.765,4898
2019-10-21,15.5925,1905
2019-10-22,15.755,45008
2019-10-23,16.04,10965
2019-10-24,16.27,11962
2019-10-25,16.28,36260
2019-10-28,16.1775,6255
2019-10-29,16.23,1100
2019-10-30,16.36,6808
2019-10-31,16.1075,8322
2019-11-01,16.175,2172
2019-11-04,15.85,48806
2019-11-05,15.685,648
2019-11-06,15.675,500
2019-11-07,15.665,30489
2019-11-08,15.365,100
2019-11-11,15.11,38210
2019-11-12,15.0925,6235
2019-11-13,14.92,4665
2019-11-14,14.615,10060
2019-11-15,14.515,135
2019-11-18,14.185,2164
2019-11-19,14.0825,21810
2019-11-20,13.9275,814
2019-11-21,14.0025,3350
2019-11-22,14.08,3124
2019-11-25,14.0175,10466
2019-11-26,13.97,535
2019-11-27,13.8875,800
2019-11-28,13.6,11696
2019-11-29,13.2575,12505
2019-12-02,13.3075,13438
2019-12-03,12.865,3203
2019-12-04,12.7525,2420
2019-12-05,12.8425,18095
2019-12-06,13.105,586
2019-12-09,12.9,10100
2019-12-10,13.0375,16857
2019-12-11,13.33,2918
2019-12-12,13.435,15860
2019-12-13,13.5825,7958
2019-12-16,13.7125,1899
2019-12-17,13.59,10456
2019-12-18,13.4125,100
2019-12-19,13.7325,16476
2019-12-20,13.9425,14600
2019-12-23,13.8875,4058
2019-12-24,13.775,
2019-12-27,13.7025,6284
2019-12-30,13.8025,1280
2019-12-31,13.69,200
2020-01-02,13.71,9530
2020-01-03,13.34,4472
2020-01-06,13.2475,5792
2020-01-07,13.37,72
2020-01-08,13.525,975
2020-01-09,13.645,21820
2020-01-10,13.7025,1383
2020-01-13,13.7,
2020-01-14,13.2875,35388
2020-01-15,13.7725,15383
2020-01-16,13.565,3899
2020-01-17,13.375,4200
2020-01-20,13.575,2427
2020-01-21,13.235,2651
2020-01-22,13.12,7279
2020-01-23,12.845,8623
2020-01-24,12.56,22176
2020-01-27,12.2275,4393
2020-01-28,12.2175,11680
2020-01-29,12.0975,32325
2020-01-30,12.1275,13920
2020-01-31,12.2675,12466
2020-02-03,12.31,4175
2020-02-04,12.4375,23473
2020-02-05,12.6525,7383
2020-02-06,12.6175,8471
2020-02-07,12.3,3370
2020-02-10,12.4,233
2020-02-11,12.67,4000
2020-02-12,12.65,6094
2020-02-13,12.6925,7044
2020-02-14,12.5375,6300
2020-02-17,12.5875,1000
2020-02-18,12.435,1785
2020-02-19,12.28,
2020-02-20,12.2,4754
2020-02-21,12.1,
2020-02-24,11.915,9435
2020-02-25,11.9975,16097
2020-02-26,11.975,1497
2020-02-27,11.9275,56071
2020-02-28,11.8075,54024
2020-03-02,12.1825,25133
2020-03-03,12.04,4423
2020-03-04,12.165,2656
2020-03-05,12.4075,
2020-03-06,12.215,61665
2020-03-09,12.0875,2930
2020-03-10,12.2525,250
2020-03-11,11.9475,2330
2020-03-12,11.3625,4415
2020-03-13,11.73,9462
2020-03-16,11.3175,15359
2020-03-17,11.4275,26425
2020-03-18,10.9175,75266
2020-03-19,10.8525,16238
2020-03-20,10.8775,18018
2020-03-23,10.4375,358
2020-03-24,10.8225,15000
2020-03-25,10.7925,3813
2020-03-26,10.7825,609
2020-03-27,10.94,48908
2020-03-30,10.885,
2020-03-31,10.91,303
2020-04-01,10.87,2000
2020-04-02,10.87,916
2020-04-03,10.795,24154
2020-04-06,10.8025,20000
2020-04-07,10.985,20728
2020-04-08,11.01,2761
2020-04-09,11.175,891
2020-04-14,11.4,7379
2020-04-15,11.3275,2441
2020-04-16,11.235,379
2020-04-17,11.4575,7974
2020-04-20,11.9875,6461
2020-04-21,11.67,23005
2020-04-22,11.465,9030
2020-04-23,11.62,7757
2020-04-24,11.6475,20
2020-04-27,11.68,
2020-04-28,11.7875,14575
2020-04-29,11.7725,2709
2020-04-30,11.705,16414
2020-05-01,11.3775,870
2020-05-04,11.3125,123
2020-05-05,11.405,
2020-05-06,11.73,
2020-05-07,11.7825,17802
2020-05-11,11.7825,7000
2020-05-12,11.7575,
2020-05-13,11.7075,
2020-05-14,11.515,1073
2020-05-15,11.345,10590
2020-05-18,11.69,6869
2020-05-19,11.8475,4270
2020-05-20,12.07,4152
2020-05-21,12.1775,26690
2020-05-22,11.6825,42328
2020-05-26,11.7225,2652
2020-05-27,11.5475,1000
2020-05-28,11.6425,19177
2020-05-29,11.6525,170
2020-06-01,12.0125,1052
2020-06-02,12.1925,2715
2020-06-03,12.205,2004
2020-06-04,12.2275,81386
2020-06-05,12.39,775
2020-06-08,12.415,80473
2020-06-09,12.23,5250
2020-06-10,12.3775,200
2020-06-11,12.0475,17102
2020-06-12,12.11,471
2020-06-15,12.1325,112
2020-06-16,12.2675,136
2020-06-17,12.245,4000
2020-06-18,12.2825,2281
2020-06-19,12.1775,2000
2020-06-22,12.095,1100
2020-06-23,12.0725,12313
2020-06-24,11.97,1974
2020-06-25,11.855,8651
2020-06-26,12.085,2399
2020-06-29,12.115,1100
2020-06-30,12.1375,
2020-07-01,12.0975,1396
2020-07-02,12.275,
2020-07-03,12.335,232
2020-07-06,12.7,60100
2020-07-07,12.8025,928
2020-07-08,12.7625,8100
2020-07-09,12.615,113025
2020-07-10,12.795,4520
2020-07-13,13.035,4612
2020-07-14,12.8925,2885
2020-07-15,12.8175,1000
2020-07-16,12.7675,6186
2020-07-17,12.5625,2000
2020-07-20,12.6625,12020
2020-07-21,12.8225,3000
2020-07-22,12.4825,1238
2020-07-23,12.945,22073
2020-07-24,12.9625,4218
2020-07-27,13.06,20262
2020-07-28,12.995,4047
2020-07-29,13.1425,8985
2020-07-30,13.0725,6774
2020-07-31,13.0875,8436
2020-08-03,13.275,10332
2020-08-04,13.305,200
2020-08-05,13.815,74681
2020-08-06,13.7075,59851
2020-08-07,13.6775,11641
2020-08-10,13.5575,11663
2020-08-11,13.5825,5732
2020-08-12,13.5375,5855
2020-08-13,13.3775,147
2020-08-14,13.62,2005
2020-08-17,13.855,2520
2020-08-18,13.8875,54961
2020-08-19,13.97,3949
2020-08-20,13.895,9117
2020-08-21,13.945,4592
2020-08-24,14.08,427
2020-08-25,14.1675,20430
2020-08-26,14.3875,14775
2020-08-27,14.37,13468
2020-08-28,14.6125,9890
2020-09-01,14.8125,111325
2020-09-02,14.825,21858
2020-09-03,14.2725,81789
2020-09-04,14.415,15610
2020-09-07,14.4075,350
2020-09-08,14.1025,22839
2020-09-09,14.1375,
2020-09-10,14.085,18607
2020-09-11,14.2775,5000
2020-09-14,14.44,24157
2020-09-15,14.3975,293
2020-09-16,14.44,6373
2020-09-17,14.2525,3640
2020-09-18,14.13,10325
2020-09-21,13.7875,25064
2020-09-22,13.835,6867
2020-09-23,13.625,15514
2020-09-24,13.4975,26703
2020-09-25,13.51,5738
2020-09-28,13.645,8071
2020-09-29,13.795,
2020-09-30,13.785,975
2020-10-01,13.495,4776
2020-10-02,13.63,11818
2020-10-05,13.7875,1128
2020-10-06,13.83,4652
2020-10-07,13.8525,8090
2020-10-08,13.93,3168
2020-10-09,14.34,28240
2020-10-12,14.3475,25749
2020-10-13,14.3,494
2020-10-14,14.4575,6760
2020-10-15,14.625,6400
2020-10-16,14.7875,12819
2020-10-19,14.8075,5269
2020-10-20,15.0675,6836
2020-10-21,14.9525,27615
2020-10-22,14.9225,46664
2020-10-23,14.85,1612
2020-10-26,14.755,10225
2020-10-27,15.0025,14750
2020-10-28,14.905,31453
2020-10-29,14.7425,19808
2020-10-30,14.405,6184
2020-11-02,14.335,1902
2020-11-03,14.52,5144
2020-11-04,14.5025,5006
2020-11-05,14.655,4999
2020-11-06,14.535,4665
2020-11-09,14.8075,8725
2020-11-10,14.9225,933
2020-11-11,14.98,20764
2020-11-12,15.09,7513
2020-11-13,14.9775,4557
2020-11-16,14.95,816
2020-11-17,14.92,8367
2020-11-18,14.9425,2082
2020-11-19,14.96,4322
2020-11-20,15.205,15168
2020-11-23,15.0225,1802
2020-11-24,15.295,17416
2020-11-25,15.1525,21697
2020-11-26,15.2925,2079
2020-11-27,15.48,31027
2020-11-30,15.2775,31171
2020-12-01,15.285,9742
2020-12-02,15.1275,13096
2020-12-03,15.0375,3906
2020-12-04,15.415,6208
2020-12-07,15.425,5159
2020-12-08,15.445,4201
2020-12-09,15.7475,12540
2020-12-10,16.3475,38996
2020-12-11,16.2725,24590
2020-12-14,16.605,43760
2020-12-15,16.685,62378
2020-12-16,16.42,28928
2020-12-17,16.4125,5904
2020-12-18,16.4825,1773
2020-12-21,16.28,35848
2020-12-22,15.7775,2405
2020-12-23,15.9375,8511
2020-12-24,16.0225,20016
2020-12-29,16.0025,24752
2020-12-30,15.7825,1041
2020-12-31,15.65,1301
2021-01-04,16.3775,17515
2021-01-05,16.5925,14646
2021-01-06,16.695,11878
2021-01-07,16.9825,26284
2021-01-08,16.6025,3035
2021-01-11,16.0325,15329
2021-01-12,16.515,11754
2021-01-13,16.575,7747
2021-01-14,17.1275,63462
2021-01-15,16.8675,887
2021-01-18,17.0,210
2021-01-19,17.1475,187
2021-01-20,17.1475,15391
2021-01-21,17.2875,806
2021-01-22,17.1,12689
2021-01-25,17.0825,34730
2021-01-26,17.0575,19151
2021-01-27,16.73,16312
2021-01-28,16.77,31517
2021-01-29,16.645,5244
2021-02-01,16.7675,9105
2021-02-02,16.61,1618
2021-02-03,16.5825,9643
2021-02-04,16.545,3947
2021-02-05,16.9725,58442
2021-02-08,17.055,13105
2021-02-09,17.1775,11527
2021-02-10,17.43,26704
2021-02-11,17.52,19922
2021-02-12,17.42,15157
2021-02-15,17.5175,15981
2021-02-16,17.5275,9273
2021-02-17,17.6,4565
2021-02-18,17.9,19615
2021-02-19,18.4325,22770
2021-02-22,18.265,18808
2021-02-23,18.12,23088
2021-02-24,18.505,11891
2021-02-25,18.025,35511
2021-02-26,17.61,13112
2021-03-01,17.3775,11595
2021-03-02,17.49,26670
2021-03-03,16.4975,42008
2021-03-04,15.2475,84800
2021-03-05,15.405,51013
2021-03-08,15.25,34792
2021-03-09,15.025,165365
2021-03-10,15.2025,33924
2021-03-11,15.2425,185851
2021-03-12,15.06,9418
2021-03-15,15.215,20703
2021-03-16,15.1875,117025
2021-03-17,14.9975,17658
2021-03-18,15.0675,1243
2021-03-19,15.245,5822
2021-03-22,15.38,48936
2021-03-23,15.3225,2347
2021-03-24,15.18,25519
2021-03-25,15.0425,5816
2021-03-26,15.3325,13305
2021-03-29,15.1175,6164
2021-03-30,15.0175,5942
2021-03-31,15.035,26083
2021-04-01,15.1175,14271
2021-04-06,15.56,44745
2021-04-07,15.605,57049
2021-04-08,15.6675,13920
2021-04-09,15.58,746
2021-04-12,15.1025,12245
2021-04-13,15.1375,3715
2021-04-14,15.2525,18832
2021-04-15,15.315,179318
2021-04-16,15.3025,2288
2021-04-19,15.1,1501
2021-04-20,14.9725,15658
2021-04-21,15.1375,21634
2021-04-22,15.04,7942
2021-04-23,15.2925,8643
2021-04-26,15.5175,6025
2021-04-27,15.82,43304
2021-04-28,16.2425,21193
2021-04-29,16.1975,51605
2021-04-30,16.43,12865
2021-05-04,16.6925,32981
2021-05-05,16.6725,21590
2021-05-06,16.795,34223
2021-05-07,16.86,69484
2021-05-10,16.5375,24833
2021-05-11,16.7525,33395
2021-05-12,16.6275,12077
2021-05-13,16.2375,20042
2021-05-14,16.395,12449
2021-05-17,16.66,4423
2021-05-18,16.855,67245
2021-05-19,16.19,84454
2021-05-20,16.035,10603
2021-05-21,15.75,70792
2021-05-24,15.95,18293
2021-05-25,15.865,7647
2021-05-26,16.1275,15738
2021-05-27,16.6275,3486
2021-05-28,16.825,5625
2021-06-01,16.875,7609
2021-06-02,17.0875,12910
2021-06-03,16.635,54966
2021-06-04,16.85,11844
2021-06-07,16.6075,26690
2021-06-08,16.6975,14407
2021-06-09,16.82,12822
2021-06-10,16.9125,215923
2021-06-11,17.075,29682
2021-06-14,17.215,32453
2021-06-15,16.7425,15290
2021-06-16,16.455,31460
2021-06-17,16.05,7132
2021-06-18,16.01,29509
2021-06-21,16.1925,17658
2021-06-22,16.6075,9326
2021-06-23,16.79,22806
2021-06-24,17.14,20636
2021-06-25,17.21,5389
2021-06-28,17.0275,34142
2021-06-29,17.1425,10586
2021-06-30,16.975,28516
2021-07-01,16.8975,17213
2021-07-02,17.0725,11536
2021-07-05,17.1475,17865
2021-07-06,16.825,11980
2021-07-07,17.0625,23133
2021-07-08,17.0075,12377
2021-07-09,17.44,278776
2021-07-12,17.42,36143
2021-07-13,17.415,17550
2021-07-14,17.265,1887
2021-07-15,17.4975,52889
2021-07-16,17.7675,207170
2021-07-19,17.2475,65385
2021-07-20,17.3275,73809
2021-07-21,17.2275,1765
2021-07-22,17.625,9821
2021-07-23,18.0125,230272
2021-07-26,18.38,34100
2021-07-27,17.995,31465
2021-07-28,18.13,16970
2021-07-29,18.4975,35359
2021-07-30,18.1525,12232
2021-08-02,18.1425,25
2021-08-03,17.98,25058
2021-08-04,17.895,46182
2021-08-05,18.1125,32579
2021-08-06,17.8875,15398
2021-08-09,17.2525,101419
2021-08-10,17.585,17258
2021-08-11,17.955,24205
2021-08-12,18.2475,21606
2021-08-13,18.2,32869
2021-08-16,18.12,358002
2021-08-17,17.9075,10118
2021-08-18,17.5525,21380
2021-08-19,17.195,52150
2021-08-20,17.2525,2238
2021-08-23,17.6025,2281
2021-08-24,17.8225,9291
2021-08-25,17.9,19128
2021-08-26,17.5175,4783
2021-08-27,17.6425,1981
2021-08-31,18.1625,437660
2021-09-01,17.9625,29979
2021-09-02,18.0875,9195
2021-09-03,18.3025,8406
2021-09-06,18.285,20370
2021-09-07,18.14,60439
2021-09-08,18.275,91425
2021-09-09,18.7775,30838
2021-09-10,19.025,33801
2021-09-13,18.3,10048
2021-09-14,18.2375,24839
2021-09-15,18.5875,15689
2021-09-16,17.9775,27599
2021-09-17,18.1325,49872
2021-09-20,17.67,75289
2021-09-21,17.225,23101
2021-09-22,17.8225,35680
2021-09-23,17.81,20215
2021-09-24,18.0175,8115
2021-09-27,17.5775,15241
2021-09-28,17.3325,13167
2021-09-29,17.0075,26065
2021-09-30,16.7375,41118
2021-10-01,16.65,26841
2021-10-04,16.56,18749
2021-10-05,16.7025,4609
2021-10-06,16.7825,17213
2021-10-07,16.9975,15848
2021-10-08,17.825,32065
2021-10-11,17.98,26408
2021-10-12,17.7525,8095
2021-10-13,17.5475,20383
2021-10-14,17.875,13680
2021-10-15,18.44,17414
2021-10-18,18.5675,22349
2021-10-19,18.7025,25643
2021-10-20,19.22,19899
2021-10-21,18.6475,42339
2021-10-22,18.3375,30680
2021-10-25,18.91,11403
2021-10-26,18.8625,28498
2021-10-27,18.055,38251
2021-10-28,18.265,5573
2021-10-29,18.045,12967
2021-11-01,18.265,3280
2021-11-02,18.2325,4167
2021-11-03,17.9175,12485
2021-11-04,17.75,6895
2021-11-05,18.0625,3053
2021-11-08,18.19,11477
2021-11-09,17.98,25406
2021-11-10,18.2725,10992
2021-11-11,18.3825,2919
2021-11-12,18.59,10721
2021-11-15,18.255,2054
2021-11-16,18.0675,4360
2021-11-17,17.9625,1275
2021-11-18,18.04,2013
2021-11-19,18.5925,12912
2021-11-22,18.9325,2555
2021-11-23,18.945,13240
2021-11-24,19.6625,154164
2021-11-25,19.2375,29760
2021-11-26,18.5225,47661
2021-11-29,18.7525,8127
2021-11-30,18.6425,100800
2021-12-01,18.545,41457
2021-12-02,18.605,17058
2021-12-03,18.6625,9280
2021-12-06,18.44,8129
2021-12-07,18.745,6845
2021-12-08,18.88,4879
2021-12-09,18.49,6309
2021-12-10,18.43,12951
2021-12-13,18.3025,17110
2021-12-14,18.2375,5600
2021-12-15,17.82,17800
2021-12-16,18.28,797
2021-12-17,18.2875,65987
2021-12-20,18.0325,9323
2021-12-21,18.28,3419
2021-12-22,18.5575,2305
2021-12-23,18.72,9448
2021-12-24,18.6875,382
2021-12-29,18.9125,4720
2021-12-30,19.1875,1879
2021-12-31,19.3775,659
2022-01-04,19.65,11849
2022-01-05,19.1525,8320
2022-01-06,18.9225,12182
2022-01-07,19.2875,437
2022-01-10,19.3925,5800
2022-01-11,20.1575,24417
2022-01-12,20.7125,129152
2022-01-13,20.645,36302
2022-01-14,20.6425,19166
2022-01-17,20.6275,5991
2022-01-18,20.58,13153
2022-01-19,21.5275,2767
2022-01-20,22.22,53218
2022-01-21,22.6525,81726
2022-01-24,20.8375,37659
2022-01-25,20.815,18537
2022-01-26,21.175,37868
2022-01-27,20.965,16444
2022-01-28,20.905,493
2022-01-31,20.89,27564
2022-02-01,21.34,67214
2022-02-02,21.4175,50899
2022-02-03,21.4625,6271
2022-02-04,21.515,19760
2022-02-07,22.16,20116
2022-02-08,21.2725,5129
2022-02-09,21.75,20770
2022-02-10,22.08,10732
2022-02-11,21.4375,13442
2022-02-14,21.715,6997
2022-02-15,21.875,4253
2022-02-16,21.9575,46658
2022-02-17,22.415,42018
2022-02-18,22.7175,6275
2022-02-21,22.9875,3024
2022-02-22,23.17,25142
2022-02-23,22.95,10262
2022-02-24,23.255,24064
2022-02-25,22.895,26086
2022-02-28,23.025,11410
2022-03-01,23.69,7723
2022-03-02,24.43,40007
2022-03-03,25.2,16456
2022-03-04,27.77,19995
2022-03-07,44.69,285215
2022-03-08,35.29,151884
2022-03-09,30.0,59653
2022-03-10,28.285,45188
2022-03-11,28.185,17823
2022-03-14,26.65,9427
2022-03-15,25.0,35885
2022-03-16,26.0,27838
2022-03-17,26.675,18406
2022-03-18,27.04,41506
2022-03-21,27.2,15956
2022-03-22,26.93,39502
2022-03-23,30.62,62415
2022-03-24,34.51,32887
2022-03-25,33.135,66473
2022-03-28,31.12,19793
2022-03-29,29.78,16280
2022-03-30,30.51,3466
2022-03-31,30.32,1024
2022-04-01,31.45,5179
2022-04-04,31.21,6386
2022-04-05,31.135,3296
2022-04-06,31.54,167644
2022-04-07,31.515,16147
2022-04-08,31.505,879
2022-04-11,30.785,13397
2022-04-12,30.54,2703
2022-04-13,30.835,5755
2022-04-14,31.09,4875
2022-04-19,31.935,13169
2022-04-20,31.28,3062
2022-04-21,31.715,12124
2022-04-22,31.4,2815
2022-04-25,30.53,9556
2022-04-26,30.815,2771
2022-04-27,31.13,3928
2022-04-28,31.03,397
2022-04-29,30.305,14440
2022-05-03,28.615,5587
2022-05-04,28.42,13427
2022-05-05,28.195,15274
2022-05-06,27.995,16092
2022-05-09,26.25,6729
2022-05-10,26.15,11860
2022-05-11,26.16,4957
2022-05-12,25.765,7752
2022-05-13,25.46,2887
2022-05-16,24.68,7828
2022-05-17,24.71,5243
2022-05-18,24.5675,16929
2022-05-19,25.36,6902
2022-05-20,26.19,41111
2022-05-23,25.91,3658
2022-05-24,24.925,2478
2022-05-25,24.885,3300
2022-05-26,25.725,1822
2022-05-27,26.55,14662
2022-05-30,27.46,5801
2022-05-31,26.7,17950
2022-06-01,26.465,9727
2022-06-06,27.565,3109
2022-06-07,27.47,5235
2022-06-08,27.26,7776
2022-06-09,26.205,14356
2022-06-10,25.345,410
2022-06-13,24.24,6321
2022-06-14,23.605,5574
2022-06-15,24.245,2276
2022-06-16,23.595,4736
2022-06-17,23.705,203
2022-06-20,24.0625,6087
2022-06-21,24.1325,1776
2022-06-22,23.0225,3134
2022-06-23,22.4,7031
2022-06-24,20.8675,14835
2022-06-27,21.42,13880
2022-06-28,21.4975,8540
2022-06-29,22.1575,13763
2022-06-30,21.3325,735
2022-07-01,20.545,4948
2022-07-04,21.1525,1425
2022-07-05,21.4525,2402
2022-07-06,20.69,1077
2022-07-07,20.205,63368
2022-07-08,20.295,2189
2022-07-11,20.2525,1358
2022-07-12,20.025,3669
2022-07-13,19.8,1069
2022-07-14,18.2025,4404
2022-07-15,18.375,23019
2022-07-18,19.245,2364
2022-07-19,19.63,3100
2022-07-20,20.0425,2207
2022-07-21,19.885,4235
2022-07-22,20.845,2001
2022-07-25,20.67,10915
2022-07-26,20.7825,1750
2022-07-27,20.54,1560
2022-07-28,20.5,89346
2022-07-29,21.8325,4980
2022-08-01,22.1325,15465
2022-08-02,21.07,9664
2022-08-03,20.8475,825
2022-08-04,20.8425,200
2022-08-05,21.01,1270
2022-08-08,20.4175,624
2022-08-09,20.285,2011
2022-08-10,21.0075,2251
2022-08-11,22.2125,1077
2022-08-12,21.5225,2570
2022-08-15,20.525,5189
2022-08-16,20.965,1200
2022-08-17,20.4675,2355
2022-08-18,20.345,1175
2022-08-19,20.775,1857
2022-08-22,20.605,2389
2022-08-23,20.3875,6020
2022-08-24,20.0475,8753
2022-08-25,20.295,1466
2022-08-26,19.9925,9483
2022-08-30,20.1025,7392
2022-08-31,20.2075,250
2022-09-01,19.0525,2896
2022-09-02,19.3125,2741
2022-09-05,20.125,203
2022-09-06,19.8725,4703
2022-09-07,20.1975,4387
2022-09-08,20.25,3550
2022-09-09,21.145,5704
2022-09-12,22.8525,55043
2022-09-13,22.53,11127
2022-09-14,22.545,10901
2022-09-15,21.7875,994
2022-09-16,22.7925,10932
2022-09-20,23.2575,6354
2022-09-21,23.2725,22511
2022-09-22,22.755,7733
2022-09-23,21.99,4516
2022-09-26,20.89,23299
2022-09-27,20.585,2843
2022-09-28,20.19,17279
2022-09-29,20.9825,38831
2022-09-30,20.495,19284
2022-10-03,19.915,20980
2022-10-04,20.43,8517
2022-10-05,20.8875,27623
2022-10-06,21.0575,6029
2022-10-07,21.2075,12411
2022-10-10,20.885,11854
2022-10-11,20.475,1188
2022-10-12,20.67,23021
2022-10-13,20.64,3228
2022-10-14,20.4375,24231
2022-10-17,20.0575,47928
2022-10-18,20.1775,11625
2022-10-19,20.5525,1079
2022-10-20,20.6475,337
2022-10-21,20.3525,20
2022-10-24,20.735,1310
2022-10-25,20.855,217
2022-10-26,21.06,2322
2022-10-27,21.0375,1531
2022-10-28,20.565,8753
2022-10-31,20.315,2656
2022-11-01,21.73,1812
2022-11-02,22.24,4836
2022-11-03,21.63,3860
2022-11-04,22.4775,9959
2022-11-07,21.765,2911
2022-11-08,22.2675,2778
2022-11-09,22.92,30839
2022-11-10,23.5425,7402
2022-11-11,24.825,22868
2022-11-14,26.33,32648
2022-11-15,28.925,28957
2022-11-16,25.48,24872
2022-11-17,23.52,19546
2022-11-18,23.575,5815
2022-11-21,23.2925,2664
2022-11-22,24.29,9769
2022-11-23,24.3325,21035
2022-11-24,24.325,400
2022-11-25,23.865,18607
2022-11-28,23.72,9306
2022-11-29,25.175,10250
2022-11-30,25.145,15848
2022-12-01,25.545,3497
2022-12-02,26.285,4578
2022-12-05,26.775,8269
2022-12-06,27.175,9082
2022-12-07,27.295,4275
2022-12-08,27.75,10719
2022-12-09,28.18,23414
2022-12-12,27.08,1078
2022-12-13,26.595,422
2022-12-14,26.495,257
2022-12-15,26.27,1415
2022-12-16,26.76,1160
2022-12-19,25.66,1004
2022-12-20,26.84,970
2022-12-21,27.045,1961
2022-12-22,26.99,26
2022-12-23,27.59,1433
2022-12-28,28.3,14147
2022-12-29,28.1,1026
2022-12-30,28.375,982
2023-01-03,28.48,1349
2023-01-04,27.45,4626
2023-01-05,25.79,3395
2023-01-06,25.87,1434
2023-01-09,25.53,14680
2023-01-10,25.55,4733
2023-01-11,25.53,1586
2023-01-12,25.19,13935
2023-01-13,25.075,42339
2023-01-16,25.39,683
2023-01-17,25.17,1167
2023-01-18,25.675,31389
2023-01-19,27.13,1249
2023-01-20,26.38,33595
2023-01-23,26.2,2398
2023-01-24,27.115,3756
2023-01-25,26.855,175965
2023-01-26,27.02,953
2023-01-27,27.26,676
2023-01-30,27.58,40568
2023-01-31,27.7,13965
2023-02-01,27.43,7307
2023-02-02,27.62,3551
2023-02-03,26.775,15867
2023-02-06,25.22,9643
2023-02-07,25.265,8887
2023-02-08,25.425,9
2023-02-09,26.385,5398
2023-02-10,25.685,1192
2023-02-13,24.94,875
2023-02-14,24.6325,358
2023-02-15,24.38,200
2023-02-16,24.35,390
2023-02-17,24.02,1043
2023-02-20,24.97,3041
2023-02-21,25.305,958
2023-02-22,24.4025,679
2023-02-23,23.5275,14442
2023-02-24,23.1425,4280
2023-02-27,23.52,1736
2023-02-28,22.8825,63
2023-03-01,23.1075,735
2023-03-02,22.565,6366
2023-03-03,22.945,1068
2023-03-06,22.785,1194
2023-03-07,22.3375,84562
2023-03-08,22.1575,25654
2023-03-09,21.7425,512
2023-03-10,21.1325,2068
2023-03-13,21.7325,11171
2023-03-14,21.41,2150
2023-03-15,21.265,7958
2023-03-16,21.21,224
2023-03-17,21.7,2420
2023-03-20,21.1775,1613
2023-03-21,20.88,90
2023-03-22,20.95,763
2023-03-23,20.88,1937
2023-03-24,21.66,966
2023-03-27,22.0675,1520
2023-03-28,22.3125,1634
2023-03-29,22.015,11151
2023-03-30,21.6025,5224
2023-03-31,21.765,3086
2023-04-03,21.925,404
2023-04-04,21.735,12164
2023-04-05,21.0575,3231
2023-04-06,21.0625,1027
2023-04-11,21.6475,594
2023-04-12,21.7975,3660
2023-04-13,21.95,1914
2023-04-14,22.2075,42807
2023-04-17,22.655,2000
2023-04-18,23.65,1947
2023-04-19,23.4425,230
2023-04-20,23.4025,1284
2023-04-21,22.5325,610
2023-04-24,22.485,44
2023-04-25,21.71,1320
2023-04-26,21.86,2025
2023-04-27,22.1975,572
2023-04-28,22.165,100
2023-05-02,22.95,800
2023-05-03,23.0825,3064
2023-05-04,22.265,100
2023-05-05,22.5825,245
2023-05-09,21.835,235
2023-05-10,20.825,4288
2023-05-11,20.24,4957
2023-05-12,20.585,501
2023-05-15,20.085,8749
2023-05-16,19.705,47537
2023-05-17,19.7225,3748
2023-05-18,19.3725,1085
2023-05-19,19.8,22387
2023-05-22,19.7975,463
2023-05-23,19.6275,308
2023-05-24,19.2075,3924
2023-05-25,19.8825,100
2023-05-26,19.69,470
2023-05-30,19.4425,1053
2023-05-31,18.9975,15680
2023-06-01,19.31,258
2023-06-02,19.7,499
2023-06-05,19.4475,5487
2023-06-06,19.4,3
2023-06-07,19.755,2650
2023-06-08,19.89,200
2023-06-09,19.7525,137
2023-06-12,19.255,2130
2023-06-13,19.96,26213
2023-06-14,21.0925,904
2023-06-15,21.2725,503
2023-06-16,21.215,381
2023-06-19,20.8375,2288
2023-06-20,20.265,426
2023-06-21,19.7775,4063
2023-06-22,19.65,4
2023-06-23,19.625,73
2023-06-26,18.91,6071
2023-06-27,19.26,377
2023-06-28,18.5925,480
2023-06-29,18.925,1085
2023-06-30,19.0875,59
2023-07-03,19.045,1652
2023-07-04,18.9975,10258
2023-07-05,19.5775,1088
2023-07-06,19.65,7000
2023-07-07,19.35,325
2023-07-10,19.3975,7
2023-07-11,19.23,55
2023-07-12,19.995,2809
2023-07-13,19.77,3566
2023-07-14,19.945,250
2023-07-17,19.3975,867
2023-07-18,19.365,598
2023-07-19,19.4775,
2023-07-20,19.665,1622
2023-07-21,19.34,53
2023-07-24,19.685,1005
2023-07-25,20.755,8993
2023-07-26,20.1475,2092
2023-07-27,19.925,2375
2023-07-28,20.58,152
2023-07-31,20.575,201
2023-08-01,20.6725,4525
2023-08-02,19.8875,1703
2023-08-03,19.9975,4204
2023-08-04,19.475,2711
2023-08-07,19.5225,3571
2023-08-08,19.415,2203
2023-08-09,19.01,1671
2023-08-10,18.905,378
2023-08-11,18.7975,1221
2023-08-14,18.5825,301
2023-08-15,18.32,1914
2023-08-16,18.29,1350
2023-08-17,18.775,480
2023-08-18,18.65,117
2023-08-21,18.6725,1114
2023-08-22,18.7475,66
2023-08-23,19.3175,1302
2023-08-24,19.13,811
2023-08-25,19.295,1848
2023-08-29,19.1775,437
2023-08-30,19.11,5427
2023-08-31,18.83,120
2023-09-01,19.335,200
2023-09-04,19.3825,6512
2023-09-05,19.4675,583
2023-09-06,18.99,5226
2023-09-07,18.83,5100
2023-09-08,18.6275,14
2023-09-11,18.72,1669
2023-09-12,18.4925,1036
2023-09-13,18.45,3649
2023-09-14,18.78,833
2023-09-15,18.46,241
2023-09-18,18.275,2170
2023-09-19,18.3075,642
2023-09-20,18.1325,1198
2023-09-21,17.76,5646
2023-09-22,17.8175,484
2023-09-25,17.725,455
2023-09-26,17.365,1605
2023-09-27,17.4225,2460
2023-09-28,17.6875,495
2023-09-29,17.4625,5953
2023-10-02,17.315,1464
2023-10-03,17.295,2529
2023-10-04,17.295,28
2023-10-05,16.94,6139
2023-10-06,17.0525,918
2023-10-09,17.39,12395
2023-10-10,17.065,5029
2023-10-11,16.9475,3184
2023-10-12,17.1275,4
2023-10-13,17.12,867
2023-10-16,17.2325,4009
2023-10-17,17.0425,33
2023-10-18,17.16,701
2023-10-19,17.1,131
2023-10-20,17.2425,2070
2023-10-23,16.7825,3271
2023-10-24,16.765,548
2023-10-25,17.0,23040
2023-10-26,16.565,3018
2023-10-27,16.905,2968
2023-10-30,16.915,12600
2023-10-31,16.77,11896
2023-11-01,16.565,12486
2023-11-02,16.5375,396
2023-11-03,16.74,2005
2023-11-06,16.905,1408
2023-11-07,16.375,3763
2023-11-08,16.6175,61
2023-11-09,16.4775,3795
2023-11-10,15.8975,463
2023-11-13,15.8625,2863
2023-11-14,16.0675,551
2023-11-15,16.1025,5370
2023-11-16,15.7075,5359
2023-11-17,15.5875,5332
2023-11-20,15.6225,33384
2023-11-21,15.5525,255
2023-11-22,15.1275,632
2023-11-23,15.2875,913
2023-11-24,14.8225,8317
2023-11-27,14.725,513
2023-11-28,15.425,3649
2023-11-29,15.8125,31379
2023-11-30,15.23,2803
2023-12-01,15.6425,12278
2023-12-04,15.405,2849
2023-12-05,14.945,1623
2023-12-06,15.035,6265
2023-12-07,15.2,5701
2023-12-08,15.4675,566
2023-12-11,15.175,8970
2023-12-12,15.1925,1270
2023-12-13,15.1075,
2023-12-14,15.515,26314
2023-12-15,15.7725,2019
2023-12-18,15.4425,5203
2023-12-19,15.3,2665
2023-12-20,15.445,5673
2023-12-21,15.595,1372
2023-12-22,15.4775,3467
2023-12-27,15.67,36359
2023-12-28,15.4925,22895
2023-12-29,15.135,13820
2024-01-02,15.4525,3361
2024-01-03,15.15,17596
2024-01-04,14.75,35063
2024-01-05,14.925,591
2024-01-08,15.04,952
2024-01-09,14.865,1310
2024-01-10,14.995,2682
2024-01-11,15.075,5370
2024-01-12,14.9175,21488
2024-01-15,14.9175,1607
2024-01-16,14.805,15548
2024-01-17,14.835,20365
2024-01-18,14.77,947
2024-01-19,14.73,250
2024-01-22,14.6775,22370
2024-01-23,14.9175,1408
2024-01-24,15.2475,2741
2024-01-25,15.3475,25133
2024-01-26,15.3575,11100
2024-01-29,15.0675,100
2024-01-30,15.08,14175
2024-01-31,14.895,10634
2024-02-01,14.895,1163
2024-02-02,14.9075,1412
2024-02-05,14.635,5714
2024-02-06,14.5925,12685
2024-02-07,14.635,9006
2024-02-08,14.69,1656
2024-02-09,14.5725,395
2024-02-12,14.6425,4291
2024-02-13,14.8875,7080
2024-02-14,14.955,2322
2024-02-15,14.91,1756
2024-02-16,14.9975,736
2024-02-19,14.98,4013
2024-02-20,14.9475,3032
2024-02-21,15.495,9239
2024-02-22,15.9425,4021
2024-02-23,16.055,3229
2024-02-26,15.7175,13300
2024-02-27,15.9825,7241
2024-02-28,16.165,2380
2024-02-29,16.3675,18305
2024-03-01,16.2025,6799
2024-03-04,16.3825,1571
2024-03-05,16.2275,13527
2024-03-06,16.1775,
2024-03-07,16.4175,8920
2024-03-08,16.4675,6248
2024-03-11,16.805,22748
2024-03-12,16.9425,4590
2024-03-13,16.78,37599
2024-03-14,16.53,15261
2024-03-15,16.5325,100
2024-03-18,16.33,19481
2024-03-19,15.8925,2966
2024-03-20,15.99,844
2024-03-21,16.015,14318
2024-03-22,15.715,5648
2024-03-25,15.465,14056
2024-03-26,15.21,2245
2024-03-27,15.2125,278
2024-03-28,15.275,15935
2024-04-02,15.59,17401
2024-04-03,15.8975,2635
2024-04-04,16.205,5873
2024-04-05,16.285,9814
2024-04-08,16.3175,6438
2024-04-09,16.7175,23723
2024-04-10,16.8675,5507
2024-04-11,16.2025,18309
2024-04-12,16.2725,3869
2024-04-15,16.39,9207
2024-04-16,16.25,1089
2024-04-17,16.67,335
2024-04-18,17.0725,9340
2024-04-19,17.6125,16008
2024-04-22,17.9975,14968
2024-04-23,17.405,22396
2024-04-24,17.35,4333
2024-04-25,17.5025,1742
2024-04-26,17.5325,2153
2024-04-29,17.5925,30888
2024-04-30,17.665,4518
2024-05-01,17.2475,4781
2024-05-02,17.115,10612
2024-05-03,17.5575,9721
2024-05-07,17.5925,3049
2024-05-08,17.28,4061
2024-05-09,17.3725,1996
2024-05-10,17.39,11760
2024-05-13,17.585,818
2024-05-14,17.4975,714
2024-05-15,17.825,6388
2024-05-16,18.185,22250
2024-05-17,19.2425,141851
2024-05-20,19.74,16969
2024-05-21,19.4775,8840
2024-05-22,18.64,14108
2024-05-23,18.415,7997
2024-05-24,18.525,37789
2024-05-28,18.77,1715
2024-05-29,18.745,783
2024-05-30,18.39,33003
2024-05-31,17.9475,20071
2024-06-03,17.74,8278
2024-06-04,17.45,1620
2024-06-05,16.7,1952
2024-06-06,16.9725,6153
2024-06-07,16.4475,14423
2024-06-10,16.39,10434
2024-06-11,16.3475,22683
2024-06-12,16.41,1899
2024-06-13,16.175,10809
2024-06-14,16.0075,15192
2024-06-17,15.9125,10207
2024-06-18,15.7325,15816
2024-06-19,15.8375,4881
2024-06-20,15.875,159
2024-06-21,15.7175,11597
2024-06-24,15.79,4069
2024-06-25,15.7225,1920
2024-06-26,15.5775,440
2024-06-27,15.5775,51
2024-06-28,15.725,294
2024-07-01,15.8275,4777
2024-07-02,15.5025,18278
2024-07-03,15.8275,6686
2024-07-04,15.715,739
2024-07-05,15.8625,15543
2024-07-08,15.92,1400
2024-07-09,15.6225,5558
2024-07-10,15.35,17841
2024-07-11,15.3275,19884
2024-07-12,15.355,2010
2024-07-15,15.2325,5246
2024-07-16,15.13,1883
2024-07-17,14.995,1282
2024-07-18,14.985,480
2024-07-19,14.8,437
2024-07-22,14.735,18956
2024-07-23,14.61,692
2024-07-24,14.4275,18063
2024-07-25,14.3875,11249
2024-07-26,14.4,10153
2024-07-29,14.465,1203
2024-07-30,14.6075,3895
2024-07-31,15.105,21534
2024-08-01,14.8275,5571
2024-08-02,14.8525,5385
2024-08-05,14.78,6195
2024-08-06,14.87,16557
2024-08-07,14.8425,845
2024-08-08,14.7125,58
2024-08-09,14.735,1119
2024-08-12,14.8775,4224
2024-08-13,14.8375,327
2024-08-14,14.8425,38
2024-08-15,14.8625,4884
2024-08-16,14.8825,11935
2024-08-19,15.14,5587
2024-08-20,15.42,1594
2024-08-21,15.345,3160
2024-08-22,15.09,277
2024-08-23,15.285,224
2024-08-27,15.5875,323
2024-08-28,15.4725,1202
2024-08-29,15.445,530
2024-08-30,15.24,774
2024-09-02,15.155,2094
2024-09-03,14.985,5728
2024-09-04,14.745,7341
2024-09-05,14.57,11211
2024-09-06,14.4375,6277
2024-09-09,14.4625,4598
2024-09-10,14.3075,4098
2024-09-11,14.6325,12584
2024-09-12,14.6375,3601
2024-09-13,14.515,6355
2024-09-16,14.74,19063
2024-09-17,14.675,2710
2024-09-18,14.755,11178
2024-09-19,14.81,40949
2024-09-20,15.025,13944
2024-09-23,15.0175,3013
2024-09-24,15.1725,11518
2024-09-25,15.255,910
2024-09-26,15.24,2520
2024-09-27,15.42,7205
2024-09-30,15.935,21038
2024-10-01,16.06,8348
2024-10-02,16.5475,1292
2024-10-03,16.02,22484
2024-10-04,16.22,10511
2024-10-07,16.3825,4014
2024-10-08,16.06,2435
2024-10-09,15.76,355
2024-10-10,15.9075,5949
2024-10-11,16.2075,413
2024-10-14,16.0225,321
2024-10-15,15.8175,250
2024-10-16,15.6925,1293
2024-10-17,15.42,2894
2024-10-18,15.355,3092
2024-10-21,15.12,14443
2024-10-22,14.7875,2417
2024-10-23,14.76,430
2024-10-24,14.8,2076
2024-10-25,14.6325,13085
2024-10-28,14.485,2966
2024-10-29,14.37,2479
2024-10-30,14.325,852
2024-10-31,14.2425,16709
2024-11-01,14.45,2900
2024-11-04,14.545,601
2024-11-05,14.62,4341
2024-11-06,14.615,689
2024-11-07,15.0125,3198
2024-11-08,14.835,1441
2024-11-11,14.595,20899
2024-11-12,14.39,156
2024-11-13,14.2425,2231
2024-11-14,14.1675,1587
2024-11-15,14.0475,1234
2024-11-18,14.175,1060
2024-11-19,14.39,11502
2024-11-20,14.4075,1431
2024-11-21,14.23,3912
2024-11-22,14.4525,10277
2024-11-25,14.66,25419
2024-11-26,14.4875,29459
2024-11-27,14.3675,14833
2024-11-28,14.525,2714
2024-11-29,14.3975,13
2024-12-02,14.2075,1097
2024-12-03,14.5125,3009
2024-12-04,14.57,14382
2024-12-05,14.4475,25799
2024-12-06,14.5225,4
2024-12-09,14.4675,450
2024-12-10,14.205,898
2024-12-11,14.3075,411
2024-12-12,14.615,1733
2024-12-13,14.3225,52
2024-12-16,14.17,2089
2024-12-17,14.0,5091
2024-12-18,14.005,4074
2024-12-19,13.6275,37350
2024-12-20,13.8575,3293
2024-12-23,13.8375,1518
2024-12-24,14.06,2029
2024-12-27,13.88,4741
2024-12-30,13.9025,188
2024-12-31,13.865,5
2025-01-02,13.635,4490
2025-01-03,13.6125,282
2025-01-06,13.73,7511
2025-01-07,13.895,14086
2025-01-08,13.95,342
2025-01-09,13.975,12553
2025-01-10,14.1225,9022
2025-01-13,14.32,545
2025-01-14,14.3475,1096
2025-01-15,14.2825,5123
2025-01-16,14.3875,8607
2025-01-17,14.4875,14965
2025-01-20,14.47,1451
2025-01-21,14.52,17295
2025-01-22,14.1725,10293
2025-01-23,14.1,29383
2025-01-24,14.1125,17320
2025-01-27,14.04,12374
2025-01-28,13.8825,15234
2025-01-29,13.9475,921
2025-01-30,13.89,45
2025-01-31,13.7025,71303
2025-02-03,13.6675,3617
2025-02-04,13.755,3304
2025-02-05,14.035,10429
2025-02-06,14.245,1158
2025-02-07,14.175,3251
2025-02-10,13.945,11475
2025-02-11,13.9725,2561
2025-02-12,13.86,654
2025-02-13,13.835,1915
2025-02-14,13.91,10619
2025-02-17,13.95,5585
2025-02-18,13.81,10717
2025-02-19,13.86,37285
2025-02-20,14.0775,1905
2025-02-21,13.9575,15252
2025-02-24,13.8825,2407
2025-02-25,13.7925,252
2025-02-26,13.99,1007
2025-02-27,14.2275,1533
2025-02-28,13.875,543
2025-03-03,14.33,2939
2025-03-04,14.355,1628
2025-03-05,14.2875,1860
2025-03-06,14.645,2108
2025-03-07,14.82,1965
2025-03-10,14.855,5040
2025-03-11,14.8025,5961
2025-03-12,14.9275,2847
2025-03-13,14.845,7341
2025-03-14,14.82,365
2025-03-17,14.7275,5252
2025-03-18,14.5975,728
2025-03-19,14.695,285
2025-03-20,14.5975,553
2025-03-21,14.435,690
2025-03-24,14.3675,8151
2025-03-25,14.52,53
2025-03-26,14.56,5054
2025-03-27,14.57,155
2025-03-28,14.7375,952
2025-03-31,14.275,2072
2025-04-01,14.47,131
2025-04-02,14.335,2746
2025-04-03,14.08,619
2025-04-04,13.13,23394
2025-04-07,12.82,12586
2025-04-08,12.72,5271
2025-04-09,12.6725,10968
2025-04-10,13.23,324
2025-04-11,13.4975,4571
2025-04-14,13.7075,4257
2025-04-15,13.955,1121
2025-04-16,14.05,3115
2025-04-17,14.0325,390
2025-04-22,14.015,398
2025-04-23,14.015,2024
2025-04-24,14.1625,1927
2025-04-25,13.9025,5252
2025-04-28,13.985,102
2025-04-29,13.93,14500
2025-04-30,13.8025,161
2025-05-01,13.67,739
2025-05-02,13.8525,4075
2025-05-06,14.0375,4137
2025-05-07,13.91,2996
2025-05-08,13.9225,14
2025-05-09,14.1575,1
2025-05-12,13.9725,517
2025-05-13,14.05,4
2025-05-14,14.195,2551
2025-05-15,14.14,2
2025-05-16,13.9925,3
2025-05-19,13.8925,1588
2025-05-20,13.845,3426
2025-05-21,13.9425,311
2025-05-22,13.855,380
2025-05-23,13.95,2767
2025-05-27,13.745,173
2025-05-28,13.41,482
2025-05-29,13.7275,2657
2025-05-30,13.6225,410
2025-06-02,13.8625,148
2025-06-03,13.7775,187
2025-06-04,13.73,161
2025-06-05,13.8675,151
2025-06-06,13.835,1840
2025-06-09,13.765,6506
2025-06-10,13.69,1703
2025-06-11,13.545,24363
2025-06-12,13.515,458
2025-06-13,13.5125,1524
2025-06-16,13.44,673
2025-06-17,13.3225,321
2025-06-18,13.4475,8003
2025-06-19,13.42,93
2025-06-20,13.39,302
2025-06-23,13.225,4180
2025-06-24,13.305,3078
2025-06-25,13.445,57
2025-06-26,13.5575,530
2025-06-27,13.6,158
2025-06-30,13.5725,395
2025-07-01,13.565,1155
2025-07-02,13.65,503
2025-07-03,13.775,16243
2025-07-04,13.645,502
2025-07-07,13.52,7153
2025-07-08,13.405,80
2025-07-09,13.355,940
2025-07-10,13.6175,508
2025-07-11,13.53,2164
2025-07-14,13.41,4838
2025-07-15,13.4875,450
2025-07-16,13.3925,298
2025-07-17,13.4375,1241
2025-07-18,13.54,810
2025-07-21,13.8325,1523
2025-07-22,13.8325,12222
2025-07-23,13.8625,17312
2025-07-24,13.735,4705
2025-07-25,13.565,1555
2025-07-28,13.5875,2202
2025-07-29,13.6,691
2025-07-30,13.3675,1593
2025-07-31,13.27,6453
2025-08-01,13.335,16
2025-08-04,13.4225,16407
2025-08-05,13.38,1446
2025-08-06,13.4475,9719
2025-08-07,13.455,679
2025-08-08,13.47,120
2025-08-11,13.635,11236
2025-08-12,13.6225,298
2025-08-13,13.565,95
2025-08-14,13.365,4337
2025-08-15,13.475,896
2025-08-18,13.44,119
2025-08-19,13.3525,947
2025-08-20,13.36,1209
2025-08-21,13.2775,1
2025-08-22,13.415,3308
2025-08-26,13.58,482
2025-08-27,13.4375,7559
2025-08-28,13.57,86
2025-08-29,13.7125,871
2025-09-01,13.715,9212
2025-09-02,13.545,1456
2025-09-03,13.5975,1415
2025-09-04,13.5275,4824
2025-09-05,13.5625,12224
2025-09-08,13.5275,74
2025-09-09,13.41,10452
2025-09-10,13.45,13208
2025-09-11,13.455,313
2025-09-12,13.67,9670
2025-09-15,13.7125,7387
2025-09-16,13.7,7887
2025-09-17,13.6775,767
2025-09-18,13.5575,394
2025-09-19,13.57,35987
2025-09-22,13.5025,10250
2025-09-23,13.62,364
2025-09-24,13.695,2967
2025-09-25,13.5525,375
2025-09-26,13.4675,37901
2025-09-29,13.5925,463
2025-09-30,13.5075,211
2025-10-01,13.4525,1103
2025-10-02,13.565,20849
2025-10-03,13.7025,2252
2025-10-06,13.7075,7086
2025-10-07,13.745,3536
2025-10-08,13.595,19002
2025-10-09,13.725,31372
2025-10-10,13.5175,6061
2025-10-13,13.4675,6938
2025-10-14,13.4025,4379
2025-10-15,13.455,2727
2025-10-16,13.525,2938
2025-10-17,13.41,21749
2025-10-20,13.475,1817
2025-10-21,13.4375,4179
2025-10-22,13.42,3519
2025-10-23,13.61,1222
2025-10-24,13.6064,
2025-10-27,13.53,17923
2025-10-28,13.55,1676
2025-10-29,13.6025,4944
2025-10-30,13.495,5142
2025-10-31,13.49,8669
2025-11-03,13.385,4107
2025-11-04,13.3325,4071
2025-11-05,13.29,12075
2025-11-06,13.31,10568
2025-11-07,13.315,177
2025-11-10,13.36,1438
2025-11-11,13.3175,1294
2025-11-12,13.32,5153
2025-11-13,13.23,21510
2025-11-14,13.1625,3364
2025-11-17,12.94,644
2025-11-18,12.935,17790
2025-11-19,12.935,786
2025-11-20,12.795,6621
2025-11-21,12.805,1634
2025-11-24,13.005,10167
2025-11-25,13.135,3065
2025-11-26,13.095,2031
2025-11-27,13.1,4742
2025-11-28,13.1,114
2025-12-01,13.175,1455
2025-12-02,13.045,2965
2025-12-03,13.15,2659
2025-12-04,13.16,154660
2025-12-05,13.18,1140
2025-12-08,13.12,7119
2025-12-09,13.02,13724
2025-12-10,12.95,1079
2025-12-11,12.92,4794
2025-12-12,12.8875,1188
2025-12-15,12.625,16825
2025-12-16,12.59,792
2025-12-17,12.695,3999
2025-12-18,12.895,6820
2025-12-19,13.06,3759
2025-12-22,13.48,25157
2025-12-23,13.81,45413
2025-12-24,13.9425,25666
2025-12-29,13.98,81236
2025-12-30,14.855,98927
2025-12-31,14.735,15990
2026-01-02,14.845,26591
2026-01-05,15.0,188077
2026-01-06,16.515,88215
2026-01-07,15.8,130727
2026-01-08,15.19,68877
2026-01-09,15.58,33413
2026-01-12,15.855,51913
2026-01-13,15.5625,32440
2026-01-14,16.49,56685
2026-01-15,16.36,25702
2026-01-16,15.55,66030
2026-01-19,15.97,3455
2026-01-20,15.605,14747
2026-01-21,15.845,11379
2026-01-22,15.885,7812
2026-01-23,16.415,38207
2026-01-26,16.32,21857
2026-01-27,15.955,44256
2026-01-28,16.095,23810
2026-01-29,16.13,72798
2026-01-30,15.665,68658
2026-02-02,14.82,44109
2026-02-03,15.38,157763
2026-02-04,15.27,137910
2026-02-05,15.0,21434
2026-02-06,15.03,23000
2026-02-09,15.27,12184
2026-02-10,15.38,2673
2026-02-11,15.75,28386
2026-02-12,15.195,16645
2026-02-13,14.985,10318
2026-02-16,15.035,7450
2026-02-17,14.835,3567
2026-02-18,15.25,6330
2026-02-19,15.175,44128
2026-02-20,15.2525,23668
2026-02-23,15.2175,30797
2026-02-24,15.725,13703
2026-02-25,15.8975,54620
2026-02-26,15.58,60530
2026-02-27,15.6,13963
2026-03-02,15.075,19215
2026-03-03,15.0,19824
2026-03-04,15.3625,4365
2026-03-05,15.085,17433
2026-03-06,15.335,15843
2026-03-09,15.3125,12251
2026-03-10,15.355,7845
2026-03-11,15.5475,9223
2026-03-12,15.5675,13677
2026-03-13,15.1575,9689
2026-03-16,15.325,255010
2026-03-17,15.115,14488
2026-03-18,15.05,4750
2026-03-19,14.905,17087
2026-03-20,14.9,15117
2026-03-23,14.9825,254818
2026-03-24,14.8975,26260
2026-03-25,15.245,3773
2026-03-26,15.1425,1742
2026-03-27,15.08,7007
2026-03-30,15.1725,68703
2026-03-31,14.995,2743
2026-04-01,15.1,13571
2026-04-02,14.975,7415
2026-04-07,14.865,6719
2026-04-08,15.205,55407
2026-04-09,14.99,46522
2026-04-10,15.065,2979
2026-04-13,15.4875,51741
2026-04-14,15.9225,15281
2026-04-15,15.8825,30982
2026-04-16,15.99,7244
2026-04-17,15.845,38590
2026-04-20,16.005,45499
2026-04-21,15.97,27374
2026-04-22,16.19,21256
2026-04-23,16.38,3294
2026-04-24,16.685,5419
2026-04-27,16.78,97062
2026-04-28,17.0475,36461
2026-04-29,16.86,32063
2026-04-30,17.0325,11562
2026-05-01,16.99,15197
2026-05-05,17.185,5626
2026-05-06,16.8,30444
2026-05-07,16.735,26016
2026-05-08,16.545,156
2026-05-11,16.83,5296
2026-05-12,16.5725,2032
2026-05-13,16.83,10095
2026-05-14,16.5525,8499
2026-05-15,16.155,6243
2026-05-18,16.195,11668
2026-05-19,16.435,10270
2026-05-20,16.5525,16049
2026-05-21,16.3625,7064
2026-05-22,16.5625,5594
2026-05-26,16.555,2061
2026-05-27,16.53,14410
2026-05-28,16.68,10323
2026-05-29,16.645,4326
2026-06-01,16.8375,27325
2026-06-02,16.8075,5459
2026-06-03,16.475,8090
2026-06-04,16.305,7379
2026-06-05,16.16,36244
2026-06-08,15.985,9324
2026-06-09,15.705,17459
2026-06-10,15.44,38005
2026-06-11,15.4225,4680
2026-06-12,15.53,727
2026-06-15,15.575,26775
2026-06-16,15.695,12272
2026-06-17,15.77,31742
2026-06-18,15.55,2085
2026-06-19,15.295,1824
2026-06-22,15.445,3776
2026-06-23,15.0075,7902
2026-06-24,14.69,4556
2026-06-25,14.7,2663
2026-06-26,14.5625,13317
2026-06-29,14.2,674
2026-06-30,14.235,6665
2026-07-01,14.2625,29357
2026-07-02,14.165,27322
2026-07-03,14.24,11668
2026-07-06,14.32,2115
2026-07-07,14.25,17547
2026-07-08,14.21,1530
2026-07-09,14.425,6729
2026-07-10,14.575,7822
2026-07-13,14.61,1390
2026-07-14,14.5875,743
2026-07-15,14.605,8532
2026-07-16,14.965,6258
2026-07-17,14.785,204
2026-07-20,14.7375,1190
2026-07-21,14.855,90
2026-07-22,15.0,1695
2026-07-23,14.965,376
2026-07-24,15.115,579
2026-07-27,14.965,4245
2026-07-28,14.755,1202
2026-07-29,14.92,4599
2026-07-30,15.045,602
2026-07-31,15.0,14143
2026-08-03,14.8175,450
2026-08-04,14.905,1373
2026-08-05,14.885,27692
2026-08-06,14.5625,4162
2026-08-07,14.77,1597
2026-08-10,14.69,7172
2026-08-11,14.61,686
2026-08-12,14.7025,7226
2026-08-13,14.5925,3221
2026-08-14,14.565,4363
2026-08-17,14.61,183
2026-08-18,14.5675,4633
2026-08-19,14.86,698
2026-08-20,14.655,1173
2026-08-21,14.815,3113
2026-08-24,14.7925,47245
2026-08-25,14.8,38171
2026-08-26,14.6775,84148
2026-08-27,14.64,1719
2026-08-28,14.6525,93415
2026-09-01,14.475,124273
2026-09-02,14.6675,6849
2026-09-03,14.5725,2199
2026-09-04,14.6175,1569
2026-09-07,14.48,3210
2026-09-08,14.6025,39182
2026-09-09,14.66,957
2026-09-10,14.455,4519
2026-09-11,14.28,3339
2026-09-14,14.185,6891
2026-09-15,13.845,56634
2026-09-16,13.99,1816
2026-09-17,14.1375,506
2026-09-18,14.045,2014
2026-09-21,14.105,20138
2026-09-22,14.39,823
2026-09-23,14.285,250
2026-09-24,14.315,50
2026-09-25,14.1675,980
2026-09-28,14.03,5242
2026-09-29,13.815,487
2026-09-30,13.81,1408
2026-10-01,13.5375,1176
2026-10-02,13.525,7723
2026-10-05,13.605,7937
2026-10-06,13.565,758
2026-10-07,13.615,589
